text,gold_label,labels,prediction,correct,confidence,prob_negative,prob_neutral,prob_positive
s.africa watchdog to probe gold fields bid report,negative,0,negative,True,0.9621433,0.9621433,0.036522392,0.0013343188
new barbie girls sashay into view with mp-3,positive,2,neutral,False,0.9986633,0.00066923717,0.9986633,0.00066751905
"stocks await data, mergers and santa",neutral,1,neutral,True,0.9987218,0.0004777065,0.9987218,0.0008005734
canadian dollar falls to 9-mth lows vs u.s. dollar,negative,0,negative,True,0.99884725,0.99884725,0.00074116216,0.00041169042
"techs buckle under microsoft, wal-mart helps dow",negative,0,negative,True,0.9587571,0.9587571,0.04047004,0.0007728868
jan factory orders fall 5.6 pct,negative,0,negative,True,0.99931765,0.99931765,0.00039340014,0.0002890609
washington mutual commits $2 bln for subprime help,negative,0,neutral,False,0.98294455,0.0026616568,0.98294455,0.014393803
google says using cash for merger spree unlikely,negative,0,neutral,False,0.9983563,0.000902824,0.9983563,0.00074090564
u.s. automakers not jumping into hd radio,neutral,1,neutral,True,0.98080426,0.014069001,0.98080426,0.0051267184
"ba shares fall on strike worries, weak market",negative,0,negative,True,0.9993606,0.9993606,0.00045916514,0.0001803074
london stock exchange says rejects nasdaq offer,negative,0,neutral,False,0.77689296,0.22152905,0.77689296,0.0015779865
"bristol-myers profit falls, hurt by generic plavix",negative,0,negative,True,0.9994203,0.9994203,0.00034991273,0.00022981675
wall street ends steady ahead of fed meeting,neutral,1,neutral,True,0.99680954,0.0019517828,0.99680954,0.0012386544
wal-mart sees weak sales as holiday season starts,negative,0,negative,True,0.99938846,0.99938846,0.00042127838,0.00019022297
news corp. participates in tribune bid - source,positive,2,neutral,False,0.9979492,0.0005689587,0.9979492,0.001481789
gms february sales rise,positive,2,positive,True,0.99865913,0.0004173714,0.00092347997,0.99865913
construction spending falls more than expected,negative,0,negative,True,0.99806744,0.99806744,0.0013946539,0.00053796166
"jittery gold hit again, seen recovering",neutral,1,negative,False,0.88508826,0.88508826,0.021197475,0.09371438
"airlines on rocky road, but recovery remains intact",neutral,1,neutral,True,0.98424995,0.0032986577,0.98424995,0.012451397
patterson-uti quarterly profit falls 27 percent,negative,0,negative,True,0.9994179,0.9994179,0.00032487104,0.00025718714
sec changes compensation disclosure rules,neutral,1,neutral,True,0.99744606,0.0015130179,0.99744606,0.0010408529
sec to resolve competing stock symbol plans,neutral,1,neutral,True,0.9985079,0.00037016245,0.9985079,0.0011219198
lenovos q2 seen slipping on global woes,negative,0,negative,True,0.9993253,0.9993253,0.00037977172,0.0002949286
whirlpool cuts outlook on u.s. slump,negative,0,negative,True,0.99939907,0.99939907,0.00036998946,0.00023083812
"monsanto sees new genes, new products in pipeline",positive,2,neutral,False,0.6094095,0.0008933863,0.6094095,0.38969707
instant view-bernanke comments help us stocks,positive,2,positive,True,0.99292177,0.0009447488,0.0061335084,0.99292177
nov factory orders up bit less than expected,neutral,1,negative,False,0.998914,0.998914,0.00065913796,0.00042685834
oil jumps over $1 after opec agrees on output cuts,positive,2,positive,True,0.9982337,0.0009839372,0.00078238116,0.9982337
correction raytheon aims for big growth in sales,positive,2,positive,True,0.9979519,0.00040608877,0.0016420281,0.9979519
"dell delays 10-q, citing accounting probes",negative,0,negative,True,0.99483275,0.99483275,0.004782128,0.00038503963
nasdaq could seek less than 100 pct of lse source,neutral,1,neutral,True,0.9979479,0.0010677835,0.9979479,0.0009842667
u.s. jury rules against freightliner in fraud case,negative,0,positive,False,0.77033913,0.011222444,0.21843845,0.77033913
u.s. wants more s.korea beef steps before trade deal,negative,0,neutral,False,0.9945603,0.0011951163,0.9945603,0.004244633
stocks seen up as citigroup and data eyed,positive,2,positive,True,0.99804664,0.00053499255,0.0014183179,0.99804664
australias coles sets sale details,neutral,1,neutral,True,0.9988053,0.00038820418,0.9988053,0.0008065551
gatehouse pays $70 mln for journal register papers,positive,2,neutral,False,0.99760073,0.0006907017,0.99760073,0.0017086014
bp investors hope ceo change will end share lag,positive,2,neutral,False,0.9909711,0.002441504,0.9909711,0.0065874984
labor cost growth lower than expected,positive,2,positive,True,0.99059606,0.0038736248,0.00553033,0.99059606
"reuters soars on approach, thomson touted as bidder",positive,2,neutral,False,0.99765897,0.000788665,0.99765897,0.0015524337
wells fargo exec sees more green home improvement,positive,2,neutral,False,0.9682636,0.001200559,0.9682636,0.030535819
us airways offers to buy delta for $8 bln,positive,2,neutral,False,0.9971762,0.00072353845,0.9971762,0.0021002793
black decker shares rise,positive,2,positive,True,0.9981962,0.00031159364,0.0014922548,0.9981962
movie gallery sees $900 mln funding to refinance debt,negative,0,neutral,False,0.97861516,0.001641585,0.97861516,0.019743232
u.s. probe hammers online gaming shares,negative,0,negative,True,0.99918693,0.99918693,0.00058187504,0.0002312295
outgoing bp ceo says gets it on refinery safety,neutral,1,neutral,True,0.99732226,0.0006656218,0.99732226,0.0020120663
china takes in record $63 billion fdi in 2006,positive,2,neutral,False,0.7390151,0.002470155,0.7390151,0.25851473
sears quarterly profit rises,positive,2,positive,True,0.9989629,0.0003848938,0.00065228116,0.9989629
"update 2-steelcase profit rises 72 pct, beats estimates",positive,2,positive,True,0.99879575,0.00066245167,0.00054174237,0.99879575
acs chairs knowledge of options questioned report,negative,0,neutral,False,0.9906736,0.00865435,0.9906736,0.00067205954
"as 2007 starts, mild jobs may lift stocks",positive,2,positive,True,0.99406934,0.003460392,0.0024702419,0.99406934
aig shares rise as quarterly net exceeds year ago earnings,positive,2,positive,True,0.9988707,0.00047697322,0.0006522953,0.9988707
saudi electricity awards $973 mln contracts to ge,positive,2,positive,True,0.97159606,0.0011313506,0.02727254,0.97159606
"factbox buffett on succession plans, acquisitions",neutral,1,neutral,True,0.9985092,0.0009806774,0.9985092,0.0005099946
buffett eyes $40 bln to $60 bln deals report,positive,2,neutral,False,0.99281824,0.0010669476,0.99281824,0.0061148372
japan tobacco buys gallaher shares in market,positive,2,neutral,False,0.9937557,0.0029069614,0.9937557,0.003337329
nickel tycoon calls on russians to behave abroad,neutral,1,neutral,True,0.9978352,0.0009947286,0.9978352,0.0011701736
"airbus sticks to job cuts, mulls partner options",negative,0,neutral,False,0.6546537,0.3438077,0.6546537,0.0015386094
clear channel debt ratings may fall to junk,negative,0,negative,True,0.9990382,0.9990382,0.00070171285,0.0002601236
oil falls near $52 ahead of u.s .inventory data,negative,0,negative,True,0.9994172,0.9994172,0.00037944864,0.00020342699
judge grants partial stay in vonage patent case,positive,2,positive,True,0.53345037,0.018733192,0.44781646,0.53345037
maguire to buy ex-eop property from blackstone,positive,2,neutral,False,0.99786997,0.0006487327,0.99786997,0.0014812301
conor acquisition seen bolstering jj in stent market,positive,2,neutral,False,0.8036686,0.0019204806,0.8036686,0.19441088
"xstrata profit surges on metal prices, acquisitions",positive,2,positive,True,0.9985147,0.00053282944,0.0009524763,0.9985147
"monsanto profit beats estimates, raises outlook",positive,2,positive,True,0.99864274,0.00059211784,0.0007651154,0.99864274
subprime mortgage sector rattles markets,negative,0,negative,True,0.99787176,0.99787176,0.0018088345,0.00031942126
gm requests sec extension for filing annual report,negative,0,neutral,False,0.9854198,0.009748383,0.9854198,0.0048317956
microsoft targets vista sales in line with pc growth,positive,2,positive,True,0.60736054,0.003594256,0.3890452,0.60736054
icahn said made offer for reckson properties,positive,2,neutral,False,0.99814856,0.0004360804,0.99814856,0.0014154196
saab planning hybrid based on gm system,positive,2,neutral,False,0.997785,0.0003711777,0.997785,0.0018437445
astrazeneca sees reduced share buyback in 2008,negative,0,negative,True,0.9888459,0.9888459,0.010445593,0.0007085746
microsoft in talks to buy tellme networks sources,positive,2,neutral,False,0.9967686,0.0006656527,0.9967686,0.0025657888
metals stay down on china fears grains up,negative,0,negative,True,0.5344691,0.5344691,0.45601314,0.009517747
"citigroup may cut or reassign over 26,000 jobs report",negative,0,negative,True,0.99922264,0.99922264,0.0005626985,0.00021467796
mbia says 4th-quarter profit falls,negative,0,negative,True,0.9993869,0.9993869,0.0003563678,0.00025679584
investors wait to see if busy stores mean profits,neutral,1,neutral,True,0.9938378,0.0010319459,0.9938378,0.0051302854
"qantas agrees to be bought, source says",positive,2,neutral,False,0.9910999,0.00064969866,0.9910999,0.008250463
bristol-myers pulls $25 bln assets out of ireland,neutral,1,neutral,True,0.9963568,0.0026716322,0.9963568,0.000971567
tpg swoops on iberia with $4.5 bln approach,positive,2,neutral,False,0.9861719,0.0012618714,0.9861719,0.0125661865
"toyota developing plug-in hybrid, researching market",positive,2,neutral,False,0.9962431,0.00036533998,0.9962431,0.003391648
triad hospitals accepts $4.7 bln bid to go private,positive,2,neutral,False,0.9981945,0.00078141986,0.9981945,0.0010240555
affordable residential in talks to sell assets,neutral,1,neutral,True,0.9980738,0.0007790858,0.9980738,0.0011470893
cadbury to split sweets and drinks businesses,positive,2,neutral,False,0.99733955,0.00093293574,0.99733955,0.0017274488
china considers developing large jets - sources,positive,2,neutral,False,0.99830925,0.0003186152,0.99830925,0.0013721694
avis announces restructuring of budget truck rental,neutral,1,neutral,True,0.99757975,0.0013032455,0.99757975,0.0011170056
venezuelas chavez sworn in for radical new term,negative,0,neutral,False,0.9983551,0.00060715695,0.9983551,0.00103769
"ameriquest parent closes call centers, loan center",negative,0,neutral,False,0.82593495,0.17309743,0.82593495,0.0009676405
lowes says mortgage woes could affect some markets,negative,0,negative,True,0.9984884,0.9984884,0.001225029,0.00028652782
"lsi logic completes agere deal, eyes savings",positive,2,neutral,False,0.9975647,0.0004438796,0.9975647,0.0019914566
"batelco, pccw and verizon get saudi fixed-line okay",positive,2,positive,True,0.86490375,0.0015335229,0.13356271,0.86490375
honda mulling plug-in vehicles,positive,2,neutral,False,0.9970577,0.00042622155,0.9970577,0.0025161332
sysco quarterly profit rises,positive,2,positive,True,0.9988795,0.00035954188,0.0007609862,0.9988795
texas ag files action over cvs customer records,negative,0,negative,True,0.9700411,0.9700411,0.028531024,0.0014279411
unions vowing to fight chrysler sale report,negative,0,neutral,False,0.9000492,0.09291588,0.9000492,0.007034986
"falling oil, chavez hit latin america stocks",negative,0,negative,True,0.99919933,0.99919933,0.0005037257,0.00029697563
consumer sentiment weakens in early nov,negative,0,negative,True,0.9992829,0.9992829,0.00043055677,0.00028659173
"oil rises on cold weather forecasts, opec",positive,2,positive,True,0.9980305,0.00070423906,0.0012652114,0.9980305
hp settles with calif. ag over board-leak probe,negative,0,positive,False,0.8628135,0.009416783,0.12776972,0.8628135
google tops new list of worlds most valuable brands,positive,2,neutral,False,0.99201584,0.00035618382,0.99201584,0.007627943
european banks hiding full pension obligations,negative,0,neutral,False,0.9956831,0.003543148,0.9956831,0.00077376806
dolans raise offer to take cablevision private,positive,2,neutral,False,0.9967153,0.002094642,0.9967153,0.0011900524
n.y. fed manufacturing index falls in jan,negative,0,negative,True,0.9990269,0.9990269,0.00066340325,0.00030972218
"gap reviews two chains, cuts view after weak december",negative,0,negative,True,0.9569149,0.9569149,0.039697975,0.0033870216
sallie mae reaches legal settlement with new york,negative,0,positive,False,0.6913175,0.0062512117,0.30243132,0.6913175
harley workers ok three-year pact ending strike,positive,2,positive,True,0.75168246,0.010495148,0.2378224,0.75168246
creditors may cool on us airways delta bid wsj,negative,0,negative,True,0.54611254,0.54611254,0.44632488,0.007562545
neteller says working to free up seized u.s. funds,negative,0,neutral,False,0.99620515,0.0012183448,0.99620515,0.0025765242
sprint posts quarterly loss,negative,0,negative,True,0.9982741,0.9982741,0.0014319435,0.0002939378
judge delays caremark vote wants more details,negative,0,neutral,False,0.972221,0.025612555,0.972221,0.0021663846
"linde sells forklift unit kion to goldman, kkr",neutral,1,neutral,True,0.99759346,0.00096548395,0.99759346,0.0014409422
harley davidson says shipments wont meet forecast,negative,0,negative,True,0.9992587,0.9992587,0.00046894577,0.0002723166
oil falls as warm u.s. weather cuts heating demand,negative,0,negative,True,0.99920446,0.99920446,0.00056198466,0.00023353839
oil sector and cpi hit stocks as rate-cut hopes ebb,negative,0,negative,True,0.99861753,0.99861753,0.0009789256,0.0004035832
"wall street gains hinge on deals, pre-announcements",positive,2,neutral,False,0.9982768,0.00047026458,0.9982768,0.0012528823
dow chemical denies buyout talk shares slip,negative,0,negative,True,0.9989743,0.9989743,0.000768302,0.00025736415
conoco ceo says venezuela talks could last months,neutral,1,neutral,True,0.99744177,0.0007367397,0.99744177,0.001821526
amazon pays ibm to settle patent litigation,negative,0,positive,False,0.9868281,0.00058407016,0.012587829,0.9868281
bricklin says hes talking to 15 chinese carmakers,positive,2,neutral,False,0.9980051,0.000381766,0.9980051,0.0016131264
adviser says ford to sell aston martin to investor group,neutral,1,neutral,True,0.9974669,0.0013317949,0.9974669,0.0012013509
pier 1 november same-store sales fall 15.3 percent,negative,0,negative,True,0.9993932,0.9993932,0.0003628027,0.00024394038
corrected - macworld vs ces macworld emerges as victor-analysts,positive,2,neutral,False,0.98439896,0.0014556092,0.98439896,0.0141454395
google shares set for fall barrons,negative,0,negative,True,0.99933463,0.99933463,0.00039434046,0.00027098463
shell looks to buy out canada unit for c$7.7 billion,positive,2,neutral,False,0.99821436,0.00064711185,0.99821436,0.0011386019
att clears final hurdle to $86 billion bellsouth deal,positive,2,neutral,False,0.9561695,0.0010353422,0.9561695,0.04279515
"shares fall on fed rate-hike hint, gasolines jump",negative,0,negative,True,0.9989146,0.9989146,0.0008353625,0.00025005572
bertelsmann says buys time interest in bookspan,positive,2,positive,True,0.78514904,0.0021260239,0.21272492,0.78514904
"mcgraw-hill quarterly profit, revenue rise",positive,2,positive,True,0.99893326,0.00038215352,0.0006845274,0.99893326
power confirms putnam talks but says no deal yet,neutral,1,neutral,True,0.9975642,0.00063224684,0.9975642,0.0018035072
nestle to buy baby food giant gerber,positive,2,neutral,False,0.9937272,0.00076661963,0.9937272,0.005506157
travel firms tui and first choice agree to merge,positive,2,neutral,False,0.99668944,0.0011126776,0.99668944,0.0021978144
united surgical to be acquired in $1.8 billion deal,positive,2,neutral,False,0.9983211,0.00054744194,0.9983211,0.0011314607
commerzbank profit beats consensus,positive,2,positive,True,0.99802077,0.0007663136,0.0012129555,0.99802077
"fcc settles with clear channel, others on payola",negative,0,neutral,False,0.99728715,0.000784436,0.99728715,0.0019284227
euro zone inflation under control oecds cotis,positive,2,positive,True,0.9636852,0.0056962254,0.030618543,0.9636852
"jobless claims fell 34,000 last week",positive,2,positive,True,0.99856985,0.00065712305,0.00077296386,0.99856985
japan aims to raise minimum wage to boost economy,positive,2,neutral,False,0.5685684,0.0058753374,0.5685684,0.42555633
gm/delphi workers deal may be done early 07 wsj,positive,2,neutral,False,0.99538875,0.0015420404,0.99538875,0.0030692646
factbox outline of nasdaqs new bid for lse,positive,2,neutral,False,0.99868685,0.0004708583,0.99868685,0.0008422925
business jets taxiing toward take-off in asia,positive,2,neutral,False,0.9967334,0.00056300726,0.9967334,0.0027036294
will elections bring back stock bulls,neutral,1,neutral,True,0.9704021,0.0010170385,0.9704021,0.02858085
"samsung posts weak q1 on chips, outlook tough",negative,0,negative,True,0.9993926,0.9993926,0.00037359406,0.00023369378
"gm raises some auto prices, cites commodities",positive,2,positive,True,0.63258,0.024282418,0.34313762,0.63258
canadians prefer global equity funds in november,positive,2,neutral,False,0.99812704,0.00064628216,0.99812704,0.0012265826
"gallaher approached, japan tobacco likely bidder-source",positive,2,neutral,False,0.9980215,0.0004611768,0.9980215,0.0015174315
"ge targets y1 trln japan assets, eyes hk",positive,2,neutral,False,0.9981229,0.0007063748,0.9981229,0.0011707243
plosser fed should be committed to low inflation,positive,2,neutral,False,0.9960526,0.0013904667,0.9960526,0.0025568758
feds pianalto says keeping eye on inflation risks,negative,0,neutral,False,0.99380976,0.0046537053,0.99380976,0.0015365733
auto union may run some retiree benefits wsj,neutral,1,neutral,True,0.9964322,0.0013539378,0.9964322,0.0022139451
gas natural net profit rises 14.1 percent,positive,2,positive,True,0.9989619,0.0005077643,0.0005303547,0.9989619
kraft managers abroad win more power to deal report,positive,2,neutral,False,0.99602294,0.0007196937,0.99602294,0.0032574115
michael dell set to remain ceo for several years,neutral,1,neutral,True,0.9987159,0.00046392204,0.9987159,0.0008201705
indonesia awaits newmont pollution case verdict,negative,0,neutral,False,0.9974185,0.0010750188,0.9974185,0.0015064727
update 4-citi to halve investment spending increase in 07,positive,2,negative,False,0.99206877,0.99206877,0.0075449403,0.00038629718
healthy foods drive sainsburys 60 percent profit jump,positive,2,positive,True,0.99822253,0.00065836986,0.0011190692,0.99822253
konica and ge to jointly develop oled lights,positive,2,neutral,False,0.9825556,0.000439796,0.9825556,0.017004494
"att to push wireless, seek revenue in ads paper",positive,2,neutral,False,0.9960522,0.0013890704,0.9960522,0.0025586688
unions prepare to fight airbus job cuts,negative,0,neutral,False,0.728447,0.2675223,0.728447,0.0040306887
global interest rates locked in upward mode,negative,0,positive,False,0.5806578,0.095107265,0.32423496,0.5806578
boeing deal off as india flyington signs with airbus,negative,0,neutral,False,0.99552625,0.0013443936,0.99552625,0.0031293985
family dollar quarterly profit up,positive,2,positive,True,0.9989146,0.00055939116,0.0005259632,0.9989146
millionaires lose optimism amid market upheaval,negative,0,negative,True,0.99922657,0.99922657,0.0005129628,0.0002604497
att open to italian partners in torn t.italia,neutral,1,neutral,True,0.9970919,0.00078947155,0.9970919,0.0021186664
caremark says it will review express scripts offer,neutral,1,neutral,True,0.9950854,0.000635545,0.9950854,0.0042789644
"dynegy posts loss on charges, misses estimate",negative,0,negative,True,0.9990233,0.9990233,0.00061903556,0.00035758075
"lexmark qtr profit, outlook miss expectations",negative,0,negative,True,0.999209,0.999209,0.0004508809,0.00034020352
"securitas takes q4 charge, clears way for new ceo",negative,0,neutral,False,0.9981647,0.00068224885,0.9981647,0.001152963
bmw sees best year ever in 2007,positive,2,positive,True,0.9953945,0.00053985714,0.0040655686,0.9953945
"neteller suspends shares, ex-directors held in u.s",negative,0,neutral,False,0.96686167,0.031368654,0.96686167,0.0017697354
former dow chemical exec sues company for libel,negative,0,negative,True,0.9579918,0.9579918,0.04126744,0.0007408616
affiliated computer gets $5.9 bln cerberus bid,positive,2,neutral,False,0.99656206,0.0018270059,0.99656206,0.0016108655
spectra energy completes spinoff from duke energy,positive,2,neutral,False,0.99821824,0.0005637185,0.99821824,0.0012180124
"sirius reaches 6 mln subscribers, free cash flow positive",positive,2,positive,True,0.99776614,0.00040159863,0.0018323056,0.99776614
genzyme completes tender offer for anormed,positive,2,neutral,False,0.9959323,0.00076124497,0.9959323,0.003306467
highland offers rival $4.7 billion delphi deal,positive,2,neutral,False,0.9977441,0.0008792242,0.9977441,0.0013766838
factbox-chinas new rules covering foreign banks,neutral,1,neutral,True,0.9981516,0.0008425451,0.9981516,0.0010057571
web sales down on black friday,negative,0,negative,True,0.99922323,0.99922323,0.0005744837,0.0002022143
bear stearns calms subprime jitters,positive,2,positive,True,0.96636915,0.006262078,0.027368715,0.96636915
mcdonalds quarterly view beats analysts,positive,2,positive,True,0.9982901,0.00040770494,0.0013022037,0.9982901
"mazda q3 rises on yen, exports",positive,2,positive,True,0.9978988,0.0012406852,0.0008605099,0.9978988
"volvo to cut 1,000 staff at virginia plant",negative,0,negative,True,0.9990996,0.9990996,0.00067003834,0.00023038326
nike profit up but u.s. and margins disappoint,neutral,1,neutral,True,0.869774,0.0887667,0.869774,0.041459348
cold weather lifts retailers sales,positive,2,positive,True,0.9964317,0.0005979508,0.002970346,0.9964317
macquarie group to buy spirit finance for $1.6 bln,positive,2,neutral,False,0.9969348,0.0008487471,0.9969348,0.0022164502
skype to start charging for calls to phones again,positive,2,neutral,False,0.9851688,0.00085713883,0.9851688,0.013974143
beazer homes may face new jersey fines,negative,0,negative,True,0.9865459,0.9865459,0.0129536195,0.0005004532
airbus to start restructuring talks next week,negative,0,neutral,False,0.9976363,0.0011604833,0.9976363,0.0012032303
mittal plant sale seen drawing big bidders wsj,positive,2,neutral,False,0.9895779,0.0011169268,0.9895779,0.009305195
japans hoya to buy pentax in $770 mln deal,positive,2,neutral,False,0.9961592,0.00097385095,0.9961592,0.0028669445
emc profit rises with software sales shares gain,positive,2,positive,True,0.99878436,0.000501675,0.0007139742,0.99878436
pg eyes stronger growth and fewer distribution spots,positive,2,positive,True,0.7091529,0.0018146427,0.2890325,0.7091529
uk bank rbs eyes big u.s. deal paper,positive,2,neutral,False,0.9936847,0.004911153,0.9936847,0.0014040922
u.s. airline february on-time record worst in 6 years,negative,0,negative,True,0.9987664,0.9987664,0.00062792306,0.0006056877
nestle q1 sales surge ahead of price hikes,positive,2,positive,True,0.99704945,0.0013516805,0.0015988506,0.99704945
wagoner hopes gm profitable in 2007,positive,2,positive,True,0.8926182,0.002915302,0.104466476,0.8926182
wall st. rises on ma,positive,2,positive,True,0.9981635,0.00052805664,0.0013084492,0.9981635
loral to buy unit of bce for $2.6 bln paper,positive,2,neutral,False,0.9976688,0.0007218147,0.9976688,0.0016093374
"foot locker quashes buyout rumors, shares fall",negative,0,negative,True,0.99732995,0.99732995,0.0023594801,0.0003105318
"volvo recalls 360,000 cars for speed control bug",negative,0,negative,True,0.99832755,0.99832755,0.0014070008,0.00026545094
ex-comverse cfo pleads guilty in stock options case,negative,0,neutral,False,0.98882174,0.004000136,0.98882174,0.007178052
"refile-bskyb h1 revenues meet forecasts, profits up",positive,2,positive,True,0.9987184,0.00041270332,0.0008689962,0.9987184
kkr ups alliance boots bid,positive,2,neutral,False,0.9973411,0.0009528996,0.9973411,0.0017060451
avon fourth-quarter results beat street view,positive,2,positive,True,0.9985728,0.00060213206,0.00082506327,0.9985728
union issues private equity warning,negative,0,negative,True,0.5482299,0.5482299,0.4506025,0.0011676172
dow jones aims to reduce reliance on print,neutral,1,neutral,True,0.99460125,0.0016686269,0.99460125,0.0037301902
nintendos wii again no. 1 new game console,positive,2,neutral,False,0.99507517,0.00032314245,0.99507517,0.004601659
equity office still prefers blackstone offer,positive,2,neutral,False,0.9979664,0.00103631,0.9979664,0.0009972851
halliburton says no longer working in iran,neutral,1,neutral,True,0.9866436,0.0125992745,0.9866436,0.0007571289
clear channel pressure intensifies as vote nears,negative,0,neutral,False,0.9932054,0.0040959097,0.9932054,0.0026987076
pepsico to start selling fruit chips,positive,2,neutral,False,0.99079144,0.0007936497,0.99079144,0.008415027
bristol to seek ok for up to 3 cancer drugs in 07,positive,2,neutral,False,0.9891528,0.00083705824,0.9891528,0.010010169
january housing starts down 14.3 percent,negative,0,negative,True,0.99930704,0.99930704,0.00041084617,0.00028213143
factbox trade between south korea and the u.s.,neutral,1,neutral,True,0.99760723,0.00072234444,0.99760723,0.0016704545
oil rises after u.s. crude stockpiles slip,positive,2,positive,True,0.99736065,0.0015552366,0.0010840758,0.99736065
gm expects rise in china minivan jvs sales,positive,2,positive,True,0.99624217,0.0008322719,0.0029256297,0.99624217
apple to drop computer from company name,neutral,1,neutral,True,0.9972723,0.0012125089,0.9972723,0.001515193
"u.s. incomes, spending up in october",positive,2,positive,True,0.99174774,0.0016402695,0.0066119377,0.99174774
ceo parachute deals come to light in new filings,negative,0,neutral,False,0.9984596,0.00083869183,0.9984596,0.0007017998
ministers agree to resume wto talks,positive,2,neutral,False,0.97913235,0.0010153715,0.97913235,0.01985223
foreclosure brokers traffic in despair,negative,0,negative,True,0.95508575,0.95508575,0.043300014,0.0016141967
"incomes, spending rise in november",positive,2,positive,True,0.9946913,0.0011039525,0.0042047747,0.9946913
"wal-mart pulls bank petition, home depot still in",negative,0,neutral,False,0.9495926,0.048862617,0.9495926,0.0015446752
cn rail says train conductors begin canada strike,negative,0,negative,True,0.99548966,0.99548966,0.004040052,0.00047034517
sanofi tops forecasts but acomplia delay weighs,negative,0,positive,False,0.9052581,0.0033438858,0.09139797,0.9052581
"ge profit up, driven by infrastructure growth",positive,2,positive,True,0.9988747,0.00035848972,0.0007668274,0.9988747
"u.s. october auto sales up, chrysler loses ground",positive,2,neutral,False,0.84963864,0.017027691,0.84963864,0.1333337
xerox options trade surges on takeover speculation,positive,2,positive,True,0.55237114,0.056309674,0.39131913,0.55237114
hsbc finance sells $4.5 billion in five parts - source,neutral,1,neutral,True,0.9976151,0.0015898534,0.9976151,0.0007949945
"mergers hinge on us air bid, says jetblue ceo",neutral,1,neutral,True,0.9986468,0.0004292849,0.9986468,0.0009239681
jacuzzi shareholders approve takeover by apollo management,positive,2,neutral,False,0.99329233,0.0008991775,0.99329233,0.005808458
newell rubbermaid posts lower quarterly profit,negative,0,negative,True,0.9993606,0.9993606,0.00041484425,0.00022452229
royal dutch bid for shell canada low shareholder,negative,0,neutral,False,0.997769,0.0015534951,0.997769,0.00067754847
saudi says no need to panic over oil price drop,neutral,1,neutral,True,0.9804474,0.014195539,0.9804474,0.0053569907
att expands homezone service,positive,2,neutral,False,0.900469,0.00095844595,0.900469,0.09857251
writer quits marketwatch after investment conflict,negative,0,negative,True,0.85906434,0.85906434,0.13997397,0.0009617206
sallie mae to sell itself for $25 billion,positive,2,neutral,False,0.9971222,0.0016415246,0.9971222,0.0012362592
gap november same-store sales sag as traffic falls,negative,0,negative,True,0.9994112,0.9994112,0.00035939927,0.00022933062
conocophillips sees over 3 pct production growth,positive,2,positive,True,0.99861896,0.000635065,0.0007460264,0.99861896
apollo-texas pacific look set on harrahs bid report,neutral,1,neutral,True,0.9941765,0.000930111,0.9941765,0.004893375
oil problems linked to russia-belarus row poland,negative,0,negative,True,0.9833825,0.9833825,0.016222771,0.0003947641
mills to weigh offer from simon/farallon,neutral,1,neutral,True,0.99821705,0.00060521916,0.99821705,0.0011776669
fords land rover sees profitable 2007,positive,2,positive,True,0.9130988,0.0029341397,0.083967015,0.9130988
durable goods orders rose 1.9 pct in nov,positive,2,positive,True,0.9985973,0.00075764547,0.0006450328,0.9985973
"opec looks to cut output, wants price over $60 iran",negative,0,negative,True,0.68127346,0.68127346,0.3134507,0.0052758344
swift agrees to $2.36 billion takeover offer,positive,2,neutral,False,0.99507093,0.0009763345,0.99507093,0.003952662
"time warner beats on cable, aol",positive,2,neutral,False,0.99738866,0.0006858946,0.99738866,0.0019254525
feds poole says doesnt see recession ahead,positive,2,positive,True,0.8887275,0.04650471,0.064767756,0.8887275
yahoo to offer bbc news video,neutral,1,neutral,True,0.99887043,0.00049069925,0.99887043,0.00063882815
bskyb and google to become broadband bedfellows,positive,2,neutral,False,0.9924522,0.0011172963,0.9924522,0.0064304983
"delta, pbgc deal on pilots pension gets court nod",positive,2,neutral,False,0.65921986,0.0018225341,0.65921986,0.33895767
how to keep more of what you make,neutral,1,neutral,True,0.9973272,0.00032290173,0.9973272,0.0023498177
chrysler sees sales growth,positive,2,positive,True,0.9985506,0.00028235104,0.001166992,0.9985506
"goldman profit almost doubles, but investors wary",positive,2,positive,True,0.92793065,0.011745107,0.06032424,0.92793065
morgan stanley upgrades china mobile to overweight,positive,2,positive,True,0.99634004,0.00035622364,0.003303803,0.99634004
ex-coke aide found guilty in trade secrets case,negative,0,neutral,False,0.9898435,0.0051425714,0.9898435,0.0050138477
"consumer prices fall, industrial output soft",negative,0,negative,True,0.9990563,0.9990563,0.0006186317,0.0003251434
nyse euronext bids for outstanding euronext shares,neutral,1,neutral,True,0.9988845,0.00050132815,0.9988845,0.00061419525
slight softening in 1st-qtr job outlook manpower,negative,0,negative,True,0.99838555,0.99838555,0.00097188016,0.0006425981
"boeing, st engineering in $136 million conversion deal",positive,2,neutral,False,0.9950478,0.0007890449,0.9950478,0.0041631344
"execs face tough digital transition, diller says",negative,0,neutral,False,0.99562883,0.003565635,0.99562883,0.0008055561
"stocks drop on drug worry, oil up aig up late",negative,0,negative,True,0.73248464,0.73248464,0.24887042,0.018644923
australias asic rejects qantas bidder application,negative,0,neutral,False,0.9939347,0.0021331096,0.9939347,0.003932207
indexes slip as investors sell off aprils stars,negative,0,negative,True,0.9992053,0.9992053,0.0005042639,0.00029056307
qantas board rejects $8.6 billion takeover bid,negative,0,neutral,False,0.9955379,0.0021138326,0.9955379,0.0023483133
fed debates setting soft inflation target wsj,neutral,1,neutral,True,0.99830985,0.000887984,0.99830985,0.0008020692
"stocks rally on thai turnaround, euro strong",positive,2,positive,True,0.9984688,0.0005538147,0.0009773952,0.9984688
"private sector adds 57,000 jobs in feb survey",positive,2,positive,True,0.9978248,0.0005805101,0.0015947869,0.9978248
"gap quarterly profit down, cuts full-year view",negative,0,negative,True,0.9993887,0.9993887,0.00031061098,0.00030067086
microsoft to pay novell $348 million under linux pact,neutral,1,neutral,True,0.994902,0.0012313562,0.994902,0.0038666888
goldman raises $6.5 bln for infrastructure fund,positive,2,neutral,False,0.9952099,0.0009299596,0.9952099,0.0038601279
milton friedman championed free-enterprise economics,neutral,1,neutral,True,0.9982497,0.00073798443,0.9982497,0.0010121963
kerkorian to cut gm stake to 4.95 pct,negative,0,neutral,False,0.8360284,0.16088557,0.8360284,0.0030860833
ford to slip to no. 3 spot in 2007 report,negative,0,negative,True,0.930791,0.930791,0.06638976,0.0028192995
factbox key facts about t.italia and telefonica,neutral,1,neutral,True,0.9991068,0.00033073014,0.9991068,0.00056241016
"china c.bank to control money, credit growth paper",neutral,1,neutral,True,0.9956943,0.0024233498,0.9956943,0.0018824459
"hp investors meet, spy case against dunn dismissed",positive,2,neutral,False,0.9461227,0.0012373001,0.9461227,0.052639954
video gamers in full tilt ahead of console debuts,neutral,1,neutral,True,0.9954797,0.0009748005,0.9954797,0.0035455439
ambev to invest $2.4 billion in brazil over 5 years,positive,2,neutral,False,0.9896736,0.00058749586,0.9896736,0.009738832
fda seeks more data on cancer vaccine,negative,0,neutral,False,0.9979796,0.00079295394,0.9979796,0.0012274766
exxon says no decision on appeal of alaska ruling,neutral,1,neutral,True,0.9956846,0.0022209713,0.9956846,0.00209432
stocks end up on fed view,positive,2,positive,True,0.9889676,0.0036892178,0.007343197,0.9889676
factbox-biggest falls in the dow jones industrial average,negative,0,negative,True,0.9989324,0.9989324,0.0008616535,0.00020595004
bp reaches tentative settlement on ohio violations,positive,2,positive,True,0.6432423,0.0063162865,0.35044143,0.6432423
wal-mart ceo sees holiday season sales improvement,positive,2,positive,True,0.9967783,0.00072831294,0.0024934513,0.9967783
monster ex-general counsel settles sec case,negative,0,neutral,False,0.9876736,0.0008621229,0.9876736,0.011464313
"ford recalls 527,000 suvs after engine fires",negative,0,negative,True,0.9940778,0.9940778,0.005336379,0.0005858236
bankruptcies fall to 10-year low,positive,2,positive,True,0.75191295,0.1895553,0.05853175,0.75191295
hitachi shores up u.s. unit with $1 bln,positive,2,neutral,False,0.9931982,0.00091842026,0.9931982,0.005883346
fed spies signs of slower growth,negative,0,negative,True,0.9988153,0.9988153,0.0008475574,0.00033724643
dow ends at record on fed chiefs view and earnings,positive,2,positive,True,0.9955545,0.0022983009,0.0021472282,0.9955545
rocker gabriel wants youtube for human rights,neutral,1,neutral,True,0.9971058,0.0012341732,0.9971058,0.0016600006
take-two says sec launches formal options probe,negative,0,negative,True,0.9884453,0.9884453,0.011089737,0.00046499903
morgan stanley sued by former exec for age bias,negative,0,negative,True,0.99387,0.99387,0.0056867045,0.00044318096
cemex says offer fully values australias rinker,neutral,1,neutral,True,0.99451727,0.0007241931,0.99451727,0.004758576
some delta creditors form separate group,neutral,1,neutral,True,0.99694103,0.0021667257,0.99694103,0.00089211296
now online retailers black friday secrets,neutral,1,neutral,True,0.99765813,0.00146693,0.99765813,0.0008749826
rbs still plans lasalle bid by deadline -sources,neutral,1,neutral,True,0.9983235,0.00070519873,0.9983235,0.000971269
"sara lee to cut nearly 1,700 jobs, 3 pct of staff",negative,0,negative,True,0.99918884,0.99918884,0.000565345,0.00024589009
"gap not for sale, chief tells employees report",neutral,1,neutral,True,0.9982174,0.00047956375,0.9982174,0.001303017
buffett wants to buy huge business,positive,2,neutral,False,0.9976386,0.0005403018,0.9976386,0.0018210883
bertelsmann buys rest of bookspan from time inc,positive,2,neutral,False,0.99831414,0.00046506146,0.99831414,0.0012207687
"lg elec posts loss on screens, outlook tough",negative,0,negative,True,0.9992236,0.9992236,0.00050729414,0.0002690778
"scania rebuffs man again, sees new payout prospect",positive,2,neutral,False,0.99408466,0.0012546647,0.99408466,0.004660591
"fda rejects antibiotic from replidyne, forest",negative,0,neutral,False,0.98755777,0.009295366,0.98755777,0.0031468435
update 2-alliance data to buy abacus for $435 mln,neutral,1,neutral,True,0.989037,0.0011664593,0.989037,0.009796588
"tyson foods posts another loss, but sees 07 profits",negative,0,neutral,False,0.95178485,0.039659377,0.95178485,0.00855582
yum brands says new york rat incident isolated,neutral,1,neutral,True,0.9933077,0.00086554134,0.9933077,0.0058266935
internet ad revenue rises to $4.2 billion in 3rd quarter,positive,2,positive,True,0.9987,0.00048005467,0.00081986963,0.9987
u.s. economy moving to sustainable growth nabe,positive,2,positive,True,0.9862683,0.0026241443,0.01110756,0.9862683
chairman outlines double act plan to run hsbc,neutral,1,neutral,True,0.99855524,0.0007259096,0.99855524,0.00071883836
oil shocks no excuse for inflation feds poole,negative,0,neutral,False,0.896808,0.09298487,0.896808,0.010207135
"factbox subprime lenders sold, closed or bankrupt",negative,0,neutral,False,0.9966698,0.0028935743,0.9966698,0.00043664884
buffetts berkshire buys 1 million shares unitedhealth,positive,2,neutral,False,0.99596316,0.0022026775,0.99596316,0.0018342793
dec retail sales surprisingly strong,positive,2,positive,True,0.9980446,0.0007222781,0.0012331354,0.9980446
update 2-medtronic to spin off external defibrillator unit,neutral,1,neutral,True,0.99784374,0.00074277766,0.99784374,0.0014134945
schlumberger profit tops estimates shares rise,positive,2,positive,True,0.99844736,0.000910926,0.00064179604,0.99844736
nasdaq down on intel apple waxes and wanes,negative,0,negative,True,0.9994211,0.9994211,0.0003691225,0.00020986084
level 3 posts smaller quarterly loss,positive,2,positive,True,0.9982322,0.0005133861,0.0012544455,0.9982322
google says in dispute with sec on tax accounting,negative,0,negative,True,0.99672866,0.99672866,0.0027823378,0.0004889136
citigroup to sell nikko principal finance arm report,neutral,1,neutral,True,0.9908291,0.008333963,0.9908291,0.0008370041
illumina to buy solexa for $600 million in stock,neutral,1,neutral,True,0.9978853,0.0007004206,0.9978853,0.001414253
asian shares gain as dell earnings boost techs,positive,2,positive,True,0.99852186,0.0006526233,0.00082558,0.99852186
"target earnings rise, but shares sink",negative,0,neutral,False,0.862323,0.13337003,0.862323,0.00430701
electronic arts to buy stake in the9 report,neutral,1,neutral,True,0.9958443,0.0010311283,0.9958443,0.00312453
"omi, paulson agree japan, u.s. economies firm",positive,2,positive,True,0.9930875,0.0022507533,0.004661773,0.9930875
metlife sees $1.10-$1.20 4th-qtr operating earnings,neutral,1,positive,False,0.5298615,0.06394311,0.40619537,0.5298615
ford to miss u.s. retail sales goals in feburay and march,negative,0,negative,True,0.9617483,0.9617483,0.034922745,0.0033289026
dell profit down sharply,negative,0,negative,True,0.99942505,0.99942505,0.00027976502,0.00029526567
paulson tells g7 let markets regulate hedge funds,neutral,1,neutral,True,0.9982383,0.0007799525,0.9982383,0.0009817049
"kimberly-clark profit higher, narrows view",positive,2,positive,True,0.99603015,0.0024904516,0.001479384,0.99603015
"china, venezuela to cement ties with oil deals",positive,2,neutral,False,0.7853567,0.0016310007,0.7853567,0.21301231
"yahoo shares rise, investors eye faster growth",positive,2,positive,True,0.9981166,0.00068378024,0.0011996813,0.9981166
wrapup 3-u.s. retail sales send strong signal on growth,positive,2,positive,True,0.99723923,0.0016325986,0.0011281739,0.99723923
boardroom and factory feuds rage at airbus,negative,0,negative,True,0.6739892,0.6739892,0.32415023,0.0018606756
"falling oil, rising home sales spark rally",positive,2,positive,True,0.5276493,0.36195692,0.1103938,0.5276493
cisco sues apple over iphone name,negative,0,negative,True,0.99801946,0.99801946,0.0014722365,0.00050821784
gap february same-store sales fall,negative,0,negative,True,0.9993488,0.9993488,0.00040656416,0.00024459013
opec oil cut already tightening world market iea,negative,0,negative,True,0.9981706,0.9981706,0.0010226775,0.0008066166
menu foods says chemnutra statement wrong,negative,0,neutral,False,0.9942729,0.004614919,0.9942729,0.0011121068
fiat auto raises 2006 profit goal,positive,2,positive,True,0.9980247,0.00035261738,0.0016227115,0.9980247
mortgage bond prepayments increase,neutral,1,neutral,True,0.76058894,0.22164309,0.76058894,0.017767934
motorola warns of q1 loss,negative,0,negative,True,0.9992605,0.9992605,0.0005256513,0.00021379834
yahoo to buy rest of right media for $680 mln,neutral,1,neutral,True,0.99851257,0.00044857597,0.99851257,0.0010387844
starwood first-quarter profit rises,positive,2,positive,True,0.99891543,0.00034976067,0.0007348143,0.99891543
chronology-airbus grapples with restructuring after a380 woes,negative,0,negative,True,0.69700503,0.69700503,0.30061936,0.0023756027
internet ad potential underestimated yahoo ceo,positive,2,neutral,False,0.95969254,0.005962194,0.95969254,0.034345288
"u.s. economy moving upward, greenspan quoted as saying",positive,2,positive,True,0.99724716,0.0007704324,0.001982351,0.99724716
toyota sees higher 2006/07 global sales,positive,2,positive,True,0.99825555,0.00031232947,0.0014321456,0.99825555
adm posts record quarterly profit,positive,2,positive,True,0.99710983,0.0003925123,0.0024977122,0.99710983
ice bid prompts questions on cboe exercise rights,neutral,1,neutral,True,0.9976808,0.0017117828,0.9976808,0.00060733105
abn amro says in exclusive merger talks with barclays,neutral,1,neutral,True,0.99705577,0.00044606952,0.99705577,0.0024982009
"continental, ual union says would defend rights",negative,0,neutral,False,0.98822695,0.004087679,0.98822695,0.007685441
chinas country garden eyes $1.66 bln hk ipo sources,neutral,1,neutral,True,0.9968701,0.0004506712,0.9968701,0.0026792628
american greetings earns jump on gain,positive,2,positive,True,0.9972958,0.0011115689,0.0015926498,0.9972958
aramark posts lower profit,negative,0,negative,True,0.9993799,0.9993799,0.0004140124,0.00020615396
"subprime mortgage rap tars good consumers, economy",negative,0,negative,True,0.9983246,0.9983246,0.0013596234,0.0003158347
tata wants more profit from corus uk,positive,2,neutral,False,0.9937919,0.0008488937,0.9937919,0.005359175
japan tobacco shares fall after gallaher deal,negative,0,negative,True,0.999376,0.999376,0.00042422122,0.00019982381
foundation blocks arcelor mittals sale of dofasco,negative,0,neutral,False,0.998697,0.0004502999,0.998697,0.0008528209
sallie mae restates nearly three years financials,negative,0,neutral,False,0.99832875,0.0011132477,0.99832875,0.0005580042
u.s. securities class-actions down sharply study,positive,2,negative,False,0.98728347,0.98728347,0.011391079,0.0013254831
rollins departure ends partnership at top of dell,neutral,1,neutral,True,0.9870186,0.012017978,0.9870186,0.00096336333
dec retail sales hurt by warm weather,negative,0,negative,True,0.9991301,0.9991301,0.00062306307,0.0002468657
sandisk cuts jobs to counter falling prices,negative,0,negative,True,0.99868566,0.99868566,0.0010750036,0.00023928107
eu leaders urge others to make moves for doha deal,positive,2,neutral,False,0.9965413,0.0007258431,0.9965413,0.0027327738
apollo targeting countrywide source,neutral,1,neutral,True,0.99645716,0.0017692953,0.99645716,0.0017734629
venezuela threatens foreign oil takeover compensation,negative,0,neutral,False,0.9350068,0.06370357,0.9350068,0.0012895571
blackstone plans to sell properties to beacon wsj,neutral,1,neutral,True,0.998209,0.00080589065,0.998209,0.000985209
ford seen still in crisis but pessimism wanes,negative,0,negative,True,0.58936155,0.58936155,0.3752605,0.03537795
"traders betting feb job gain short of 100,000",negative,0,negative,True,0.9963606,0.9963606,0.0020370055,0.0016024443
home-builder stocks fall on sales data,negative,0,negative,True,0.99930406,0.99930406,0.00044681173,0.00024903662
"stock futures edge up, focus on ma",positive,2,positive,True,0.99762625,0.0010953008,0.0012784625,0.99762625
nintendo rides ds handheld to higher profits,positive,2,positive,True,0.9868859,0.0006194622,0.012494635,0.9868859
british airways chooses boeing 777s over airbus,positive,2,neutral,False,0.99775404,0.000706744,0.99775404,0.001539279
"imf warns subprime woes may spread, dollar falls",negative,0,negative,True,0.9990081,0.9990081,0.00073246367,0.00025947113
nissan offers buyouts at 2 tennessee plants,negative,0,neutral,False,0.99765056,0.00034569667,0.99765056,0.0020037773
dicks sporting goods gets acquisition clearance,positive,2,neutral,False,0.9912213,0.00048473405,0.9912213,0.008293977
lehman enters qatar to expand middle east push,positive,2,neutral,False,0.9973049,0.0004430697,0.9973049,0.0022519936
highland capital eyeing new delphi bid wsj,neutral,1,neutral,True,0.998777,0.00050533673,0.998777,0.00071767234
striking gm opel workers to vote thursday,negative,0,neutral,False,0.99454993,0.0029217605,0.99454993,0.0025282993
u.s. says virgin america cant fly as structured,negative,0,negative,True,0.580743,0.580743,0.4176216,0.0016354423
euro climbs as markets price in ecb march rate hike,positive,2,positive,True,0.9971834,0.0012406248,0.001575988,0.9971834
"bmw says u.s. car sales up 16 pct to 33,417 cars",positive,2,positive,True,0.9986994,0.00050330453,0.00079729676,0.9986994
shell canada jumps 30 pct on royal dutch offer,positive,2,positive,True,0.9921091,0.0020001507,0.005890678,0.9921091
nasdaq bids $3.3 bln for nordic peer omx report,neutral,1,neutral,True,0.9895353,0.0015122484,0.9895353,0.008952459
citigroup agrees to buy uk wealth manager quilter,neutral,1,neutral,True,0.99602544,0.00084145344,0.99602544,0.003133063
stocks end lower as fedex falls,negative,0,negative,True,0.9994165,0.9994165,0.00034468406,0.00023888936
navy orders lockheed to stop ship work for review,negative,0,neutral,False,0.69075876,0.30539507,0.69075876,0.00384614
inbev q3 core profit rise beats expectations,positive,2,positive,True,0.9986444,0.00063086714,0.00072474754,0.9986444
pioneer n.american plasma tv revs to miss target,negative,0,negative,True,0.9952996,0.9952996,0.0040926184,0.0006077742
buffett says berkshire has halved hurricane risk,positive,2,positive,True,0.58541393,0.009743765,0.40484226,0.58541393
daimlerchrysler says all options open for chrysler,neutral,1,neutral,True,0.9969349,0.00047592813,0.9969349,0.0025890982
viacom 4th-qtr profit rises on dreamworks purchase,positive,2,positive,True,0.9988944,0.00046896393,0.00063668063,0.9988944
constellation energy profit rises,positive,2,positive,True,0.998038,0.00037657045,0.0015854962,0.998038
cingular to offer myspace on cellphones,neutral,1,neutral,True,0.9983595,0.0006890963,0.9983595,0.00095136877
"stocks seen weaker, eyes on economic data",negative,0,negative,True,0.99917334,0.99917334,0.00063997327,0.00018661389
philly fed factory activity slumps in dec,negative,0,negative,True,0.99930716,0.99930716,0.00042390815,0.00026900513
"another investor to urge brinks to sell, barrons says",neutral,1,negative,False,0.6986998,0.6986998,0.29966176,0.0016385001
radioshack forecasts higher fourth-qtr net income,positive,2,positive,True,0.9984931,0.00037955234,0.0011273748,0.9984931
u.s. says pfizer unit pleads guilty to kickback,negative,0,neutral,False,0.85333854,0.13544789,0.85333854,0.011213587
tse says in tie-up talks with nyse,neutral,1,neutral,True,0.9610355,0.0009571303,0.9610355,0.03800729
lowes to build california distribution center,positive,2,neutral,False,0.99778384,0.00046087775,0.99778384,0.0017553316
chrysler sale decision may take months,negative,0,neutral,False,0.99864405,0.00055810483,0.99864405,0.0007978956
"wall st. seen posting strong quarter, record year",positive,2,positive,True,0.99715185,0.0005873492,0.0022608184,0.99715185
caterpillar sees tough 07 faster growth beyond,negative,0,negative,True,0.9979691,0.9979691,0.0016510194,0.00037986558
factbox new century creditors named in bankruptcy filing,negative,0,neutral,False,0.99598515,0.003486341,0.99598515,0.0005285476
citigroup says to launch nikko bid on march 15,positive,2,neutral,False,0.99826187,0.0005496533,0.99826187,0.0011884638
nasdaq in talks to buy phila. stock exchange report,neutral,1,neutral,True,0.99393094,0.0010241118,0.99393094,0.0050450293
sec to hold news conference on regulation merger,neutral,1,neutral,True,0.99866617,0.00060597376,0.99866617,0.00072782795
"starbucks falls, hp rises",neutral,1,neutral,True,0.9779654,0.016379844,0.9779654,0.0056547094
berkshire cuts ameriprise stake,negative,0,neutral,False,0.9765747,0.021501908,0.9765747,0.0019233553
dupont to sell coatings arm to switzerlands sika,neutral,1,neutral,True,0.9983285,0.0006068209,0.9983285,0.0010646764
texas lawmakers critical of txu buyout,negative,0,neutral,False,0.96137506,0.03637622,0.96137506,0.0022486644
"claires seeking buyer, hires goldman sachs report",neutral,1,neutral,True,0.9978241,0.00082094147,0.9978241,0.0013549287
dolans want to take cablevision private report,neutral,1,neutral,True,0.99241275,0.0062232967,0.99241275,0.0013638928
"auto stability rule set, safety groups concerned",negative,0,negative,True,0.6366158,0.6366158,0.36161163,0.0017725854
"colgate profit up, mark leaving ceo post in july",positive,2,positive,True,0.99770665,0.0003432966,0.0019500224,0.99770665
kddi to tie with jr east on fibre-optic broadband,positive,2,neutral,False,0.99146605,0.00091368443,0.99146605,0.0076201973
wal-mart watchdog group says negative view grew,negative,0,negative,True,0.99710923,0.99710923,0.0025049695,0.00038578437
coke ceo sees strong growth despite n.america lag,positive,2,positive,True,0.9952974,0.0005735034,0.004129179,0.9952974
united airlines raises fares in some markets,positive,2,positive,True,0.9483192,0.0027789122,0.048901886,0.9483192
citigroup in talks to buy pandits old lane sources,neutral,1,neutral,True,0.9970565,0.00078394124,0.9970565,0.0021595063
mac fans buzzing about expected apple iphone,positive,2,neutral,False,0.8478298,0.0028630726,0.8478298,0.14930712
nasdaq appoints new management for china,neutral,1,neutral,True,0.9982766,0.0004562924,0.9982766,0.0012671241
hill could visit north korea if agreements met report,neutral,1,neutral,True,0.9910781,0.0003526208,0.9910781,0.008569237
uk retail sales drop to lowest level since march cbi,negative,0,negative,True,0.9992168,0.9992168,0.00053204014,0.0002511235
bernanke makes no remarks on economic outlook,neutral,1,neutral,True,0.9985851,0.00089272595,0.9985851,0.0005222472
volkswagen on track to hit goals after strong q3,positive,2,positive,True,0.9945589,0.0011091789,0.004331885,0.9945589
cit places student-loan unit executives on leave,negative,0,neutral,False,0.51337487,0.4848422,0.51337487,0.0017828873
panel says wide use of drug-coated stents risky,negative,0,neutral,False,0.5049607,0.49196061,0.5049607,0.0030786928
johnson controls earnings up 27.2 percent,positive,2,positive,True,0.99856025,0.0006001632,0.0008396279,0.99856025
ups says to cancel order for 10 airbus a380s,negative,0,negative,True,0.99638784,0.99638784,0.0032791658,0.00033308752
"kerkorian cuts gm stake, shares slide",negative,0,negative,True,0.9992723,0.9992723,0.0005133734,0.00021431407
stryker net up on sales,positive,2,positive,True,0.9988098,0.00036132665,0.00082883553,0.9988098
uaw says no opinion on possible gm-chrysler deal,neutral,1,neutral,True,0.9986243,0.00042906016,0.9986243,0.00094663695
investors hope data will extend recovery,positive,2,positive,True,0.99314946,0.0019571306,0.004893399,0.99314946
ford executive gives up use of jet after criticism,negative,0,neutral,False,0.9872689,0.012172462,0.9872689,0.0005585812
investor group sets offer for rest of prosieben,neutral,1,neutral,True,0.99828666,0.00054364564,0.99828666,0.0011696982
factbox berkshire hathaway at a glance,neutral,1,neutral,True,0.99897504,0.00052292075,0.99897504,0.0005020769
alcatel and lucent complete merger,positive,2,neutral,False,0.99766797,0.00059093215,0.99766797,0.0017410218
"wall street set to open flat data, earnings eyed",neutral,1,neutral,True,0.9925459,0.0064058737,0.9925459,0.0010481989
congress approves offshore drilling bill,positive,2,neutral,False,0.98849237,0.0014718332,0.98849237,0.010035912
"update 2-capgemini ups 06 goals, margin plan on track",positive,2,positive,True,0.9930448,0.00068027916,0.006274859,0.9930448
"nasdaq slams lse for not talking, says bid fair",negative,0,neutral,False,0.9816589,0.014238015,0.9816589,0.004103097
reckson tells icahn to pick up the pace,neutral,1,neutral,True,0.9742813,0.0013460122,0.9742813,0.024372691
pg seeks buyer for japan adult diaper brand,neutral,1,neutral,True,0.99811965,0.00079078594,0.99811965,0.001089578
nec cuts cellphone shipment forecast by 8 pct,negative,0,negative,True,0.9990644,0.9990644,0.0005993325,0.00033628131
noble energy profit slips on gas price drop,negative,0,negative,True,0.99935323,0.99935323,0.0003589001,0.00028787038
wikipedia founder remakes web publishing economics,neutral,1,neutral,True,0.99843556,0.0007896392,0.99843556,0.0007747935
stocks seen higher dell to boost tech shares,positive,2,positive,True,0.9939839,0.0016000314,0.0044160294,0.9939839
ritchie capital in talks to sell main fund,negative,0,neutral,False,0.99787855,0.001169931,0.99787855,0.00095153006
hsbc warning ominous for u.s. lenders,negative,0,negative,True,0.9983999,0.9983999,0.0012394451,0.0003606657
chronology-bid approaches for the london stock exchange,neutral,1,neutral,True,0.998979,0.00040517608,0.998979,0.0006159795
dow closes at record high after fed,positive,2,positive,True,0.99790454,0.0013024806,0.00079296535,0.99790454
aol signs napster as music subscription service,positive,2,neutral,False,0.99658775,0.00040633074,0.99658775,0.003005896
feds poole says u.s. not heading into recession,positive,2,positive,True,0.9715361,0.013594344,0.0148695195,0.9715361
jobless claims rose in latest week,negative,0,negative,True,0.9917583,0.9917583,0.0039425683,0.004299122
lenders initiate foreclosures at record pace,negative,0,negative,True,0.96703476,0.96703476,0.028065294,0.0048999176
client consent at center of citigroup insider case,negative,0,neutral,False,0.73891175,0.25861537,0.73891175,0.0024729385
td bank to pay $3.2 billion for rest of td banknorth,neutral,1,neutral,True,0.997062,0.0017862549,0.997062,0.0011516926
"raytheon profit up, sees 2007 below wall st",neutral,1,positive,False,0.9215164,0.036846682,0.04163695,0.9215164
wall street banks walloped by mortgage worries,negative,0,negative,True,0.99358636,0.99358636,0.0059820856,0.00043166848
u.s. auto sales slowing say forecasts report,negative,0,negative,True,0.9990688,0.9990688,0.0005846272,0.00034656917
alliance boots rejects kkrs $18.8 bln approach,negative,0,neutral,False,0.99535155,0.0019809902,0.99535155,0.0026675106
ford loses $1 bln a year on counterfeit auto parts,negative,0,negative,True,0.99046093,0.99046093,0.009156701,0.00038231307
altria promises january details for kraft,neutral,1,neutral,True,0.9988746,0.00042691114,0.9988746,0.0006984465
aol launches search ad service with google,positive,2,neutral,False,0.9977399,0.00055043417,0.9977399,0.0017095903
delta plans to present us air bid to board soon,neutral,1,neutral,True,0.99873406,0.00041869245,0.99873406,0.0008472117
"keycorp sells champion mortgage to hsbc, fortress",neutral,1,neutral,True,0.9975139,0.0012315947,0.9975139,0.0012545588
"best buy, circuit city raise outlooks on dec sales",positive,2,positive,True,0.989521,0.00071745896,0.0097615,0.989521
express scripts says ready to raise caremark bid,positive,2,neutral,False,0.9968771,0.0006481883,0.9968771,0.0024748389
"visa, nokia turn mobile phones into mobile wallets",positive,2,neutral,False,0.99575704,0.0007175237,0.99575704,0.003525393
"buffett says may hire 4 cios, insurance to weaken",neutral,1,negative,False,0.987921,0.987921,0.011745554,0.00033345798
apple and beatles settle trademark squabble,positive,2,positive,True,0.54574907,0.0024250955,0.45182586,0.54574907
corrected hr block delays filing quarterly report,negative,0,neutral,False,0.71057695,0.28324714,0.71057695,0.0061759134
wal-mart not participating in february new york fashion week,neutral,1,neutral,True,0.9958794,0.0033231932,0.9958794,0.00079741183
daimlerchrysler says talks with chery on-going,neutral,1,neutral,True,0.9957236,0.000421793,0.9957236,0.0038546713
delta board discusses us airways bid paper,neutral,1,neutral,True,0.99867344,0.00050599826,0.99867344,0.0008205651
icahn goes it alone with changed bid for reckson,neutral,1,neutral,True,0.9979036,0.00083887484,0.9979036,0.0012575117
apple unveils plans to go greener,positive,2,neutral,False,0.99023366,0.0006026274,0.99023366,0.009163685
united air parent posts quarterly loss,negative,0,negative,True,0.9969482,0.9969482,0.0026880337,0.00036379916
"private sector adds 128,000 jobs in oct survey",positive,2,positive,True,0.9978058,0.0005491827,0.0016450525,0.9978058
deutsche boerse to buy ise for $2.8 billion,positive,2,neutral,False,0.9976967,0.0005374425,0.9976967,0.0017658776
"schlumberger profit rises, tops wall street view",positive,2,positive,True,0.99860436,0.00065742753,0.0007382273,0.99860436
emi concerns grow at warner music,negative,0,neutral,False,0.7510337,0.24528684,0.7510337,0.003679467
"wal-mart ad account goes to interpublic, publicis cos",positive,2,neutral,False,0.9977441,0.0016145427,0.9977441,0.00064149685
oil up nearly $1 as u.s. fuel stocks fall,positive,2,positive,True,0.9981741,0.0010703376,0.0007556326,0.9981741
"molson coors quarterly profit beats view, shares jump",positive,2,positive,True,0.99863464,0.00074980996,0.00061554817,0.99863464
burger kings uk sales to be hurt by ad ban report,negative,0,negative,True,0.99924326,0.99924326,0.00055673963,0.00020003556
delta retired pilots to get $800 mln in claims,neutral,1,negative,False,0.6379393,0.6379393,0.35485154,0.0072092456
global markets-u.s. jobs data fails to convince investors,negative,0,negative,True,0.9980135,0.9980135,0.0016191703,0.00036728996
chubb posts higher fourth-quarter earnings,positive,2,positive,True,0.9986656,0.00029971096,0.0010346883,0.9986656
china citic bank ipo draws keen overseas demand,positive,2,positive,True,0.93047005,0.0010377653,0.06849218,0.93047005
wendys third-quarter earnings fall slightly,negative,0,negative,True,0.9993011,0.9993011,0.00045211051,0.0002468383
economists cut gdp forecast for 2007,negative,0,negative,True,0.9991123,0.9991123,0.0004990999,0.00038860267
nj jury awards plaintiff $20 mln in vioxx case,negative,0,positive,False,0.7591259,0.027677724,0.21319647,0.7591259
citigroup settles with ex-wealth chief thomson,neutral,1,neutral,True,0.97785336,0.0013561028,0.97785336,0.020790553
"pirelli sells t.italia control to telefonica, banks",neutral,1,neutral,True,0.99808204,0.00093417364,0.99808204,0.000983852
instant view-u.s. q3 gdp growth weaker than expected,negative,0,negative,True,0.999141,0.999141,0.00045847052,0.00040056216
judge upholds jurys vioxx verdict,negative,0,neutral,False,0.9296539,0.011833635,0.9296539,0.05851256
us airways says delta creditors evaluating offer,neutral,1,neutral,True,0.9979007,0.0012496411,0.9979007,0.0008496214
"abn amro to open books to rbs, fortis, santander",positive,2,neutral,False,0.99797577,0.00046944284,0.99797577,0.0015547501
"lazard earnings soar, shares jump",positive,2,positive,True,0.99858946,0.00055953726,0.0008509951,0.99858946
"economy outside housing, cars in good shape bies",positive,2,positive,True,0.90514416,0.0008183556,0.09403745,0.90514416
"cigna profit falls, but beats wall street views",neutral,1,negative,False,0.5249029,0.5249029,0.46750766,0.0075895195
media stocks jump on news corp.s dow jones bid,positive,2,positive,True,0.9972752,0.0009866722,0.0017381584,0.9972752
"dutch philips beats q1 profit forecast, sales slow",neutral,1,neutral,True,0.5685718,0.4226113,0.5685718,0.008816988
factbox-global financial market movements since late february,neutral,1,neutral,True,0.99901426,0.000550113,0.99901426,0.00043560198
lse plans price cuts to beat new platform -paper,negative,0,neutral,False,0.81322515,0.0047515547,0.81322515,0.18202333
"gm, ford december u.s. sales down, toyota gains",negative,0,negative,True,0.9632492,0.9632492,0.034860346,0.0018904638
shire sues andrx for patent infringement,negative,0,negative,True,0.99717665,0.99717665,0.0020690067,0.00075437024
eli lillys zyprexa data didnt match paper,negative,0,negative,True,0.9542298,0.9542298,0.04261179,0.0031584667
state farm seeks louisiana pact on hurricane cases,neutral,1,neutral,True,0.9973918,0.00080214214,0.9973918,0.0018060759
google ceo denies rumor of youtube legal reserve,neutral,1,neutral,True,0.99778384,0.0011973433,0.99778384,0.0010189421
euronext regulator committee okays nyse merger,positive,2,neutral,False,0.9798213,0.0018958487,0.9798213,0.018282807
chrysler reassuring dealers after inventory crisis,negative,0,neutral,False,0.9011711,0.016658887,0.9011711,0.08217005
beazer facing widespread probe,negative,0,negative,True,0.9183288,0.9183288,0.08035548,0.0013156302
google shares fall despite analyst price upgrades,negative,0,negative,True,0.99932134,0.99932134,0.00047471467,0.00020394358
private equity groups form for tribune bid source,neutral,1,neutral,True,0.9981693,0.00072452374,0.9981693,0.0011061826
factbox-details on subprime mortgage loan market,neutral,1,neutral,True,0.99780935,0.0015846917,0.99780935,0.0006059021
pier 1 same-store sales slide holiday starts well,negative,0,positive,False,0.9567798,0.034707006,0.0085132085,0.9567798
update 6-bank of america buys schwabs us trust for $3.3bln,positive,2,neutral,False,0.9972899,0.0012095163,0.9972899,0.0015005856
broadband seen as big task for directv under malone,neutral,1,neutral,True,0.995033,0.0033814798,0.995033,0.0015854941
cisco results show rising demand for internet video,positive,2,positive,True,0.94082063,0.0029542719,0.0562251,0.94082063
alcoa cleveland works uaw workers ratify contract,positive,2,neutral,False,0.82613844,0.005841373,0.82613844,0.16802026
japan govt body to unload 43 mln toyota shares,neutral,1,neutral,True,0.9965281,0.002381475,0.9965281,0.0010904613
drugs like pfizers to get more scrutiny fda,negative,0,neutral,False,0.99209595,0.006245784,0.99209595,0.0016581817
hovnanian sees loss bigger than previously thought,negative,0,negative,True,0.99846256,0.99846256,0.0011120891,0.00042542414
hk ooil shares surge on terminal sale,positive,2,positive,True,0.99562585,0.0010654569,0.0033086133,0.99562585
bad weather insurers tout profit protection,positive,2,neutral,False,0.99581087,0.0031797641,0.99581087,0.0010093739
australias suncorp says first half profit up,positive,2,positive,True,0.9989309,0.00033956277,0.000729503,0.9989309
u.s. stocks rally on deals on day before elections,positive,2,positive,True,0.9934149,0.0006576226,0.005927464,0.9934149
morgan stanley unit to pay $6.6 bln for cnl hotels,neutral,1,neutral,True,0.9964457,0.00056920375,0.9964457,0.0029850337
housing woes deepen in industrial heartland,negative,0,negative,True,0.997664,0.997664,0.0020231702,0.00031287395
star witness radler tied to black at trial,negative,0,neutral,False,0.9936342,0.0056712464,0.9936342,0.00069451536
"indexes slip as hsbc, new century warn on bad loans",negative,0,negative,True,0.9992399,0.9992399,0.0004673641,0.00029272234
property buyouts seen good for small buyers survey,positive,2,positive,True,0.960429,0.0017102753,0.03786074,0.960429
oracle q2 profit rises,positive,2,positive,True,0.9988422,0.00038788727,0.0007700029,0.9988422
cablevision posts narrower loss,positive,2,positive,True,0.997692,0.000739681,0.0015683186,0.997692
coast guard beefs up deepwater project oversight,neutral,1,neutral,True,0.9963134,0.0014959079,0.9963134,0.0021907464
home depots new chief has much repair work to do,negative,0,neutral,False,0.99734616,0.0013850945,0.99734616,0.0012687193
walgreen same-store sales up,positive,2,positive,True,0.99876714,0.00039289653,0.0008399492,0.99876714
maf bancorp sees charge due to balance sheet restructuring,negative,0,negative,True,0.98793167,0.98793167,0.011064013,0.0010043025
"factbox-key facts about alcan, target of alcoa bid",neutral,1,neutral,True,0.9990115,0.00034022421,0.9990115,0.0006481572
"factory, spending data give conflicting signals",neutral,1,neutral,True,0.8119558,0.18307005,0.8119558,0.0049741236
alliance boots opens books after $20 bln approach,positive,2,neutral,False,0.9966779,0.0009298315,0.9966779,0.0023923232
"northrop grumman net up 37 pct, sees 2007 in line",positive,2,positive,True,0.9974688,0.0013340123,0.0011971662,0.9974688
"blue chips rise on earnings, dow record eyed",positive,2,positive,True,0.99865013,0.00049198634,0.0008579015,0.99865013
exxon plans 25 new projects in next three years,positive,2,neutral,False,0.99394965,0.0002675578,0.99394965,0.005782813
anti-u.s. allies venezuela and iran seek opec oil cut,neutral,1,neutral,True,0.99556184,0.0022623448,0.99556184,0.002175768
microsoft to pay universal for every zune sold,neutral,1,neutral,True,0.99351853,0.0010800561,0.99351853,0.0054014013
"clorox profit jumps, but current quarter pressured",neutral,1,negative,False,0.7738776,0.7738776,0.21997638,0.0061460584
healthsouth in deal to sell rehabilitation division,positive,2,neutral,False,0.99762875,0.0006985367,0.99762875,0.0016726465
exchanges yet to set ford commemoration plans,neutral,1,neutral,True,0.99831045,0.0006374807,0.99831045,0.0010520815
"starbucks backs 2007 eps, sales views",positive,2,neutral,False,0.6855034,0.010793649,0.6855034,0.30370286
nyse says experienced trading delays,negative,0,negative,True,0.9980354,0.9980354,0.0017007325,0.000263841
gazprom plans to buy half of sakhalin-2 chairman,neutral,1,neutral,True,0.9972088,0.0005793357,0.9972088,0.0022119137
update 4-eads board split puts new airbus jet on hold,negative,0,neutral,False,0.9809052,0.017956313,0.9809052,0.0011384506
dram demand for q1 2007 very strong samsung,positive,2,positive,True,0.99314547,0.0016029241,0.0052516777,0.99314547
bt says will consider all leverage options,neutral,1,neutral,True,0.9973828,0.00046148358,0.9973828,0.002155768
capital one finishes $13.2 bln north fork purchase,neutral,1,neutral,True,0.9942001,0.00055361877,0.9942001,0.0052462732
la billionaires make bid for tribune source,neutral,1,neutral,True,0.9984034,0.0007564245,0.9984034,0.000840269
hp quarterly profit rises,positive,2,positive,True,0.99899226,0.00039676405,0.00061102735,0.99899226
"texas instruments profit, outlook beat forecasts",positive,2,positive,True,0.99869126,0.00052567234,0.0007830758,0.99869126
citigroup names american express crittenden cfo,neutral,1,neutral,True,0.9982364,0.00055490615,0.9982364,0.0012086687
strategies for your tax forms bottom line,neutral,1,neutral,True,0.99898,0.00035809862,0.99898,0.0006618461
boston globe cuts 6 pct of newsroom with buyouts,negative,0,neutral,False,0.9939213,0.0042150584,0.9939213,0.0018636397
directv and echostar face slower growth in 2007,negative,0,negative,True,0.9993044,0.9993044,0.00047296958,0.00022261852
"bank of america, wachovia profits soar on mergers",positive,2,positive,True,0.9973271,0.0003506589,0.002322294,0.9973271
japan yamamoto says respects tse decision on nikko,neutral,1,neutral,True,0.99584323,0.00049460883,0.99584323,0.0036622097
marshall ilsley to spin off metavante -wsj,neutral,1,neutral,True,0.99801326,0.00053717225,0.99801326,0.0014495968
microsoft profit tops wall st view on vista sales,positive,2,positive,True,0.99799913,0.00090435636,0.0010965073,0.99799913
hyundai sees 2007 us sales up more than 10 pct,positive,2,positive,True,0.99880993,0.00060111756,0.00058891013,0.99880993
"nov leading index up, 3rd straight month of gains",positive,2,positive,True,0.9984048,0.0009683272,0.0006268785,0.9984048
express tweaks caremark offer after setbacks,neutral,1,neutral,True,0.9954993,0.0016126642,0.9954993,0.0028879868
sun micro to use intel server chips as well as amd,neutral,1,neutral,True,0.9973679,0.0007119418,0.9973679,0.001920125
china union says u.s. fast food chains broke wage law,negative,0,negative,True,0.9755628,0.9755628,0.02240309,0.0020341405
"payless, disney to collaborate on shoe design",positive,2,neutral,False,0.9935102,0.00040376,0.9935102,0.0060860654
u.s. treasurys kimmitt declines dollar comment,neutral,1,neutral,True,0.9929178,0.0056536235,0.9929178,0.0014286925
teachers private capital and ccmp buy nz yellow pages,neutral,1,neutral,True,0.9903837,0.0022914934,0.9903837,0.007324905
goldman plans indian mutual fund unit paper,positive,2,neutral,False,0.9981651,0.00074450637,0.9981651,0.0010904748
"coca-cola ceo got $7 mln in salary,performance pay",neutral,1,neutral,True,0.99440646,0.0006635543,0.99440646,0.00492996
countrywide failed subrime loans could be worst,negative,0,negative,True,0.9955219,0.9955219,0.0040339865,0.00044413607
indexes recover as investors buy financials,positive,2,positive,True,0.9205198,0.005052142,0.07442807,0.9205198
sears to take charge for bond suit,negative,0,neutral,False,0.9881859,0.009885496,0.9881859,0.001928651
"campbell beats view and raises outlook, shares jump",positive,2,positive,True,0.99871874,0.0004934202,0.0007878514,0.99871874
eu considers new kind of microsoft antitrust action,negative,0,neutral,False,0.9911437,0.004026784,0.9911437,0.0048294994
house passes taxpayer protection bill,neutral,1,neutral,True,0.9908444,0.0026687514,0.9908444,0.00648681
kkr in a$4 bln joint venture with australias seven,positive,2,neutral,False,0.9835181,0.0016273325,0.9835181,0.014854497
chinas truly rich seek expression in autos,neutral,1,neutral,True,0.9985877,0.000568917,0.9985877,0.0008434245
"retailers get easter lift, but grim april looms",negative,0,neutral,False,0.5670464,0.3045562,0.5670464,0.12839739
results for sp 500 companies seen up 5 percent,positive,2,positive,True,0.99866426,0.0005277913,0.0008079739,0.99866426
coca-cola to invest $250 mln in indian ops report,positive,2,neutral,False,0.9780015,0.0014189458,0.9780015,0.020579537
rim co-ceo drops chairman title,neutral,1,neutral,True,0.9967642,0.0027214228,0.9967642,0.0005144447
chinas baosteel revives new york listing plan,neutral,1,neutral,True,0.9978631,0.00070796505,0.9978631,0.0014288243
vodafone eyes hutchison india as reliance circles,neutral,1,neutral,True,0.9966756,0.000511225,0.9966756,0.0028130764
"general mills profit tops street, 07 view raised",positive,2,positive,True,0.99783677,0.0008837843,0.0012794436,0.99783677
"sonys ps3 has problems running ps, ps2 games",negative,0,negative,True,0.99825484,0.99825484,0.001452434,0.00029270077
daimler mulls gm stake to pay for chrysler unit ft,neutral,1,neutral,True,0.9983536,0.0006049579,0.9983536,0.0010414795
blackstone to keep private ways in going public,neutral,1,neutral,True,0.9985281,0.00082565716,0.9985281,0.00064621854
visteon posts quarterly net loss,negative,0,negative,True,0.9976973,0.9976973,0.0018690515,0.00043359486
g7 agrees fx statement,neutral,1,neutral,True,0.9754356,0.0014930348,0.9754356,0.023071337
"oil falls a dollar, opec mulls new output cut",negative,0,negative,True,0.9992654,0.9992654,0.00054179446,0.00019282845
att closes $86 billion bellsouth deal,positive,2,neutral,False,0.9962521,0.0006373164,0.9962521,0.0031106493
credit agricole shares fall on profit slowdown,negative,0,negative,True,0.99943167,0.99943167,0.00034159064,0.00022673373
ap to buy rival pathmark for $678.6 million,positive,2,neutral,False,0.9971155,0.0008104555,0.9971155,0.002074029
guess quarterly earnings rise,positive,2,positive,True,0.9976578,0.0005783818,0.0017638337,0.9976578
sony dropping playstation 3 chip,neutral,1,neutral,True,0.98919404,0.009505604,0.98919404,0.0013003286
itt hit over export of night-vision goggle parts,negative,0,negative,True,0.9970613,0.9970613,0.0026405777,0.000298047
converium says in talks with white knight bidders,positive,2,neutral,False,0.99846005,0.0005078527,0.99846005,0.0010320484
uks cdc joins citigroup in $200 million africa venture,positive,2,neutral,False,0.9966248,0.000823228,0.9966248,0.002551925
sears sees higher 4th-qtr earnings shares rise,positive,2,positive,True,0.99850637,0.0008200492,0.00067351793,0.99850637
pge posts lower quarterly earnings,negative,0,negative,True,0.99937195,0.99937195,0.00042315683,0.00020488401
u.s. says hopes to sign russia wto deal next week,positive,2,neutral,False,0.99092066,0.0005190324,0.99092066,0.0085603
chilean mapuches in language row with microsoft,negative,0,neutral,False,0.9977568,0.0010343773,0.9977568,0.0012088871
aetna quarterly profit rises,positive,2,positive,True,0.99886537,0.0003265575,0.0008080977,0.99886537
genentech first-quarter profit rises 68 pct,positive,2,positive,True,0.9990043,0.00042741103,0.0005682611,0.9990043
triad agrees to $5.1 billion community health offer,positive,2,neutral,False,0.99578685,0.0008909586,0.99578685,0.0033221487
global stock markets battered as yen rises,negative,0,negative,True,0.9991837,0.9991837,0.00052009907,0.0002961833
housing mess risks recession unless fed cuts merrill,negative,0,negative,True,0.9976926,0.9976926,0.0020243987,0.0002830055
cerberus groups plan to buy delphi hits hurdle wsj,negative,0,neutral,False,0.99242663,0.005958169,0.99242663,0.0016152184
new century financial understated csfbmc debt,negative,0,neutral,False,0.9961572,0.002623068,0.9961572,0.0012196649
fog halts ships on houston ship channel coast guard,negative,0,negative,True,0.94657594,0.94657594,0.052736003,0.00068809674
"firstgroup ceo confident over unions, competition",positive,2,positive,True,0.83362925,0.0012342815,0.16513643,0.83362925
update 2-lifepoint forecasts 2007 profit below street views,negative,0,negative,True,0.99932003,0.99932003,0.0003293257,0.00035071027
tjx card problem flags retail identify theft risk,negative,0,negative,True,0.9695746,0.9695746,0.029553268,0.00087215076
"lufthansa ground, cabin staff get pay rise",neutral,1,positive,False,0.9117742,0.0008737181,0.08735211,0.9117742
"ibm to set up development centers in india, china",positive,2,neutral,False,0.9959246,0.0003844103,0.9959246,0.0036909704
dell faces investor lawsuit over intel pact wsj,negative,0,negative,True,0.99803644,0.99803644,0.0016561011,0.00030739483
economy grew at strong clip in 4th quarter,positive,2,positive,True,0.9973717,0.0012672566,0.0013610824,0.9973717
whirlpool nears deal to sell hoover vacuum source,neutral,1,neutral,True,0.9974076,0.0006620463,0.9974076,0.0019303855
judge denies exxon request in alaska lease dispute,negative,0,neutral,False,0.9780586,0.0043963557,0.9780586,0.017545033
sprint sees first quarter postpaid net sub losses,negative,0,negative,True,0.9992506,0.9992506,0.00049702066,0.00025244453
"hp may be sued by reporters in probe, lawyers say",negative,0,negative,True,0.99671614,0.99671614,0.002895881,0.00038804277
oil falls after nigeria hostage release,negative,0,negative,True,0.9991731,0.9991731,0.00061826163,0.0002085504
broadcom says its inventories almost ideal,positive,2,positive,True,0.9966704,0.00045287042,0.0028767763,0.9966704
news corp in talks to take myspace to china wsj,positive,2,neutral,False,0.9977963,0.0006177913,0.9977963,0.001585962
exxon ceo says evaluating next move in alaska,negative,0,neutral,False,0.9986292,0.000472079,0.9986292,0.00089867745
ny attorney general cuomo slams verizon service,negative,0,neutral,False,0.9259399,0.07266473,0.9259399,0.0013953854
daimlerchrysler sees profitability gains to 09,positive,2,positive,True,0.99850357,0.00049813546,0.0009983543,0.99850357
nintendo to launch videogame business in russia paper,positive,2,neutral,False,0.997256,0.0008379868,0.997256,0.001906008
top hedge fund managers salaries ballooned in 06,neutral,1,negative,False,0.759317,0.759317,0.1745059,0.066177174
dow ends short of record on profits ibm off late,positive,2,negative,False,0.9993043,0.9993043,0.00037212172,0.0003235992
vw brand head decision after jan meeting sources,neutral,1,neutral,True,0.9982389,0.0005053666,0.9982389,0.00125566
"ford shakes up top team, names product chief",neutral,1,neutral,True,0.9980386,0.0006744149,0.9980386,0.0012869439
"icahn ups pressure on motorola, raises stake",neutral,1,neutral,True,0.9545036,0.012515258,0.9545036,0.032981146
"red hat, ibm form mainframe partnership",positive,2,neutral,False,0.98144287,0.0005581658,0.98144287,0.017998911
davita 1st-qtr profit rises 33 pct,positive,2,positive,True,0.99892753,0.00052961014,0.00054278044,0.99892753
interpublic says not in talks over sale of company,neutral,1,neutral,True,0.9982199,0.00072780944,0.9982199,0.001052248
genzymes synvisc retains high reimbursement rate,positive,2,neutral,False,0.96816003,0.0006644497,0.96816003,0.03117558
home depot cuts outlook amid housing downturn,negative,0,negative,True,0.9990632,0.9990632,0.000690283,0.00024654288
jan consumer sentiment climbs to two-year high,positive,2,positive,True,0.9981818,0.0010032934,0.0008149485,0.9981818
"deltas comair, pilots extend talks",neutral,1,neutral,True,0.99378103,0.000950327,0.99378103,0.005268605
motorola warning hits asian phone parts makers,negative,0,negative,True,0.9991666,0.9991666,0.00062131404,0.00021216903
dollar tree posts higher quarterly profit,positive,2,positive,True,0.99861586,0.0002931545,0.0010909444,0.99861586
japans softbank says to tie up with news corp,positive,2,neutral,False,0.9966504,0.00060989783,0.9966504,0.0027397391
oil extends slide to 15 percent this year,negative,0,negative,True,0.9991738,0.9991738,0.0003026699,0.00052353763
clear channel to sell tv group for $1.2 bln,neutral,1,neutral,True,0.99795663,0.00087913056,0.99795663,0.0011642325
northrop gets $1.45 billion for navy amphibious ship,positive,2,neutral,False,0.9936739,0.00046514673,0.9936739,0.005860977
s.korea says lone star/keb deal illegal prosecutor,negative,0,neutral,False,0.99415994,0.004849489,0.99415994,0.0009906845
pfizer to cut u.s. sales force by 20 percent,negative,0,negative,True,0.9991357,0.9991357,0.00065358554,0.0002107824
"chevron q4 liquid, natural gas production down",negative,0,negative,True,0.9986273,0.9986273,0.00090975006,0.00046300646
"qantas bidders say offer lapses, may bid afresh",negative,0,neutral,False,0.84728265,0.14752997,0.84728265,0.005187404
rolls-royce upbeat on aerospace industry prospects,positive,2,positive,True,0.9982546,0.00043911807,0.0013062769,0.9982546
s.koreas sk group to invest $7.5 billion in 2007,positive,2,neutral,False,0.9932713,0.0011626452,0.9932713,0.0055660475
russia tax office files suit vs pwc on yukos audit,negative,0,negative,True,0.99749917,0.99749917,0.001966716,0.0005342062
google closes youtube deal,positive,2,neutral,False,0.99179184,0.00074491353,0.99179184,0.0074631767
att says received 1 mln inquiries on iphone,positive,2,positive,True,0.77307254,0.0055169757,0.22141047,0.77307254
toll brothers quarterly profit falls sharply,negative,0,negative,True,0.99938405,0.99938405,0.0003326832,0.0002832575
toyota not among carmakers invited to white house,neutral,1,neutral,True,0.99854726,0.00066098233,0.99854726,0.0007917262
adidas sees reebok hitting $5 billion in sales,positive,2,positive,True,0.9834832,0.0016360705,0.014880802,0.9834832
navistar to miss filing deadline,negative,0,negative,True,0.5521616,0.5521616,0.44375306,0.0040853256
radioshack posts higher quarterly profit,positive,2,positive,True,0.99854666,0.000256826,0.001196487,0.99854666
costco march same-store sales rise,positive,2,positive,True,0.99873585,0.00041233384,0.0008518701,0.99873585
fed comments back view rates on hold for now,neutral,1,neutral,True,0.98741883,0.0089745615,0.98741883,0.0036065702
salon operator regis reports quarterly profit,positive,2,neutral,False,0.9982602,0.00065899023,0.9982602,0.0010807717
feds fisher sees dollar staying top world currency,neutral,1,neutral,True,0.9516872,0.004131404,0.9516872,0.044181418
qantas bid group says considering alternatives,neutral,1,neutral,True,0.99825007,0.0006557246,0.99825007,0.0010941754
venezuela seizes operations from oil majors,negative,0,neutral,False,0.99733704,0.0007315168,0.99733704,0.0019313712
"consumer sentiment weakens, deficit narrows",negative,0,negative,True,0.99640757,0.99640757,0.0026893346,0.0009031101
update 6-gold ends softer as dollar rebounds after us gdp,negative,0,negative,True,0.99895287,0.99895287,0.00078840787,0.00025870712
magna confirms role in possible chrysler deal,neutral,1,neutral,True,0.9985362,0.00032631608,0.9985362,0.001137508
sirius to charge less than $26/month post merger,neutral,1,neutral,True,0.9956279,0.0020999964,0.9956279,0.002272206
ex-morgan stanley worker held on data theft charge,negative,0,neutral,False,0.684088,0.31276372,0.684088,0.003148271
home depot says some option grants backdated,negative,0,neutral,False,0.9870783,0.010099048,0.9870783,0.0028226469
wesfarmers launches $16 bln bid for retailer coles,positive,2,neutral,False,0.9974153,0.00079309806,0.9974153,0.0017916263
"update 2-autoshow-gm sees better results, eyes more cost cuts",positive,2,positive,True,0.99310076,0.0005302407,0.006368984,0.99310076
ncr to spin off teradata software business,positive,2,neutral,False,0.9976866,0.0009929268,0.9976866,0.0013204274
u.s. charges 13 in insider trading,negative,0,negative,True,0.9946613,0.9946613,0.004487798,0.00085094874
"chile spence mine to produce 180,000t copper in 07",positive,2,neutral,False,0.99384415,0.0010429048,0.99384415,0.0051129176
"dow nears 13,000 on strong earnings",positive,2,positive,True,0.9975809,0.0016328106,0.00078629254,0.9975809
mylan raises 2007 earnings forecast,positive,2,positive,True,0.9985813,0.00034251792,0.0010761729,0.9985813
"cvs, rite aid post better-than-expected december sales",positive,2,positive,True,0.99840266,0.00071470864,0.00088260806,0.99840266
"gmac to get $1 bln from gm, cites subprime pressure",neutral,1,neutral,True,0.99340457,0.001035075,0.99340457,0.0055604037
home loan demand slumps as refinancing plunges,negative,0,negative,True,0.99791807,0.99791807,0.0015132548,0.00056858
merck says sirna deal clears antitrust hurdle,positive,2,positive,True,0.9265294,0.00061292027,0.07285765,0.9265294
apollo working with banks on ipo source,neutral,1,neutral,True,0.99631953,0.0005985661,0.99631953,0.0030818535
delta air plans for stock to trade on nyse in may,positive,2,neutral,False,0.99856913,0.0006288362,0.99856913,0.0008019635
ny state settles with metlife for $19 million,negative,0,neutral,False,0.95462155,0.0020430959,0.95462155,0.043335374
toyota takes early sales lead with no. 2 us spot,positive,2,positive,True,0.55298793,0.0024834054,0.4445286,0.55298793
nintendos wii still no. 1 new game console,positive,2,neutral,False,0.99371743,0.00042134285,0.99371743,0.0058611943
workers go on strike at rexam can plants,negative,0,negative,True,0.99721706,0.99721706,0.0023360655,0.00044682488
conocophillips profit rises on gains from sales,positive,2,positive,True,0.99891305,0.00040427587,0.00068271375,0.99891305
medimmune sees profit nearly tripling,positive,2,positive,True,0.9987668,0.00047262292,0.00076058897,0.9987668
mattels barbie to partner with cosmetics co. mac,neutral,1,neutral,True,0.9945229,0.0008047324,0.9945229,0.0046723527
procter gamble to sell international unit to sca,neutral,1,neutral,True,0.99770576,0.0007760871,0.99770576,0.0015182229
"swift rejects $2.2bln buyout offer, stock rises",positive,2,neutral,False,0.7292022,0.003371795,0.7292022,0.26742592
fortune brands affirms full-yr target,positive,2,neutral,False,0.99545515,0.00056402065,0.99545515,0.003980835
citic pacific may book $231 mln from spinoff paper,positive,2,neutral,False,0.9975581,0.00085550174,0.9975581,0.0015863247
update 5-citigroup cuts back japan consumer finance offices,negative,0,negative,True,0.988283,0.988283,0.011421907,0.00029516694
citigroup bids $10.8 bln for broker nikko cordial,positive,2,neutral,False,0.9973246,0.0008162333,0.9973246,0.0018592307
ford expects to keep doubling china sales,positive,2,positive,True,0.9899221,0.0007822751,0.009295618,0.9899221
raytheon net up on military sales forecast backed,positive,2,positive,True,0.99865437,0.00047678495,0.00086887676,0.99865437
clear channel profit down but radio strong,negative,0,neutral,False,0.7072079,0.28534657,0.7072079,0.007445511
berlin says france not blocking eads ownership deal,neutral,1,neutral,True,0.9936898,0.0005817472,0.9936898,0.00572848
biogen quarterly profit rises on higher drug sales,positive,2,positive,True,0.99890685,0.0003729272,0.00072020397,0.99890685
cingular profit surges lifts att shares,positive,2,positive,True,0.99840134,0.0007127077,0.0008859566,0.99840134
nestle said to buy gerber business for $5 billion,neutral,1,neutral,True,0.99688077,0.0004790033,0.99688077,0.002640174
abn gives early q1 numbers as merger talks intensify,neutral,1,neutral,True,0.9989109,0.00038601877,0.9989109,0.0007030849
advanced medical recalls contact lens solution,negative,0,negative,True,0.83024216,0.83024216,0.1678551,0.0019027264
uaw calls chrysler restructuring devastating,negative,0,neutral,False,0.5158475,0.48295617,0.5158475,0.0011963629
prosecutors approach siemens ceo as part of probe-source,negative,0,neutral,False,0.9974813,0.0016817718,0.9974813,0.0008370067
f-35 fighter wraps up first test flight,positive,2,neutral,False,0.99685717,0.0007569476,0.99685717,0.002385854
oil falls after big rise in u.s. crude stocks,negative,0,negative,True,0.99916923,0.99916923,0.00049660855,0.00033427417
boston scientific net falls on guidant costs,negative,0,negative,True,0.9992999,0.9992999,0.0005043831,0.00019574091
bellsouth earnings rise on wireless services,positive,2,positive,True,0.9986873,0.0003573695,0.00095525006,0.9986873
"stocks to eye inflation, retail",neutral,1,neutral,True,0.99827003,0.0008914333,0.99827003,0.0008384982
eu clears ges buy of two abbott diagnostics units,positive,2,neutral,False,0.9869054,0.00073461287,0.9869054,0.01236007
lone star drops keb sale deal to kookmin,negative,0,neutral,False,0.99811304,0.00093093154,0.99811304,0.0009560174
dell says gets non-compliance letter from nasdaq,negative,0,negative,True,0.9925768,0.9925768,0.006682345,0.00074088736
factbox-russias fallen yukos - whats up for grabs,neutral,1,neutral,True,0.9983789,0.0009347906,0.9983789,0.00068637956
"fed to keep hawkish tone, hold rates steady",neutral,1,neutral,True,0.9966888,0.001728587,0.9966888,0.0015825921
roche profits soar 34 percent yet outlook cautious,positive,2,positive,True,0.9814765,0.0047910865,0.013732434,0.9814765
disney plans to cut some animation jobs,negative,0,negative,True,0.99889886,0.99889886,0.00086969056,0.0002313715
"hannover re drops scottish re bid, source says",neutral,1,neutral,True,0.9971787,0.0006831328,0.9971787,0.002138207
key novartis drug faces delay,negative,0,neutral,False,0.59433573,0.4034555,0.59433573,0.0022087672
cvs hikes caremark bid again with bigger dividend,positive,2,neutral,False,0.98154,0.0010609926,0.98154,0.01739899
nordstrom march same-store sales up,positive,2,positive,True,0.9987262,0.0004317316,0.00084204733,0.9987262
jj says improper payments made,negative,0,negative,True,0.9953178,0.9953178,0.0041591204,0.00052315433
"u.s. housing, mortgage woes contagion feared",negative,0,negative,True,0.9986248,0.9986248,0.0010740493,0.0003011766
cme profit jumps on heavy derivatives trading,positive,2,positive,True,0.9981729,0.0005374839,0.0012896151,0.9981729
first american posts lower quarterly earnings,negative,0,negative,True,0.99938226,0.99938226,0.00040897715,0.000208722
"barclays, abn to split top jobs, have dutch hq",neutral,1,neutral,True,0.9981927,0.0006336632,0.9981927,0.0011735898
ford u.s. march sales down 9 percent,negative,0,negative,True,0.9994099,0.9994099,0.00035372394,0.00023637185
ibm approves $4 bln more for buybacks,positive,2,positive,True,0.9321389,0.0010437449,0.06681737,0.9321389
retailers warily eye wal-marts holiday cuts,negative,0,negative,True,0.9537862,0.9537862,0.044271637,0.0019421614
ahold says to keep reviewing stores,neutral,1,neutral,True,0.9961809,0.0014761997,0.9961809,0.002342939
paulson warns of rich/poor income gap in u.s.,negative,0,neutral,False,0.8601099,0.13763966,0.8601099,0.0022504488
"student loan firms hit by probes, reform calls",negative,0,negative,True,0.99804014,0.99804014,0.0017145849,0.00024530588
u.s. airports plan ground restrictions for a380,negative,0,neutral,False,0.99729604,0.0016126838,0.99729604,0.0010913145
starbucks cuts trans fats in half of u.s. stores,positive,2,neutral,False,0.97008216,0.009307408,0.97008216,0.020610472
"instant view q3 productivity, unit labor costs",neutral,1,neutral,True,0.9963779,0.0020735485,0.9963779,0.0015485806
samsung says was raided in eu sram cartel probe,negative,0,negative,True,0.88296425,0.88296425,0.11368539,0.0033503938
samsung elec q4 chip margin up,positive,2,positive,True,0.998632,0.00043637087,0.0009316182,0.998632
ericsson paying steep price for redback analysts,negative,0,neutral,False,0.8945338,0.10268363,0.8945338,0.0027825418
"sirius, xm see deal closing in 2007",positive,2,neutral,False,0.9969722,0.0009038925,0.9969722,0.0021238863
google ceo knocks viacom tactics in piracy suit,negative,0,neutral,False,0.98992413,0.00819774,0.98992413,0.0018780979
u.s. jury orders vonage to pay $58 mln in patent case,negative,0,negative,True,0.94381946,0.94381946,0.0445781,0.0116025135
lear says waiting period for other bids has ended,neutral,1,neutral,True,0.98706764,0.0006123584,0.98706764,0.012320056
gm ceo declines comment on chrysler,neutral,1,neutral,True,0.99834704,0.001130668,0.99834704,0.0005223297
bnp paribas profit up concerns over french retail,positive,2,negative,False,0.9956418,0.9956418,0.0012398806,0.003118302
ebay ceo making money off skype slower than hoped,negative,0,negative,True,0.939384,0.939384,0.053907845,0.006708105
tech stocks gain on dell dow rises with alcoa,positive,2,positive,True,0.99826545,0.0005796416,0.0011549403,0.99826545
"private sector adds 57,000 jobs in feb",negative,0,positive,False,0.99797994,0.00056427496,0.0014557812,0.99797994
hr block delays filing quarterly report,negative,0,neutral,False,0.73148125,0.2646026,0.73148125,0.00391616
third nikko investor pressures citi to raise offer,positive,2,neutral,False,0.9867339,0.008569761,0.9867339,0.0046963324
boeing gets $5.5 billion korean air order,positive,2,positive,True,0.8645044,0.0016762979,0.13381924,0.8645044
mortgage reset may boost foreclosures study,negative,0,negative,True,0.7125543,0.7125543,0.2666866,0.020759096
radioshack posts quarterly loss as costs rise,negative,0,negative,True,0.99857104,0.99857104,0.0009062093,0.00052271306
ford expects toyota to overtake it in u.s. paper,negative,0,neutral,False,0.5903303,0.0048351046,0.5903303,0.40483457
weinstein co. strikes tv production deal with rhi,neutral,1,neutral,True,0.88884765,0.0013448431,0.88884765,0.10980753
"new york, tokyo exchanges close to agreement wsj",neutral,1,positive,False,0.6082188,0.0027945768,0.3889867,0.6082188
"alinta mulls macquarie, babcock bids sources",neutral,1,neutral,True,0.9978669,0.0006944705,0.9978669,0.0014386147
barnes noble finds misdated stock option grants,negative,0,neutral,False,0.99613875,0.0021330134,0.99613875,0.0017283242
bausch lomb says nyse grants listing extension,neutral,1,positive,False,0.5130038,0.0025817733,0.48441437,0.5130038
"sp, fitch may change their dow jones ratings",negative,0,neutral,False,0.5677377,0.41852924,0.5677377,0.013733075
indias tata steel wins corus with $12 bln offer,positive,2,neutral,False,0.9892781,0.0008017589,0.9892781,0.009920141
"wells fargo, us bancorp boost profits on fees",positive,2,positive,True,0.99319494,0.00052803144,0.006277074,0.99319494
pfizer chief may cut jobs report,negative,0,negative,True,0.99838996,0.99838996,0.0013315935,0.00027848448
nissans ghosn drops u.s. duties amid earnings slump,negative,0,negative,True,0.9972602,0.9972602,0.0024601102,0.0002796661
"mortgage applications up, housing signals mixed",neutral,1,neutral,True,0.79832244,0.0052026957,0.79832244,0.1964748
ipg troubles persist as wal-mart drops ad account,negative,0,negative,True,0.99868876,0.99868876,0.0011146476,0.00019652699
update 4-ge to buy abbott diagnostics units for $8.13 bln,neutral,1,neutral,True,0.99657226,0.00073933165,0.99657226,0.002688489
aruba networks to test appetite for risky bets,neutral,1,neutral,True,0.997556,0.0009170012,0.997556,0.001526984
"dow ends above 12,300 on oils slide, rate optimism",positive,2,positive,True,0.9944729,0.0031148843,0.002412192,0.9944729
"mbishi ufj sec, matsui discuss capital tie",neutral,1,neutral,True,0.998018,0.0008193285,0.998018,0.0011625532
amd sees strong 2007 outlook for margins,positive,2,positive,True,0.9984414,0.000544561,0.0010140624,0.9984414
boston scientific seeks to change company bylaws,neutral,1,neutral,True,0.9972377,0.0012070782,0.9972377,0.0015551695
"united, continental in early merger talks sources",neutral,1,neutral,True,0.99869776,0.00039847265,0.99869776,0.0009037944
fire at calif. chevron refinery limited official,negative,0,negative,True,0.6159707,0.6159707,0.37987873,0.0041505713
cvs finally wins caremark for $24 bln,positive,2,neutral,False,0.98756146,0.0005932912,0.98756146,0.011845132
duke energy profit weaker than expected,negative,0,negative,True,0.99931383,0.99931383,0.000378978,0.00030722903
corrected group eyes $50 billion bid for dow chem,neutral,1,neutral,True,0.99815434,0.0008256063,0.99815434,0.0010200824
dell delays earnings report,negative,0,negative,True,0.94421893,0.94421893,0.055179738,0.0006012619
"dow, sp and nasdaq up on benign inflation data",positive,2,positive,True,0.9983557,0.00074537034,0.0008989451,0.9983557
vw reformers future in doubt after ceo resigns,negative,0,neutral,False,0.9949345,0.0045110383,0.9949345,0.00055449974
"eu, u.s. agree tentative open skies deal",positive,2,neutral,False,0.79937726,0.0025407085,0.79937726,0.19808201
factbox-five facts about canadian income trusts,neutral,1,neutral,True,0.99905986,0.00051520776,0.99905986,0.0004249323
im keen to root out any hint of sleaze oecd chief,negative,0,neutral,False,0.9968148,0.0017611259,0.9968148,0.0014240681
beckman coulter to buy biosite for $1.55 billion,positive,2,neutral,False,0.9969709,0.0005430482,0.9969709,0.0024860566
private equity buys txu in record deal,positive,2,neutral,False,0.99751806,0.0010460245,0.99751806,0.0014358202
pet food scare widens,negative,0,negative,True,0.6409882,0.6409882,0.35390136,0.005110512
wal-mart workers lawyer seeks info on surveillance,negative,0,neutral,False,0.99132067,0.0073780417,0.99132067,0.001301306
volvo shares rise on strong orders,positive,2,positive,True,0.998489,0.0002925766,0.0012184095,0.998489
apple iphone on track to ship in late june cfo,positive,2,neutral,False,0.98477226,0.0019803005,0.98477226,0.013247452
"gold, silver sink on fund sales",negative,0,negative,True,0.99934477,0.99934477,0.0004167643,0.0002385344
abn faces turmoil as dutch court to rule on lasalle,negative,0,negative,True,0.857713,0.857713,0.14071402,0.0015729371
abn amro 2006 profit up,positive,2,positive,True,0.99896276,0.00034184693,0.0006954015,0.99896276
palm takeover expected this week report,neutral,1,neutral,True,0.9987457,0.0006750057,0.9987457,0.0005793757
caterpillar to buy back $7.5 billion in stock,positive,2,neutral,False,0.79220587,0.0038833453,0.79220587,0.20391083
coles shares put on trading halt,negative,0,negative,True,0.97091955,0.97091955,0.028459385,0.0006210741
"ge,wal-mart,shenzhen bank tie up on china credit card",positive,2,negative,False,0.99716276,0.99716276,0.0025344521,0.000302776
tourism sales dip for first time in four years,negative,0,negative,True,0.9992543,0.9992543,0.0004780341,0.0002676449
starbucks steams at starstrucks indian coffee chain,negative,0,neutral,False,0.7875084,0.0031940113,0.7875084,0.2092976
benn says wolfowitz controversy hurts world bank,negative,0,negative,True,0.8183421,0.8183421,0.18076444,0.0008935195
"navistar, ford to try to resolve engine dispute",negative,0,neutral,False,0.9880504,0.001106548,0.9880504,0.010843039
bank of america speeds up free online trading,positive,2,neutral,False,0.98653734,0.00086031103,0.98653734,0.01260243
factbox business interests of the seminole tribe of florida,neutral,1,neutral,True,0.9990834,0.00046725702,0.9990834,0.00044938238
jury selection begins in coke trade secrets case,negative,0,neutral,False,0.99604803,0.0028020074,0.99604803,0.001150015
berkshire hathaway profit rises 12 pct,positive,2,positive,True,0.9988961,0.00046476958,0.00063909806,0.9988961
thq profit up on strong sales of cars,positive,2,positive,True,0.99892116,0.0004885794,0.0005902519,0.99892116
ebay to buy ticketer stubhub for $310 million,neutral,1,neutral,True,0.99668103,0.0008111131,0.99668103,0.0025077532
home loan refinancing surges as rates plunge,positive,2,neutral,False,0.8113155,0.17178726,0.8113155,0.016897257
dean foods profit rises,positive,2,positive,True,0.9986889,0.00036032565,0.00095083803,0.9986889
pawn shops poised as britons run up debt,neutral,1,neutral,True,0.9958333,0.0017200556,0.9958333,0.0024467248
"update 4-wal-mart to slow u.s. expansion, spending growth",negative,0,negative,True,0.99859804,0.99859804,0.0011420134,0.00025995992
ex-qwest ceo to go on trial for insider trading,negative,0,negative,True,0.95194244,0.95194244,0.045284517,0.0027730258
wachovia to shut 200 branches before 2009,negative,0,negative,True,0.99875987,0.99875987,0.0010452868,0.00019485514
wal-mart sees october same-store sales up 0.5 percent,positive,2,positive,True,0.99872845,0.0005812806,0.0006903117,0.99872845
data show robust u.s. economy,positive,2,positive,True,0.99688256,0.00079462375,0.0023228033,0.99688256
current account gap hits record,negative,0,negative,True,0.990339,0.990339,0.0055666575,0.004094355
st. mary land to acquire texas oil-gas properties,positive,2,neutral,False,0.9982551,0.00039031397,0.9982551,0.0013545972
"takeda 9-mth profit up, keeps forecasts",positive,2,positive,True,0.99872965,0.0006316293,0.00063873257,0.99872965
buyout firm blackstone may bid for chrysler source,neutral,1,neutral,True,0.99845374,0.00053389044,0.99845374,0.0010123183
abn faces new suit as takeover battle heats up,negative,0,neutral,False,0.9390413,0.05878724,0.9390413,0.0021714356
ibm/lehman in $180 mln china investment fund jv,positive,2,neutral,False,0.99668366,0.0011714591,0.99668366,0.002144874
"medco profit beats street view, raises 2007 view",positive,2,positive,True,0.99808216,0.0008128109,0.001105018,0.99808216
"honda to install xm satellite radio in 650,000 cars",positive,2,neutral,False,0.9874057,0.0008238938,0.9874057,0.0117704645
healthsouth to sell unit for $245 million,positive,2,neutral,False,0.9984145,0.0007147213,0.9984145,0.00087073166
homebuilder centex posts quarterly loss,negative,0,negative,True,0.9987111,0.9987111,0.0010335692,0.0002553744
wolfowitz hires lawyer to present his case,negative,0,neutral,False,0.9977563,0.0015481745,0.9977563,0.00069559016
myspace in talks to team up with ebay paper,neutral,1,neutral,True,0.996608,0.0006896599,0.996608,0.0027023084
wall st indexes flat as china news eclipses data,neutral,1,negative,False,0.97758156,0.97758156,0.021562405,0.0008559601
feds yellen says u.s. economic downturn possible,negative,0,negative,True,0.9991924,0.9991924,0.0005170887,0.00029051892
walgreen sued for discrimination,negative,0,negative,True,0.9978904,0.9978904,0.0016143931,0.00049527886
fed officials still wary on inflation,negative,0,neutral,False,0.95838994,0.0370906,0.95838994,0.0045195166
countrywide eliminates 108 jobs,negative,0,negative,True,0.9989889,0.9989889,0.00076186605,0.00024922006
carmax earnings rise 15 percent,positive,2,positive,True,0.998836,0.0004503121,0.00071375514,0.998836
google begins limited test of radio advertising,neutral,1,neutral,True,0.9976781,0.0008236584,0.9976781,0.001498257
corrected alcoa quarterly profit up on higher metal prices,positive,2,positive,True,0.99866486,0.0007429451,0.0005921807,0.99866486
egl agrees to $1.7 billion buyout by ceo-led group,positive,2,neutral,False,0.9969061,0.0011343798,0.9969061,0.0019595772
eu approves motorolas purchase of symbol,positive,2,neutral,False,0.90927154,0.0007955505,0.90927154,0.08993296
"att to phase out cingular, reclaim wireless brand",neutral,1,neutral,True,0.9970499,0.0006780598,0.9970499,0.002271997
avocent sees revenue missing forecasts,negative,0,negative,True,0.9993926,0.9993926,0.0003566376,0.00025062982
sears profit jumps big investment gains,positive,2,positive,True,0.9984712,0.0009325312,0.0005963022,0.9984712
"toyota, isuzu announce tie-up, focus on emissions",positive,2,neutral,False,0.9938269,0.00044014558,0.9938269,0.005732875
microsoft sues counterfeit software dealers,negative,0,negative,True,0.9981292,0.9981292,0.0013614335,0.00050938595
usda disputes claim that u.s. chicken unsafe,neutral,1,neutral,True,0.98785734,0.002124392,0.98785734,0.01001826
financial firms warned of qaeda cyber attack,negative,0,negative,True,0.99805236,0.99805236,0.0016348585,0.00031280238
market can cope with russian oil disruption iea,neutral,1,neutral,True,0.9284782,0.004059134,0.9284782,0.06746274
"tokyo, london bourses agree to tie-up",positive,2,positive,True,0.7494198,0.002759147,0.24782108,0.7494198
amaranth founder may start new business report,neutral,1,neutral,True,0.99862015,0.00051251,0.99862015,0.0008674019
radioshack quarterly profit rises stock jumps,positive,2,positive,True,0.99837995,0.00092014193,0.0006998959,0.99837995
u.s. predicts bumper year in arms sales,positive,2,positive,True,0.99656516,0.0005703953,0.0028644686,0.99656516
virgin mulls option after thomas cook buys mytravel,neutral,1,neutral,True,0.9980667,0.00051918457,0.9980667,0.001414113
wyeth maintains 2007 earnings forecast,positive,2,positive,True,0.5113702,0.0051554358,0.4834744,0.5113702
"u.s., uk back berlins g8 hedge fund initiative paper",neutral,1,neutral,True,0.99755543,0.00074501196,0.99755543,0.0016995565
"mitsui, mbishi eye cash for sakhalin-2 sources",neutral,1,neutral,True,0.99804664,0.0009065937,0.99804664,0.0010467436
williams profit up on higher margins,positive,2,positive,True,0.99869424,0.0004684181,0.00083732075,0.99869424
halliburton will likely agree to extend sec probe,negative,0,neutral,False,0.58938354,0.0057840836,0.58938354,0.4048324
mcdonalds to return at least $10 bln to holders,positive,2,neutral,False,0.99716777,0.00069298485,0.99716777,0.0021392186
edp to buy $2.2 bln u.s. horizon wind energy,positive,2,neutral,False,0.8808627,0.0035919833,0.8808627,0.11554534
medtronic to spin off external defibrillator business,neutral,1,neutral,True,0.9972594,0.0010671746,0.9972594,0.0016733593
factbox-comments on fed policy,neutral,1,neutral,True,0.9990159,0.00054194423,0.9990159,0.0004420207
decision over wolfowitz delayed until next week,negative,0,neutral,False,0.99564326,0.0029032356,0.99564326,0.0014535103
"cvs, rite aid same-store sales trail walgreen",negative,0,positive,False,0.60579747,0.0026241867,0.39157835,0.60579747
jj handily beats forecast,positive,2,positive,True,0.99776363,0.0005659053,0.0016704837,0.99776363
interoil says finds big gas reserves in png,positive,2,neutral,False,0.7816558,0.004326594,0.7816558,0.2140176
"abn, rbs talks continue as lasalle deadline looms",neutral,1,neutral,True,0.9967685,0.001181621,0.9967685,0.0020499907
daimlerchrysler inventory triggers u.s. plant halt paper,negative,0,negative,True,0.998801,0.998801,0.0008480534,0.00035088838
asia back online after quakes but access patchy,negative,0,neutral,False,0.99265265,0.0038655938,0.99265265,0.0034817415
"gm posts profit, but recovery looms",positive,2,negative,False,0.53696287,0.53696287,0.39321238,0.06982477
bidders jostle for indias hutchison essar,neutral,1,neutral,True,0.9943777,0.0013990472,0.9943777,0.0042233123
kimberly-clark optimistic on quarter,positive,2,positive,True,0.99804306,0.00036303618,0.001593914,0.99804306
amateurs reach for high-end digital cameras,positive,2,neutral,False,0.99690956,0.00067287154,0.99690956,0.0024175812
eddie bauer agrees to be bought for $286 million,positive,2,neutral,False,0.99775034,0.0005173092,0.99775034,0.0017323921
new aranesp safety concerns seen in cancer trial,negative,0,negative,True,0.98732287,0.98732287,0.012170701,0.0005065108
"att, qwest, verizon win u.s. govt telecom contract",positive,2,positive,True,0.9198414,0.0009909755,0.07916755,0.9198414
u.s. economy grew at strong clip in 4th quarter,positive,2,positive,True,0.9978892,0.0010921297,0.001018645,0.9978892
burger king awards rights for restaurants in japan,positive,2,neutral,False,0.99697924,0.00039957126,0.99697924,0.0026212363
dominos fourth-quarter earnings fall,negative,0,negative,True,0.99935347,0.99935347,0.0004040655,0.00024238139
jj quarterly profit rises on higher drug sales,positive,2,positive,True,0.9989297,0.00045738363,0.0006128959,0.9989297
agl says has made merger approach to origin,neutral,1,neutral,True,0.9982174,0.00047737118,0.9982174,0.00130511
u.s. mortgage applications surge in latest week mba,positive,2,positive,True,0.86227876,0.06417112,0.073550195,0.86227876
hsbc bad debts hit $10.6 billion,negative,0,negative,True,0.9988464,0.9988464,0.00076834287,0.00038522106
"gains hinge on deals, pre-announcements",neutral,1,neutral,True,0.9968105,0.0005327376,0.9968105,0.0026567876
merrill lynch gets russia brokerage license,positive,2,neutral,False,0.98438716,0.00121966,0.98438716,0.014393122
chinese pirates beat spider-man to the punch,negative,0,neutral,False,0.99636734,0.0012381622,0.99636734,0.0023945516
fed to keep rates steady amid subprime woes,neutral,1,neutral,True,0.9909389,0.006061891,0.9909389,0.002999137
eads close to deal on airbus a350 launch,positive,2,neutral,False,0.98462635,0.00096870353,0.98462635,0.014404913
merrill eyes $4 bln property financing in japan tie,positive,2,neutral,False,0.99690896,0.0012337614,0.99690896,0.0018571996
"gas club seeks more clout, but not yet an opec",neutral,1,neutral,True,0.99740404,0.00081735617,0.99740404,0.0017786594
"sabre on review for ratings cut by moodys, sp",negative,0,negative,True,0.9984664,0.9984664,0.0012856821,0.00024796152
amazon bulls have field day,positive,2,neutral,False,0.6148532,0.024866445,0.6148532,0.3602803
nucor to buy harris steel in $1 billion deal,positive,2,neutral,False,0.99673635,0.0004841261,0.99673635,0.0027795774
disney says not in talks on bahrain park,neutral,1,neutral,True,0.99835324,0.0007323306,0.99835324,0.0009144731
"wall st set for firmer start, microsoft, ford eyed",positive,2,positive,True,0.99253935,0.0012732641,0.006187344,0.99253935
"oil fall dents stocks, emerging mkts, dlr strong",negative,0,negative,True,0.99758637,0.99758637,0.0017441332,0.00066955516
"berkshire adds to lowes, nike stakes",neutral,1,neutral,True,0.9878092,0.0037981658,0.9878092,0.008392634
microsoft profit expected to fall in pre-vista lull,negative,0,negative,True,0.9993352,0.9993352,0.00036808004,0.0002966509
standard life 2006 sales rise,positive,2,positive,True,0.998505,0.0003740214,0.0011210123,0.998505
stocks gain on robust job growth,positive,2,positive,True,0.99861884,0.0006884913,0.0006926412,0.99861884
"ups profit falls due to aircraft, layoff charges",negative,0,negative,True,0.9993912,0.9993912,0.00038563908,0.0002231727
mercks vioxx did not cause womans death jury,positive,2,neutral,False,0.99709105,0.0010437581,0.99709105,0.0018652048
key banc says magna weighing chrysler bid,neutral,1,neutral,True,0.99740726,0.00061628147,0.99740726,0.0019765196
yahoo food asks what are you hungry for next,neutral,1,neutral,True,0.9989115,0.00046407795,0.9989115,0.0006244753
airtran not planning to increase midwest bid coo,neutral,1,neutral,True,0.9959715,0.0017593962,0.9959715,0.0022690722
airbus management must decide on overhaul germany,neutral,1,neutral,True,0.99766207,0.00083824806,0.99766207,0.0014996632
schneider electric q4 sales beat forecasts,positive,2,positive,True,0.998727,0.0004141527,0.00085883826,0.998727
"wall street seen mixed on data, cisco to help techs",neutral,1,neutral,True,0.99391115,0.004980337,0.99391115,0.0011085875
"amazon raises 07 estimates, shares up",positive,2,positive,True,0.9988386,0.0005619614,0.00059941283,0.9988386
"lenovo, sanyo to recall 100,000 thinkpad batteries",negative,0,negative,True,0.9982717,0.9982717,0.0013497177,0.00037851272
"mcafee quarterly profit rises, shares up 6 pct",positive,2,positive,True,0.9989309,0.0005238193,0.00054527784,0.9989309
bbva builds u.s. muscle with $9.6 bln compass buy,positive,2,positive,True,0.74595237,0.003518728,0.25052893,0.74595237
nyse says floor trading system now operational,positive,2,neutral,False,0.9439959,0.0012388702,0.9439959,0.05476525
auto woes take toll on u.s. advertising,negative,0,negative,True,0.9975471,0.9975471,0.002195129,0.00025775295
verizon plans improved pacific network after quake,positive,2,neutral,False,0.98923934,0.00062435743,0.98923934,0.010136317
u.s. gasoline prices rise to $2.61/gallon,negative,0,negative,True,0.9273251,0.9273251,0.019665804,0.05300915
daimlerchrysler in talks on chrysler ceo,neutral,1,neutral,True,0.9981863,0.00050481426,0.9981863,0.0013089721
corrected gap march same-store sales rise 6 percent,positive,2,positive,True,0.9985366,0.0007700595,0.0006933068,0.9985366
homebuilder shares drop after difficult outlook,negative,0,negative,True,0.9994424,0.9994424,0.00033512438,0.00022244295
tenet says no drop seen in drug-coated stents,positive,2,neutral,False,0.896822,0.01847872,0.896822,0.08469938
monster revenue to miss forecast,negative,0,negative,True,0.99922264,0.99922264,0.0003441906,0.0004331214
new home sales rise 2.6 pct in march,positive,2,positive,True,0.99846315,0.00083780655,0.0006990926,0.99846315
motorola wins $1.6 billion china mobile phone order,positive,2,positive,True,0.8880368,0.0010527032,0.11091045,0.8880368
"qantas rejects $8.6 billion bid, shares fall",negative,0,negative,True,0.9974953,0.9974953,0.0022342822,0.0002704023
automobile magazine names vw gti 2007 car of year,positive,2,neutral,False,0.9986965,0.00029724743,0.9986965,0.0010062207
newell rubbermaid profit lower but beats estimates,neutral,1,neutral,True,0.9822858,0.013329688,0.9822858,0.004384503
us home loan demand rises as refinancing surges,positive,2,positive,True,0.51410234,0.057404157,0.42849353,0.51410234
"ge raises dividend, sets 2007 profit target",positive,2,positive,True,0.992224,0.0006068922,0.0071691247,0.992224
"airbus says 790 plane orders in 06, trails boeing",negative,0,negative,True,0.97964954,0.97964954,0.01135245,0.008997884
"wrigley profit rises, international strong",positive,2,positive,True,0.99855393,0.00044462545,0.0010014864,0.99855393
wrigley sees no change in communications policy,neutral,1,neutral,True,0.9984232,0.00048270207,0.9984232,0.0010940948
alcoa-alcan deal aims to forge aluminum powerhouse,positive,2,neutral,False,0.8964583,0.000990151,0.8964583,0.1025515
iberdrola to buy scottish power in $22.5 bln deal,positive,2,neutral,False,0.9953631,0.000805088,0.9953631,0.0038317598
factbox-chrysler restructuring includes product initiatives,neutral,1,neutral,True,0.99767655,0.0013719773,0.99767655,0.00095140096
att earnings rise on savings,positive,2,positive,True,0.9978017,0.00054596446,0.0016522878,0.9978017
"exxon, alabama to face off in state supreme court",negative,0,neutral,False,0.9963223,0.0011428654,0.9963223,0.0025349665
"lennar posts loss, but outlook lifts shares",neutral,1,positive,False,0.67461854,0.0044533247,0.3209282,0.67461854
polaris to sell 20 pct stake in ktm for 58.5 mln euros,neutral,1,neutral,True,0.99810576,0.0008797309,0.99810576,0.0010144082
semiconductors hit indexes after micron warning,negative,0,negative,True,0.99884194,0.99884194,0.00066703313,0.0004910626
general electric to sell $2.9 bln swiss re stake,neutral,1,neutral,True,0.996811,0.001958708,0.996811,0.0012303238
table-gm feb u.s. vehicle sales up 3.9 percent,positive,2,positive,True,0.9985989,0.00068516476,0.0007159661,0.9985989
"reserve shift taps forex, emerging markets china",neutral,1,neutral,True,0.9412508,0.05044513,0.9412508,0.008304011
imf said to cut 07 u.s. growth forecast,negative,0,negative,True,0.99931335,0.99931335,0.00038172732,0.00030500782
"subprime loans boost late payments, foreclosures",negative,0,negative,True,0.9219828,0.9219828,0.07525415,0.0027630506
wal-mart says feb sales lower than expected,negative,0,negative,True,0.99934584,0.99934584,0.00042853339,0.0002256179
menu foods recalls additional pet food products,negative,0,negative,True,0.9907381,0.9907381,0.008929594,0.0003324033
sontra medical says to cease operations,negative,0,neutral,False,0.5379147,0.46011588,0.5379147,0.0019694255
"hanover compressor, universal compression agree to merge",neutral,1,neutral,True,0.99463034,0.0013691782,0.99463034,0.0040003806
emi to buy out japans toshiba-emi stake,neutral,1,neutral,True,0.99638546,0.0012234607,0.99638546,0.0023911665
ravelston corp. puts off guilty plea in u.s. court,neutral,1,neutral,True,0.99511343,0.0031058677,0.99511343,0.0017807597
u.s. court rules against canon in flat-panel suit,negative,0,neutral,False,0.94201714,0.00600111,0.94201714,0.051981714
"buffett to assess blowout year, look to future",positive,2,neutral,False,0.9975477,0.00048140224,0.9975477,0.0019708984
pennsylvanias 2 largest health insurers to merge,positive,2,neutral,False,0.99738616,0.001434613,0.99738616,0.0011791884
mellon financial says will not abandon pittsburgh,neutral,1,neutral,True,0.99519193,0.0010355529,0.99519193,0.0037725486
metlife posts higher net beats estimates,positive,2,positive,True,0.9987488,0.0004983638,0.0007528385,0.9987488
yahoo jumps ahead of google on mobile phone search,positive,2,positive,True,0.97168714,0.0007286457,0.027584266,0.97168714
bernanke says inverted yield curve not economic threat,positive,2,neutral,False,0.9876431,0.0046973457,0.9876431,0.0076595484
instant view 3-us oct housing starts fall to lowest since 2000,negative,0,negative,True,0.9989139,0.9989139,0.0007609829,0.0003251457
united utilities set to announce vertex sale,neutral,1,neutral,True,0.99879044,0.00043794358,0.99879044,0.0007716681
verizons president babbio to retire in first quarter,neutral,1,neutral,True,0.99826497,0.0007548846,0.99826497,0.0009801786
top-20 selling vehicles in u.s. through march,neutral,1,neutral,True,0.990276,0.0005776363,0.990276,0.009146388
nikkei ends flat before u.s. job data,neutral,1,negative,False,0.5299897,0.5299897,0.465916,0.004094217
oil falls below $64 after iran frees britons,negative,0,negative,True,0.99932516,0.99932516,0.00048488154,0.00018999372
opec to take weak dollar into account,neutral,1,neutral,True,0.9247311,0.056515843,0.9247311,0.018753115
altria sets kraft spinoff for march 30,neutral,1,neutral,True,0.9983504,0.00059053436,0.9983504,0.0010591288
shell bids heavily for alaska oil leases,positive,2,neutral,False,0.98517585,0.001775248,0.98517585,0.013048852
"private sector adds 158,000 jobs survey",positive,2,positive,True,0.99744046,0.0006929556,0.0018665686,0.99744046
reuters appoints new editor in chief,neutral,1,neutral,True,0.99864477,0.00056276313,0.99864477,0.0007925374
safeways fourth-quarter profit jumps 77 percent,positive,2,positive,True,0.9989035,0.00048695086,0.00060949894,0.9989035
cvs files registration statement for caremark deal,neutral,1,neutral,True,0.9985362,0.00037771754,0.9985362,0.0010860545
fidelity posts first profit decline in 4 years,negative,0,negative,True,0.9994025,0.9994025,0.00033710024,0.0002603806
accredited home lenders posts 4th-quarter loss,negative,0,negative,True,0.99908197,0.99908197,0.0006298586,0.00028816465
"nintendo aims to sell 300 mln wii, ds software units",positive,2,neutral,False,0.93955433,0.0041211806,0.93955433,0.056324493
boston scientific may sell some units to pay debt,negative,0,neutral,False,0.99750817,0.0012138752,0.99750817,0.0012779566
la billionaires offer new tribune bid source,neutral,1,neutral,True,0.998882,0.0005810351,0.998882,0.00053696445
factbox-chinas ping an insurance lists in shanghai,neutral,1,neutral,True,0.99840254,0.00071867625,0.99840254,0.0008788828
murdochs politics worry wall st journal employees,negative,0,neutral,False,0.98755324,0.011461576,0.98755324,0.0009853025
cheesecake corrects errors in financial statements,negative,0,neutral,False,0.9867574,0.0029589536,0.9867574,0.010283665
frances areva wins $5 billion nuke deal,positive,2,neutral,False,0.99356383,0.0004557479,0.99356383,0.005980433
wachovia to pay workers for entire military leave,neutral,1,neutral,True,0.99574643,0.00075829873,0.99574643,0.0034952485
home depot considers sale of supply business,neutral,1,neutral,True,0.9984011,0.0006892834,0.9984011,0.0009096208
court blocks $40 billion class-action enron suit,positive,2,neutral,False,0.46473828,0.081119545,0.46473828,0.45414215
icelands fl group buys stake in amr corp,positive,2,neutral,False,0.99441916,0.0017334039,0.99441916,0.0038474142
three companies join nasdaq 100 index in reshuffle,neutral,1,neutral,True,0.99762076,0.00094841083,0.99762076,0.0014308413
buffett buys into two other rails,positive,2,neutral,False,0.9965508,0.0007582967,0.9965508,0.0026908652
chrysler talk sends daimler to 5-1/2-year high,positive,2,positive,True,0.9961359,0.0015429197,0.0023211786,0.9961359
apollo makes $1.95 bln bid proposal to countrywide,neutral,1,neutral,True,0.9972899,0.0005956836,0.9972899,0.0021143514
comcast close to content deal with disney wsj,positive,2,neutral,False,0.990626,0.0006119872,0.990626,0.008762058
"tokyo, chicago bourses to begin tie-up talks paper",neutral,1,neutral,True,0.9791886,0.00088257086,0.9791886,0.019928781
"lufthansa orders airbus, boeing jets worth $6.9 billion",positive,2,positive,True,0.8821853,0.0012421202,0.116572626,0.8821853
"jgbs edge up on stocks dip, await boj rate clues",positive,2,positive,True,0.6355446,0.07624513,0.2882102,0.6355446
"liberty media posts higher profit at starz, qvc",positive,2,positive,True,0.9956448,0.00053072145,0.0038245462,0.9956448
aol taps nbc universal tv veteran as ceo,neutral,1,neutral,True,0.9985084,0.00064490864,0.9985084,0.00084671134
siemens makes $3.5 billion software buy,positive,2,neutral,False,0.993863,0.001180995,0.993863,0.004956044
lenovos q3 profit jumps,positive,2,positive,True,0.99877304,0.00053568,0.00069126225,0.99877304
clayton to buy servicemaster report,neutral,1,neutral,True,0.99862826,0.00039073883,0.99862826,0.0009810277
"fresh del monte q1 earnings triple, shares soar",positive,2,positive,True,0.99855393,0.0006993482,0.0007466918,0.99855393
emc profit gains on higher systems sales,positive,2,positive,True,0.9987515,0.0004190557,0.00082941545,0.9987515
best buy results could give clues on holiday sales,neutral,1,neutral,True,0.99736905,0.0004953061,0.99736905,0.0021356202
egyptian bank shareholders positive about uae bid,positive,2,positive,True,0.9705733,0.000682137,0.02874449,0.9705733
first data agrees to be sold to kkr for $29 bln,positive,2,neutral,False,0.9972339,0.0009740479,0.9972339,0.0017919798
"daimlerchrysler keeps 2006 outlook, chrysler weighs",negative,0,neutral,False,0.9955427,0.0005994381,0.9955427,0.0038579185
express scripts launches offer for caremark,positive,2,neutral,False,0.99489367,0.0007083402,0.99489367,0.004398063
jobless claims mount but labor market still fit,neutral,1,negative,False,0.7375043,0.7375043,0.21602102,0.0464746
housing nightmare tarnishes the american dream,negative,0,neutral,False,0.9100009,0.088929646,0.9100009,0.0010694106
arcelor mittal eyes hostile bid for posco paper,neutral,1,neutral,True,0.99658585,0.0020632495,0.99658585,0.0013508446
"gold lower, but weaker data seen supportive",negative,0,negative,True,0.9339728,0.9339728,0.061630607,0.0043966477
"enel, acciona set to scupper e.ons endesa bid",negative,0,neutral,False,0.9771525,0.00196566,0.9771525,0.020881813
espn-star wins international cricket tv rights,positive,2,neutral,False,0.9971169,0.00044498447,0.9971169,0.0024380186
china rules herald slow advance for foreign banks,neutral,1,negative,False,0.57676303,0.57676303,0.4199297,0.0033072517
boeing confirms ups order for 27 planes,positive,2,positive,True,0.96417236,0.0011139528,0.034713704,0.96417236
higher aluminum prices lift alcan profit,positive,2,positive,True,0.9984693,0.0006176206,0.00091301295,0.9984693
china sales of mazda3 to resume in january-mazda,positive,2,neutral,False,0.9950512,0.0010735929,0.9950512,0.0038751487
british airways reaches pension deal with unions,positive,2,neutral,False,0.8856114,0.0031300143,0.8856114,0.11125857
discovery to buy out cox communications stake,neutral,1,neutral,True,0.99783736,0.0007520866,0.99783736,0.0014105458
"charges, higher costs hit palm quarterly profit",negative,0,negative,True,0.99905246,0.99905246,0.00055210467,0.00039545764
factbox-inside the alleged insider trading,neutral,1,neutral,True,0.98231184,0.0167174,0.98231184,0.00097072806
matsushita to spend $2.36 billion on display plant paper,positive,2,neutral,False,0.98523813,0.00056685426,0.98523813,0.014195033
lockheed gets $1 billion us deal for f-22 fighters,positive,2,neutral,False,0.9951468,0.0005404307,0.9951468,0.0043127206
"media general to cut jobs at tampa tribune, wfla",negative,0,negative,True,0.9988174,0.9988174,0.0009447327,0.00023786598
gm names new chief accounting officer,neutral,1,neutral,True,0.9987262,0.0004976786,0.9987262,0.0007761111
delta gets court ok to poll creditors on plan,positive,2,neutral,False,0.9351814,0.00186322,0.9351814,0.0629554
blockbuster sells game station for $150 mln,neutral,1,neutral,True,0.9979297,0.000991161,0.9979297,0.0010790804
google-doubleclick deal seen spurring web ad ma,positive,2,positive,True,0.9337289,0.0010713644,0.06519972,0.9337289
veda advantage board agrees to buyout offer,positive,2,neutral,False,0.9955348,0.0010750446,0.9955348,0.0033901453
yahoo runs mobile phone advertising in 18 nations,positive,2,neutral,False,0.99822503,0.00033733915,0.99822503,0.001437574
news corp internet division president resigns,negative,0,neutral,False,0.99859613,0.0007145249,0.99859613,0.0006893237
rivals tune in as emi digital experiment starts,neutral,1,neutral,True,0.9967894,0.0008185701,0.9967894,0.002391952
"apples jobs questioned by authorities, report says",negative,0,negative,True,0.92072,0.92072,0.07818946,0.0010905853
icahn ends bid for reckson report,negative,0,neutral,False,0.9976792,0.00071313616,0.9976792,0.0016077686
feds beige book most areas grew only modestly,neutral,1,neutral,True,0.54839903,0.4421227,0.54839903,0.009478192
daimler ceo says chrysler wont be auctioned paper,neutral,1,neutral,True,0.9978981,0.0010493431,0.9978981,0.0010526048
ford to sell aston martin in $925 mln deal,neutral,1,neutral,True,0.9978878,0.0011017547,0.9978878,0.0010104754
navistar ceo signals openness to buyout offers,neutral,1,neutral,True,0.99692756,0.0003329312,0.99692756,0.0027395135
s.koreas lg.philips to boost lcd capacity,positive,2,neutral,False,0.68916255,0.001445654,0.68916255,0.30939177
vonage says will appeal verdict in favor of verizon,negative,0,neutral,False,0.90077776,0.0035078176,0.90077776,0.09571445
gates foundation unloads home builder shares,negative,0,neutral,False,0.99826956,0.0010382736,0.99826956,0.0006921325
wal-mart advertising chief leaves,negative,0,neutral,False,0.9978338,0.0015010684,0.9978338,0.0006652037
subsidy booster peterson to lead house farm panel,neutral,1,neutral,True,0.9980714,0.0005759404,0.9980714,0.0013527194
sohu shares jump as advertising revenue lifts profit,positive,2,positive,True,0.9988462,0.00041400423,0.00073985424,0.9988462
tribune deal would give zell broad powers,neutral,1,neutral,True,0.9949478,0.0011639658,0.9949478,0.0038881234
"bp execs worried about cost cutting, safety paper",negative,0,negative,True,0.9703371,0.9703371,0.02896004,0.000702888
delphi steering unit has $3.3 bln of new business,positive,2,positive,True,0.95865536,0.0010150985,0.040329613,0.95865536
american express to buy harbor payments,neutral,1,neutral,True,0.9956611,0.0016104885,0.9956611,0.0027284299
judge approves ca ex-ceos $800 million restitution,neutral,1,neutral,True,0.9374717,0.0051158103,0.9374717,0.0574125
dell hires solectrons cannon to head new division,neutral,1,neutral,True,0.99872905,0.00042312668,0.99872905,0.00084785646
coca-cola raises quarterly dividend by 10 percent,positive,2,positive,True,0.9974982,0.0003301271,0.0021717015,0.9974982
everbright bank buying into prudential china fund jv,neutral,1,neutral,True,0.98896223,0.0031989475,0.98896223,0.007838854
federal reserve to delay fomc minutes to january 3,neutral,1,neutral,True,0.9970816,0.0019209537,0.9970816,0.0009975258
bank of america paying $26 mln to settle sec case,negative,0,positive,False,0.99429506,0.00078801654,0.0049168877,0.99429506
nike to open 100 stores worldwide within 3 years,positive,2,neutral,False,0.7488109,0.001234442,0.7488109,0.24995463
anntaylor november same-store sales fall 4.3 pct,negative,0,negative,True,0.9993851,0.9993851,0.00037472742,0.0002401693
"finance new year, new goals -- one step at a time",neutral,1,neutral,True,0.99855417,0.0004288795,0.99855417,0.0010169813
ticketmaster takes legal action against ebays stubhub,negative,0,negative,True,0.9962997,0.9962997,0.0030008329,0.00069951446
"vnu to cut 4,000 jobs, sell european unit to 3i",negative,0,negative,True,0.99732745,0.99732745,0.0023947582,0.0002777226
brokerage says essilor may buy cooper companies,positive,2,neutral,False,0.99390763,0.0006293585,0.99390763,0.005462976
"bain, blackstone among ceridian bidders sources",neutral,1,neutral,True,0.99816126,0.0006167602,0.99816126,0.0012220661
delphi to get up to $3.4 billion investment,positive,2,neutral,False,0.9870499,0.00087483495,0.9870499,0.0120753255
japan keeps view that economy is recovering,positive,2,positive,True,0.9932197,0.0014979014,0.0052824854,0.9932197
stock options of unitedhealth ceo frozen,negative,0,neutral,False,0.9868304,0.012186874,0.9868304,0.0009827829
ex-tyco ceo kozlowski to sell colorado home for $10 mln,neutral,1,neutral,True,0.9984061,0.0007945,0.9984061,0.0007994956
unitedhealth sees 2007 revenue about $79.5 bln,positive,2,neutral,False,0.9961869,0.0012525482,0.9961869,0.0025606188
"march retail sales, without autos, gain modestly",positive,2,positive,True,0.9872705,0.00687319,0.0058563827,0.9872705
"chrysler says aims for 1,000 salaried cuts by june",negative,0,negative,True,0.99882406,0.99882406,0.000897333,0.00027866772
trade powers must agree on core wto deal soon-eu,neutral,1,neutral,True,0.9904157,0.0016528666,0.9904157,0.007931504
"pay, stock price doomed hds nardelli analysts",negative,0,negative,True,0.999342,0.999342,0.00033503832,0.00032296215
commerce bancorp probed by u.s. regulators,negative,0,negative,True,0.9977857,0.9977857,0.0018741187,0.00034022442
gasoline prices edge lower to $2.18 per gallon,neutral,1,negative,False,0.9988771,0.9988771,0.00081007986,0.0003127902
wal-mart quarterly profit up,positive,2,positive,True,0.9988545,0.00046556152,0.00067990215,0.9988545
creditor group expects delta to weigh options,neutral,1,neutral,True,0.99800617,0.00081537926,0.99800617,0.0011784584
sec warns auditors firms may manipulate new rule,negative,0,negative,True,0.9337596,0.9337596,0.06524766,0.0009926703
alcoa shares up after strong earnings,positive,2,positive,True,0.99892235,0.0003824499,0.0006951863,0.99892235
u.s. drops royalty claims against chevron nytimes,positive,2,neutral,False,0.89695513,0.0030446749,0.89695513,0.10000011
amd sees challenging pricing through 2007,negative,0,negative,True,0.9969709,0.9969709,0.0025096384,0.0005194508
consumer prices rise on energy cost bounce,negative,0,negative,True,0.97127897,0.97127897,0.0037885318,0.024932597
consumer confidence hits 8-month high,positive,2,positive,True,0.9977431,0.0012570821,0.0009997603,0.9977431
jobs growth modest in january,negative,0,negative,True,0.9972313,0.9972313,0.0022848947,0.0004837915
pending home sales index falls,negative,0,negative,True,0.9989411,0.9989411,0.00073934684,0.00031950444
yahoo opens panama ad system upgrade to newcomers,positive,2,neutral,False,0.99793446,0.00045449918,0.99793446,0.0016110145
private equity firms eyeing chrysler report,neutral,1,neutral,True,0.9983588,0.00049616344,0.9983588,0.0011449809
microsoft ceo touts company bet on web services,neutral,1,neutral,True,0.9969597,0.0005753702,0.9969597,0.0024649692
accredited shares up 30 pct on new financing deal,positive,2,positive,True,0.997877,0.00045502925,0.0016680339,0.997877
ford u.s. april sales fall 13 pct,negative,0,negative,True,0.9994054,0.9994054,0.00036239528,0.00023217309
update 4-u.s. arris bids $1.2 bln for norways tandberg tv,positive,2,neutral,False,0.99371827,0.0013954613,0.99371827,0.00488621
sun-times reaches settlement with former president,neutral,1,neutral,True,0.9522877,0.0011425506,0.9522877,0.046569727
u.s. march pending home sales index falls 4.9 pct,negative,0,negative,True,0.9988954,0.9988954,0.00075821794,0.00034644196
office depot posts higher fourth-quarter profit,positive,2,positive,True,0.9987664,0.00029435463,0.00093919993,0.9987664
fleetwood posts wider quarterly loss,negative,0,negative,True,0.9992449,0.9992449,0.00047911998,0.00027594372
"chrysler to recall over 489,000 vehicles",negative,0,negative,True,0.99854326,0.99854326,0.0010695022,0.00038727894
tuis travel unit to merge with first choice,positive,2,neutral,False,0.99810225,0.0008825168,0.99810225,0.0010153066
"march job growth strong, jobless rate falls",positive,2,positive,True,0.99797434,0.00076600356,0.0012596222,0.99797434
non-binding merck generics offers due mon source,neutral,1,neutral,True,0.99828476,0.00065076037,0.99828476,0.001064445
u.s.s paulson urges china to open financial markets,positive,2,neutral,False,0.9963721,0.0016045456,0.9963721,0.0020233204
google offers business software via subscription,positive,2,neutral,False,0.9987669,0.0004127147,0.9987669,0.0008204243
january durable goods orders tumble 7.8 percent,negative,0,negative,True,0.9993166,0.9993166,0.00029460865,0.00038884857
ba resumes union talks in bid to avert strike,neutral,1,neutral,True,0.9756739,0.010254099,0.9756739,0.014072069
wrigley posts higher profit,positive,2,positive,True,0.99785304,0.00032198124,0.0018249581,0.99785304
ny pension funds press big web companies on rights,negative,0,neutral,False,0.9974679,0.0010287148,0.9974679,0.0015034239
delta bondholders form group to back us air bid wsj,positive,2,neutral,False,0.9964371,0.0014521285,0.9964371,0.0021107781
monster us monthly online jobs index falls in dec,negative,0,negative,True,0.99908066,0.99908066,0.0006281152,0.00029124483
"french finmin says nyse, euronext must talk more on merger",neutral,1,neutral,True,0.9979711,0.0005073732,0.9979711,0.0015214374
lg.philips q1 beats forecast,positive,2,positive,True,0.9981932,0.00034638713,0.0014604536,0.9981932
"jamba, sunopta say smoothies may be contaminated",negative,0,negative,True,0.996872,0.996872,0.0028253053,0.0003026666
"nortel to slash 2,900 jobs in latest cost-cutting",negative,0,negative,True,0.99901223,0.99901223,0.0007448661,0.00024280544
oil surges on u.s. plan to boost emergency stockpile,positive,2,positive,True,0.99650854,0.0012532956,0.0022381267,0.99650854
"l-3 open to takeover approaches, paper says",positive,2,neutral,False,0.9978543,0.0005286906,0.9978543,0.001616957
stocks eye earnings and services data,neutral,1,neutral,True,0.99892575,0.00042506703,0.99892575,0.0006491587
yahoo to run on millions of windows mobile phones,positive,2,neutral,False,0.9959133,0.00074311555,0.9959133,0.003343628
"indexes dip for the day, but surge in 2006",neutral,1,neutral,True,0.829203,0.025515212,0.829203,0.1452818
"u.s. financial stocks investors what, me worry",neutral,1,neutral,True,0.6847046,0.31270295,0.6847046,0.002592437
ea warns on 2008 profit as spore delayed,negative,0,negative,True,0.9992193,0.9992193,0.00048627585,0.0002944811
nasdaq says no decisions made about lse stake,neutral,1,neutral,True,0.99870133,0.00052246073,0.99870133,0.00077625207
october retail sales disappoint after strong september,negative,0,negative,True,0.9992649,0.9992649,0.00045617102,0.00027893644
freeport-mcmoran stock up amid bhp bid speculation,positive,2,positive,True,0.99779886,0.0004849418,0.0017161774,0.99779886
lightstone buys blackstone-owned hotels group,neutral,1,neutral,True,0.9983821,0.00047251003,0.9983821,0.0011454275
consumer craze hits post-sanctions libya,positive,2,neutral,False,0.5480863,0.023390036,0.5480863,0.42852366
"blackstone, pai to buy united biscuits for $3 bln",positive,2,neutral,False,0.9970356,0.0007285968,0.9970356,0.002235813
pending home sales rise narrowly,positive,2,positive,True,0.8690729,0.026649348,0.104277804,0.8690729
usg makes final $3.05 bln payment to asbestos trust,positive,2,neutral,False,0.9956137,0.001364649,0.9956137,0.0030216062
"yahoo reshuffles, cfo decker gets key role",neutral,1,neutral,True,0.99779534,0.0008901907,0.99779534,0.0013144998
power corp. to buy putnam report,positive,2,neutral,False,0.90532994,0.0027931156,0.90532994,0.091877006
capital one fourth-quarter earnings rise,positive,2,positive,True,0.998594,0.0008995003,0.0005064758,0.998594
affordable residential to sell real estate unit,neutral,1,neutral,True,0.99852693,0.0005944402,0.99852693,0.00087863277
neteller quits u.s. after illegal gambling arrests,negative,0,neutral,False,0.98518085,0.013468528,0.98518085,0.001350628
corrected pfizer to cut u.s. sales force by 20 percent,negative,0,negative,True,0.99909925,0.99909925,0.0006702196,0.00023062255
"update 2-becton profit up, 07 forecast tops wall street",positive,2,positive,True,0.9985512,0.00082942424,0.000619357,0.9985512
fcc chief questioning xm-sirius deal paper,negative,0,neutral,False,0.6870895,0.30959955,0.6870895,0.0033109486
kraft recommends rejection of trc mini-tender,neutral,1,neutral,True,0.8950871,0.10255452,0.8950871,0.0023583607
instant view-citigroup names new coo,neutral,1,neutral,True,0.99848145,0.000702017,0.99848145,0.00081650465
"tenet loss narrows, but admissions fall",negative,0,neutral,False,0.8823521,0.102168046,0.8823521,0.015479811
eads gives green light for a350 xwb,positive,2,positive,True,0.56464857,0.0012225597,0.4341288,0.56464857
sierra pacific posts higher quarterly profit,positive,2,positive,True,0.9984836,0.00025625026,0.0012601664,0.9984836
schwab net income more than doubles,positive,2,positive,True,0.9971596,0.00060250214,0.0022379574,0.9971596
sallie mae in talks with private equity reports,positive,2,neutral,False,0.99778265,0.00077212113,0.99778265,0.0014453061
goldman ceo reaped record $54.3 mln in pay in 2006,neutral,1,neutral,True,0.86568975,0.0037979695,0.86568975,0.13051224
sanofis acomplia helps in type 2 diabetes study,positive,2,neutral,False,0.99570763,0.0011614593,0.99570763,0.0031308285
new century stops lending as lenders pull credit,negative,0,negative,True,0.9955591,0.9955591,0.004059152,0.00038173175
qbe to buy winterthur for $1.2 bln,positive,2,neutral,False,0.99719405,0.0006516235,0.99719405,0.002154274
producer prices up 1 percent in march,negative,0,positive,False,0.99794894,0.0013237876,0.0007272644,0.99794894
carlyle raising $15 bln u.s. buyout fund sources,positive,2,neutral,False,0.99797577,0.00081132405,0.99797577,0.0012128406
venezuelas chavez seeks control of gas,negative,0,neutral,False,0.99745554,0.0013044125,0.99745554,0.0012401103
barclays deal for abn looms lasalle set for sale,positive,2,neutral,False,0.99837327,0.00064139446,0.99837327,0.0009853288
oracle ups bid for indias i-flex,positive,2,neutral,False,0.996824,0.0010738367,0.996824,0.002102107
"google, yahoo gain share in u.s. web search market",positive,2,neutral,False,0.8216298,0.0028157006,0.8216298,0.17555447
"shoppers go online for t.m.x. elmo, ps3",positive,2,neutral,False,0.99623626,0.0012306808,0.99623626,0.002533032
reckson shareholders ok sl greens $4 bln takeover,positive,2,neutral,False,0.9919137,0.0033725477,0.9919137,0.004713789
kimberly clark may be buyout target barrons,positive,2,neutral,False,0.99758744,0.00043608784,0.99758744,0.001976511
general dynamics profit rises on higher sales,positive,2,positive,True,0.99898046,0.00039861663,0.0006208483,0.99898046
nymex quarterly profit rises,positive,2,positive,True,0.99885774,0.0003518367,0.0007903999,0.99885774
medical costs push up consumer prices,negative,0,negative,True,0.94734573,0.94734573,0.047050525,0.0056037335
yell says reiterates full-year guidance,positive,2,neutral,False,0.8173488,0.0033514188,0.8173488,0.17929983
sberbank postpones decision on $8.7 billion share issue,neutral,1,neutral,True,0.99137855,0.007654962,0.99137855,0.0009664447
dell to pay $5 million to former ceo kevin rollins,neutral,1,neutral,True,0.9982211,0.00070701446,0.9982211,0.0010719857
novartis says will not pay more asthma royalties,neutral,1,negative,False,0.62374145,0.62374145,0.37358853,0.0026699882
emi shares up 8 pct on takeover approaches,positive,2,positive,True,0.9984402,0.0004357172,0.0011240317,0.9984402
"scor buys converium stake, has full bid rebuffed",neutral,1,neutral,True,0.9968733,0.0012870985,0.9968733,0.0018395897
time warner cable seen public this month analysts,neutral,1,neutral,True,0.99647,0.0008683672,0.99647,0.0026616827
ibm selling up to $85 mln in lenovo shares,neutral,1,neutral,True,0.9707865,0.023810375,0.9707865,0.005403204
daimlerchrysler talks to 2 firms on small car paper,neutral,1,neutral,True,0.99666166,0.00055563636,0.99666166,0.0027826815
clorox quarterly profit rises,positive,2,positive,True,0.9988673,0.0003064031,0.0008264095,0.9988673
u.s. homeowners see steady home values survey,neutral,1,positive,False,0.62752384,0.013530773,0.35894543,0.62752384
nyse ceo sees tokyo link announcement next week,positive,2,neutral,False,0.99856645,0.00046511134,0.99856645,0.00096853566
sony says may lose some battery business on recall,negative,0,negative,True,0.99917644,0.99917644,0.0006047681,0.00021880807
xerox to buy global imaging systems for $1.5 bln,positive,2,neutral,False,0.9846644,0.00065294484,0.9846644,0.014682612
blue chips rise sp logs best week since 03,positive,2,positive,True,0.99837446,0.0010434331,0.00058210484,0.99837446
"global investors eye bernanke, stocks keep gaining",positive,2,positive,True,0.99220204,0.00068167096,0.0071163015,0.99220204
blackstone has takeover plan for equity office -wsj,positive,2,neutral,False,0.9987968,0.0004957373,0.9987968,0.00070742023
gap 4th-quarter net income drops 35 percent,negative,0,negative,True,0.9993987,0.9993987,0.00029302386,0.00030826093
intel names yahoo cfo to board,neutral,1,neutral,True,0.99870396,0.00045824968,0.99870396,0.0008377322
wynn 3rd-qtr profit up on macau rights sale,positive,2,positive,True,0.9986638,0.0005778477,0.0007583675,0.9986638
house approves say on pay for shareholders,positive,2,neutral,False,0.99723333,0.001066753,0.99723333,0.0016999737
ny fed nov manufacturing index rises unexpectedly,positive,2,positive,True,0.9969415,0.0013688538,0.0016895557,0.9969415
"murdochs dow deal may up asia clout, but not china",positive,2,neutral,False,0.9972115,0.0006261045,0.9972115,0.0021623957
icahn company sells 4 nevada casinos to goldman,neutral,1,neutral,True,0.99779415,0.0006870801,0.99779415,0.0015188613
warner music buying majority stake in roadrunner,positive,2,neutral,False,0.9934661,0.0006729397,0.9934661,0.0058609745
google talking to directv on tv advertising report,positive,2,neutral,False,0.9986345,0.00040730974,0.9986345,0.00095820415
att names suspected pretexters,negative,0,neutral,False,0.997282,0.0021128652,0.997282,0.00060512876
"subprime lenders, regulators face u.s. senate panel",negative,0,neutral,False,0.9925236,0.0056911153,0.9925236,0.0017853562
feds stern subprime woes wont derail economy,positive,2,positive,True,0.7800442,0.020005872,0.19994989,0.7800442
sun microsystems swings to profit,positive,2,positive,True,0.9927059,0.0035722994,0.0037218092,0.9927059
wellpoint profit jumps 23 percent,positive,2,positive,True,0.9988832,0.00048303726,0.00063379284,0.9988832
altadis rebuffs improved imperial approach,neutral,1,neutral,True,0.995999,0.0024788426,0.995999,0.0015222043
focus for future amgen growth shifts to bone drug,positive,2,neutral,False,0.9982205,0.00055758783,0.9982205,0.0012218934
jj psoriasis drug posts mixed results in trial,neutral,1,negative,False,0.95999587,0.95999587,0.03874427,0.0012598999
adobe to launch creative suite at end of q2 -ceo,positive,2,neutral,False,0.99874216,0.00045812994,0.99874216,0.0007996622
"kodak to cut more jobs, complete overhaul in 2007",negative,0,negative,True,0.9969458,0.9969458,0.0027828391,0.0002713696
existing home sales edge up,positive,2,positive,True,0.9956507,0.0017120069,0.0026372843,0.9956507
u.s. sept pending home sales index falls 1.1 pct,negative,0,negative,True,0.9989736,0.9989736,0.00069783663,0.00032850838
"dow 13,000 in focus with earnings on tap",positive,2,neutral,False,0.99552876,0.0010372098,0.99552876,0.0034340532
"house bill would ban wal-mart, retailers banks",negative,0,negative,True,0.88325495,0.88325495,0.11534369,0.0014013798
"gold falls 1 pct, focus on bernanke address",negative,0,negative,True,0.99927133,0.99927133,0.0005453669,0.00018326989
qantas takeover offer seen as early as wednesday,neutral,1,neutral,True,0.9986161,0.00068484666,0.9986161,0.000698989
morgan stanley wins reversal of $1.58 bln award,positive,2,neutral,False,0.96660185,0.0020244,0.96660185,0.03137373
"hyundai motor seen down on firm won, weak sales",negative,0,negative,True,0.99941933,0.99941933,0.00036845222,0.00021221684
factbox-u.s. fed policymakers recent comments,neutral,1,neutral,True,0.99888104,0.00059426314,0.99888104,0.000524605
colombia may seek chiquita execs on militia payoffs,negative,0,neutral,False,0.9987338,0.00042652726,0.9987338,0.000839558
"belarus says nears russian gas deal, gazprom denies",neutral,1,neutral,True,0.98573583,0.00086999463,0.98573583,0.01339414
total chief remains in custody until friday,negative,0,neutral,False,0.9970193,0.002179668,0.9970193,0.00080110255
u.s. investigates options grant to apple ceo wsj,negative,0,neutral,False,0.9980883,0.00052257074,0.9980883,0.001389065
g20 communique calls for inflation vigilance,neutral,1,neutral,True,0.9952219,0.0011267156,0.9952219,0.003651345
illinois jury reaches verdict in merck vioxx case,neutral,1,positive,False,0.51029015,0.009642879,0.48006698,0.51029015
new century on bankruptcys doorstep,negative,0,neutral,False,0.9961392,0.0013365468,0.9961392,0.0025241936
"ceradyne profit doubles on armor sales, shares rise",positive,2,positive,True,0.9987871,0.00042206547,0.0007908975,0.9987871
general dynamics gets antitrust nod for snc deal,positive,2,neutral,False,0.8843507,0.0016620023,0.8843507,0.113987304
officemax posts profit vs. loss,positive,2,positive,True,0.9966366,0.0015729483,0.001790395,0.9966366
"vf corp. earnings top estimates, shares rise",positive,2,positive,True,0.9986255,0.0007283861,0.00064615003,0.9986255
"td banknorth to cut 400 jobs, shut 24 branches",negative,0,negative,True,0.99918336,0.99918336,0.00058995845,0.00022664778
costco quarterly profit up,positive,2,positive,True,0.9988921,0.00039462603,0.00071324006,0.9988921
aol deal for swedish online ad firm is opposed,negative,0,neutral,False,0.99492514,0.003600412,0.99492514,0.0014745261
"barclays, abn talks advance, some disposals seen",positive,2,neutral,False,0.98569643,0.00063074275,0.98569643,0.013672835
alcoa execs see strong 2007 aluminum demand,positive,2,positive,True,0.96678025,0.0021066524,0.031113084,0.96678025
qualcomm says upaid systems drops patent suits,positive,2,positive,True,0.8544936,0.002712051,0.14279433,0.8544936
wall street rises with bid for chrysler,positive,2,neutral,False,0.9928098,0.0010008516,0.9928098,0.006189372
housing improves but durable orders fall,neutral,1,negative,False,0.92360824,0.92360824,0.07273732,0.0036544728
classified ad sales lower newspaper results,negative,0,negative,True,0.9993389,0.9993389,0.00045848702,0.0002025396
daimlerchrysler supervisory board names bischoff chairman,neutral,1,neutral,True,0.9986412,0.00044173963,0.9986412,0.0009170782
"google, baidu eye online video business in china",positive,2,neutral,False,0.9972339,0.00053574884,0.9972339,0.002230261
marshall ilsley to split into two public firms,neutral,1,neutral,True,0.9978484,0.0009825008,0.9978484,0.0011690898
indexes end higher as investors seek bargains,positive,2,positive,True,0.9982716,0.00058766786,0.0011406768,0.9982716
options scandal hits 153 companies us study,negative,0,negative,True,0.9851333,0.9851333,0.014473825,0.00039282258
adidas cuts 2007 outlook due to reebok,negative,0,negative,True,0.9993087,0.9993087,0.0004546717,0.00023662939
"softbank, credit saison to issue credit cards",positive,2,neutral,False,0.98895603,0.00087981287,0.98895603,0.010164067
delta loses $49 million in november,negative,0,negative,True,0.99934,0.99934,0.0004198492,0.00024014286
universal music sees settlement with myspace,positive,2,neutral,False,0.7194753,0.0024066835,0.7194753,0.27811804
"chrysler plans to cut 10,000 jobs report",negative,0,negative,True,0.99927026,0.99927026,0.00049456354,0.00023516748
great-west lifeco to buy u.s. health administrator,positive,2,neutral,False,0.9968221,0.0008805409,0.9968221,0.0022973393
us panel backs limiting sanofi antibiotic uses,negative,0,neutral,False,0.9925249,0.002720968,0.9925249,0.004754109
mcdonalds selling lattes and cappuccinos wsj,positive,2,neutral,False,0.9955212,0.0009943071,0.9955212,0.003484564
probe finds cephalon used questionable tactics wsj,negative,0,neutral,False,0.96780217,0.030508403,0.96780217,0.0016895154
sanyo to share battery recall cost with lenovo,negative,0,neutral,False,0.9893964,0.007136536,0.9893964,0.0034670779
"update 2-higher prices, production lift barrick profit",positive,2,positive,True,0.9971975,0.0014566582,0.0013458558,0.9971975
ex-kbr employee sentenced for iraq kickbacks,negative,0,neutral,False,0.96888137,0.028501173,0.96888137,0.0026175042
stocks end up in light trade,positive,2,neutral,False,0.8081821,0.1897591,0.8081821,0.0020587356
jpmorgan wins dismissal of enron class-action case,positive,2,positive,True,0.96992624,0.003944307,0.026129458,0.96992624
conrad black trial jurors scrutinized,neutral,1,neutral,True,0.99719584,0.0021833198,0.99719584,0.00062076404
r.h. donnelley reports rise in revenue,positive,2,positive,True,0.9983454,0.0002902566,0.0013643412,0.9983454
mcclatchy to sell star tribune for $530 mln,neutral,1,neutral,True,0.9983632,0.00081752834,0.9983632,0.00081934535
eus kroes sets microsoft software deadline paper,negative,0,neutral,False,0.9985322,0.0006635314,0.9985322,0.0008043085
"motorola posts quarterly loss, outlook disappoints",negative,0,negative,True,0.9993482,0.9993482,0.00040326267,0.00024846545
steel partners in bid to buy japan noodle maker,positive,2,neutral,False,0.99726933,0.00063874363,0.99726933,0.0020918988
"wall st week ahead stocks focus on earnings, inflation",neutral,1,neutral,True,0.9986243,0.000724827,0.9986243,0.0006507884
nasdaq launches $5.3 billion hostile bid for lse,neutral,1,neutral,True,0.9832744,0.014617759,0.9832744,0.0021079052
chrysler revamp details to eclipse daimler results,negative,0,neutral,False,0.99651414,0.0014215335,0.99651414,0.0020643624
citigroup loses bid to end $10 bln parmalat suit,negative,0,neutral,False,0.7304778,0.2639627,0.7304778,0.0055594295
ford credit says restructuring to cost $290 mln,negative,0,neutral,False,0.9212563,0.07531873,0.9212563,0.0034249425
"target beats forecasts, confident about holidays",positive,2,positive,True,0.9978023,0.0005372518,0.0016603636,0.9978023
"gamestop posts profit, shares up",positive,2,positive,True,0.9988894,0.00037344795,0.000737145,0.9988894
reliance steel to acquire encore group,neutral,1,neutral,True,0.99774253,0.0006112234,0.99774253,0.0016462781
"australias coles up for sale, shares surge",positive,2,positive,True,0.9746313,0.0038799613,0.021488665,0.9746313
dealmakers optimistic despite global mergers lull,positive,2,positive,True,0.98670757,0.0012608037,0.012031597,0.98670757
sallie mae in talks to go private report,neutral,1,neutral,True,0.99755496,0.0015348649,0.99755496,0.0009101652
samsung exec pleads guilty in dram antitrust case,negative,0,neutral,False,0.9087667,0.0051155672,0.9087667,0.08611775
"nasdaq mulls working with rival platform, papers say",neutral,1,neutral,True,0.9973247,0.0009427862,0.9973247,0.0017324723
u.s. job activity little changed in october labor,neutral,1,neutral,True,0.9416691,0.054108262,0.9416691,0.0042226454
american axle posts quarterly loss after charges,negative,0,negative,True,0.999057,0.999057,0.0006471342,0.00029580956
former aig boss eyeing ny times takeover cnbc,neutral,1,neutral,True,0.9987141,0.00042465364,0.9987141,0.00086129963
wellpoint posts higher quarterly profit,positive,2,positive,True,0.99856,0.00027361105,0.0011663431,0.99856
abn rejects rival rbs lasalle offer,neutral,1,neutral,True,0.99613476,0.0010484575,0.99613476,0.0028168014
bausch lomb stock jumps on buyout rumor traders,positive,2,positive,True,0.9969708,0.0008722074,0.0021569396,0.9969708
japan tv vendor sues hp for compensation nikkei,negative,0,negative,True,0.99773127,0.99773127,0.0018067489,0.00046199295
vulcan materials to buy florida rock for $4.6 billion,neutral,1,neutral,True,0.9973748,0.00056761963,0.9973748,0.002057568
paypal customers in europe number near 35 million,positive,2,neutral,False,0.8945805,0.007905304,0.8945805,0.097514234
ppr in talks to buy puma stake reports,neutral,1,neutral,True,0.995834,0.0011359664,0.995834,0.0030300342
marshall ilsley to split off metavante unit,neutral,1,neutral,True,0.99836594,0.0007040657,0.99836594,0.0009299329
thyssenkrupp to definitely build u.s. steel mill,positive,2,neutral,False,0.9899886,0.0004321812,0.9899886,0.00957921
"factbox-airbus statement details cost cuts, job losses",negative,0,negative,True,0.73163384,0.73163384,0.2671422,0.0012239277
"ups names coo, international chief",neutral,1,neutral,True,0.99880826,0.00043674622,0.99880826,0.0007549825
"nissan unveils plans for hybrids, other green cars",positive,2,neutral,False,0.9976023,0.00033136242,0.9976023,0.002066444
starbucks schultz says memo wasnt criticism,neutral,1,neutral,True,0.9967243,0.0005093622,0.9967243,0.0027663768
continental airlines loss narrows on higher fares,positive,2,positive,True,0.99667907,0.001842175,0.001478828,0.99667907
devon trims output forecast on canada drop,negative,0,negative,True,0.99891865,0.99891865,0.0006673587,0.00041398845
jobs and data set stocks year-end course,neutral,1,neutral,True,0.9628071,0.00678633,0.9628071,0.030406587
volvo to buy ingersoll-rand road unit for $1.3 billion,positive,2,neutral,False,0.9978719,0.0005845392,0.9978719,0.0015435272
amd shares rebound after results,positive,2,positive,True,0.9986675,0.0006398597,0.0006927109,0.9986675
applebees closing 24 company-owned restaurants,negative,0,negative,True,0.9971173,0.9971173,0.0026788577,0.00020385155
jeb bush joins board of tenet healthcare,neutral,1,neutral,True,0.9980677,0.00050316437,0.9980677,0.0014291389
wal-mart shipping web orders to stores for free,positive,2,neutral,False,0.9967529,0.0005815993,0.9967529,0.002665388
vista revenue forecasts too aggressive microsoft ceo,negative,0,negative,True,0.9828996,0.9828996,0.008233175,0.008867199
fed sees inflation risk even as growth slows,negative,0,negative,True,0.998387,0.998387,0.0011324113,0.0004805515
ba ceo eyeing major plane order,positive,2,neutral,False,0.99843794,0.00037859706,0.99843794,0.0011834673
oil cost wont rise to $70/bbl anytime soon eia,neutral,1,neutral,True,0.5924552,0.24709935,0.5924552,0.16044542
ex-reagan budget director charged with fraud,negative,0,neutral,False,0.94392365,0.05388975,0.94392365,0.0021866271
bmw says group unit sales rise 0.5 pct in january,positive,2,positive,True,0.998727,0.0005394607,0.0007334576,0.998727
tata steel pays $12 billon for corus,neutral,1,neutral,True,0.9948036,0.0008551932,0.9948036,0.004341273
lse beats record for ipo fund raising,positive,2,neutral,False,0.87341994,0.0013218786,0.87341994,0.1252582
dow chemical earnings rise on strong sales,positive,2,positive,True,0.9989058,0.00040352027,0.000690682,0.9989058
hyundai motor chairman sentenced to 3 yrs in jail,negative,0,negative,True,0.8584238,0.8584238,0.13893358,0.0026425067
sainsbury family reportedly rejects bid,negative,0,neutral,False,0.9965442,0.0020546147,0.9965442,0.0014012671
harrahs accepts $17.1 billion private equity bid,positive,2,neutral,False,0.9980269,0.00087176176,0.9980269,0.0011013761
"morgan stanley unit, ashford to buy cnl hotels",neutral,1,neutral,True,0.9974809,0.0005231171,0.9974809,0.0019960415
tribune responds to 2 billionaires paper,neutral,1,neutral,True,0.99842864,0.00081867934,0.99842864,0.00075271993
stocks to track mortgage woes and cpi,negative,0,neutral,False,0.9987852,0.000716812,0.9987852,0.00049807027
g7 warns markets against yen-shrinking bets,neutral,1,negative,False,0.862696,0.862696,0.13115774,0.0061462945
"news corp sales rise on borat, x-men",positive,2,positive,True,0.99814296,0.00038142625,0.0014756682,0.99814296
fda staff questions sanofi bird flu vaccine,negative,0,negative,True,0.98478556,0.98478556,0.014800831,0.00041352716
bill may not solve foreclosures woe key senator,negative,0,neutral,False,0.7655615,0.22726674,0.7655615,0.007171717
"jobless claims rise 3,000 in latest week",negative,0,negative,True,0.9930199,0.9930199,0.0029366727,0.0040434645
wal-mart japan unit sees return to profit in 2007,positive,2,positive,True,0.9778732,0.00086447457,0.021262355,0.9778732
freddie macs portfolio grew 4.4 pct in january,positive,2,positive,True,0.9925034,0.0021515873,0.0053450293,0.9925034
"conocophillips profit dips on gas prices, refining",negative,0,negative,True,0.9993724,0.9993724,0.00037680846,0.00025082106
ameren settles missouri gas delivery rates,neutral,1,neutral,True,0.92550176,0.0012995681,0.92550176,0.073198654
groups challenge shells alaska drilling plans,negative,0,neutral,False,0.87540513,0.12248249,0.87540513,0.0021123604
chrysler sale could be wrapped up by may source,neutral,1,neutral,True,0.99724245,0.00047156258,0.99724245,0.0022859552
indices slide on oils drop microsoft up late,negative,0,negative,True,0.99940324,0.99940324,0.00033566647,0.00026112903
home depot investors seek more governance changes,negative,0,neutral,False,0.9821191,0.014693173,0.9821191,0.0031878136
"feds kohn-inflation has shifted down, risks remain",negative,0,positive,False,0.5733627,0.11739071,0.30924663,0.5733627
hp lifts outlook as shares rise,positive,2,positive,True,0.9986957,0.00043833864,0.00086602167,0.9986957
"china says to maintain rapid, stable growth in 2007",positive,2,positive,True,0.99071956,0.0007555848,0.008524782,0.99071956
sonys father of playstation to step down,neutral,1,neutral,True,0.9978131,0.0012107276,0.9978131,0.0009760656
"risk assets near highs before central banks, g7",neutral,1,neutral,True,0.7289267,0.24323265,0.7289267,0.027840698
target trumps wal-mart again,positive,2,positive,True,0.8968833,0.0031892115,0.09992745,0.8968833
apollo explores private sale of stake source,neutral,1,neutral,True,0.99849176,0.0008696537,0.99849176,0.00063855306
blackstone/carlyle team mulls rival txu bid source,neutral,1,neutral,True,0.99834895,0.0006458621,0.99834895,0.0010051336
"anntaylor results, forecast boost shares",positive,2,positive,True,0.9984957,0.00038011168,0.0011241704,0.9984957
lehman to acquire h.a. schupf,neutral,1,neutral,True,0.99793744,0.00043339783,0.99793744,0.0016292519
"wall st ends higher on chrysler bid, lower oil",positive,2,positive,True,0.9961773,0.0015450938,0.0022776134,0.9961773
citigroup profit tops forecasts,positive,2,positive,True,0.9985165,0.00068374403,0.00079978764,0.9985165
"first data deal sparks spat between kkr, jpmorgan",negative,0,negative,True,0.9930403,0.9930403,0.006428105,0.0005315027
"calpers wants reform at marsh, lilly, 9 other companies",negative,0,neutral,False,0.99709094,0.0012112651,0.99709094,0.0016978364
clear channel agrees to be sold for $18.7 bln,positive,2,neutral,False,0.99764025,0.0010361389,0.99764025,0.0013236154
wsj editors knew of murdoch offer in advance report,neutral,1,neutral,True,0.9975249,0.0011142471,0.9975249,0.0013608417
electronic clearing house in pact with prosecutors,neutral,1,neutral,True,0.9718341,0.0019485086,0.9718341,0.0262174
feds yellen says economic downturn possible,negative,0,negative,True,0.999246,0.999246,0.0004846342,0.00026944285
"iac to tie together local info services, ceo says",neutral,1,neutral,True,0.9963825,0.00045103492,0.9963825,0.0031664497
citigroup denies cfo leaving but speculation lingers,neutral,1,neutral,True,0.99812645,0.0009898471,0.99812645,0.0008836953
regulators ok euronext/nyse merger,positive,2,neutral,False,0.9304854,0.0016615965,0.9304854,0.067853
productivity growth stalls in third quarter,negative,0,negative,True,0.9993543,0.9993543,0.00038823037,0.00025750353
shares seen firm on cisco earnings hopes,positive,2,positive,True,0.9970018,0.0012746064,0.0017235971,0.9970018
"inflation too high, more work needed feds fisher",negative,0,neutral,False,0.9700122,0.025889087,0.9700122,0.0040988103
"update 3-qualcomm quarterly profit, revenue rise",positive,2,positive,True,0.9988558,0.00047752756,0.0006666012,0.9988558
boston scientific says crm business rebounding,positive,2,positive,True,0.9928703,0.00057230814,0.006557432,0.9928703
bernanke light regulation of hedge funds works well,neutral,1,neutral,True,0.7104623,0.0025805058,0.7104623,0.28695717
bank of america says aims to guard legal rights,neutral,1,neutral,True,0.99811614,0.0006616481,0.99811614,0.0012222194
china to respond positively to paulson,positive,2,neutral,False,0.9786422,0.00064054684,0.9786422,0.020717122
"bt pleases with q3 earnings, strong outlook",positive,2,positive,True,0.9984073,0.00044973873,0.0011429897,0.9984073
"pepsico looks to new products, acquisitions",positive,2,neutral,False,0.99851865,0.00034629076,0.99851865,0.0011351119
bernanke focus on skills to widen opportunity,neutral,1,neutral,True,0.9963438,0.0004529416,0.9963438,0.0032033084
"wall st down on oil, mortgage woes",negative,0,negative,True,0.9868907,0.9868907,0.011010825,0.0020986218
celesio seeks to cut deal with kkr on boots paper,neutral,1,neutral,True,0.9967353,0.0012334505,0.9967353,0.0020311922
"stocks wait for ppi, mergers and santa",neutral,1,neutral,True,0.9986835,0.00072920974,0.9986835,0.00058723794
exxon sees spending of $20 billion a year through 2011,positive,2,neutral,False,0.9520882,0.0015272743,0.9520882,0.046384584
pepsi to double china workforce over 5 years,positive,2,positive,True,0.82369924,0.0013677413,0.17493303,0.82369924
"hershey to cut 1,500 jobs",negative,0,negative,True,0.99905306,0.99905306,0.0006680642,0.00027887014
"deere profit rises on farm, forest sales",positive,2,positive,True,0.998787,0.0004017313,0.00081126066,0.998787
brandes says to vote against icahn lear buyout,neutral,1,neutral,True,0.9306292,0.06453176,0.9306292,0.004839099
news corp. sees possible myspace china venture,positive,2,neutral,False,0.9977882,0.0005682347,0.9977882,0.0016436011
progress has slowed on att/bellsouth fcc chief,negative,0,negative,True,0.9930875,0.9930875,0.0065276218,0.00038490773
fairfax h1 says no takeover approaches,neutral,1,neutral,True,0.9985582,0.00042412314,0.9985582,0.0010176899
table-ford feb u.s. vehicle sales decrease 13.9 pct,negative,0,negative,True,0.99930227,0.99930227,0.00044563494,0.00025204234
yahoo net profit falls,negative,0,negative,True,0.9994017,0.9994017,0.00037923112,0.00021904614
u.s. may look to private sector to fund atc system,neutral,1,neutral,True,0.99676657,0.0011643526,0.99676657,0.0020691175
lower gas price brightens consumer mood,positive,2,positive,True,0.984658,0.0044445503,0.010897444,0.984658
"brinks profit beats expectations, shares up",positive,2,positive,True,0.99885154,0.0004838687,0.0006645722,0.99885154
"google in video talks with dow jones, others nyt",neutral,1,neutral,True,0.9987569,0.00038320376,0.9987569,0.000859869
monsanto reiterates fiscal 2007 earnings view,positive,2,neutral,False,0.5626747,0.0076881414,0.5626747,0.4296372
"countrywide laying off more than 2,500 employees",negative,0,negative,True,0.9991358,0.9991358,0.00059164694,0.00027259276
"disney profit up on studio, revs short of wall st",neutral,1,positive,False,0.9968832,0.00084868376,0.0022680648,0.9968832
colgate profit rise meets view growth to continue,positive,2,positive,True,0.9968335,0.001261651,0.0019048364,0.9968335
factbox-key facts about enrons skilling,neutral,1,neutral,True,0.98035353,0.018833438,0.98035353,0.0008130358
massachusetts subpoenas firms on subprime research,negative,0,negative,True,0.7978166,0.7978166,0.1973994,0.0047840034
judge says enron suit can proceed,negative,0,neutral,False,0.57641906,0.40663546,0.57641906,0.016945492
fired wal-mart worker says he felt pressured report,negative,0,negative,True,0.6705743,0.6705743,0.3263624,0.0030632997
"tankan sentiment dips slightly, boj seen on hold",negative,0,negative,True,0.99855334,0.99855334,0.001076325,0.0003703369
citi to announce china bank deal thursday sources,positive,2,neutral,False,0.9987208,0.00039430638,0.9987208,0.00088487484
google earth patent infringement suit dismissed,positive,2,positive,True,0.97968984,0.00096412306,0.01934605,0.97968984
unitedhealth to affirm outlook,positive,2,neutral,False,0.9876413,0.00047935592,0.9876413,0.011879405
"carlyle, unison in $774 mln buyout of toshiba unit",neutral,1,neutral,True,0.9977448,0.0006778768,0.9977448,0.0015773717
qantas bid group says has 12.57 percent voting power,neutral,1,neutral,True,0.99858356,0.000558308,0.99858356,0.0008581556
freescale shareholders approve sale of company,positive,2,neutral,False,0.98306113,0.0013593144,0.98306113,0.015579649
dean foods to pay $2 billion dividend,positive,2,neutral,False,0.99765646,0.00056471006,0.99765646,0.0017787796
mortgage meltdown sinks more than those on edge,negative,0,negative,True,0.968222,0.968222,0.031058593,0.0007194696
lockheed wins $655 million in trident missile work,positive,2,neutral,False,0.9399543,0.00084065244,0.9399543,0.05920511
blackstone group eyeing intelsat report,neutral,1,neutral,True,0.9986444,0.00043299937,0.9986444,0.0009226755
judge dismisses case against dunn,positive,2,positive,True,0.6008781,0.0135924835,0.38552943,0.6008781
"exxon posts huge profit on high prices, output",positive,2,positive,True,0.99833447,0.00068660465,0.0009789253,0.99833447
oil vaults above $60 on u.s. energy snags,negative,0,positive,False,0.99731207,0.0015462822,0.0011417016,0.99731207
station casinos accepts $5.5 bln offer report,positive,2,neutral,False,0.99759907,0.00062773755,0.99759907,0.0017731084
marsh mclennan quarterly earnings soar,positive,2,positive,True,0.9982408,0.000368135,0.0013910332,0.9982408
african ministers say wolfowitz a visionary,neutral,1,neutral,True,0.9976434,0.00095594855,0.9976434,0.0014006459
instant view bernanke comments help u.s. stocks,positive,2,positive,True,0.9535168,0.0057504196,0.040732734,0.9535168
workers end four-day strike at freeport indonesia,positive,2,positive,True,0.73167706,0.06274265,0.20558031,0.73167706
"wal-mart recalls 56,000 stuffed toys",negative,0,negative,True,0.99693334,0.99693334,0.0027450814,0.00032161365
bush says budget will limit non-defense spending,neutral,1,neutral,True,0.9943473,0.0016925824,0.9943473,0.003960201
u.s. court cuts exxon valdez damages by $2 billion,positive,2,positive,True,0.9656424,0.008484851,0.025872733,0.9656424
microsoft starts test of new voip server,positive,2,neutral,False,0.998351,0.0004934271,0.998351,0.001155608
colgate beats street view but net slips on charges,neutral,1,negative,False,0.80272955,0.80272955,0.19548781,0.0017827088
"russia, belarus sign gas deal",positive,2,positive,True,0.6120033,0.0014385467,0.38655812,0.6120033
"comcast profit rises on subscribers, one-time gain",positive,2,positive,True,0.99892104,0.0004866184,0.0005923851,0.99892104
gm u.s. december sales down 9.6 pct,negative,0,negative,True,0.9994337,0.9994337,0.00035068818,0.00021561925
ford ceo jury out on european premium brands,neutral,1,neutral,True,0.99777323,0.00060395687,0.99777323,0.0016226949
u.s. senate confirms sommers as cftc commissioner,neutral,1,neutral,True,0.9979215,0.0006929808,0.9979215,0.0013854919
hasbro posts quarterly profit,positive,2,neutral,False,0.6388416,0.0025242467,0.6388416,0.35863414
cnmv confirms 6-mth ban on enel/acciona endesa bid,negative,0,negative,True,0.9937417,0.9937417,0.0057475413,0.0005106533
ex-deutsche bank exec charged with $13.4 million fraud,negative,0,neutral,False,0.5063891,0.48889965,0.5063891,0.0047112727
"tjx says system breached, customer data stolen",negative,0,negative,True,0.99716055,0.99716055,0.0024925566,0.0003468222
"corrected saudi shortlists verizon, pccw for fixed-line auction",positive,2,neutral,False,0.99840754,0.00057469285,0.99840754,0.0010177508
u.s. gasoline over $3 looms this summer,negative,0,negative,True,0.90825534,0.90825534,0.025696315,0.06604835
update 3-mexican government backs creation of wal-mart bank,positive,2,neutral,False,0.99794704,0.0008995448,0.99794704,0.0011534555
stock option backdating scandal could grow report,negative,0,negative,True,0.8707239,0.8707239,0.12745352,0.0018225708
boeing wins another multibillion-dollar order,positive,2,neutral,False,0.8446598,0.0012808422,0.8446598,0.15405942
cbs in ad-backed deal with youtube for basketball,positive,2,neutral,False,0.991491,0.0011261378,0.991491,0.0073828604
consumer sentiment at 8-month low survey,negative,0,negative,True,0.9992367,0.9992367,0.0004847364,0.00027862444
circuit city to open new prototype storeexec,neutral,1,neutral,True,0.9980288,0.0004708021,0.9980288,0.0015003775
nasdaq unlikely to increase offer for lse source,negative,0,neutral,False,0.9977012,0.0014960658,0.9977012,0.0008026722
corrected ge and blackstone to buy phh for $1.8 bln,neutral,1,neutral,True,0.9892209,0.00082044606,0.9892209,0.009958724
monster fires suspended general counsel,negative,0,neutral,False,0.9941977,0.0051453314,0.9941977,0.00065691647
outback steakhouse parent to go private,neutral,1,neutral,True,0.99744475,0.0016465073,0.99744475,0.0009087438
blockbuster agrees to sell rhino to gamestop,neutral,1,neutral,True,0.99771655,0.0009621294,0.99771655,0.0013213796
"bush tours gm, ford plants, touts alternative fuels",neutral,1,neutral,True,0.9986149,0.00051921885,0.9986149,0.00086578535
dutch court halts abns lasalle sale,negative,0,neutral,False,0.98221934,0.013067363,0.98221934,0.0047132922
safran surges on motorola interest in mobile arm,positive,2,positive,True,0.98632276,0.001909948,0.011767263,0.98632276
corus ceo defends tata steel takeover bid,positive,2,neutral,False,0.99697423,0.0011064124,0.99697423,0.0019194275
"december incomes, spending rose as expected",positive,2,positive,True,0.99766916,0.0005786748,0.0017521422,0.99766916
tribune employees to pay takeover bill for zell,negative,0,neutral,False,0.9972994,0.0011145233,0.9972994,0.0015861249
shareholder vote to set fate of take-two board,neutral,1,neutral,True,0.9979213,0.0007313905,0.9979213,0.001347299
"oil falls on weather, iran bristles at sanctions",negative,0,negative,True,0.9991769,0.9991769,0.00064910966,0.00017390774
"riskier assets hit again, investors fret over yen",negative,0,negative,True,0.9848347,0.9848347,0.014018576,0.0011467437
harrahs to be acquired for $16.7 billion paper,positive,2,neutral,False,0.99814856,0.0006856073,0.99814856,0.0011658515
lennar profit drops 73.4 percent,negative,0,negative,True,0.99942374,0.99942374,0.0003092775,0.00026694997
intelsat up for sale sources,neutral,1,neutral,True,0.9978787,0.0012307516,0.9978787,0.00089064415
"hertz to cut 1,350 jobs, sees 1st-quarter charge",negative,0,negative,True,0.99919003,0.99919003,0.0005280469,0.00028190663
cisco sees 24-25 pct rise in fiscal q2 revenue,positive,2,positive,True,0.9984479,0.0009502719,0.00060177257,0.9984479
"caremark favors cvs pact, rebuffs express scripts",neutral,1,neutral,True,0.9965268,0.0012137634,0.9965268,0.0022594864
toy industry could face 2006 sales decline,negative,0,negative,True,0.999398,0.999398,0.0003971717,0.00020476452
barcap to maintain 15-20 pct growth after abn deal,positive,2,positive,True,0.98533857,0.0009870328,0.013674436,0.98533857
pge posts lower fourth-quarter earnings,negative,0,negative,True,0.99939275,0.99939275,0.0003799858,0.00022729514
onex and goldman in talks for raytheon unit source,neutral,1,neutral,True,0.997595,0.00062696676,0.997595,0.0017779728
hsbc shares at 9-month low on bad debt,negative,0,negative,True,0.9992549,0.9992549,0.000498654,0.00024648837
pier 1 december sales down 10.7 percent,negative,0,negative,True,0.9994423,0.9994423,0.00032019994,0.00023745319
abn amro to cut 900 north american jobs,negative,0,negative,True,0.9989373,0.9989373,0.0007946579,0.00026804552
"peugeot to unveil strategy in may, sept",neutral,1,neutral,True,0.9987399,0.00050053035,0.9987399,0.0007595704
wal-mart sees nov same-store sales flat,neutral,1,negative,False,0.99300367,0.99300367,0.006430237,0.000566029
viacom lawsuit could imperil internet models,negative,0,negative,True,0.99703145,0.99703145,0.0025932833,0.00037517474
biggest bond investors bet on rate cut,positive,2,neutral,False,0.98756486,0.006597366,0.98756486,0.005837709
carlyle to buy a goodyear unit for $1.48 bln,neutral,1,neutral,True,0.9973193,0.00085302186,0.9973193,0.0018277055
bmw sees record 2007 sales after bumper 2006,positive,2,positive,True,0.9981681,0.00056439755,0.0012674899,0.9981681
"arnault, colony buy into carrefour, shares rise",positive,2,positive,True,0.9976707,0.00048216764,0.0018470784,0.9976707
clear channel bids due monday sources,neutral,1,neutral,True,0.99876714,0.0005125008,0.99876714,0.00072038855
smurfit-stone posts quarterly profit vs loss,positive,2,positive,True,0.99590683,0.0025324386,0.0015607481,0.99590683
"jobs data, asian marts to call stocks tune",neutral,1,neutral,True,0.99807894,0.00079419045,0.99807894,0.0011268283
fed beige book-moderate growth in most areas,positive,2,negative,False,0.77504885,0.77504885,0.14281407,0.082137026
disney unveils social networking for preteens,neutral,1,neutral,True,0.99865025,0.00042061784,0.99865025,0.0009291525
cvs net income rises 12.5 pct,positive,2,positive,True,0.9989458,0.0004955656,0.0005586548,0.9989458
exiting pfizer ceo to get $198 mln,neutral,1,neutral,True,0.99801826,0.0005443312,0.99801826,0.0014374147
lockheed martin ups forecast,positive,2,positive,True,0.9976422,0.00052153855,0.0018361858,0.9976422
delta exits bankruptcy after 19-month restructuring,positive,2,neutral,False,0.992847,0.005871976,0.992847,0.0012809164
xm gets doj request for sirius merger information,neutral,1,neutral,True,0.9987872,0.0004040461,0.9987872,0.00080869556
bt buys u.s. anti-hacking specialist counterpane,positive,2,neutral,False,0.9903999,0.0011875416,0.9903999,0.008412641
auto group expects higher fuels standards,neutral,1,neutral,True,0.98616934,0.0026899064,0.98616934,0.011140743
news corp sells 7.5 pct stake in fairfax,neutral,1,neutral,True,0.99792045,0.0012343284,0.99792045,0.0008452751
anti-globalization protesters march at essen g7,neutral,1,neutral,True,0.98665667,0.010825576,0.98665667,0.0025177563
global growth to cushion u.s. econ bloomberg,positive,2,positive,True,0.7008986,0.15689072,0.14221063,0.7008986
"nintendo exchanges wii straps, recalls ds adapters",negative,0,neutral,False,0.99695635,0.0014505503,0.99695635,0.0015930868
"november retail sales rise, but growth slows",neutral,1,neutral,True,0.97059435,0.018347977,0.97059435,0.011057664
"actavis, torrent seen top merck unit bidders paper",neutral,1,neutral,True,0.97062165,0.0010546658,0.97062165,0.028323766
exchanges mark fords death with january 2 close,neutral,1,neutral,True,0.99863714,0.0006959238,0.99863714,0.00066691934
"fbi to warn borrowers, lenders on mortgage fraud",negative,0,neutral,False,0.9162834,0.08025199,0.9162834,0.003464555
vivendi 2006 net adjusted profit meets target,positive,2,positive,True,0.99263215,0.0010447972,0.0063230884,0.99263215
gold miner newmonts quarterly profit soars,positive,2,positive,True,0.9986786,0.00053919153,0.0007821427,0.9986786
eu says record firms force itunes to limit access,negative,0,neutral,False,0.8379362,0.16023402,0.8379362,0.001829808
"accenture beats profit estimates, raises forecast",positive,2,positive,True,0.9988242,0.00040436388,0.00077145576,0.9988242
"boeing, defense firms raise profit",positive,2,positive,True,0.99825853,0.0003444036,0.0013970557,0.99825853
u.s. urges lenders to help distressed homeowners,neutral,1,neutral,True,0.99171233,0.005886924,0.99171233,0.002400706
"home builders horton, meritage post lower sales",negative,0,negative,True,0.99924076,0.99924076,0.00055014604,0.00020918602
feds bernanke money supply unstable forecaster,neutral,1,negative,False,0.96140957,0.96140957,0.032873593,0.005716761
former westar ceo sentenced in bank fraud case,negative,0,neutral,False,0.9933316,0.0056333,0.9933316,0.001035047
new century somber as fired employees head home,negative,0,neutral,False,0.9612052,0.036231887,0.9612052,0.0025628763
apple pushes oricon to quit pc music downloads,negative,0,neutral,False,0.99317694,0.0025523098,0.99317694,0.004270817
so cal ed signs biggest u.s. wind contract,positive,2,positive,True,0.9833993,0.0012408986,0.015359878,0.9833993
australia regulator approves suncorp-promina merger,positive,2,neutral,False,0.9801319,0.00094898255,0.9801319,0.018919049
microsoft to face challenge over linux licenses,negative,0,negative,True,0.99630946,0.99630946,0.0033702801,0.00032024452
"jobless claims rise 18,000 in latest week",negative,0,negative,True,0.99224186,0.99224186,0.0031995901,0.0045586065
"home depot, wal-mart roll out smaller stores",neutral,1,neutral,True,0.99110997,0.0023149273,0.99110997,0.0065750927
update 4-mediaset eyes multibillion-euro prosiebensat.1 bid,neutral,1,neutral,True,0.997154,0.0010704425,0.997154,0.0017756004
opec may cut again at december meeting algeria,neutral,1,negative,False,0.9873469,0.9873469,0.011672264,0.0009807528
"boeing profit tops views, but forecast disappoints",negative,0,neutral,False,0.7917785,0.018006256,0.7917785,0.19021526
alltel steps up efforts to sell itself paper,positive,2,neutral,False,0.99604416,0.0014219618,0.99604416,0.0025338298
dell hires motorola executive for consumer unit,neutral,1,neutral,True,0.9984616,0.00042989064,0.9984616,0.0011085208
fed chairman bernankes testimony to congress,neutral,1,neutral,True,0.9989058,0.00057275,0.9989058,0.0005214613
wal-mart cutting managers at sams club,negative,0,neutral,False,0.9964618,0.0029511868,0.9964618,0.0005870978
yukos receiver says chevron eyes bankrupt firm,neutral,1,neutral,True,0.9662737,0.03239956,0.9662737,0.0013266543
three year sentence asked for indonesia newmont boss,negative,0,neutral,False,0.9907844,0.008099308,0.9907844,0.0011162567
amazon profit beats forecasts,positive,2,positive,True,0.99865025,0.0003502547,0.0009994681,0.99865025
wealthy housing markets shrug off subprime woes,positive,2,positive,True,0.7720214,0.008338916,0.21963969,0.7720214
"global markets-oil drops below $50, stocks fall on apples view",negative,0,negative,True,0.9994041,0.9994041,0.0003824678,0.00021353581
"hercules preliminary q1 earnings, revenue rise",positive,2,positive,True,0.99886984,0.0005123109,0.0006177947,0.99886984
dow jones options trading jumps before murdoch bid,neutral,1,positive,False,0.46468362,0.09673663,0.43857968,0.46468362
thomas cook to buy rival mytravel,neutral,1,neutral,True,0.9971355,0.00061632076,0.9971355,0.002248107
murdoch says may offer myspace on japan cellphones,neutral,1,neutral,True,0.9983536,0.0007029417,0.9983536,0.0009435411
"mills to weigh offer from simon, farallon",neutral,1,neutral,True,0.99819654,0.00055035605,0.99819654,0.0012531602
lockheed wins id card contract for u.s. ports report,positive,2,positive,True,0.91476786,0.0013056248,0.08392645,0.91476786
mylan raising nearly $1 billion in offerings,neutral,1,neutral,True,0.9925835,0.0017375427,0.9925835,0.005678961
dow ends at record high texas instruments off late,positive,2,positive,True,0.6173854,0.33589736,0.046717223,0.6173854
risks rise in credit and financial market imf,negative,0,negative,True,0.9334533,0.9334533,0.05225178,0.01429488
"alberto-culver cfo to retire, sally spin completed",neutral,1,neutral,True,0.9981616,0.00068864867,0.9981616,0.0011497454
stock options fall out of favor in u.s. paper,negative,0,negative,True,0.9910256,0.9910256,0.008417482,0.0005568592
uks prudential says rejected approach for egg,neutral,1,neutral,True,0.9897962,0.007948739,0.9897962,0.0022550935
"greenspan changes tune, wall street cries foul",negative,0,neutral,False,0.55039245,0.447904,0.55039245,0.0017035359
daimlerchrysler lowers stake in airbus parent,neutral,1,neutral,True,0.9944576,0.0047051343,0.9944576,0.0008371397
"smorgon, onesteel trading halted",neutral,1,negative,False,0.9846907,0.9846907,0.014793445,0.00051584095
"racing boss, ford set to unveil aston martin sale",neutral,1,neutral,True,0.9987513,0.0005909698,0.9987513,0.00065771455
uaw presses daimler to call off chrysler sale,negative,0,neutral,False,0.9962446,0.00075670535,0.9962446,0.0029986533
"yen reflects fundamentals, bears watching paulson",neutral,1,neutral,True,0.96095073,0.035393585,0.96095073,0.0036556558
dow ends at record high,positive,2,positive,True,0.98074627,0.016322263,0.0029314891,0.98074627
"sandisk posts quarterly loss, shares fall",negative,0,negative,True,0.9994529,0.9994529,0.00034457404,0.00020249122
icahn ends bid for reckson,negative,0,neutral,False,0.99800295,0.0005059367,0.99800295,0.0014910194
jj wins ruling in boston scientific patent case,positive,2,positive,True,0.9785074,0.0016864472,0.01980617,0.9785074
update 6-russia warns europe of gas row with belarus,negative,0,neutral,False,0.87235177,0.12408427,0.87235177,0.0035639768
ups says it is offering voluntary buyouts to 650 workers,negative,0,neutral,False,0.7666229,0.00227593,0.7666229,0.23110114
northwest air says close to mesaba takeover,neutral,1,neutral,True,0.99679846,0.0007313442,0.99679846,0.002470219
bernanke says savings rates feed imbalances,neutral,1,negative,False,0.9911827,0.9911827,0.007567347,0.0012500039
abbott to keep at least 2 diagnostics units source,neutral,1,neutral,True,0.9979576,0.00048807487,0.9979576,0.0015542622
"job growth, hourly earnings jump in december",positive,2,positive,True,0.9988319,0.0005948806,0.0005731782,0.9988319
"deltas comair, pilots union try to buy more time",neutral,1,neutral,True,0.9955949,0.0011988838,0.9955949,0.0032062687
gm cuts work at 2 plants after talks fail wsj,negative,0,negative,True,0.999131,0.999131,0.0007016709,0.00016731591
judge refuses to block exit pay of ex-home depot ceo,negative,0,neutral,False,0.9928028,0.0021562527,0.9928028,0.005040907
praxair first-quarter earnings climb,positive,2,positive,True,0.9988589,0.00043446248,0.0007066362,0.9988589
salmonella outbreak widens to 41 states,negative,0,negative,True,0.9418914,0.9418914,0.05586603,0.002242618
"happy days for u.s. diners, survey finds",positive,2,neutral,False,0.5685222,0.0023156404,0.5685222,0.42916206
philips drops stroboscopic backlight for flat tvs,negative,0,neutral,False,0.9981799,0.0008591905,0.9981799,0.0009608803
sony to raise $2.5 bln in financial arm ipo paper,neutral,1,neutral,True,0.9957878,0.001520422,0.9957878,0.0026918377
"nasdaq up on cisco, oil curbs dow disney up late",positive,2,positive,True,0.99829537,0.0007395605,0.00096511253,0.99829537
gold slides 2 percent on stock losses,negative,0,negative,True,0.9994549,0.9994549,0.00028802763,0.00025710664
"sirius, xm to offer reduced price plan after deal",neutral,1,neutral,True,0.9968843,0.0013573266,0.9968843,0.0017582986
cvs sees closing caremark merger in 1st quarter,positive,2,neutral,False,0.99849856,0.0005561696,0.99849856,0.0009452201
investors to press congress on warming,neutral,1,neutral,True,0.9950478,0.0017753425,0.9950478,0.0031768181
stocks flat midwest growth slows and oil rises,negative,0,negative,True,0.57629937,0.57629937,0.37900406,0.0446966
nissan says 775 u.s. factory workers take buyouts,negative,0,positive,False,0.90201086,0.004540033,0.093449086,0.90201086
bg says to buy connecticut power plant,positive,2,neutral,False,0.9971334,0.00067016867,0.9971334,0.0021964796
"best buy, nucor lead decline",negative,0,neutral,False,0.9636594,0.01356723,0.9636594,0.022773342
"northrop names new cfo, names wesley bush as coo",neutral,1,neutral,True,0.99845946,0.00058644783,0.99845946,0.00095414085
"d.r. horton orders down 37 pct, spring sales weak",negative,0,negative,True,0.99937123,0.99937123,0.00037160385,0.0002572053
vw brand chief considers resigning report,negative,0,neutral,False,0.9982034,0.0010031002,0.9982034,0.00079346955
asterisk marked conrad blacks payment witness,neutral,1,neutral,True,0.99818605,0.0011496491,0.99818605,0.00066433026
charter communications posts wider quarterly loss,negative,0,negative,True,0.99935335,0.99935335,0.0004194674,0.00022718888
welch says clear new york times wont sell globe,neutral,1,neutral,True,0.8720641,0.018523114,0.8720641,0.10941272
yum shares fall after downgrade,negative,0,negative,True,0.99933904,0.99933904,0.0004477413,0.00021323725
gannett may sell uk unit newsquest paper,neutral,1,neutral,True,0.9977003,0.0012548394,0.9977003,0.0010448442
ex-cendant chairman gets over 12 years in prison,negative,0,neutral,False,0.90210795,0.09346684,0.90210795,0.0044252197
radios stern registers to sell $83 mln in stock,neutral,1,neutral,True,0.880315,0.1113005,0.880315,0.008384561
"g. thornton quits as accredited, fremont auditor",negative,0,neutral,False,0.9939177,0.0053813267,0.9939177,0.0007009235
"citigroup names transactions chief, combines units",neutral,1,neutral,True,0.99887604,0.00041863837,0.99887604,0.00070522877
"gm, ford offering year-end sales incentives",neutral,1,neutral,True,0.9895726,0.0006993106,0.9895726,0.009728101
ex-enron officials get probation after cooperating,negative,0,neutral,False,0.9947488,0.001492249,0.9947488,0.003759007
dow 13k is no party for the overseas investor,negative,0,neutral,False,0.9701549,0.028543567,0.9701549,0.0013015446
kellogg posts lower profit as costs climb,negative,0,negative,True,0.9993716,0.9993716,0.00038934126,0.00023910815
deals lift stock prices a bit,positive,2,positive,True,0.9766783,0.0017663352,0.021555398,0.9766783
airtran extends deadline for midwest to april 11,neutral,1,neutral,True,0.9887115,0.0069063473,0.9887115,0.0043821596
bush eyeing jpmorgans ryan for treasury post,neutral,1,neutral,True,0.9984296,0.0007192295,0.9984296,0.0008511777
medimmune 3rd-qtr loss narrows drug sales rise,positive,2,positive,True,0.9291733,0.059959073,0.010867643,0.9291733
iata raises 2007 airline profit forecast to $3.8 bln,positive,2,positive,True,0.99887186,0.0003867014,0.00074139045,0.99887186
u.s. home builders say housing slowdown continues,negative,0,negative,True,0.99756503,0.99756503,0.0017931365,0.00064180675
factbox warren buffett at a glance,neutral,1,neutral,True,0.9989617,0.00043569936,0.9989617,0.0006025153
goodyear expects to close texas plant in early 08,negative,0,neutral,False,0.9944212,0.00472759,0.9944212,0.00085130415
wamu tops lenders in some riskier loans wsj,negative,0,neutral,False,0.7443781,0.045130797,0.7443781,0.2104911
nasdaq says time up for recommended deal with lse,neutral,1,neutral,True,0.99758756,0.000528061,0.99758756,0.0018843929
about.com buys consumersearch.com for $33 mln,neutral,1,neutral,True,0.9964449,0.0009363388,0.9964449,0.0026187797
china southern airlines says back in black,positive,2,neutral,False,0.9926075,0.004337429,0.9926075,0.0030551152
apn accepts $2.2 billion independent bid,positive,2,neutral,False,0.9974969,0.0008868596,0.9974969,0.001616216
us fcc eases path for phone companies to offer tv,positive,2,neutral,False,0.9894952,0.0013453058,0.9894952,0.009159484
wal-mart outlines $1.1 bln in employee benefits,neutral,1,neutral,True,0.99460536,0.00068762456,0.99460536,0.004707081
gazprom says talks with belarus fail,negative,0,negative,True,0.7679496,0.7679496,0.22998731,0.002063125
"u.s. fuel supplies surge, crude stocks fall eia",neutral,1,positive,False,0.54121286,0.38970023,0.069086924,0.54121286
wal-mart launches new environmental initiative,neutral,1,neutral,True,0.99318826,0.00068981334,0.99318826,0.006121957
fire at calif chevron refinery limited official,negative,0,neutral,False,0.87482095,0.12059025,0.87482095,0.004588779
"applied materials profit triples, shares rise",positive,2,positive,True,0.9986848,0.0006490671,0.0006660772,0.9986848
warner and sony bmg invest in chinese mobile play,positive,2,neutral,False,0.997083,0.0006245012,0.997083,0.0022924752
smithfield foods reports lower profit,negative,0,negative,True,0.99934644,0.99934644,0.00043587113,0.00021769232
citigroup to buy bisys for $1.45 bln,neutral,1,neutral,True,0.9970366,0.00066925446,0.9970366,0.0022941746
"dean foods finds options errors, tightens forecast",negative,0,negative,True,0.7093953,0.7093953,0.28536963,0.00523503
fed can make progress on communication bernanke,neutral,1,neutral,True,0.98249143,0.0014714225,0.98249143,0.016037209
"stocks rise on optimism about tech, the economy",positive,2,positive,True,0.99879175,0.00038356084,0.0008246745,0.99879175
stock futures indicate higher opening,positive,2,positive,True,0.9931249,0.0008457547,0.006029411,0.9931249
shell sells l.a. refinery to tesoro,neutral,1,neutral,True,0.99759287,0.0011925871,0.99759287,0.0012145184
producer prices signal inflation risk,negative,0,negative,True,0.9963899,0.9963899,0.0024357694,0.001174271
pepsi bottling sees 2007 profit below view,negative,0,negative,True,0.9992673,0.9992673,0.00034286384,0.00038983318
ftc may sue to block western deal to buy giant,negative,0,negative,True,0.65456074,0.65456074,0.34225777,0.003181517
kkr says ups bid for britains boots,positive,2,neutral,False,0.99007696,0.00062569266,0.99007696,0.0092974175
ice welcomes cbots decision for talks on deal,positive,2,neutral,False,0.9974146,0.0004338041,0.9974146,0.0021516876
feds moskow does not rule out more us rate hikes,negative,0,neutral,False,0.99221087,0.0030865371,0.99221087,0.0047026183
"court rules for dell, microsoft in alcatel-lucent case",positive,2,neutral,False,0.7287943,0.017055176,0.7287943,0.25415057
judge extends deadline on delphi creditors talk,neutral,1,neutral,True,0.9899476,0.0067920885,0.9899476,0.003260232
harley-davidson raises quarterly dividend,positive,2,positive,True,0.6592571,0.0013215109,0.3394213,0.6592571
ibm opens business to support mortgage industry,neutral,1,neutral,True,0.99706167,0.00074684253,0.99706167,0.0021914635
merger boom gets lift,positive,2,positive,True,0.99526113,0.0005487544,0.004190123,0.99526113
payless shares soar after quarterly sales gain,positive,2,positive,True,0.99641705,0.0027840382,0.0007989209,0.99641705
earnings and cpi to drive stocks,neutral,1,positive,False,0.9609472,0.0011365578,0.03791625,0.9609472
pier 1 february same-store sales fall 8.4 percent,negative,0,negative,True,0.9993901,0.9993901,0.00036410108,0.000245798
applebees says review to take another 6-8 weeks,neutral,1,neutral,True,0.9979042,0.00089236227,0.9979042,0.0012034719
"wall st indexes climb on data sp tackles 1,500",positive,2,positive,True,0.99840194,0.00090175983,0.00069628225,0.99840194
wal-mart pays bonuses to hourly store workers,positive,2,positive,True,0.94505036,0.0011091699,0.053840447,0.94505036
ex-coca-cola aide found guilty in trade secrets case,negative,0,neutral,False,0.9833124,0.010136664,0.9833124,0.0065508597
"u.s., south korea near end of trade talks deal elusive",neutral,1,neutral,True,0.9100838,0.07833286,0.9100838,0.011583383
delta creditors back plan filing but weigh options,neutral,1,neutral,True,0.9974221,0.001460091,0.9974221,0.0011177448
"humana profit rises, medicare advantage helps",positive,2,positive,True,0.9986777,0.00046776043,0.00085457234,0.9986777
tribune to sell storied losing cubs team this year,neutral,1,neutral,True,0.998168,0.0010765451,0.998168,0.00075547415
factbox-new merger deals add to record ma year,positive,2,neutral,False,0.8923532,0.0010919735,0.8923532,0.10655482
cvs/caremark profit jumps as shares rise,positive,2,positive,True,0.9988636,0.00048908894,0.0006473916,0.9988636
"goldman, morgan stanley seek dominion deal wsj",neutral,1,neutral,True,0.99812156,0.000650178,0.99812156,0.0012283006
summary-boj tankan shows japan sentiment worsens slightly,negative,0,negative,True,0.998259,0.998259,0.0011218361,0.0006191486
mortgage woes seen holding us growth below trend,negative,0,negative,True,0.9987748,0.9987748,0.0008062217,0.00041894236
massachusetts aims to protect new century clients,neutral,1,neutral,True,0.9958616,0.0011517099,0.9958616,0.0029868123
"update 6-total q3 net profit tops forecasts, ups dividend",positive,2,positive,True,0.99859244,0.000679856,0.00072768616,0.99859244
s.koreas stx to invest additional $800 mln in china,positive,2,neutral,False,0.99046516,0.0009653749,0.99046516,0.008569469
nato approval not needed for missile shield says u.s.,neutral,1,neutral,True,0.97950715,0.0011610677,0.97950715,0.019331686
disk drive pioneer al shugart dies,neutral,1,neutral,True,0.9983633,0.0006475106,0.9983633,0.0009890698
stocks fall on slower growth fears,negative,0,negative,True,0.9993807,0.9993807,0.00037803894,0.00024120665
"jobless claims plunged 26,000 last week",positive,2,positive,True,0.9985812,0.00085549755,0.0005632911,0.9985812
gm u.s. march sales down 7.7 percent,negative,0,negative,True,0.99943227,0.99943227,0.0003214401,0.0002462112
wyeth says alzheimer program a justified long-shot,neutral,1,neutral,True,0.9890476,0.0013055179,0.9890476,0.009646834
aol to announce five web broadband deals,positive,2,neutral,False,0.99868065,0.00029942807,0.99868065,0.0010198852
revlon posts third straight quarterly loss,negative,0,negative,True,0.9987765,0.9987765,0.0009239194,0.00029950705
potential buyers still eyeing palm source,neutral,1,neutral,True,0.995717,0.0018272455,0.995717,0.0024557891
"big three get march u.s. sales beating, toyota cheers",negative,0,positive,False,0.99784076,0.0004542046,0.0017050249,0.99784076
conocophillips earnings rise slightly,positive,2,positive,True,0.9984937,0.0005085127,0.0009978453,0.9984937
equity office approves blackstone offer,positive,2,neutral,False,0.99799913,0.00061637675,0.99799913,0.0013844353
morgan stanley taps roach as asia chairman,neutral,1,neutral,True,0.9986266,0.00056442554,0.9986266,0.00080905407
sec says changing compensation disclosure rules,neutral,1,neutral,True,0.99751365,0.0015216155,0.99751365,0.00096470636
afc enterprises ceo resigns,negative,0,neutral,False,0.99845445,0.0009521477,0.99845445,0.00059339165
"tepco, marubeni to buy mirant plants for $3.4 bln",neutral,1,neutral,True,0.9825974,0.0009171466,0.9825974,0.016485378
eads denies part of airbus for sale,neutral,1,neutral,True,0.9983146,0.0009346328,0.9983146,0.0007506834
cvc group tables bid for sainsbury paper,positive,2,neutral,False,0.9985606,0.0006286198,0.9985606,0.00081077515
hedge fund has alternative plan for delphi paper,neutral,1,neutral,True,0.9976707,0.00093244493,0.9976707,0.0013968596
dow ends at record as energy up on higher crude,positive,2,positive,True,0.9978104,0.0012967613,0.00089288584,0.9978104
siemens deal for ugs gets u.s. antitrust approval,positive,2,neutral,False,0.97156996,0.0014291921,0.97156996,0.027000807
blast hits imperial oil refinery in ontario paper,negative,0,negative,True,0.90654486,0.90654486,0.092337765,0.0011173557
fed sees cutting inflation as greatest concern,negative,0,neutral,False,0.9872186,0.0014705559,0.9872186,0.011310737
banks say plan european share trading platform,neutral,1,neutral,True,0.9967284,0.0006509814,0.9967284,0.0026205468
fleetwood posts q3 loss on low housing group shipments,negative,0,negative,True,0.9993432,0.9993432,0.00041447466,0.0002422971
jobs and data to call stocks year-end tune,neutral,1,neutral,True,0.9930542,0.00069881143,0.9930542,0.006246993
citigroup says no plans to sweeten nikko bid,neutral,1,neutral,True,0.9976968,0.00093533576,0.9976968,0.001367893
independent record labels sign myspace deal,positive,2,neutral,False,0.9930843,0.001079229,0.9930843,0.005836494
chrysler spinoff seen as likely option,neutral,1,neutral,True,0.9981598,0.00078541855,0.9981598,0.001054744
"coke enterprises takes $2.9 bln charge, cuts jobs",negative,0,negative,True,0.9989606,0.9989606,0.00081692304,0.00022239362
"u.s. jobless claims rise, wholesale inventories drop",negative,0,positive,False,0.950904,0.029924149,0.019171847,0.950904
philip morris challenges smoker award in top court,neutral,1,neutral,True,0.75061977,0.24583864,0.75061977,0.0035416281
abn asks rbs for more details as legal battle brews,negative,0,neutral,False,0.9936992,0.0047693895,0.9936992,0.001531403
update 4-airbus gets go-ahead for new a350,positive,2,neutral,False,0.9066238,0.0012797453,0.9066238,0.092096515
quest software executive quits amid options probe,negative,0,neutral,False,0.99157363,0.0077418094,0.99157363,0.00068453484
"tom cruise, mgm to revive united artists studio",positive,2,neutral,False,0.997806,0.0005364211,0.997806,0.0016575867
barnes noble forecasts loss,negative,0,negative,True,0.9977386,0.9977386,0.0020580243,0.00020339059
airbus a380 woes push eads to q3 loss,negative,0,negative,True,0.99930453,0.99930453,0.00045677787,0.00023874875
circuit city cfo leaving to join petco,negative,0,neutral,False,0.998206,0.0008636961,0.998206,0.0009302989
"volkswagen recalls just over 300,000 passats",negative,0,negative,True,0.9983815,0.9983815,0.0012271832,0.00039133156
friedman billings to cut jobs at subprime unit,negative,0,negative,True,0.99836177,0.99836177,0.0014280331,0.00021023363
vonage says wont go out of business despite verdict,negative,0,neutral,False,0.99160767,0.0013013972,0.99160767,0.007090949
"el paso posts profit, but warns on gas output",negative,0,neutral,False,0.8728026,0.11056368,0.8728026,0.016633749
jobless claims post surprising drop last week,positive,2,positive,True,0.99742115,0.0013710494,0.0012077747,0.99742115
"continental, american balk at pilot rest rules report",negative,0,neutral,False,0.9926691,0.0056811795,0.9926691,0.0016497595
citigroup raises offer for japans nikko by 26 pct,positive,2,neutral,False,0.88239264,0.0036046896,0.88239264,0.11400261
forbes list shows rich getting richer,neutral,1,neutral,True,0.99690837,0.0005780019,0.99690837,0.0025135635
april consumer sentiment at 7-month low umich,negative,0,negative,True,0.9991393,0.9991393,0.00053143466,0.00032922628
oil rises on opec jitters after 15 pct slide,negative,0,positive,False,0.98741966,0.011464393,0.0011159128,0.98741966
ford chief marketing officer to retire,neutral,1,neutral,True,0.99806327,0.0009722954,0.99806327,0.0009644631
bank of america could buy in midwest analyst,neutral,1,neutral,True,0.79363054,0.0019997119,0.79363054,0.20436978
ntl set to bid mostly in cash for itv source,positive,2,neutral,False,0.99794096,0.0006921528,0.99794096,0.0013669463
merrill lynch eyes bid for canwest ten stake source,neutral,1,neutral,True,0.99814844,0.0011030361,0.99814844,0.0007485894
drugmakers face $140 bln patent loss report,negative,0,negative,True,0.9992391,0.9992391,0.0005030912,0.0002579049
airbus a380 superjumbo jet lands in u.s.,positive,2,neutral,False,0.99670106,0.0010898536,0.99670106,0.0022090487
kellogg earnings up on strong sales,positive,2,positive,True,0.9988601,0.00046003243,0.0006798333,0.9988601
martha stewart loss widens on charge,negative,0,negative,True,0.91909957,0.91909957,0.079834804,0.0010656805
goldman to buy s.korea asset manager from macquarie,positive,2,neutral,False,0.9969451,0.0006693201,0.9969451,0.0023855753
coke ceo sees strong growth despite n. america lag,positive,2,positive,True,0.99548775,0.00055347447,0.0039587514,0.99548775
yahoo to provide search on viacom web sites,positive,2,neutral,False,0.9986902,0.00048202026,0.9986902,0.0008277896
cisco to buy web conference co. webex for $2.9 bln,positive,2,neutral,False,0.9972172,0.0006751178,0.9972172,0.002107731
verizon earnings fall but wireless beats forecasts,negative,0,neutral,False,0.9613496,0.021226335,0.9613496,0.017424079
merck wins vioxx trial in alabama state court,positive,2,positive,True,0.71369296,0.004781155,0.28152585,0.71369296
mexican companies agree to cap tortilla prices,neutral,1,neutral,True,0.9816388,0.0031209849,0.9816388,0.01524029
"jana asks alcoa to call off alcan bid, ponder sale",neutral,1,neutral,True,0.9982668,0.0007111002,0.9982668,0.0010221543
google enters tv ad sales market with echostar,positive,2,neutral,False,0.99540305,0.00083921803,0.99540305,0.0037577888
goodyear workers ratify three-year contract,positive,2,positive,True,0.9219118,0.0037676175,0.0743206,0.9219118
logitech shares fall after 2007/8 sales miss target,negative,0,negative,True,0.9994574,0.9994574,0.00030001896,0.00024259879
microsoft profit rises 11 pct,positive,2,positive,True,0.9989448,0.00041948666,0.0006356649,0.9989448
update 6-schneider to buy apc for $6.1 billion,positive,2,neutral,False,0.9973815,0.0006137746,0.9973815,0.0020047217
dupont flips to profit on strong pricing,positive,2,positive,True,0.9959884,0.0018510467,0.0021604851,0.9959884
u.s. april auto sales stall,negative,0,negative,True,0.9992601,0.9992601,0.00050916034,0.00023073713
ibm profit rises 11 percent but shares drop,negative,0,neutral,False,0.7969023,0.009931427,0.7969023,0.19316627
wal-mart faces must-win december after weak november,negative,0,neutral,False,0.9541038,0.027933475,0.9541038,0.017962595
secs cox defends compensation disclosure change,neutral,1,neutral,True,0.99724007,0.0016418629,0.99724007,0.0011180403
honda q3 up but disappoints amid tough competition,negative,0,neutral,False,0.9809591,0.015907874,0.9809591,0.003133071
socal grocery workers walk out of contract talks,negative,0,negative,True,0.9776678,0.9776678,0.020915292,0.0014169164
gm says strong euro bad for opel sales in u.s.,negative,0,negative,True,0.9991949,0.9991949,0.0005088121,0.00029628072
rj reynolds says no added nicotine in its cigarettes,neutral,1,neutral,True,0.9982486,0.00052776176,0.9982486,0.0012236938
us airways raises offer for delta air lines,positive,2,neutral,False,0.9972293,0.00057215587,0.9972293,0.0021985972
"sterling at 14-yr high vs weak dollar, stocks up",positive,2,positive,True,0.99741983,0.0017365258,0.00084365223,0.99741983
"williams-sonoma affirms forecast, cautious on 2007",neutral,1,neutral,True,0.9332306,0.039251383,0.9332306,0.027518088
texas house bill avoids more scrutiny of txu sale,positive,2,neutral,False,0.9953629,0.0014998243,0.9953629,0.0031372511
take-two investors plan board takeover,negative,0,neutral,False,0.9974674,0.0012895482,0.9974674,0.0012430236
bernanke budget action needed before storm,negative,0,neutral,False,0.9975846,0.0015206247,0.9975846,0.0008947413
tci urges abn amro to back rbs group bid proposal,neutral,1,neutral,True,0.99670106,0.0009643015,0.99670106,0.0023346173
"technology, globalization changing retail landscape",neutral,1,neutral,True,0.99783057,0.0011172591,0.99783057,0.0010520874
january service growth strongest in 8 months,positive,2,positive,True,0.9974031,0.0011304488,0.0014664629,0.9974031
wendys 4th-quarter net down 90 percent,negative,0,negative,True,0.9994137,0.9994137,0.0003090863,0.00027723445
jobs auction points to subdued gain in employment,negative,0,negative,True,0.8546987,0.8546987,0.13835256,0.006948803
microsoft to defer $1.5 billion in sales to third quarter,neutral,1,negative,False,0.89891535,0.89891535,0.09768774,0.0033969933
"tribune looking at offers, may pursue own action",neutral,1,neutral,True,0.9967625,0.00091985444,0.9967625,0.0023176835
"stocks down on higher oil, housing woes",negative,0,negative,True,0.99937326,0.99937326,0.0004167479,0.00021007266
mexicos cemex ups bid for rinker,positive,2,neutral,False,0.9974884,0.00060597446,0.9974884,0.0019056781
aids drugs sales seen topping $10 billion by 2015,positive,2,positive,True,0.9886339,0.0010338359,0.010332307,0.9886339
murdochs dow bid sparks european focus on content,positive,2,neutral,False,0.8273645,0.16586241,0.8273645,0.0067730485
nasdaqs offer for london stock exchange lapses,negative,0,neutral,False,0.9978667,0.0013502196,0.9978667,0.0007830683
new coo for citigroup,neutral,1,neutral,True,0.99828255,0.0006869983,0.99828255,0.0010304381
major economies promise to reduce imbalances,positive,2,neutral,False,0.9297017,0.0018856286,0.9297017,0.06841273
"dow jones awards bonuses to ceo, journal publisher",neutral,1,neutral,True,0.9640291,0.000815301,0.9640291,0.0351557
zucker takes helm at nbc universal,neutral,1,neutral,True,0.99822193,0.00075865106,0.99822193,0.001019498
stock futures signal soft start dollar drops,negative,0,negative,True,0.9987233,0.9987233,0.0008272528,0.00044941454
nasdaq says lse offer deadline extended,neutral,1,neutral,True,0.9685062,0.01219321,0.9685062,0.019300638
ge to buy sanyo credit for $1.1 billion,positive,2,neutral,False,0.9976173,0.00079273526,0.9976173,0.0015898586
krispy kreme posts narrower loss,positive,2,positive,True,0.9981337,0.00061298866,0.0012533502,0.9981337
gasoline prices rise to $2.22/gallon survey,negative,0,positive,False,0.9416583,0.04433682,0.014004852,0.9416583
apax in lead for buyout of claires report,neutral,1,neutral,True,0.941668,0.0011044975,0.941668,0.057227537
global banks to make wire transfers easier to track,positive,2,neutral,False,0.99591833,0.0007642089,0.99591833,0.0033174728
u.s. subprime spiral poses biggest investor risk lehman,negative,0,negative,True,0.99841344,0.99841344,0.0012844447,0.00030202395
"disney profit more than doubles on dvds, e sale",positive,2,positive,True,0.9957948,0.0006403278,0.0035649235,0.9957948
"bae, carlyle bid for uk nuclear dockyard source",neutral,1,neutral,True,0.99859995,0.0005693797,0.99859995,0.00083069527
ual chief says industry mergers still possible,neutral,1,neutral,True,0.9971414,0.00031205497,0.9971414,0.0025465032
fresh airbus strikes ahead of shareholder meeting,negative,0,neutral,False,0.996298,0.0021569584,0.996298,0.0015450482
countrywide april loans up 11 percent,positive,2,positive,True,0.9899921,0.0046281135,0.0053798347,0.9899921
mylan wins u.s. approval for zoloft generic,positive,2,positive,True,0.99442554,0.00043722743,0.005137176,0.99442554
alcatel-lucent wins $6 bln verizon wireless deal,positive,2,neutral,False,0.77129155,0.0024225807,0.77129155,0.22628589
bush to meet with detroit carmakers next week,neutral,1,neutral,True,0.9982053,0.00031155042,0.9982053,0.0014831932
chryslers u.s. sales up 2 percent,positive,2,positive,True,0.99883634,0.00042704662,0.00073665613,0.99883634
duke energy earnings fall,negative,0,negative,True,0.99930537,0.99930537,0.00041945427,0.0002751954
exclusive-myspace to speed overseas expansion in 07,positive,2,neutral,False,0.9305121,0.00078060036,0.9305121,0.068707354
gold and silver rally as dollar ails,positive,2,positive,True,0.9977697,0.0012015197,0.0010287311,0.9977697
u.s. companies prepare for bird flu pandemic,neutral,1,neutral,True,0.9931097,0.0040249107,0.9931097,0.00286537
barclays agrees to buy abn for $91 billion,positive,2,neutral,False,0.9967258,0.0006037516,0.9967258,0.0026704827
some consumers plan leaner holidays study,negative,0,neutral,False,0.90861076,0.08644882,0.90861076,0.0049404213
white house declines comment on stock market drop,negative,0,negative,True,0.9676793,0.9676793,0.031647574,0.0006730965
aol ceo says sales may shrink for two years -paper,negative,0,negative,True,0.9994142,0.9994142,0.00034674586,0.0002390953
mass. bill would make retailers pay for data leaks,negative,0,neutral,False,0.976911,0.016718356,0.976911,0.006370627
essar bids to buy out hutchison paper,positive,2,neutral,False,0.997743,0.0006640416,0.997743,0.001592912
white house says u.s. economic fundamentals strong,positive,2,positive,True,0.99657464,0.0003785607,0.0030468756,0.99657464
nestle confirms $5.5 bln gerber buy from novartis,positive,2,positive,True,0.7380441,0.0031667047,0.25878924,0.7380441
"gm to seek more cost cuts, including labor report",negative,0,neutral,False,0.9923228,0.0019438938,0.9923228,0.005733186
"att profit doubles, but wireless growth lags",positive,2,neutral,False,0.9754598,0.0063307094,0.9754598,0.018209489
philips to take over u.s. peripherals maker dlo,positive,2,neutral,False,0.9971734,0.0008401868,0.9971734,0.0019863169
home depot faces shareholder proposal on strategy,neutral,1,neutral,True,0.99729306,0.0013148747,0.99729306,0.0013920257
home loan demand rises as refinancing surges,positive,2,neutral,False,0.56109005,0.035264272,0.56109005,0.40364575
fire out at calif. chevron refinery 9 hrs later,neutral,1,neutral,True,0.90424395,0.09332013,0.90424395,0.0024359792
automakers say need action on weak yen,negative,0,neutral,False,0.9937091,0.0022094462,0.9937091,0.004081436
consumer prices flat in november,positive,2,neutral,False,0.993145,0.0048240433,0.993145,0.0020309745
scottish re posts loss sale deal possible in weeks,negative,0,neutral,False,0.99812335,0.0012218845,0.99812335,0.00065478403
intel quarterly profit helped by tax item,positive,2,positive,True,0.997747,0.00061498844,0.0016380324,0.997747
angered u.s. firm excludes thailand from new drugs,negative,0,neutral,False,0.9962619,0.0015562584,0.9962619,0.0021817721
taco bell parent says e.coli no longer in outlets,positive,2,neutral,False,0.85926664,0.13904895,0.85926664,0.0016844068
senior democrat says wolfowitz should step down,negative,0,neutral,False,0.99674064,0.0019667756,0.99674064,0.0012926864
"rite aid profit falls, sees coutu deal closing may",negative,0,negative,True,0.9993356,0.9993356,0.00044734476,0.00021706677
"eddie bauer profit, sales fall",negative,0,negative,True,0.9993399,0.9993399,0.0004261016,0.00023391825
"oil rallies towards $60 on nigeria, dollar",positive,2,positive,True,0.99828243,0.0010557103,0.0006619145,0.99828243
global aid ministers discuss wolfowitz controversy,negative,0,neutral,False,0.99808407,0.0011621811,0.99808407,0.00075378065
u.s. data may propel stocks higher,positive,2,positive,True,0.99855214,0.0005063655,0.00094148854,0.99855214
"jcdecaux 06 net up 4.1 pct, sees 07 revenue growth",positive,2,positive,True,0.998858,0.0005755924,0.000566395,0.998858
factbox-list of 91st pulitzer prizes,neutral,1,neutral,True,0.99888533,0.00043785633,0.99888533,0.00067677605
"hcc completes review, reports earnings",neutral,1,neutral,True,0.9989176,0.00041297523,0.9989176,0.00066941715
us airways ceo says delta offer stands,neutral,1,neutral,True,0.99694675,0.0008792277,0.99694675,0.0021740862
mcdonalds asia chief not satisfied with china unit,negative,0,neutral,False,0.97901237,0.0198018,0.97901237,0.0011857613
venezuela wants majority in orinoco oil projects,negative,0,neutral,False,0.9974076,0.0008467653,0.9974076,0.0017455928
blackstone wins eop battle for $23 billion,positive,2,neutral,False,0.99594647,0.0006794826,0.99594647,0.003374129
factbox-key facts on apples new iphone,neutral,1,neutral,True,0.998885,0.00039864675,0.998885,0.00071638025
nvidia posts higher quarterly profit,positive,2,positive,True,0.99870205,0.0002760999,0.0010218786,0.99870205
carlyle group plans $5.5 bln bid for taiwans ase,positive,2,neutral,False,0.9981773,0.0007009507,0.9981773,0.0011217035
s.korea to phase out u.s. beef import tariffs,positive,2,positive,True,0.8772162,0.0020903489,0.1206934,0.8772162
blackberry outage blamed on new storage feature,negative,0,negative,True,0.99420434,0.99420434,0.005455125,0.0003405278
"jobless claims fall 27,000",positive,2,positive,True,0.99822456,0.00097343425,0.00080195785,0.99822456
porsche more upbeat after vw impact boosts h1,positive,2,positive,True,0.996775,0.00043044967,0.002794567,0.996775
instant view march consumer confidence slips,negative,0,negative,True,0.9992962,0.9992962,0.00039845903,0.00030529185
ohio launches probe into student loan industry,negative,0,negative,True,0.99674785,0.99674785,0.002680593,0.00057154
former fannie mae executives to be sued by regulator,negative,0,negative,True,0.99744874,0.99744874,0.0022104362,0.0003407374
boyd could be next casino bid target -businessweek,positive,2,neutral,False,0.99789184,0.00034021973,0.99789184,0.0017679369
boeing sells 39 planes to ge unit for $5.3 billion,positive,2,neutral,False,0.99808806,0.0006249647,0.99808806,0.0012869096
like it rate it. yahoo buys polling site bix.com,neutral,1,neutral,True,0.98647064,0.0006428861,0.98647064,0.012886454
update 4-radioshack sees higher quarterly net shares jump,positive,2,positive,True,0.9969213,0.0009052619,0.0021734296,0.9969213
"shell still cool on ma, pessimistic on refining",negative,0,neutral,False,0.96243405,0.03495548,0.96243405,0.002610431
wall street journal names new managing editor,neutral,1,neutral,True,0.99868673,0.0005540246,0.99868673,0.00075923704
molex posts higher second-quarter net,positive,2,positive,True,0.9983961,0.00045733902,0.001146508,0.9983961
new century cuts freddie mac tie,negative,0,neutral,False,0.99222493,0.004272087,0.99222493,0.003502934
countrywide ends no down-payment lending,negative,0,neutral,False,0.98902273,0.005757431,0.98902273,0.0052198437
mcdonalds exploring options for boston market,neutral,1,neutral,True,0.99759525,0.00042236687,0.99759525,0.0019822773
"gnc agrees to be acquired by ares, pension plan",positive,2,neutral,False,0.997823,0.00056495704,0.997823,0.0016119856
federated store sales better than expected,positive,2,positive,True,0.99864715,0.0005823485,0.00077051244,0.99864715
"shares fall on tech worries, oil stocks",negative,0,negative,True,0.9993636,0.9993636,0.00042394138,0.00021240929
u.s. states oppose bailout to subprime lenders,negative,0,neutral,False,0.9863542,0.011034608,0.9863542,0.0026111018
bernanke allays subprime fears as beazer faces probe,neutral,1,neutral,True,0.7424627,0.2524141,0.7424627,0.00512319
lasalle would plug chicago gap for bank of america,positive,2,neutral,False,0.99797314,0.00058128155,0.99797314,0.0014455414
individual investors flock to booming china shares,positive,2,neutral,False,0.6021033,0.016136762,0.6021033,0.3817599
wendys ceo says review was boards decision,neutral,1,neutral,True,0.9988576,0.00043439027,0.9988576,0.0007080485
shares off on rate worry,negative,0,neutral,False,0.5000936,0.43056387,0.5000936,0.06934256
man posts 57 pct rise in q4 operating profit,positive,2,positive,True,0.9988875,0.0006093755,0.0005031365,0.9988875
"bce to complete review in q3, may privatize",neutral,1,neutral,True,0.9982845,0.00057575887,0.9982845,0.0011397445
ohio settles suit against time warner for $144 mln,negative,0,positive,False,0.99013937,0.0007413495,0.009119295,0.99013937
euronext sets nyse merger vote for december 19,neutral,1,neutral,True,0.998701,0.00059256033,0.998701,0.0007064294
home depot ties ceo pay to performance,neutral,1,neutral,True,0.9985372,0.00074176426,0.9985372,0.0007211544
private equity poised for car sector breakthrough,positive,2,neutral,False,0.9891082,0.0006889062,0.9891082,0.01020287
qualcomm says regulators may probe japan business,negative,0,negative,True,0.99854255,0.99854255,0.0011406639,0.000316758
delphi posts $132 million net loss for february,negative,0,negative,True,0.99559206,0.99559206,0.0036898686,0.0007180892
"national city profit down 30 pct, mortgages hurt",negative,0,negative,True,0.9994179,0.9994179,0.0003513499,0.00023075595
tui in talks with carnival to cooperate paper,neutral,1,neutral,True,0.96327055,0.0016967067,0.96327055,0.035032693
morgan stanley settles sex bias case for $46 mln,negative,0,positive,False,0.98961544,0.00078294653,0.009601607,0.98961544
vodafone vows not to pay over top for hutch essar,neutral,1,neutral,True,0.98910975,0.0024568113,0.98910975,0.008433501
strong drug sales boost novartis q1 net profit,positive,2,positive,True,0.9985844,0.00041212683,0.0010034764,0.9985844
bce dismisses buyout rumors and speculation,neutral,1,neutral,True,0.9978529,0.0005029182,0.9978529,0.0016442031
bush to meet with detroit executives next week,neutral,1,neutral,True,0.9984664,0.00032012805,0.9984664,0.0012134529
"citi to boost china staff, small business lending",positive,2,neutral,False,0.90686417,0.0014556297,0.90686417,0.09168014
levi strauss quarterly net profit rises,positive,2,positive,True,0.9988004,0.00035076687,0.0008487677,0.9988004
"oil has peaked, but wheres the data",neutral,1,neutral,True,0.8213469,0.039263003,0.8213469,0.13939014
amgen 1st-quarter profit up,positive,2,positive,True,0.9989022,0.00045115923,0.00064662925,0.9989022
"nigerian oilfield sieges end, shell resumes output",positive,2,positive,True,0.795293,0.07840744,0.12629959,0.795293
"new century can sell mortgages, make payments",positive,2,neutral,False,0.9980344,0.00054943166,0.9980344,0.0014161651
anywherecd sues warner music,negative,0,negative,True,0.9921748,0.9921748,0.007179661,0.0006455992
"wellpoint net up 27 pct, but cuts enrollment view",neutral,1,positive,False,0.95102,0.012185895,0.03679405,0.95102
bahrain takes full ownership of gulf air,neutral,1,neutral,True,0.997908,0.0006031712,0.997908,0.0014889266
"fiat, tata still in low-cost car talks-ceo",neutral,1,neutral,True,0.99393773,0.00075738964,0.99393773,0.005304882
consumer sentiment dips in march,negative,0,negative,True,0.9993469,0.9993469,0.00041219225,0.00024088127
microsoft eyes web ad firm 24/7 real media report,positive,2,neutral,False,0.99766386,0.00041158654,0.99766386,0.001924548
monster worldwide quarterly profit falls,negative,0,negative,True,0.99936694,0.99936694,0.00037970208,0.0002533792
worst of u.s. housing slowdown over wsj poll,positive,2,negative,False,0.9974331,0.9974331,0.0020773734,0.0004895833
wells fargo profit rises 13 pct on lending growth,positive,2,positive,True,0.9985428,0.0007239126,0.0007333105,0.9985428
murdoch says to keep wsj independent reports,neutral,1,neutral,True,0.99785894,0.0009881248,0.99785894,0.0011529286
zell revising bid for tribune report,neutral,1,neutral,True,0.9980716,0.0008018773,0.9980716,0.0011264659
"airbus delays restructuring, blames a350 rift",negative,0,negative,True,0.99591714,0.99591714,0.0038508896,0.00023198467
quotes from aerospace and defense summit,neutral,1,neutral,True,0.9990715,0.00041967834,0.9990715,0.0005087789
"g7 sees double, feeling force of emerging economies",neutral,1,positive,False,0.9335994,0.002897879,0.06350274,0.9335994
wrapup 3-u.s. trade gap narrows sharply in october,positive,2,positive,True,0.99764097,0.0011656326,0.0011934659,0.99764097
broadcom says jury finds no infringement of qualcomm patents,positive,2,positive,True,0.91421664,0.0013924041,0.08439098,0.91421664
"fed changed wording as growth, inflation uncertain",neutral,1,negative,False,0.987182,0.987182,0.0121677,0.0006502874
primedia sells 17 magazines to intermedia,neutral,1,neutral,True,0.99871886,0.0005022079,0.99871886,0.0007789591
daimler mum on report it seeks chrysler sale to gm,neutral,1,neutral,True,0.99845934,0.0007178188,0.99845934,0.00082277774
livedoor cfo gets 20-month jail term in fraud case,negative,0,negative,True,0.9354746,0.9354746,0.06072916,0.0037962762
oracle to buy hyperion for about $3 bln ny times,neutral,1,neutral,True,0.9966444,0.0011172243,0.9966444,0.0022383796
gm targets 2010 production for electric car,positive,2,neutral,False,0.99093866,0.0008715686,0.99093866,0.008189824
judge hits vonage with injunction,negative,0,negative,True,0.71805716,0.71805716,0.24540061,0.03654224
getting your report cards,neutral,1,neutral,True,0.9985393,0.0006249959,0.9985393,0.00083564024
china markets react calmly to hike,positive,2,positive,True,0.5603602,0.008408754,0.43123102,0.5603602
indias jet airways buys 10 boeing 787 aircraft,positive,2,neutral,False,0.9298344,0.0016010399,0.9298344,0.06856458
great-west life snags putnam for $3.9 bln,neutral,1,neutral,True,0.9966851,0.0008315928,0.9966851,0.0024833241
merrill to buy first republic for $1.8 bln,neutral,1,neutral,True,0.9976172,0.000569629,0.9976172,0.0018131825
citigroup 3 pct profit gain lags rivals,negative,0,negative,True,0.99711514,0.99711514,0.0014858961,0.0013989279
indexes jump as ma takes subprimes spotlight,positive,2,positive,True,0.9965334,0.0012231389,0.0022433894,0.9965334
delta seeks creditor help to fend off us air bid report,neutral,1,neutral,True,0.9838442,0.014488865,0.9838442,0.001667002
verizon reports strong subscriber grow,positive,2,positive,True,0.9977575,0.00040847858,0.0018340535,0.9977575
lufthansa sees eu mergers if u.s. talks fail ft,neutral,1,neutral,True,0.99646014,0.0016291494,0.99646014,0.001910645
chrysler ceo seeks deals to boost sales abroad wsj,positive,2,neutral,False,0.98974764,0.0005006833,0.98974764,0.009751649
hyundai motor to launch premium car in u.s. next yr,positive,2,neutral,False,0.99007905,0.0010580258,0.99007905,0.008862937
priceline profit up on higher bookings,positive,2,positive,True,0.99869895,0.00053721643,0.00076384685,0.99869895
sallie mae options trade heavy as rumors swirl,neutral,1,neutral,True,0.97553056,0.011547116,0.97553056,0.012922251
"sony ships 1 mln ps3s in japan,seen missing target",negative,0,negative,True,0.7072684,0.7072684,0.26533753,0.027394025
"rbs, fortis, santander eye break-up bid for abn",positive,2,neutral,False,0.9983871,0.00070905127,0.9983871,0.0009038709
"delta, northwest in merger talks report",neutral,1,neutral,True,0.99865496,0.00041521864,0.99865496,0.0009298284
microsoft hit with $1.52 billion patent suit damages,negative,0,negative,True,0.9983541,0.9983541,0.0011183342,0.000527612
volkswagen says not interested in chrysler,neutral,1,neutral,True,0.9963148,0.0018266469,0.9963148,0.0018584918
mcclatchy seen joining yahoo ad deal source,positive,2,neutral,False,0.99623966,0.00061285915,0.99623966,0.003147576
house vote nears on exec pay bill,neutral,1,neutral,True,0.9949419,0.0011942651,0.9949419,0.0038637898
feds moskow says jobs growth quite solid,positive,2,positive,True,0.998486,0.00041950538,0.0010944814,0.998486
u.s. steel profit up weak forecast hits stock,negative,0,negative,True,0.99920386,0.99920386,0.00037122602,0.0004248874
marsh could get good price for putnam wsj,positive,2,neutral,False,0.8180206,0.0022378457,0.8180206,0.17974158
"china, at energy summit, urges oil consumers to unite",neutral,1,neutral,True,0.99614453,0.0011497514,0.99614453,0.0027057016
qwest posts quarterly profit,positive,2,neutral,False,0.86325884,0.0023566894,0.86325884,0.1343845
standard life sells entire stake in corus,neutral,1,neutral,True,0.9972357,0.0017366367,0.9972357,0.0010277728
"kkr, carlyle join race for thomson unit source",neutral,1,neutral,True,0.9978011,0.0004933817,0.9978011,0.001705432
"centex, kb take charges",negative,0,negative,True,0.9764348,0.9764348,0.021976797,0.0015883553
google says not encroaching on broadcasters,neutral,1,neutral,True,0.9978225,0.0006110879,0.9978225,0.001566437
argonaut moves into bermuda by acquiring pxre,positive,2,neutral,False,0.9974849,0.00062560465,0.9974849,0.0018895093
mcafee profit rises on worldwide demand,positive,2,positive,True,0.99870694,0.0004482382,0.000844844,0.99870694
target says no plans to sell credit card business,neutral,1,neutral,True,0.9981694,0.0009431142,0.9981694,0.00088743086
oecd g7 indicator points to improved economic outlook,positive,2,positive,True,0.9979819,0.0006370005,0.0013810678,0.9979819
germanys man launches official offer for scania,neutral,1,neutral,True,0.99796534,0.0006097342,0.99796534,0.0014249812
mcdonalds feb sales top estimates,positive,2,positive,True,0.998049,0.00069266796,0.0012583608,0.998049
costco november same-store sales rise 5 percent,positive,2,positive,True,0.99884534,0.00042031443,0.0007343789,0.99884534
oil drops 2 pct as supply woes ease,neutral,1,negative,False,0.99911505,0.99911505,0.00048422322,0.00040064965
instant view january core prices up 0.3,negative,0,positive,False,0.99585646,0.0024362237,0.0017072893,0.99585646
warner music shares fall 8.6 pct after emi warning,negative,0,negative,True,0.9994204,0.9994204,0.0003496873,0.00022993429
event affects venezuela refinery,negative,0,neutral,False,0.52739155,0.47099364,0.52739155,0.0016147577
qantas ups profit forecast ahead of buyout vote,positive,2,positive,True,0.9960161,0.00045469982,0.0035292476,0.9960161
cummins says to more than double china sales,positive,2,positive,True,0.997401,0.00037861994,0.0022203976,0.997401
factory sector expands but home sales fall,neutral,1,neutral,True,0.96723294,0.020025987,0.96723294,0.012741096
airasia to order more airbus a320s report,positive,2,positive,True,0.92536503,0.0013289371,0.073306,0.92536503
u.s. welcomes agreement with eu to open air market,positive,2,neutral,False,0.89933485,0.00096683914,0.89933485,0.09969835
google to pay $3.1 bln for doubleclick ad business,positive,2,neutral,False,0.9943323,0.0005892913,0.9943323,0.005078351
delta air lines cleared to exit bankruptcy,positive,2,neutral,False,0.99433386,0.0027383012,0.99433386,0.0029278821
servicemaster accepts $4.7 bln bid from cdr,positive,2,neutral,False,0.9961123,0.00070300885,0.9961123,0.00318475
home sales drop in 2006 biggest in 17 years,negative,0,negative,True,0.99909973,0.99909973,0.0006117094,0.00028855476
wall st ponders tilt in fed balance,neutral,1,neutral,True,0.99501,0.0032544262,0.99501,0.0017355541
psa and fiat launch new utility vehicles,positive,2,neutral,False,0.9962985,0.00043059155,0.9962985,0.0032709527
factbox list of the worlds 20 richest people,neutral,1,neutral,True,0.9987525,0.0003377339,0.9987525,0.00090972526
"gannett, mcclatchy, tribune plan web ad network",positive,2,neutral,False,0.9985108,0.00054200325,0.9985108,0.0009473068
housing angst and fed on stocks agenda,negative,0,neutral,False,0.9872957,0.010020746,0.9872957,0.002683503
hp says senate seeks mercury options details,negative,0,neutral,False,0.997378,0.0014498468,0.997378,0.0011721868
pepsi to introduce higher-caffeine diet cola,neutral,1,neutral,True,0.9911499,0.0009737388,0.9911499,0.007876445
"u.s. recession cannot be ruled out, iadb warns latam",negative,0,negative,True,0.9975431,0.9975431,0.0017143153,0.0007425857
orkla says to form j-v in extrusion with alcoa,positive,2,neutral,False,0.9977927,0.0009940277,0.9977927,0.0012132352
update 2-nyse says floor trading system now operational,positive,2,neutral,False,0.97957647,0.0010707766,0.97957647,0.019352734
time warner weighs cable-tv ownership paper,neutral,1,neutral,True,0.99856806,0.0006987325,0.99856806,0.00073321577
boeing says dreamliner on schedule,positive,2,neutral,False,0.941518,0.00085474056,0.941518,0.05762733
sec seeks more control in settlement talks report,negative,0,neutral,False,0.99642974,0.0013558093,0.99642974,0.0022145116
key dealer sees chrysler holding pickup truck share,positive,2,neutral,False,0.97912586,0.006158193,0.97912586,0.014715944
palm cuts forecast on treo delay,negative,0,negative,True,0.99918586,0.99918586,0.0005100522,0.00030410895
berkshire hathaways general re life gets new ceo,neutral,1,neutral,True,0.99803203,0.0009347787,0.99803203,0.0010331916
bank of new york profit tops forecast as fees rise,positive,2,positive,True,0.9961253,0.0016047485,0.0022700033,0.9961253
national grid says u.s. authority approves keyspan bid,positive,2,neutral,False,0.9966737,0.00049514347,0.9966737,0.0028311594
"update 3-verizon, partners to build us-china optical cable",positive,2,neutral,False,0.98443353,0.0005069116,0.98443353,0.015059497
porsche not planning volkswagen takeover magazine,neutral,1,neutral,True,0.99883336,0.00042054735,0.99883336,0.00074611075
japan tobacco ceo a seasoned new kid on the block,neutral,1,neutral,True,0.99805474,0.0009010857,0.99805474,0.0010441164
morgan stanley auctions new century mtgs report,neutral,1,neutral,True,0.9984243,0.00066127884,0.9984243,0.0009144475
new york says grasso should return $112.2 million,negative,0,neutral,False,0.99794537,0.000479527,0.99794537,0.0015751292
att ceo whitacre to retire in june,neutral,1,neutral,True,0.998204,0.0008734553,0.998204,0.000922543
toyota joined the big three in 2006,positive,2,neutral,False,0.99730587,0.00037071155,0.99730587,0.0023234552
vodafone says in no hurry to sell verizon stake,neutral,1,neutral,True,0.99822134,0.00084445614,0.99822134,0.0009342523
ge to seek shareholder majority vote on directors,neutral,1,neutral,True,0.99754757,0.00082269975,0.99754757,0.0016297612
wall street to open down after china shares plunge,negative,0,negative,True,0.9994536,0.9994536,0.00033659846,0.00020982845
citigroup ceo declines comment on job cuts report,negative,0,negative,True,0.9710015,0.9710015,0.028517764,0.00048070552
uks prudential says has rejected approach for egg,neutral,1,neutral,True,0.9537299,0.04385741,0.9537299,0.0024127364
"ericsson q1 profit up 24 pct, still sees 07 growth",positive,2,positive,True,0.9984855,0.000904784,0.0006097158,0.9984855
fremont in talks to sell subprime unit,neutral,1,neutral,True,0.99829394,0.0007026973,0.99829394,0.0010033788
hormel posts profit just shy of wall street view,negative,0,negative,True,0.97399205,0.97399205,0.021496885,0.0045111
coller capital in talks to buy ritchie fund,neutral,1,neutral,True,0.9976419,0.00062636845,0.9976419,0.0017316777
core inflation likely drifting down feds mishkin,positive,2,negative,False,0.987336,0.987336,0.0076881708,0.0049758656
stocks to track black friday sales,neutral,1,neutral,True,0.99893004,0.0004441607,0.99893004,0.0006258218
stocks rally after fed holds rates steady,positive,2,positive,True,0.9978179,0.0011368674,0.0010452818,0.9978179
chrysler sees sharp overseas growth,positive,2,positive,True,0.9978916,0.00032339024,0.001784971,0.9978916
medimmune 1st-quarter profit more than triples,positive,2,positive,True,0.9980585,0.0012317708,0.00070976827,0.9980585
metlife expects 07 earnings to be below consensus,negative,0,negative,True,0.9993538,0.9993538,0.00036386706,0.00028236295
"anti-vw demo brings 15,000 to brussels streets",negative,0,neutral,False,0.9933129,0.004030721,0.9933129,0.0026563208
deere stock hits new high on outlook,positive,2,positive,True,0.99866104,0.0005294254,0.00080957403,0.99866104
cigarette makers divided as tobacco wars resume,negative,0,neutral,False,0.99352807,0.005000258,0.99352807,0.0014716793
tiffany holiday season same-store sales rise 7 pct,positive,2,positive,True,0.99879766,0.00048662722,0.00071566825,0.99879766
gold off 6-week low wary investors watch yen,neutral,1,negative,False,0.7140603,0.7140603,0.082588114,0.20335154
"fire at chevron refinery in richmond, california tv",negative,0,neutral,False,0.9657824,0.032153185,0.9657824,0.00206439
"euro, stocks enjoy post-christmas cheer",positive,2,positive,True,0.9975842,0.00063673576,0.0017790373,0.9975842
"nasdaq falls after intels results dow, sp dip",negative,0,negative,True,0.99942625,0.99942625,0.0003344698,0.0002393585
u.s. automakers could see national co2 standard,negative,0,neutral,False,0.9820196,0.0010798286,0.9820196,0.016900618
sainsbury sells 5 pct of sainsburys bank to hbos,neutral,1,neutral,True,0.99753165,0.0013475543,0.99753165,0.0011207307
frenzy of risky mortgages leaves path of destruction,negative,0,negative,True,0.84728855,0.84728855,0.15169965,0.00101188
gm ceo says not too worried about kerkorian,neutral,1,neutral,True,0.99709916,0.0013609343,0.99709916,0.0015398781
"halliburton, kbr split up",neutral,1,neutral,True,0.9974504,0.0014589528,0.9974504,0.0010906247
kroll to stay in iraq as it looks to sell uk unit,neutral,1,neutral,True,0.9978204,0.0009686658,0.9978204,0.0012108918
searching for the stars among fund managers,neutral,1,neutral,True,0.99891305,0.00048128777,0.99891305,0.00060559146
vonage shares hit new low after court ruling,negative,0,negative,True,0.9993838,0.9993838,0.00037159558,0.00024461155
coke reorganizes n. america beverages into 3 units,neutral,1,neutral,True,0.99840516,0.000795925,0.99840516,0.0007989788
united artists started with artists in lead role,neutral,1,neutral,True,0.9986307,0.00060758414,0.9986307,0.00076170627
chrysler set for two new michigan plants,positive,2,neutral,False,0.99769837,0.0003939671,0.99769837,0.0019076723
encore to pay $400 mln for wyoming properties,neutral,1,neutral,True,0.9976712,0.0006360489,0.9976712,0.0016927484
corrected fedex profit up but outlook disappoints stock off,negative,0,negative,True,0.5841896,0.5841896,0.28773493,0.1280755
"shares rise on deals, oil and techs",positive,2,positive,True,0.9981681,0.00055465545,0.0012772146,0.9981681
"cott says exploring potential deals, stock jumps",positive,2,positive,True,0.9928341,0.00048428064,0.006681605,0.9928341
prudential posts higher earnings in first quarter,positive,2,positive,True,0.9984931,0.00032234145,0.0011845727,0.9984931
french film producer sues google france,negative,0,negative,True,0.9983979,0.9983979,0.00126855,0.00033357076
citigroup woes provoke deal speculation,negative,0,neutral,False,0.8430112,0.15402476,0.8430112,0.0029641269
wrigley to raise prices an average 10 percent,positive,2,positive,True,0.7297997,0.008006148,0.26219422,0.7297997
electronic arts gains from console demand barrons,positive,2,positive,True,0.6472136,0.0020270534,0.35075933,0.6472136
oracle says to buy rival hyperion for $3.3 billion,positive,2,neutral,False,0.997068,0.0013225749,0.997068,0.0016094762
"federated to shut 3 distribution centers, cut jobs",negative,0,negative,True,0.99904984,0.99904984,0.0007600094,0.00019019115
nyse imposes trading curbs as stocks fall,negative,0,negative,True,0.99856704,0.99856704,0.0011720714,0.0002609904
air france and alitalia in tentative merger talks,neutral,1,neutral,True,0.99809605,0.0006257619,0.99809605,0.0012782074
us judge puts vonage injunction on hold for 2 wks,positive,2,positive,True,0.717504,0.011547394,0.27094853,0.717504
metlife posts 33 percent higher earnings,positive,2,positive,True,0.9988789,0.00037659163,0.00074446417,0.9988789
another opec output cut seen raising oil price eia,neutral,1,positive,False,0.9530578,0.030302905,0.016639339,0.9530578
fed authorized to curb new subprime loans-lawmakers,neutral,1,neutral,True,0.99485886,0.0013047549,0.99485886,0.003836371
"merck profit falls, hurt by charges, generic zocor",negative,0,negative,True,0.9993932,0.9993932,0.0003823583,0.00022444484
manufacturing sector growth slows in october,negative,0,negative,True,0.9991868,0.9991868,0.0005300599,0.00028307328
boeing net up sharply on jet sales,positive,2,positive,True,0.99851745,0.00065128645,0.00083124236,0.99851745
coca-cola completes purchase of philippines bottler,positive,2,neutral,False,0.9927753,0.00062730064,0.9927753,0.006597472
feds yellen still sees inflation risks,negative,0,negative,True,0.9912259,0.9912259,0.007333586,0.0014405857
u.s. guitar maker gibson to buy china piano factory,positive,2,neutral,False,0.9965957,0.00087397365,0.9965957,0.0025303708
starbucks says in talks to settle ethiopia dispute,positive,2,positive,True,0.691322,0.0021069346,0.30657104,0.691322
us nov trade gap narrows to lowest since july 05,positive,2,positive,True,0.99185175,0.004118172,0.0040300875,0.99185175
"nikkei edges down on techs, toyota gains ground",negative,0,negative,True,0.96771306,0.96771306,0.030671565,0.0016154055
saudi sabic considers bid for ge plastics source,neutral,1,neutral,True,0.9985843,0.00044719668,0.9985843,0.0009684754
private equity firms to buy sabre,positive,2,neutral,False,0.998401,0.00063999253,0.998401,0.00095907424
open skies pact a good deal for britain government,positive,2,neutral,False,0.9159153,0.0013983052,0.9159153,0.08268642
buyout firm terra firma mulls boots bid source,neutral,1,neutral,True,0.99831426,0.0006638455,0.99831426,0.0010218867
manhattan apartment downturn short-lived report,positive,2,positive,True,0.9028181,0.043707795,0.053474158,0.9028181
new century granted $150 mln bankruptcy financing,positive,2,neutral,False,0.9931056,0.0035963613,0.9931056,0.0032980638
hugo boss posts rise in 2006 net income,positive,2,positive,True,0.9968964,0.00048436783,0.0026192842,0.9968964
berkshire takes 10.9 pct burlington northern stake,positive,2,neutral,False,0.9981159,0.0009217017,0.9981159,0.00096245663
"alcatel-lucent could cut 15-20,000 jobs report",negative,0,negative,True,0.99925774,0.99925774,0.00051536824,0.00022687488
"us air to meet delta, creditors thursday sources",neutral,1,neutral,True,0.9967998,0.0013108309,0.9967998,0.0018893734
harley results better than expected,positive,2,positive,True,0.9986584,0.00038670172,0.00095489784,0.9986584
radioshack sued over texas id theft law,negative,0,negative,True,0.9957283,0.9957283,0.0036412345,0.00063041615
daimlerchrysler vehicle sales up five percent,positive,2,positive,True,0.9988452,0.00043087543,0.00072388846,0.9988452
"wall st expects iger encore, disney shares fall",negative,0,negative,True,0.99884355,0.99884355,0.0009959951,0.00016033424
"lear agrees to icahn buyout, may seek other offers",positive,2,neutral,False,0.99570036,0.0006472824,0.99570036,0.0036523654
banks results may sag,negative,0,negative,True,0.99943274,0.99943274,0.0003272045,0.00024007104
spy case against dunn dropped as hp investors meet,positive,2,neutral,False,0.9275451,0.0059654694,0.9275451,0.06648949
"bank of america, countrywide in merger talks ft",neutral,1,neutral,True,0.99735487,0.00045387298,0.99735487,0.002191372
"feds moskow, in china, silent on latest u.s. data",neutral,1,neutral,True,0.98919463,0.009478796,0.98919463,0.0013266173
adidas to consolidate us operations,neutral,1,neutral,True,0.99727964,0.00069082633,0.99727964,0.002029441
trw automotive quarterly earnings fall 44 pct,negative,0,negative,True,0.9993926,0.9993926,0.00033033168,0.0002769662
kraft 4th-quarter profit falls,negative,0,negative,True,0.99939144,0.99939144,0.00037001804,0.00023854189
"g7 to stay upbeat on growth, wary on currencies",neutral,1,neutral,True,0.9980702,0.0008042638,0.9980702,0.0011256031
fedex upbeat on six-month economic outlook,positive,2,positive,True,0.9985233,0.0006489309,0.00082779414,0.9985233
van der moolen cuts 30 pct of wall st jobs,negative,0,negative,True,0.9990056,0.9990056,0.0007452264,0.0002491494
"analysts cut 2007 view on bottlers, up on bev cos",neutral,1,positive,False,0.97384,0.013177324,0.012982632,0.97384
cp rail declares force majeure at vancouver port,negative,0,negative,True,0.9934731,0.9934731,0.006266464,0.00026038985
cvs still believes in its bid for caremark,positive,2,neutral,False,0.949462,0.0015276934,0.949462,0.04901037
ti cuts q4 outlook on lower-than-expected chip sales,negative,0,negative,True,0.999413,0.999413,0.00033029364,0.00025672786
"buffetts berkshire buys target, more jj stock",positive,2,positive,True,0.7628289,0.0026282205,0.23454295,0.7628289
emi unlocks anti-piracy software on music,neutral,1,neutral,True,0.99815124,0.0007503366,0.99815124,0.0010983433
blackstone to buy tussauds owner,neutral,1,neutral,True,0.9982315,0.0006543238,0.9982315,0.001114222
australias rinker says cemex offer undervalues it,neutral,1,neutral,True,0.9806049,0.016578019,0.9806049,0.0028170643
airbus may extend 35-hour work week report,negative,0,neutral,False,0.858881,0.012032342,0.858881,0.1290867
sun to add intel as chip supplier,positive,2,neutral,False,0.9981072,0.00039789305,0.9981072,0.0014948687
motorola completes acquisition of symbol tech,positive,2,neutral,False,0.9969073,0.00045217134,0.9969073,0.0026405088
oil rises as u.s. crude inventories fall,positive,2,positive,True,0.99749196,0.0012785936,0.0012294424,0.99749196
"jobless claims rise, retailers warn on outlook",negative,0,negative,True,0.99860793,0.99860793,0.00080080813,0.0005912469
chrysler sale prospectus to be ready soon-sources,neutral,1,neutral,True,0.9989899,0.0004244676,0.9989899,0.000585705
"global markets buoyant, dollar steadies",positive,2,positive,True,0.9963642,0.0006483177,0.0029874863,0.9963642
bse shortlists 5 foreign exchanges for stake paper,neutral,1,neutral,True,0.99880886,0.000589454,0.99880886,0.0006017025
"stocks rise, led by strong tech sector",positive,2,positive,True,0.99869955,0.00029767017,0.001002777,0.99869955
nasdaq ceo gets $18.4 mln pay,neutral,1,neutral,True,0.99471325,0.001512749,0.99471325,0.0037740744
march job growth unexpectedly strong,positive,2,positive,True,0.9981659,0.00075765554,0.0010765108,0.9981659
dow hits a record altria tempers u.s. housing woe,positive,2,negative,False,0.9911321,0.9911321,0.001814367,0.007053584
new models compete at geneva car show,neutral,1,neutral,True,0.9981351,0.0005615819,0.9981351,0.0013032818
office rents to rise on healthy economy report,positive,2,positive,True,0.99663264,0.00091522234,0.0024521216,0.99663264
3m posts stronger-than-expected profit,positive,2,positive,True,0.9986731,0.0007330187,0.00059395813,0.9986731
verizon-vonage patent case in hands of jury,neutral,1,neutral,True,0.994303,0.0028849426,0.994303,0.0028121609
yum shares battered by more e. coli cases,negative,0,negative,True,0.99929535,0.99929535,0.00051689445,0.00018771806
uaw vows to fight auto industry pressure for cuts,negative,0,neutral,False,0.98885846,0.0034080253,0.98885846,0.0077334507
chinese spenders open their wallets wider,positive,2,neutral,False,0.97720826,0.0014901939,0.97720826,0.021301582
early jan consumer sentiment jumps to 3-yr high,positive,2,positive,True,0.9982817,0.00081919297,0.0008991374,0.9982817
metlife earnings beat estimates,positive,2,positive,True,0.99861395,0.00042006318,0.0009659303,0.99861395
wyeth profit up on demand for prescription drugs,positive,2,positive,True,0.9987109,0.00044442038,0.00084472325,0.9987109
sara lee quarterly profit up raises forecast,positive,2,positive,True,0.99868256,0.00067202107,0.0006453857,0.99868256
"airtran to raise midwest bid, press board report",positive,2,neutral,False,0.99776626,0.00042720878,0.99776626,0.0018065462
wesfarmers receives support from major coles shareholder,positive,2,neutral,False,0.99288297,0.0009786108,0.99288297,0.006138397
unemployment rate lowest in 5-1/2 years,positive,2,positive,True,0.98350465,0.012484829,0.0040105786,0.98350465
dell earnings beat wall st estimates,positive,2,positive,True,0.99818677,0.0006276065,0.0011856643,0.99818677
bp says q3 profits jump 58 pct on asset sales,positive,2,positive,True,0.99865377,0.0006503872,0.000695784,0.99865377
daimlerchrysler sets roe target for financial unit,neutral,1,neutral,True,0.99816716,0.00039710762,0.99816716,0.0014356918
stocks fall as investors shun risk,negative,0,negative,True,0.9993043,0.9993043,0.00043896402,0.00025672538
palm working with morgan stanley on options source,neutral,1,neutral,True,0.997666,0.0006805093,0.997666,0.0016534491
factbox-u.s. fed policy-makers recent comments,neutral,1,neutral,True,0.99900264,0.0004920492,0.99900264,0.00050526345
check point to buy protect data for $586 mln,positive,2,neutral,False,0.9972077,0.00071095774,0.9972077,0.0020813104
ge gets $1 billion in saudi arabian orders,positive,2,positive,True,0.99365145,0.0008110213,0.005537564,0.99365145
icahn takes aim at motorolas zander,negative,0,neutral,False,0.87981844,0.11709308,0.87981844,0.0030885267
txu quarterly earnings rise 33 percent,positive,2,positive,True,0.99887747,0.0004854748,0.0006370822,0.99887747
mastercard quarterly earnings soar,positive,2,positive,True,0.99842656,0.00043470328,0.0011387343,0.99842656
daimler ceo wants to keep chrysler stake report,neutral,1,neutral,True,0.99827325,0.0007419241,0.99827325,0.0009849084
wci board says icahns offer not best for company,negative,0,negative,True,0.9937988,0.9937988,0.0058493856,0.00035188007
"shell gets cash, promises in sakhalin-2 deal source",positive,2,neutral,False,0.99758637,0.00048566496,0.99758637,0.001927921
gms february u.s. sales rise,positive,2,positive,True,0.99860436,0.0005213141,0.00087432074,0.99860436
lse seen running out of options as nasdaq circles,negative,0,negative,True,0.9886777,0.9886777,0.010333533,0.0009887314
oil falls below $56 on warm winter,negative,0,negative,True,0.9993352,0.9993352,0.0004611836,0.00020360944
s.koreas lg elec to add google services to phones,positive,2,neutral,False,0.9895857,0.0006647097,0.9895857,0.009749527
dell may offer linux as alternative to windows,positive,2,neutral,False,0.9961274,0.00084899843,0.9961274,0.0030235169
homeowners think green on improvements survey,neutral,1,neutral,True,0.9466172,0.0022271115,0.9466172,0.05115568
onex to buy kodak health unit for up to $2.55 bln,positive,2,neutral,False,0.9972108,0.00065193896,0.9972108,0.0021372668
prudential offloads egg to citigroup,positive,2,neutral,False,0.997924,0.0008839552,0.997924,0.0011919825
lear quarterly earnings rise seating unit leads,positive,2,positive,True,0.9977629,0.00042600415,0.0018111246,0.9977629
"bancrofts, dow jones board sued by shareholder",negative,0,negative,True,0.99479806,0.99479806,0.004917467,0.00028447848
ford slips to fourth in u.s. sales in november,negative,0,negative,True,0.9975217,0.9975217,0.002092353,0.00038589133
sector rotation may resume jobs data ahead,neutral,1,positive,False,0.9224445,0.0094388295,0.068116695,0.9224445
"stocks at fresh highs, yen stalls at 120 per dlr",positive,2,positive,True,0.9780961,0.009147544,0.012756333,0.9780961
fox business channel has deal with comcast nytimes,positive,2,neutral,False,0.9964096,0.0005290493,0.9964096,0.0030613972
limited same-store sales disappoint,negative,0,negative,True,0.9992078,0.9992078,0.00049992505,0.00029225546
freddie mac reports quarterly loss,negative,0,negative,True,0.9953056,0.9953056,0.004266463,0.00042800803
kerkorian bid may put chrysler in tight spot,negative,0,neutral,False,0.72721106,0.26816493,0.72721106,0.00462398
"techs drop on apple, chip makers",negative,0,negative,True,0.99942493,0.99942493,0.00036908453,0.00020593568
emerson quarterly earnings rise 26 percent,positive,2,positive,True,0.99888283,0.0003917348,0.0007254677,0.99888283
berkshire cuts ameriprise stake to 6 percent,negative,0,neutral,False,0.99496573,0.0036568376,0.99496573,0.0013773902
delta pushes ahead despite raised us air bid,positive,2,neutral,False,0.88715214,0.016883658,0.88715214,0.09596421
bankrupt calpine gets more time to reorganize,positive,2,neutral,False,0.9969304,0.0016425736,0.9969304,0.0014270558
westinghouse wins massive china nuclear deal,positive,2,neutral,False,0.9459642,0.0007769302,0.9459642,0.05325887
u.s. says optimistic but realistic on trade talks,positive,2,neutral,False,0.9965467,0.00074948627,0.9965467,0.002703878
u.s. refineries excluded from orinoco talks venezuela,negative,0,neutral,False,0.9946883,0.004377563,0.9946883,0.00093415
sun micro drops after revenue miss,negative,0,negative,True,0.99937564,0.99937564,0.0003341185,0.00029017343
lse likely to seek alliances after nasdaq bid fails,neutral,1,neutral,True,0.996917,0.0016156292,0.996917,0.0014673664
isuzu may build truck plant in north america,positive,2,neutral,False,0.99623305,0.0007269578,0.99623305,0.0030400024
eds reports higher 3rd-qtr profit,positive,2,positive,True,0.99879754,0.000387669,0.00081474433,0.99879754
lockheed gets $144 million deal for pakistan f-16s,positive,2,neutral,False,0.9973808,0.00046695725,0.9973808,0.0021522217
"corrected-ford warns on u.s. industry sales, gm offers rebate",negative,0,negative,True,0.9974826,0.9974826,0.001979878,0.0005375903
"visteon sees challenging 07, increases restructuring",negative,0,negative,True,0.9972264,0.9972264,0.002372003,0.00040152404
trump entertainment profit jumps 81 pct,positive,2,positive,True,0.9988212,0.00040045806,0.0007783178,0.9988212
apple shares slip as light outlook disappoints,negative,0,negative,True,0.9994168,0.9994168,0.0003520598,0.00023118546
gm ceo sees more job cuts,negative,0,negative,True,0.99898475,0.99898475,0.00081085355,0.00020436583
jefferies settles charges over illegal gifts,negative,0,positive,False,0.87541944,0.0013134716,0.123267055,0.87541944
sony has q2 loss on battery recall,negative,0,negative,True,0.99928766,0.99928766,0.000455825,0.00025655323
stocks climb on higher profit forecasts,positive,2,positive,True,0.9988943,0.00052700384,0.0005787205,0.9988943
yarraman says still committed to evans tate deal,positive,2,neutral,False,0.9943182,0.0005629747,0.9943182,0.005118821
"corrected wall st seen up slightly before price, retail data",positive,2,positive,True,0.9841039,0.012416959,0.0034790945,0.9841039
dow jones says taking no action on news corp bid,neutral,1,neutral,True,0.9966454,0.0024262567,0.9966454,0.0009283884
tanox shareholders approve merger with genentech,positive,2,neutral,False,0.9949527,0.0014015205,0.9949527,0.0036458708
burger king quarterly earnings rise,positive,2,positive,True,0.9987326,0.0003594288,0.00090788887,0.9987326
"timken to close brazil plant, cites autos weakness",negative,0,negative,True,0.9963566,0.9963566,0.0034162968,0.00022704806
vornado sweetens eop property bid,positive,2,neutral,False,0.9387028,0.0017290374,0.9387028,0.059568137
buffett says dow jones takeover story not over yet,positive,2,neutral,False,0.99777406,0.0009931966,0.99777406,0.0012327387
"lennar to cut stake in venture, slashes outlook",negative,0,negative,True,0.9945603,0.9945603,0.0049653873,0.00047419182
new citigroup cfo may get nearly $10 million in 2007,neutral,1,neutral,True,0.99791163,0.0006920615,0.99791163,0.0013961968
chronology-major one-day percentage falls on the nyse,negative,0,negative,True,0.99933356,0.99933356,0.0004448209,0.00022161752
"gannett, greenberg pursuing tribune reports",positive,2,neutral,False,0.9985505,0.00067058334,0.9985505,0.0007789311
fcc chief seeks to break tie on att bellsouth,neutral,1,neutral,True,0.99853885,0.00069153396,0.99853885,0.00076972356
casino stocks rise on mgm share offer,positive,2,positive,True,0.9972899,0.00035658843,0.00235356,0.9972899
jobless claims inched up last week,negative,0,negative,True,0.9584099,0.9584099,0.009487176,0.032102916
strike at ford russia plant halts output,negative,0,negative,True,0.9984037,0.9984037,0.0013880912,0.00020816953
egypt cenbank rejects uae bid for bank bidder,negative,0,neutral,False,0.9977316,0.00083927996,0.9977316,0.0014291278
u.s. pump price highest since august,negative,0,positive,False,0.93005246,0.020787543,0.049159996,0.93005246
investors bet on imclone drug despite soft quarter,positive,2,positive,True,0.9752244,0.0049790917,0.019796556,0.9752244
dexia sees no losses from u.s. subprimes,positive,2,positive,True,0.8784689,0.049636096,0.07189507,0.8784689
wendys to buy about 19 pct of outstanding shares,positive,2,neutral,False,0.98041487,0.0027431678,0.98041487,0.016842004
fewer homes for sale in major u.s. cities paper,neutral,1,neutral,True,0.99530905,0.0024247603,0.99530905,0.0022662268
qualcomm jumps on china 3g expectations,positive,2,positive,True,0.9968336,0.00051759445,0.0026488164,0.9968336
dubai ports to sell u.s. operations to aig unit,neutral,1,neutral,True,0.9972639,0.0011583831,0.9972639,0.0015776876
union group balks at ual executive compensation,negative,0,neutral,False,0.98530376,0.012876329,0.98530376,0.0018198877
whirlpool nears deal to sell hoover vacuum-source,neutral,1,neutral,True,0.99753165,0.00069178786,0.99753165,0.0017765677
aetna profit beats street view,positive,2,positive,True,0.9978677,0.0006672745,0.0014650375,0.9978677
jobs growth not as soft as feared,positive,2,positive,True,0.8623061,0.11523766,0.022456177,0.8623061
j. tobacco offers $14.7 bln for gallaher sources,positive,2,neutral,False,0.99591917,0.0012042894,0.99591917,0.0028765113
palm speculation builds as its share price rises,positive,2,neutral,False,0.7942506,0.085115634,0.7942506,0.120633736
"stocks surge on merger talk, yen eases",positive,2,positive,True,0.99679524,0.0008502173,0.0023545765,0.99679524
greenspan sees 1/3 probability of u.s. recession report,negative,0,negative,True,0.9985031,0.9985031,0.0009929861,0.0005040302
"top wall street jobs still elude women, minorities",neutral,1,neutral,True,0.9978136,0.0010684592,0.9978136,0.0011179228
yum brands 4th-qtr earnings top estimates,positive,2,positive,True,0.9984628,0.0007552614,0.00078201765,0.9984628
childrens place march same-store sales rise,positive,2,positive,True,0.998058,0.000463039,0.0014789647,0.998058
sapporo considers management buyout,positive,2,neutral,False,0.9979929,0.0007059191,0.9979929,0.0013012164
merrill lynch first-quarter earnings rise,positive,2,positive,True,0.9978707,0.0011786743,0.0009506228,0.9978707
home loan demand drops to lowest this year,negative,0,negative,True,0.9983271,0.9983271,0.0013203805,0.00035245324
qualcomm buys two chip businesses,positive,2,neutral,False,0.99541533,0.00062606425,0.99541533,0.0039585712
morgan stanley to buy ana hotels for $2.4 billion,positive,2,neutral,False,0.99764854,0.00049683783,0.99764854,0.0018545582
citigroup and wachovia results top forecasts,positive,2,positive,True,0.99838996,0.0004659054,0.0011441996,0.99838996
emc grew fastest in 3rd-qtr data storage survey,positive,2,positive,True,0.97909456,0.0013353874,0.019570054,0.97909456
airbus ceo dropped trousers for plane deal book,neutral,1,neutral,True,0.9983133,0.000834435,0.9983133,0.0008522587
feds lacker says economy can take more rate hikes,neutral,1,neutral,True,0.9785609,0.013667598,0.9785609,0.0077714478
foot locker offers to buy rival for $1.2 bln,positive,2,neutral,False,0.9975235,0.0009157439,0.9975235,0.0015607179
mills says simon-farallon offer is superior,positive,2,neutral,False,0.9950958,0.0006278582,0.9950958,0.0042762836
blackrock reports higher profit,positive,2,positive,True,0.99798125,0.00029203817,0.0017267287,0.99798125
schering-plough proposes governance changes,neutral,1,neutral,True,0.99662834,0.0013051225,0.99662834,0.0020664951
intel in $1 billion vietnam plant expansion,positive,2,neutral,False,0.9061677,0.0011106808,0.9061677,0.09272163
dow corning earnings rise,positive,2,positive,True,0.9982838,0.0006090215,0.0011071423,0.9982838
wal-mart fires technician who recorded phone calls,negative,0,negative,True,0.62936246,0.62936246,0.36888912,0.0017483713
corrected sams club to accept mastercard credit cards wsj,positive,2,neutral,False,0.9928824,0.004444872,0.9928824,0.0026726811
update 1-duke energy forecasts growth post-split from spectra,positive,2,positive,True,0.96024793,0.002735707,0.037016373,0.96024793
southwest airlines raises fares up to $2 each way,positive,2,positive,True,0.8894736,0.008727326,0.101799004,0.8894736
"new, old, or fake south sudans money muddle",negative,0,neutral,False,0.96318907,0.034749646,0.96318907,0.0020612436
toyota to build $1.3 billion plant in mississippi,positive,2,neutral,False,0.9971607,0.00058347476,0.9971607,0.002255871
endemol shares boosted by murdoch interest,positive,2,positive,True,0.99752146,0.000489598,0.0019889637,0.99752146
microsoft starts watershed year with vista buzz,positive,2,neutral,False,0.9931346,0.0006628216,0.9931346,0.0062025525
wal-mart faces historic sex bias case,negative,0,negative,True,0.929192,0.929192,0.06918963,0.0016183673
vodafone says full essar buy against india law ft,negative,0,positive,False,0.94777364,0.007963757,0.04426262,0.94777364
tolls pacific national wins a$1 billion contract,positive,2,positive,True,0.5338161,0.0016311101,0.4645528,0.5338161
applebees says fund rejects board seat offer,negative,0,neutral,False,0.8678893,0.13097624,0.8678893,0.0011345845
ge near deal to buy abbott diagnostics unit reports,positive,2,neutral,False,0.99472517,0.00088457874,0.99472517,0.0043902285
"no harrahs board decision on bids thursday, source says",neutral,1,neutral,True,0.99870694,0.00057716086,0.99870694,0.00071583054
amgen shares fall on drug setbacks,negative,0,negative,True,0.99942183,0.99942183,0.00038195337,0.0001962175
refile-update 1-alcoa shares up after strong earnings,positive,2,positive,True,0.9982796,0.0005619177,0.0011585326,0.9982796
porsche ceo says vw stake sufficient paper,neutral,1,neutral,True,0.9964139,0.0015888002,0.9964139,0.0019972608
"carnival profit rises 24 pct, tops view",positive,2,positive,True,0.99873585,0.0007101033,0.00055404915,0.99873585
bloomberg says no truth it may bid for dow jones,neutral,1,neutral,True,0.9953774,0.0023669514,0.9953774,0.0022555818
rbs group unveils $98 bln rival bid plan for abn,positive,2,neutral,False,0.9977016,0.0010209339,0.9977016,0.0012774689
microsoft in talks to buy voice technology firm wsj,positive,2,neutral,False,0.99741346,0.00063880277,0.99741346,0.0019477675
oil falls over 2 pct as warm weather hits u.s.,negative,0,negative,True,0.99928325,0.99928325,0.00044706717,0.0002696961
turnaround at australias coles seen as tough job,negative,0,neutral,False,0.7184642,0.27550417,0.7184642,0.0060316306
"lehman q4 profit up on banking, trading",positive,2,positive,True,0.998831,0.0004873129,0.00068173156,0.998831
caremark-cvs deal clears regulatory hurdle,positive,2,neutral,False,0.97543246,0.0011131255,0.97543246,0.023454383
polo ralph lauren to buy japans impact 21,positive,2,neutral,False,0.9663974,0.0042236336,0.9663974,0.02937901
indexes end lower on worries about economy and oil,negative,0,negative,True,0.99941874,0.99941874,0.00038271278,0.00019858722
"u.s. stocks gain, exxon and altria jump",positive,2,positive,True,0.9983785,0.00045964314,0.0011618346,0.9983785
"deere profit up, but sees lower 07 profit",negative,0,neutral,False,0.8364102,0.16051014,0.8364102,0.0030797112
disney leibovitz ads aim for older family,neutral,1,neutral,True,0.9969463,0.0012139766,0.9969463,0.0018396876
big oil companies a target in new u.s. congress,negative,0,neutral,False,0.9966826,0.001601177,0.9966826,0.0017162737
rank to sell hard rock to native american tribe,neutral,1,neutral,True,0.99842703,0.00061210373,0.99842703,0.0009608506
"cvs fourth-quarter profit, january sales climb",positive,2,positive,True,0.9987349,0.0006038251,0.00066125917,0.9987349
watch what you hold as well as what you buy,neutral,1,neutral,True,0.99889225,0.0004533483,0.99889225,0.0006544534
mistrial declared in $10 billion suit against motorola,positive,2,negative,False,0.99302673,0.99302673,0.0060593477,0.0009139609
smith nephew to bid $11 bln for biomet sources,positive,2,neutral,False,0.99791116,0.00057920767,0.99791116,0.0015095636
american eagle february sales rise 16 pct,positive,2,positive,True,0.9979023,0.0007513057,0.0013464295,0.9979023
nyse plans test of real-time web quotes report,neutral,1,neutral,True,0.997465,0.0005286053,0.997465,0.0020063173
"scholastic results, outlook disappoint, shares drop",negative,0,negative,True,0.9994437,0.9994437,0.00033932232,0.000216982
daimler ceo considers chrysler spinoff papers,neutral,1,neutral,True,0.9981035,0.00079173216,0.9981035,0.0011047676
u.s. medicare rejects cyberonics depression device,negative,0,neutral,False,0.9921848,0.0055529783,0.9921848,0.002262179
"jobless claims fell 20,000 in latest week",positive,2,positive,True,0.9985267,0.00064325647,0.00083004404,0.9985267
eli lilly raises offer for icos to $2.3 billion,positive,2,neutral,False,0.9835481,0.0010927102,0.9835481,0.015359119
apple delays new operating system,negative,0,neutral,False,0.49969202,0.4985471,0.49969202,0.00176085
usda 20 mln birds now on farms may have had bad feed,negative,0,negative,True,0.99609286,0.99609286,0.0036538697,0.00025332024
new york finds college officials held lender shares,negative,0,neutral,False,0.9984932,0.0007206592,0.9984932,0.00078618276
s.koreas sk corp. profit falls 16 percent,negative,0,negative,True,0.9994367,0.9994367,0.0003305798,0.0002327359
"hp quarterly profit quadruples, beats estimates",positive,2,positive,True,0.998767,0.0006455806,0.0005874217,0.998767
big oil profits in danger as price of crude slides,negative,0,negative,True,0.9993772,0.9993772,0.00032120085,0.00030159586
starwood hotels ousts chief executive,negative,0,neutral,False,0.99558556,0.0035468326,0.99558556,0.00086762547
eds posts higher profit on new orders,positive,2,positive,True,0.9988011,0.000411259,0.00078757724,0.9988011
isuzu denies seeking gm exit from joint diesel ops,neutral,1,neutral,True,0.99824727,0.0007107879,0.99824727,0.0010419339
ford ceo says restructuring going well,positive,2,positive,True,0.980695,0.00064093154,0.018664043,0.980695
factbox top subprime originators in 2006,neutral,1,neutral,True,0.9982651,0.00048141522,0.9982651,0.001253557
u.s. cable tv group withdraws from ebay ad system,negative,0,neutral,False,0.9970636,0.0020406034,0.9970636,0.00089582655
costco shares may see gains on growth story report,positive,2,positive,True,0.9984938,0.00045402162,0.0010521247,0.9984938
dubai group in talks on u.s. aviation assets source,neutral,1,neutral,True,0.9983854,0.0004769034,0.9983854,0.0011376579
washington post quarterly profit falls,negative,0,negative,True,0.99938345,0.99938345,0.00039514128,0.00022132044
rockwell automation says cfo resigns,negative,0,neutral,False,0.99768674,0.0015129184,0.99768674,0.00080031174
"joost strikes turner, sony program deals",positive,2,neutral,False,0.8524302,0.0022962615,0.8524302,0.14527358
ford ceo says restructuring going pretty well,positive,2,positive,True,0.97558993,0.00090346346,0.023506561,0.97558993
"investors to push for new take two directors, ceo",negative,0,neutral,False,0.9972097,0.0011504043,0.9972097,0.0016399154
"shutterfly chairman quits, attacks sarbanes-oxley",negative,0,neutral,False,0.99350053,0.005755788,0.99350053,0.00074362033
ford set to rename five hundred sedan taurus dj,neutral,1,neutral,True,0.99806577,0.00040198502,0.99806577,0.0015322425
nasdaq names michael oxley vice chairman,neutral,1,neutral,True,0.9987386,0.0004648458,0.9987386,0.0007966485
australias tabcorp h1 profit eases,negative,0,negative,True,0.9993549,0.9993549,0.00037634268,0.0002687313
marvell says committee seeks ceos removal as chair,negative,0,neutral,False,0.9979911,0.001263912,0.9979911,0.0007450144
update 9-japan tobacco agrees to buy gallaher for $14.7 bln,positive,2,neutral,False,0.99525577,0.0009374146,0.99525577,0.0038067838
rim to restate results after options review,negative,0,neutral,False,0.99863297,0.0007726694,0.99863297,0.0005943789
pepsico sets ad campaign with changing packaging,neutral,1,neutral,True,0.9962787,0.0013353465,0.9962787,0.002385899
liberia relaunches diamond trade after embargo ends,positive,2,neutral,False,0.9947174,0.0008213215,0.9947174,0.004461361
"toy, electronics retailers in on price watch",neutral,1,negative,False,0.9447154,0.9447154,0.045545474,0.009739205
ford delays filing quarterly report,negative,0,neutral,False,0.9734586,0.025696672,0.9734586,0.00084464345
"mastercard to convert stock, pays ceo $22.3 million",neutral,1,neutral,True,0.9971251,0.0011490517,0.9971251,0.0017257809
"hershey profit falls, lags lowered estimates",negative,0,negative,True,0.99931026,0.99931026,0.00036208134,0.0003277656
nasdaq 4th-qtr earnings more than triple,positive,2,positive,True,0.9973061,0.0019294225,0.0007645163,0.9973061
consumer confidence slipped in october,negative,0,negative,True,0.9992816,0.9992816,0.00042218342,0.00029625752
coca-cola may bid for its largest bottler barrons,positive,2,neutral,False,0.9980385,0.00037863333,0.9980385,0.0015829718
wachovia first-quarter profit rises 33 pct,positive,2,positive,True,0.9989814,0.00046576236,0.0005527498,0.9989814
clear channel communications profit beats view,positive,2,positive,True,0.9978096,0.0005104058,0.001679966,0.9978096
asset sale helps nortel narrow quarterly loss,positive,2,neutral,False,0.5362207,0.037910312,0.5362207,0.42586896
countrywide says subprime turmoil may harm results,negative,0,negative,True,0.999201,0.999201,0.00060138194,0.0001976479
americaneagle sues payless over use of brand name,negative,0,negative,True,0.997044,0.997044,0.0024062593,0.0005496968
fashion retailer new look up for sale report,neutral,1,neutral,True,0.9970137,0.0014984106,0.9970137,0.0014879002
sun microsystems turns profit after 5 qtrs in red,positive,2,negative,False,0.71391547,0.71391547,0.007794395,0.27829012
eu says has lever over u.s. on opening air market,neutral,1,neutral,True,0.86024326,0.0053566187,0.86024326,0.13440007
"buffett sings, strums, shops at berkshire meeting",neutral,1,neutral,True,0.9987149,0.0004876235,0.9987149,0.00079740334
corrected riverdeep close to houghton mifflin deal,neutral,1,neutral,True,0.9943118,0.0005920426,0.9943118,0.0050960905
blackstone mulls possible alliance boots bid paper,neutral,1,neutral,True,0.9986518,0.0006636963,0.9986518,0.0006844888
egl gets $36 a share management-buyout offer,positive,2,neutral,False,0.9978326,0.0009775752,0.9978326,0.0011898315
directv quarterly profit and revenue rise,positive,2,positive,True,0.9989435,0.00040263886,0.00065388746,0.9989435
chipotle 3rd-quarter earnings rise,positive,2,positive,True,0.9988525,0.00062935136,0.0005181096,0.9988525
endeavor to buy american apparel,neutral,1,neutral,True,0.99715257,0.0004388216,0.99715257,0.0024085753
"stocks may slip on wal-mart, dollar",negative,0,negative,True,0.99937147,0.99937147,0.00041269054,0.00021587696
ebay to replace china site with partnership source,neutral,1,neutral,True,0.99858725,0.0005231237,0.99858725,0.0008896729
g7 finance ministers meeting in essen,neutral,1,neutral,True,0.99871147,0.0006018682,0.99871147,0.00068670383
u.s. joins whistleblower case against it companies,negative,0,negative,True,0.9891003,0.9891003,0.010207332,0.0006923544
oil down 3.5 percent as opec signals stable output,negative,0,negative,True,0.999416,0.999416,0.00033774032,0.0002463147
skype offers phones for web and conventional calls,positive,2,neutral,False,0.99829096,0.0003554539,0.99829096,0.0013535108
fortune brands outlook misses view shares fall,negative,0,negative,True,0.9994024,0.9994024,0.00036299918,0.00023458121
"avon profit falls, more cost cuts planned",negative,0,negative,True,0.9993168,0.9993168,0.0004887364,0.00019446242
subprime jitters subside as funding found,positive,2,positive,True,0.97135013,0.008451486,0.020198315,0.97135013
"renault, nissan not interested in chrysler wsj",neutral,1,neutral,True,0.99629223,0.0014130169,0.99629223,0.0022947653
petrochina may hike spending by a fifth in 2007,positive,2,positive,True,0.92432106,0.0043155933,0.07136337,0.92432106
gap to offer limited-edition designer collection,positive,2,neutral,False,0.9962696,0.00062264025,0.9962696,0.0031076616
bernanke urges china to let yuan rise,neutral,1,neutral,True,0.9931466,0.001408889,0.9931466,0.0054444703
strong lucent q4 results lift alcatel spirits,positive,2,positive,True,0.99796474,0.0006370485,0.0013982304,0.99796474
home depots fernandez to resign as general counsel,neutral,1,neutral,True,0.99774736,0.0015852017,0.99774736,0.00066732866
"delta air sees profit swing, lower debt",positive,2,positive,True,0.99734026,0.00078574644,0.0018740075,0.99734026
toyota expects sales to rise in europe in 07,positive,2,positive,True,0.99865997,0.00044598628,0.0008939921,0.99865997
troubled waters for industry as key season opens,negative,0,negative,True,0.9866303,0.9866303,0.0127316965,0.00063807337
ex-aig boss pitched nytimes bid to morgan stanley,neutral,1,neutral,True,0.9979437,0.0009739115,0.9979437,0.0010823198
virginia set to end retail electric competition,negative,0,neutral,False,0.98989725,0.00058578275,0.98989725,0.009516993
"existing home sales off in 40 states, slide nationwide",positive,2,negative,False,0.9992466,0.9992466,0.00044427576,0.0003090611
wal-mart extends price cuts to small appliances,negative,0,neutral,False,0.69871354,0.17976834,0.69871354,0.121518075
hong kong superman li ka-shing cashes in,neutral,1,neutral,True,0.99776065,0.00097268866,0.99776065,0.0012666063
"viacom in $1 billion copyright suit versus google, youtube",negative,0,negative,True,0.99787164,0.99787164,0.0012604231,0.0008679151
toyama chemical begins u.s. trials of bird flu drug,positive,2,neutral,False,0.9905523,0.001890628,0.9905523,0.007557102
bain capital offers $3.5 bln for s.africas edcon,positive,2,neutral,False,0.99712175,0.0013002253,0.99712175,0.0015779593
german retail sales suffers surprise fall in march,negative,0,negative,True,0.9993038,0.9993038,0.00044777742,0.000248389
private equity in $22 bln alliance boots bid battle,positive,2,neutral,False,0.9976526,0.00084214186,0.9976526,0.0015052527
pepsico posts higher profit,positive,2,positive,True,0.9984675,0.00028041648,0.0012521079,0.9984675
new york times shares undervalued barrons,positive,2,neutral,False,0.76054746,0.031445462,0.76054746,0.20800707
justice dept. looking into past kb home options,negative,0,neutral,False,0.99877053,0.0004626341,0.99877053,0.00076674076
universal health quarterly profit rises,positive,2,positive,True,0.998662,0.00036529708,0.0009727354,0.998662
"for u.s. stocks, consumers rule",neutral,1,neutral,True,0.99569833,0.002107,0.99569833,0.0021946607
"abbott to buy kos, become hdl-cholesterol leader",positive,2,neutral,False,0.99390805,0.0005747549,0.99390805,0.0055172
costco march same-store sales up 6 pct,positive,2,positive,True,0.99892753,0.00045692056,0.0006154915,0.99892753
"indexes end higher on retailers, financials",positive,2,positive,True,0.9986626,0.00046317582,0.0008742626,0.9986626
micron posts quarterly loss on memory weakness,negative,0,negative,True,0.9993187,0.9993187,0.0004450708,0.00023625023
blackstone to buy equity office,positive,2,neutral,False,0.99828017,0.0005921985,0.99828017,0.0011276939
"for stocks, earnings may offset jobs",positive,2,negative,False,0.9982942,0.9982942,0.0014600575,0.00024570504
stocks may slip on wal-mart sales,negative,0,negative,True,0.99938357,0.99938357,0.00040693962,0.00020949604
openwave says its reviewing harbinger proposal,positive,2,neutral,False,0.99801624,0.00054688106,0.99801624,0.0014367766
uaw union mulls bid for daimlerchrysler wsj,neutral,1,neutral,True,0.99821544,0.000642624,0.99821544,0.001141965
cephalon says its painkiller works for nerve pain,positive,2,neutral,False,0.97926795,0.001429513,0.97926795,0.01930264
housing woes not affecting economy paulson,positive,2,neutral,False,0.95356137,0.028180279,0.95356137,0.018258352
mastercards margin warning sinks stocks,negative,0,negative,True,0.9991246,0.9991246,0.0005569216,0.00031849463
newspaper help-wanted ads edge up in october,positive,2,neutral,False,0.7682523,0.020563172,0.7682523,0.2111845
update 3-marsh mclennan 3rd-qtr earnings more than double,positive,2,positive,True,0.99743396,0.0010293295,0.0015366991,0.99743396
enrons causey gets 5-year prison sentence,negative,0,neutral,False,0.90011185,0.095683545,0.90011185,0.004204605
cingular seen providing service for apple phone report,positive,2,neutral,False,0.99744886,0.00044935246,0.99744886,0.0021018058
tellabs cuts 4th-quarter revenue forecast,negative,0,negative,True,0.99936527,0.99936527,0.0003634859,0.0002712626
u.s. stocks seen opening higher,positive,2,positive,True,0.99759775,0.00043541996,0.0019668166,0.99759775
nervous neighbors eye california subprime lender,negative,0,neutral,False,0.9166359,0.08143113,0.9166359,0.0019330587
southwest air earns dip as fuel costs rise,negative,0,negative,True,0.99695146,0.99695146,0.0023029277,0.000745694
vornado out blackstone poised to buy equity office,positive,2,neutral,False,0.998408,0.0005925783,0.998408,0.0009993905
"boeing, lockheed in saudi fighter jet talks, newspaper says",positive,2,neutral,False,0.9983797,0.00050889,0.9983797,0.0011113369
gap posts lower q3 profit,negative,0,negative,True,0.99939966,0.99939966,0.0003674764,0.00023289715
oil falls below $60 as inventories rise,negative,0,negative,True,0.9993237,0.9993237,0.00042023693,0.00025598035
"oil rises, ends steepest slide in 2 years",positive,2,positive,True,0.99050057,0.008139077,0.0013603279,0.99050057
wall street to get single watchdog in merger,neutral,1,neutral,True,0.9980003,0.0010039934,0.9980003,0.0009956992
new home sales fall 3.9 percent,negative,0,negative,True,0.9991905,0.9991905,0.0005173871,0.00029207405
ny times invites critics to make presentations report,neutral,1,neutral,True,0.99855024,0.0010246019,0.99855024,0.00042524675
u.s. business demand increases nabe,positive,2,positive,True,0.9905984,0.003174148,0.006227415,0.9905984
kerkorians tracinda to raise mgm mirage stake,positive,2,neutral,False,0.9959637,0.0012248325,0.9959637,0.0028114635
oil surges past $61 on opec cuts,positive,2,positive,True,0.99756974,0.0016776918,0.0007526048,0.99756974
"hess, bhp billiton, repsol to buy anadarko site",positive,2,neutral,False,0.99671835,0.0012388878,0.99671835,0.0020427755
global factory growth at 14-month low in oct,negative,0,negative,True,0.9992418,0.9992418,0.00050354854,0.00025466984
home depots nardelli out after year of criticism,negative,0,neutral,False,0.99190193,0.007102611,0.99190193,0.0009954836
citic buys nations kazakh oil for $1.9 billion,positive,2,neutral,False,0.97953165,0.0013983225,0.97953165,0.019070063
warner music says emi offer likely to be in cash,positive,2,neutral,False,0.9980596,0.0011680862,0.9980596,0.0007722618
ge in $1.9 bln deal for oilfield equipment maker,positive,2,neutral,False,0.9977348,0.0007161053,0.9977348,0.0015490792
wachovia unit to buy european credit management,positive,2,neutral,False,0.9968664,0.00055193255,0.9968664,0.0025816965
"existing home sales, consumer confidence up",positive,2,positive,True,0.9981481,0.00054568925,0.0013062216,0.9981481
oil rises amid sliding u.s. gasoline stocks,positive,2,positive,True,0.9948992,0.003160503,0.0019402395,0.9948992
indexes gain as investors snap up financials,positive,2,positive,True,0.9936041,0.001239821,0.005156016,0.9936041
thomson in talks to buy reuters,neutral,1,neutral,True,0.99690187,0.0005405772,0.99690187,0.0025574968
u.s. investor fuels concern on china stocks,negative,0,negative,True,0.9990458,0.9990458,0.0007144546,0.00023977338
capgemini to buy it firm kanbay intl for $1.25 bln,positive,2,neutral,False,0.99744844,0.0005037392,0.99744844,0.002047872
fed seen holding rates steady as economy slows,neutral,1,neutral,True,0.8984713,0.0965178,0.8984713,0.005010878
cisco profit rises as internet traffic grows,positive,2,positive,True,0.9987878,0.0003858783,0.00082630443,0.9987878
mattel profit rises elmo and barbie rule,positive,2,positive,True,0.9982679,0.0007562545,0.00097581313,0.9982679
ap in talks to buy pathmark for about $653 million,neutral,1,neutral,True,0.9968022,0.000684024,0.9968022,0.002513814
microsoft to buy medical info search company,positive,2,neutral,False,0.9950896,0.0010085644,0.9950896,0.003901923
"staples profit rises, sales measure disappoints",neutral,1,neutral,True,0.9032812,0.010327006,0.9032812,0.08639185
amr chief executive receives $5.4 mln for 2006,neutral,1,neutral,True,0.9981432,0.00053000846,0.9981432,0.0013267806
microsoft net profit tops forecasts,positive,2,positive,True,0.9986248,0.0006419401,0.0007332752,0.9986248
"analyst says magna, partner make chrysler bid",neutral,1,neutral,True,0.9973736,0.00062477344,0.9973736,0.0020015785
"chrysler, ford u.s. sales tumble in february",negative,0,negative,True,0.9994054,0.9994054,0.00031007334,0.0002844945
"u.s. group sues nokia, samsung over bluetooth",negative,0,negative,True,0.99819994,0.99819994,0.0013380536,0.0004619152
microsoft debuts first new windows since 2001,positive,2,neutral,False,0.99806684,0.00057248265,0.99806684,0.0013606464
blockbuster in talks to buy movielink source,neutral,1,neutral,True,0.997809,0.00057082676,0.997809,0.0016201552
bernanke chinese stock of u.s. debt not problematic,positive,2,neutral,False,0.9452532,0.009396429,0.9452532,0.045350347
dws says chrysler spin-off should remain option paper,neutral,1,neutral,True,0.99796176,0.00096404407,0.99796176,0.0010741752
carlyle eyeing bid for merck generics unit source,neutral,1,neutral,True,0.99845636,0.000557316,0.99845636,0.0009863934
"fpl, constellation scrap $12.5 billion merger",negative,0,neutral,False,0.99707484,0.0018185565,0.99707484,0.0011065841
policymakers upbeat on world growth,positive,2,positive,True,0.99528223,0.00057215575,0.004145643,0.99528223
"lockheed wins 2 pentagon contracts for f-16, f-22",positive,2,positive,True,0.8522993,0.000986702,0.146714,0.8522993
abn to hear other bids but recommends barclays deal,neutral,1,neutral,True,0.99573994,0.0007454821,0.99573994,0.0035146007
goodyear results top forecasts,positive,2,positive,True,0.9984603,0.0005473821,0.0009923076,0.9984603
"u.s., s.korea eye deadline, lawmakers in trade deal",neutral,1,neutral,True,0.9782536,0.0016818313,0.9782536,0.020064488
"ibm raises dividend, stock buyback",positive,2,positive,True,0.9964316,0.00032775747,0.0032406382,0.9964316
retail sales rise in march,positive,2,positive,True,0.9985448,0.00059090456,0.00086430646,0.9985448
coal mining shares fall as foundation cuts outlook,negative,0,negative,True,0.99942136,0.99942136,0.00037318282,0.00020547275
daimlerchrysler u.s. feb sales down 8 percent,negative,0,negative,True,0.99943715,0.99943715,0.000340849,0.00022194383
premier agrees to sell its stake in coles,neutral,1,neutral,True,0.9970456,0.00097335875,0.9970456,0.00198108
neustar acquires followap for $139 million,positive,2,neutral,False,0.99830925,0.00046363237,0.99830925,0.0012270656
citic bank readies $5.7 billion hk/shanghai ipo sources,positive,2,neutral,False,0.99667203,0.0008693799,0.99667203,0.0024585598
oil climbs above $59 on supply threats,positive,2,positive,True,0.99820244,0.0008420365,0.00095545413,0.99820244
wal-mart sticks by profit forecast,positive,2,neutral,False,0.77323,0.011314876,0.77323,0.21545503
"mcdonalds plans latin america sale, earnings up",positive,2,positive,True,0.98726684,0.00046608772,0.012267116,0.98726684
emi highlights regulatory concerns over warner bid,negative,0,negative,True,0.53635556,0.53635556,0.46051586,0.0031286504
carlos ghosn still open to north american partner,neutral,1,neutral,True,0.9934784,0.00051026663,0.9934784,0.006011287
"honda to recall 45,335 civic hybrids worldwide",negative,0,neutral,False,0.99343395,0.0044154343,0.99343395,0.0021505915
key facts about the worlds top aluminum producers,neutral,1,neutral,True,0.9986125,0.00023903823,0.9986125,0.0011484027
goodyear sees production increasing after strike,positive,2,positive,True,0.9966294,0.0009992066,0.0023713147,0.9966294
"nuvelo, bayer say alfimeprase drug trial fails",negative,0,negative,True,0.99619496,0.99619496,0.0034824626,0.00032257973
fertility industry booms online,positive,2,neutral,False,0.9887644,0.002297737,0.9887644,0.0089378925
u.s. mortgage applications rose last week mba,positive,2,positive,True,0.9859286,0.0049451506,0.009126186,0.9859286
nokia says iphone quite interesting report,neutral,1,positive,False,0.7522234,0.0012455077,0.24653108,0.7522234
"saudi prince, gates bid to take four seasons private",positive,2,neutral,False,0.9985751,0.0005753002,0.9985751,0.00084954227
"att, yahoo partnership at risk paper",negative,0,negative,True,0.99839896,0.99839896,0.0013715901,0.00022950071
alcoa to make hostile bid for alcan,positive,2,neutral,False,0.99679726,0.0020368947,0.99679726,0.0011658574
wall street seen opening flat in directionless trade,neutral,1,neutral,True,0.9836271,0.014077316,0.9836271,0.002295496
"sina profit falls on charges, ads send revenue up",negative,0,negative,True,0.9630286,0.9630286,0.03323997,0.003731431
u.s. clears pfizers celebrex for arthritis in kids,positive,2,neutral,False,0.92472017,0.0020555186,0.92472017,0.07322435
bank of america sues over lasalle sale,negative,0,negative,True,0.99811697,0.99811697,0.0014761464,0.00040694978
us durable goods orders surge in september,positive,2,positive,True,0.99833554,0.000849057,0.0008154694,0.99833554
starbucks defends business with poor farmers,neutral,1,neutral,True,0.99768686,0.000674349,0.99768686,0.0016387899
corrected barclays agrees $91 bln abn buy,positive,2,positive,True,0.49120373,0.01855108,0.49024525,0.49120373
us airways ceo arrested on drunk driving suspicion,negative,0,neutral,False,0.99202794,0.006660623,0.99202794,0.0013115271
pfizer elects new lead director of board,neutral,1,neutral,True,0.99839264,0.000498216,0.99839264,0.0011091818
"northrop profit rises, takes legal charge",neutral,1,positive,False,0.9764678,0.0035922239,0.019940026,0.9764678
criminal charges possible in loan probe cuomo,negative,0,negative,True,0.9940367,0.9940367,0.005259504,0.00070380105
tesco increasingly encouraged by u.s. prospects,positive,2,positive,True,0.98771054,0.00043960687,0.011849887,0.98771054
google ceo discounts mergers,neutral,1,neutral,True,0.9988906,0.00044299653,0.9988906,0.0006664356
l.a. times staff uncertain about new owner,negative,0,neutral,False,0.6930939,0.3048205,0.6930939,0.002085556
"techs fall on intel, cisco apple on tap",negative,0,negative,True,0.99908817,0.99908817,0.0007127125,0.00019916361
bies says u.s. lenders should tighten standards,negative,0,neutral,False,0.9881038,0.0054701734,0.9881038,0.0064260075
eu warns microsoft of possible further fines,negative,0,negative,True,0.9989831,0.9989831,0.0007808214,0.00023606012
gms lutz says mortgage meltdown hits auto sales,negative,0,negative,True,0.99906164,0.99906164,0.00070130883,0.00023705691
dow at record as exxon rises oracle hits tech,positive,2,positive,True,0.99716187,0.0013674092,0.0014707616,0.99716187
family dollar still unable to file annual report,negative,0,neutral,False,0.9956513,0.0038363195,0.9956513,0.0005123446
vodafone pleases as earnings top forecasts,positive,2,positive,True,0.99843794,0.0006399866,0.00092202466,0.99843794
uk relaxed about foreign ownership of lse balls,neutral,1,neutral,True,0.90776724,0.0019491824,0.90776724,0.09028359
update 2-john wiley sons to buy blackwell publishing,positive,2,neutral,False,0.9976928,0.0010889168,0.9976928,0.001218248
"strong economy boosts european currencies, stocks",positive,2,positive,True,0.9972268,0.0009076766,0.0018655459,0.9972268
"sprint gives tepid 2007 outlook, shares drop",negative,0,negative,True,0.99940217,0.99940217,0.000358508,0.0002393961
merged exchange nyse euronext starts trading in paris,neutral,1,neutral,True,0.99851185,0.0007023599,0.99851185,0.0007856858
"permira, tpg in race for matsushitas jvc -sources",neutral,1,neutral,True,0.994981,0.0008881976,0.994981,0.004130891
kerkorian sold gm shares to avoid long fight wsj,negative,0,neutral,False,0.98728323,0.009961855,0.98728323,0.002754995
wto chief says large countries signal flexibility,positive,2,neutral,False,0.9957557,0.00046987337,0.9957557,0.0037745198
"exxon mobil profit dips on lower gas prices, margins",negative,0,negative,True,0.99938405,0.99938405,0.00036144562,0.0002545308
wall street journal wins public service pulitzer,neutral,1,neutral,True,0.9951094,0.0010419267,0.9951094,0.003848743
google said ready to buy adscape,positive,2,positive,True,0.52866447,0.0019347897,0.46940076,0.52866447
"stocks on short leash with fed, cpi",neutral,1,neutral,True,0.51374125,0.4820018,0.51374125,0.004256926
key dealer says ford not defending truck franchise,negative,0,neutral,False,0.99520147,0.0031058697,0.99520147,0.0016925725
kodak posts smaller quarterly loss,positive,2,positive,True,0.99793327,0.00060764776,0.0014591371,0.99793327
"husky energy fourth quarter profit, revenue fall",negative,0,negative,True,0.9993855,0.9993855,0.00038396858,0.0002305624
utstarcom investigating equity award grants,negative,0,neutral,False,0.99842155,0.0005543152,0.99842155,0.0010241596
blockbuster in talks to sell intl units,neutral,1,neutral,True,0.99711585,0.00077312987,0.99711585,0.002111009
daimler to see bidders but not kerkorian report,neutral,1,neutral,True,0.997396,0.00060881185,0.997396,0.001995243
napster says results should beat forecast,positive,2,positive,True,0.99806577,0.00038244485,0.0015517336,0.99806577
feng shui investors brace for year of fire on water,neutral,1,negative,False,0.78417754,0.78417754,0.20785592,0.007966537
us stocks rise on view election will bring gridlock,positive,2,positive,True,0.99435717,0.0006868625,0.0049559977,0.99435717
"buffetts berkshire adds to lowes, nike stakes",positive,2,neutral,False,0.9324105,0.033849232,0.9324105,0.03374032
corrected gm swings to profit in fourth quarter,positive,2,positive,True,0.9928249,0.0052628904,0.0019122248,0.9928249
sec says ex-hollinger intl exec to pay $28.7 mln,negative,0,neutral,False,0.9942123,0.004304371,0.9942123,0.0014832725
clear channel bidders suggest sweeter offer source,positive,2,neutral,False,0.9956434,0.002537312,0.9956434,0.0018192375
virgin atlantic says still interested in rival bmi,neutral,1,neutral,True,0.99706,0.0004746393,0.99706,0.0024654113
philip morris makes full $3.5 bln states payment,neutral,1,neutral,True,0.9953908,0.0011532697,0.9953908,0.0034559132
gm asia pacific chief sees india leading growth,positive,2,positive,True,0.963631,0.00073438865,0.035634674,0.963631
mortgage rates drop for 4th straight week,positive,2,negative,False,0.47035217,0.47035217,0.12081463,0.40883324
cablevision shareholder considers u.s. court route,negative,0,neutral,False,0.9866384,0.009210011,0.9866384,0.0041516405
"u.s. april jobs growth softens, unemployment rises",negative,0,negative,True,0.9985442,0.9985442,0.0009173233,0.0005385655
humana quarterly earnings fall 15 percent,negative,0,negative,True,0.99941456,0.99941456,0.0003182233,0.00026721193
wal-mart ceo scott earned $23 million last year,neutral,1,neutral,True,0.9883079,0.0010356177,0.9883079,0.01065656
dec factory orders up 2.4 pct,positive,2,positive,True,0.9985719,0.00088171515,0.0005463934,0.9985719
occidental ceo got more than $400 million in 2006,neutral,1,neutral,True,0.9924838,0.00076065457,0.9924838,0.006755541
wal-mart says finds no evidence of surveillance,neutral,1,neutral,True,0.99662054,0.0007110338,0.99662054,0.0026683984
merrill lynch profits rise 68 pct,positive,2,positive,True,0.99853754,0.0006065118,0.0008559391,0.99853754
"dell expects to hike china output, market share",positive,2,positive,True,0.9334529,0.0023048637,0.064242244,0.9334529
asian leaders to wind up summit with energy pact,neutral,1,neutral,True,0.99741876,0.0004588056,0.99741876,0.0021224353
imf avoids specific proposal as quota talks start,neutral,1,neutral,True,0.9982627,0.0006553441,0.9982627,0.0010819944
jcdecaux sa eyeing clear channel outdoor wsj,neutral,1,neutral,True,0.99683654,0.00080138975,0.99683654,0.0023620022
u.s. gasoline price up for 1st time in 3 months,negative,0,negative,True,0.9238104,0.9238104,0.0072706323,0.06891885
feds moskow inflation biggest risk to u.s. economy,negative,0,negative,True,0.9974927,0.9974927,0.001805641,0.00070169376
"mizuho securities and shinko sec to merge, sources say",neutral,1,neutral,True,0.99761105,0.0010580673,0.99761105,0.0013308901
"dow, sp rise with oil, motorola",positive,2,positive,True,0.9986619,0.0007499094,0.00058822153,0.9986619
google execs to get up to $1.5 mln more in bonuses,neutral,1,neutral,True,0.63085604,0.00173935,0.63085604,0.36740467
gm set to detail shift to fuel-saving technology,positive,2,neutral,False,0.9982401,0.00038785744,0.9982401,0.0013720121
jj to acquire conor medsystems for $1.4 bln,positive,2,neutral,False,0.9981185,0.00048400913,0.9981185,0.0013974214
kfc to switch to no-trans-fat frying oil,positive,2,neutral,False,0.9972288,0.0009672609,0.9972288,0.001803845
northwest to award 4.9 pct stake to management,neutral,1,neutral,True,0.99801314,0.0007616498,0.99801314,0.0012251543
royal bank of canada fourth-quarter earns jump,positive,2,positive,True,0.99770004,0.0008056656,0.001494318,0.99770004
bhp shares surge after buyback announcement,positive,2,positive,True,0.998221,0.0004396587,0.0013393101,0.998221
"february payrolls up 97,000",positive,2,positive,True,0.9983039,0.0008066574,0.0008894577,0.9983039
nbc universal chooses new ceo for digital age-paper,neutral,1,neutral,True,0.99856734,0.00059633545,0.99856734,0.0008362504
blue chips dip despite deals,negative,0,negative,True,0.9985684,0.9985684,0.001152243,0.00027926598
general dynamics wins major government contract,positive,2,positive,True,0.5395304,0.001496653,0.4589729,0.5395304
"visa talks up mobile payments, invests in wireless",positive,2,neutral,False,0.9949051,0.0004731837,0.9949051,0.0046216296
goldman earnings rise to a record,positive,2,positive,True,0.9987973,0.0004985043,0.0007041232,0.9987973
u.s. house readies tax bill to move wage hike,neutral,1,neutral,True,0.99126655,0.0016193126,0.99126655,0.0071141534
"oil slides below $59, opec mulls cuts",negative,0,negative,True,0.9993895,0.9993895,0.00035968292,0.00025079545
"news corp., liberty media deal seen next week source",neutral,1,neutral,True,0.99723154,0.0008365462,0.99723154,0.0019319579
electronic arts warns on 2008 profit shares drop,negative,0,negative,True,0.9994136,0.9994136,0.00032521255,0.00026120272
reckson board rejects $4.3 billion icahn bid,neutral,1,neutral,True,0.9948242,0.002492356,0.9948242,0.0026835632
blockbuster may buy movielink wsj,neutral,1,neutral,True,0.995109,0.00088561577,0.995109,0.004005334
online gaming firm 888 says in tie-up talks,neutral,1,neutral,True,0.9782285,0.0010834209,0.9782285,0.02068801
conoco left out of venezuelas orinoco deals,negative,0,neutral,False,0.9948447,0.0032659045,0.9948447,0.0018894619
feds lacker says inflation still his main concern,negative,0,neutral,False,0.5066578,0.4906553,0.5066578,0.0026869345
wal-mart to score electronics environmentally,neutral,1,neutral,True,0.9983038,0.00050662615,0.9983038,0.0011895797
corrected duke energy earnings fall on real estate,negative,0,negative,True,0.9990258,0.9990258,0.00058461266,0.00038956956
ghosn says time not right for american partner,neutral,1,neutral,True,0.9894527,0.009618925,0.9894527,0.00092829106
cisco sues apple for iphone trademark infringement,negative,0,negative,True,0.9985935,0.9985935,0.00096024136,0.00044627415
hiring surprisingly strong in november,positive,2,positive,True,0.99616677,0.0010090956,0.0028240876,0.99616677
chrysler executive sees closer ties with mercedes,positive,2,neutral,False,0.9979571,0.00052188046,0.9979571,0.0015210173
drug reviewers question pfizer pain drug data,negative,0,negative,True,0.81702626,0.81702626,0.18122311,0.0017505748
"fedex profit hit by economy, but beats street view",neutral,1,negative,False,0.6940138,0.6940138,0.2927204,0.013265881
barclays may face sec action over debt trading,negative,0,neutral,False,0.586733,0.4106774,0.586733,0.0025896316
viacom demands youtube remove videos,negative,0,negative,True,0.80051273,0.80051273,0.19788529,0.001601992
"altria net hit by spain, conwood lifts reynolds",neutral,1,negative,False,0.998806,0.998806,0.0009132416,0.0002807982
australia regulator says examining qantas takeover,neutral,1,neutral,True,0.98050874,0.01504759,0.98050874,0.0044437028
holiday discounts may hurt apparel store profits,negative,0,negative,True,0.99910504,0.99910504,0.0006634849,0.00023140688
wal-mart recalls trail mix after reports of glass in product,negative,0,negative,True,0.9964324,0.9964324,0.0033308796,0.00023678756
monster founder mckelvey resigns from board,negative,0,neutral,False,0.99786144,0.0016556275,0.99786144,0.0004829352
factbox-key facts about major u.s. restaurant chains in china,neutral,1,neutral,True,0.9991339,0.00038127747,0.9991339,0.00048484647
stocks sink on fears about china and growth,negative,0,negative,True,0.9994394,0.9994394,0.00035024915,0.0002102369
"motorola to cut 3,500 jobs to improve margins",negative,0,negative,True,0.9988514,0.9988514,0.0008545547,0.0002940018
restructuring industry foresees wave of insolvencies,negative,0,negative,True,0.99810046,0.99810046,0.0016310036,0.0002685924
airbus workers strike over profit plan-unions,negative,0,negative,True,0.9967415,0.9967415,0.0028207062,0.0004378044
american greetings q3 profit jumps on gain,positive,2,positive,True,0.9985967,0.00079984614,0.0006033622,0.9985967
house panel plans hearing on retailers banks,neutral,1,neutral,True,0.998097,0.00086651015,0.998097,0.0010364634
"update 4-lehman profit rises 22 pct on trading, offerings",positive,2,positive,True,0.9988513,0.0005144672,0.0006342658,0.9988513
"ubs has exposure to new century, says secure",neutral,1,neutral,True,0.99282175,0.0008214658,0.99282175,0.006356797
media firm sues greenberg over trade practices,negative,0,negative,True,0.9979673,0.9979673,0.0015797635,0.00045290453
corrected xerox quarterly profit rises,positive,2,positive,True,0.99866307,0.00059476733,0.0007422123,0.99866307
branson eyeing $3 billion macau casino and resort,positive,2,neutral,False,0.99847656,0.0004556853,0.99847656,0.0010677823
att offers more to win ok of bellsouth deal,positive,2,neutral,False,0.99667287,0.00052632706,0.99667287,0.0028008185
buffett mum on two big stock investments,neutral,1,neutral,True,0.99834275,0.00092134095,0.99834275,0.0007358541
panel broad use of drug-coated stents risky,negative,0,neutral,False,0.73544973,0.26178047,0.73544973,0.002769869
"axa 2006 sales rise, shares buoyed",positive,2,positive,True,0.9989936,0.0003903854,0.00061600783,0.9989936
u.s. home loan fears renew global stock selling,negative,0,negative,True,0.99919814,0.99919814,0.0005543866,0.0002474808
wells fargo profit rises 11 pct,positive,2,positive,True,0.9988469,0.00052598194,0.0006271393,0.9988469
"omx says in cooperation talks, no bid received",neutral,1,neutral,True,0.99691737,0.00179775,0.99691737,0.0012849711
"qualcomm says profit, revenue rise, ups forecasts",positive,2,positive,True,0.99896204,0.00041068473,0.0006272607,0.99896204
liberty media agrees to atlanta braves deal source,positive,2,neutral,False,0.9961966,0.0017128817,0.9961966,0.0020905056
agl proposes a$13 billion tie-up with origin,positive,2,neutral,False,0.9933206,0.0005076702,0.9933206,0.0061717797
"chandlers, l.a. billionaires vie for tribune",positive,2,neutral,False,0.99832386,0.0007120101,0.99832386,0.000964084
wal-mart delis switch to trans-fat-free oil,neutral,1,neutral,True,0.996049,0.0017600224,0.996049,0.002190989
oil climbs near $60 on alaska port problems,positive,2,positive,True,0.9982895,0.00085570256,0.00085472665,0.9982895
harrahs board to weigh offers wednesday -sources,positive,2,neutral,False,0.99856,0.00060548395,0.99856,0.0008345469
blackstone ceo gala is sign of buyout boom times,positive,2,neutral,False,0.98051476,0.0013154245,0.98051476,0.01816975
private equity team considers sainsbury bid,positive,2,neutral,False,0.9983937,0.0007107241,0.9983937,0.0008954559
patient man reviews acquisitions coming to market,neutral,1,neutral,True,0.99889165,0.0004119426,0.99889165,0.0006965125
paulson need for greater china fx flexibility,neutral,1,neutral,True,0.9970278,0.0006130136,0.9970278,0.0023592063
couple charged with dj insider trades,negative,0,neutral,False,0.768252,0.22483951,0.768252,0.0069084973
update 5-lse fortifies nasdaq defence with share buyback,positive,2,positive,True,0.5866036,0.0039554257,0.409441,0.5866036
"ftse down as commodities weigh, cairn energy leads",negative,0,negative,True,0.99935144,0.99935144,0.0004778103,0.00017067538
conditions set for televisa cable buy,positive,2,neutral,False,0.9951025,0.0008469,0.9951025,0.0040505854
"g20 upbeat on prospects, tensions emerge on fx",neutral,1,neutral,True,0.8989785,0.001705801,0.8989785,0.09931581
brinks posts lower quarterly earnings,negative,0,negative,True,0.9993625,0.9993625,0.0004265638,0.00021091511
union says one-day strike closes most mexican mines,negative,0,positive,False,0.44401512,0.22080943,0.33517542,0.44401512
"philips no easy target for investors, ceo tells paper",neutral,1,neutral,True,0.99869186,0.0006655615,0.99869186,0.0006426555
australias santos eyes sale of u.s. oil interests,neutral,1,neutral,True,0.9982162,0.00072807266,0.9982162,0.0010557107
dow jones future rests in bancroft familys hands,neutral,1,neutral,True,0.99757034,0.0011240726,0.99757034,0.0013056244
kerkorian wants another spin around detroit,neutral,1,neutral,True,0.9973623,0.0005500123,0.9973623,0.002087634
wall street set to open on upbeat note,positive,2,positive,True,0.9957924,0.00034587792,0.0038616972,0.9957924
circuit city plans more cost cuts,positive,2,neutral,False,0.9888216,0.0011047135,0.9888216,0.0100736795
"tokyo stocks rebound, softbank and small caps rise",positive,2,positive,True,0.9939143,0.0036780143,0.0024076742,0.9939143
blackstone to buy pinnacle foods for $1.2 bln wsj,positive,2,neutral,False,0.9974686,0.0004896815,0.9974686,0.0020417257
ford ceo mulally gets $39.1 million compensation,neutral,1,neutral,True,0.99607843,0.00095219334,0.99607843,0.0029693227
corrected - update 3-qualcomm buys two wireless technology businesses,positive,2,neutral,False,0.9963492,0.00088882504,0.9963492,0.00276197
krispy kreme posts loss in delayed report,negative,0,negative,True,0.998863,0.998863,0.00088598585,0.0002510284
cheap fill-up can prove expensive for u.s. motorists,negative,0,negative,True,0.8298809,0.8298809,0.16433093,0.0057881502
newbridge to pay $100 mln for taiwan insurer stake,neutral,1,neutral,True,0.99784684,0.0008341572,0.99784684,0.0013189684
chevron beats expectations on refining profits,positive,2,positive,True,0.998489,0.00057080854,0.0009401685,0.998489
imfs european director says euro fairly valued,neutral,1,neutral,True,0.97492325,0.0017727514,0.97492325,0.0233041
marathon sees lower oil and gas sales,negative,0,negative,True,0.9992538,0.9992538,0.0005629978,0.00018317268
bernanke high savings outside u.s. push rates down,positive,2,neutral,False,0.9846994,0.0052822214,0.9846994,0.010018386
eaton to buy aerospace firm for $695 million,positive,2,neutral,False,0.9981129,0.00046057033,0.9981129,0.001426464
ford ceo mulally says jaguar not for sale,neutral,1,neutral,True,0.99805933,0.00094326213,0.99805933,0.0009973818
"european stocks gain as oil inches up, g7 in focus",positive,2,positive,True,0.99786013,0.00070642465,0.0014334357,0.99786013
"trade gap narrows, but consumers wary",neutral,1,neutral,True,0.8793667,0.0381864,0.8793667,0.08244696
lakshmi mittal appointed ceo of arcelor mittal,neutral,1,neutral,True,0.9985905,0.00054539106,0.9985905,0.00086403784
iea warns on oil inventories after big q1 drop,negative,0,negative,True,0.99835384,0.99835384,0.0009415467,0.00070472196
cerberus in talks to buy delphi plants source,neutral,1,neutral,True,0.9976191,0.00062694127,0.9976191,0.0017538858
oil breaks above $63 on opec cut and ship delays,positive,2,positive,True,0.994575,0.0038457955,0.0015792027,0.994575
mirant to sell caribbean business for $732 mln,neutral,1,neutral,True,0.99795294,0.0008899782,0.99795294,0.0011570711
indexes rise as ma grabs subprimes spotlight,positive,2,positive,True,0.9969081,0.0007341018,0.0023577535,0.9969081
flamboyant murdoch has built global media empire,neutral,1,neutral,True,0.9982376,0.0008051263,0.9982376,0.0009572078
"fed starts 2-day meeting, market sees steady rates",neutral,1,neutral,True,0.997341,0.001512397,0.997341,0.0011465467
citigroup wins control of japans nikko cordial,positive,2,neutral,False,0.9921921,0.001297408,0.9921921,0.0065105604
"yrc streamlines units to cut costs, boost business",positive,2,neutral,False,0.931237,0.0010440036,0.931237,0.06771907
barclays set to confirm abn takeover talks source,neutral,1,neutral,True,0.99866295,0.00041546935,0.99866295,0.00092152524
vodafone wins race for indias hutch essar source,positive,2,positive,True,0.56515574,0.0012179019,0.43362635,0.56515574
microsoft sees gamers online as key to growth,positive,2,neutral,False,0.990166,0.00069738226,0.990166,0.009136645
airtran airways raises offer for midwest air,positive,2,neutral,False,0.9908727,0.00070664834,0.9908727,0.008420791
economy on track despite housing fed officials,positive,2,positive,True,0.76641816,0.012731247,0.22085051,0.76641816
"stocks fall on rate worries, oils gain",negative,0,negative,True,0.88080543,0.88080543,0.11641244,0.002782057
ericsson ceo sees more multimedia buys report,positive,2,positive,True,0.74013275,0.002114437,0.2577528,0.74013275
sprint shares up after report of activist investor,positive,2,positive,True,0.9975101,0.00043924837,0.00205063,0.9975101
update 3-cardinal 1st-qtr net up on distribution unit gains,positive,2,positive,True,0.99822146,0.0010345065,0.00074403593,0.99822146
"feds moskow economy strong, rate hikes possible",neutral,1,positive,False,0.9896562,0.0021064798,0.008237273,0.9896562
update 3-nasdaq says q3 data wont change its view on lse,neutral,1,neutral,True,0.95000213,0.027668808,0.95000213,0.02232915
forecasters see sustained growth in 2007 philly fed,positive,2,positive,True,0.9909251,0.0023288915,0.006745973,0.9909251
stocks fall as oil hits $60 yen off vs dlr,negative,0,negative,True,0.99941385,0.99941385,0.00031107353,0.00027508673
nissan to postpone mid-term sales target source,negative,0,negative,True,0.9981882,0.9981882,0.0015119014,0.00029989984
ford must do what it takes to cut costs ceo,negative,0,neutral,False,0.9950258,0.0017084636,0.9950258,0.0032657776
honda to spend more on n.america sales incentives,negative,0,neutral,False,0.9728099,0.0008233335,0.9728099,0.026366744
"uk builders woodrow, wimpey to merge",positive,2,neutral,False,0.9976985,0.00091382803,0.9976985,0.0013877194
washington welcomes eu backing for open skies,positive,2,neutral,False,0.9906273,0.0008198827,0.9906273,0.008552814
gap march same-store sales rise 6 percent,positive,2,positive,True,0.9987509,0.0006327696,0.0006162598,0.9987509
carrefour not interested in big china acquisition,neutral,1,neutral,True,0.9973515,0.00081901526,0.9973515,0.0018294719
"insurers get movies made, but receive no oscars",neutral,1,neutral,True,0.9979576,0.0006580041,0.9979576,0.0013844046
"stocks slip on interest-rate, growth worries",negative,0,negative,True,0.99933845,0.99933845,0.00042718332,0.00023433634
"nymex oil firm, choppy as market seeks direction",neutral,1,neutral,True,0.94774395,0.024900291,0.94774395,0.027355732
"limited options for subprime woes, lawmakers hear",negative,0,neutral,False,0.9932922,0.006045661,0.9932922,0.0006621016
gm goes electric with concept car,positive,2,neutral,False,0.99739754,0.000720866,0.99739754,0.0018816179
factbox key facts about barclays and abn amro,neutral,1,neutral,True,0.9991154,0.0003977617,0.9991154,0.00048672405
"tnt operating profit up 7 pct in q1, keeps outlook",positive,2,positive,True,0.99880576,0.0005920113,0.0006021725,0.99880576
californias silicon valley reboots growth-report,positive,2,positive,True,0.9931283,0.0010462744,0.005825416,0.9931283
tpg exploring sale of stake to investors source,neutral,1,neutral,True,0.9982003,0.0009998174,0.9982003,0.0007998483
bp ex-ceo could testify on texas city blast lawyer,negative,0,neutral,False,0.9982857,0.0010615913,0.9982857,0.0006525882
lse shares ease after nasdaq bid fails,negative,0,negative,True,0.9991177,0.9991177,0.00067361793,0.00020863234
gm offered daimler gm stock in chrysler bid report,neutral,1,neutral,True,0.9975274,0.0009342713,0.9975274,0.0015383232
"boeing, st engineering in $136 mln conversion deal",positive,2,neutral,False,0.99543095,0.000842852,0.99543095,0.0037261401
gm pledges to make plug-in electric vehicle,positive,2,neutral,False,0.9916421,0.0004647522,0.9916421,0.007893196
"march income up 0.7 pct, core prices unchanged",positive,2,positive,True,0.9346705,0.0050770426,0.060252443,0.9346705
walgreen november same-store sales up,positive,2,positive,True,0.99885607,0.00040764263,0.0007362967,0.99885607
us airways ceo says focusing on deltas creditors,neutral,1,neutral,True,0.996305,0.003053175,0.996305,0.00064186164
work less global companies tell top managers,neutral,1,neutral,True,0.9984767,0.00078501663,0.9984767,0.00073833385
pepsico reaffirms 2007 earnings forecast,positive,2,positive,True,0.9540416,0.0015830349,0.044375386,0.9540416
baidu and ebay to collaborate in china,positive,2,neutral,False,0.9710333,0.0010088952,0.9710333,0.027957749
"echostar subscriber growth beats estimates, shares up",positive,2,positive,True,0.99865156,0.00047518706,0.00087324553,0.99865156
dhl orders six boeing freighters worth $894 mln,positive,2,positive,True,0.87396044,0.0027074597,0.12333213,0.87396044
microsoft to start vista coupon plan for pc buyers,positive,2,neutral,False,0.9947978,0.00057037774,0.9947978,0.0046317135
top court to hear wall st. firms appeal on ipo,negative,0,neutral,False,0.9912601,0.0021168783,0.9912601,0.006623078
blue chips gain on earnings outlook,positive,2,positive,True,0.9988219,0.0005039004,0.00067414786,0.9988219
"ftse gains as world markets rally, ici jumps 9 pct",positive,2,positive,True,0.99843615,0.001028135,0.0005357567,0.99843615
japan hit by record outbreak of stomach virus,negative,0,negative,True,0.9162719,0.9162719,0.082462326,0.0012657382
"microsoft shares rise after results, outlook",positive,2,positive,True,0.99892163,0.0003051792,0.0007732388,0.99892163
"us stocks endure wild 1st qtr, financials flounder",negative,0,negative,True,0.99899703,0.99899703,0.000736297,0.00026669708
hilton selling scandic to eqt for $1.1 billion,neutral,1,neutral,True,0.99815375,0.00069740025,0.99815375,0.001148813
ex-ceo of jeweler friedmans indicted in fraud case,negative,0,neutral,False,0.97674054,0.021597125,0.97674054,0.0016624051
oil rises ahead of extended u.s. trade break,positive,2,positive,True,0.9981364,0.00054320495,0.0013203942,0.9981364
attorneys can question bp ceo says texas court,negative,0,neutral,False,0.9930561,0.003061612,0.9930561,0.0038822861
free-market economist milton friedman dies at 94,neutral,1,neutral,True,0.99778986,0.0011749209,0.99778986,0.0010352309
hynix q4 shines on brisk dram sales,positive,2,positive,True,0.9977222,0.00043501935,0.0018427328,0.9977222
pier 1 loss widens and sales slide,negative,0,negative,True,0.99922764,0.99922764,0.00040958796,0.00036271458
holiday sales growth about half of last year report,negative,0,negative,True,0.9984566,0.9984566,0.00059436366,0.00094898284
"target same-store sales up, april to slip",neutral,1,neutral,True,0.9003394,0.09154721,0.9003394,0.008113396
citigroup to buy taiwans booc for $426 mln,positive,2,neutral,False,0.99720997,0.00062888884,0.99720997,0.0021611657
"refco exits chapter 11, to wind up businesses",negative,0,neutral,False,0.9971125,0.0014352873,0.9971125,0.0014522241
"wall street seen mixed on firm oil, mergers",neutral,1,neutral,True,0.9924666,0.0047916267,0.9924666,0.0027417582
raytheon to sell aircraft unit for $3.3 billion,neutral,1,neutral,True,0.9981602,0.0006288281,0.9981602,0.0012109973
alcoa explores possible sale of packaging business,neutral,1,neutral,True,0.9986576,0.0004830655,0.9986576,0.00085934263
subprime guidance to be issued thursday,neutral,1,neutral,True,0.99867874,0.0005580817,0.99867874,0.0007631557
indexes flat as retail sales raise rate concerns,negative,0,negative,True,0.9814007,0.9814007,0.017279414,0.0013198932
rim courts broader market with blackberry curve,positive,2,neutral,False,0.9982318,0.0009296227,0.9982318,0.00083858526
financial-services sector seen ripe for buyouts,positive,2,neutral,False,0.9906557,0.0015793091,0.9906557,0.0077649886
liz claiborne profit misses,negative,0,negative,True,0.9992599,0.9992599,0.00052782055,0.0002122356
intel appeals potential tax bill of $2.4 billion,negative,0,neutral,False,0.9834104,0.008667341,0.9834104,0.00792226
morgan stanley earnings jump to record,positive,2,positive,True,0.9984591,0.0005194302,0.0010215273,0.9984591
"services growth jumps, productivity solid",positive,2,positive,True,0.99857616,0.00031395545,0.0011098391,0.99857616
station casinos fourth-quarter profit falls,negative,0,negative,True,0.99938154,0.99938154,0.0003800921,0.00023843447
lse reiterates opposition to nasdaq bid,neutral,1,neutral,True,0.9780945,0.020178463,0.9780945,0.0017270272
vodafone wins hutch essar auction with $19 bln bid,positive,2,neutral,False,0.9840254,0.00063027395,0.9840254,0.015344321
transcanada to buy el paso pipelines for $3.39 bln,positive,2,neutral,False,0.9932075,0.0006669825,0.9932075,0.0061255596
ford results beat estimates,positive,2,positive,True,0.99803096,0.00039602007,0.0015730036,0.99803096
"nasdaq ends up on cisco, oil curbs dow, sp",neutral,1,positive,False,0.9976464,0.0013780352,0.0009755517,0.9976464
samsung exec agrees to plead guilty to price fixing,negative,0,neutral,False,0.98794323,0.007653463,0.98794323,0.004403334
ford to invest $1.02 bln in brazil,positive,2,neutral,False,0.9956564,0.000704437,0.9956564,0.0036391765
pier 1 says ceo to retire,neutral,1,neutral,True,0.99817026,0.00096274406,0.99817026,0.0008670041
"citigroup plans 15,000 net job cuts report",negative,0,negative,True,0.9992506,0.9992506,0.0004870079,0.00026246722
xerox posts better-than-expected profit,positive,2,positive,True,0.99880755,0.00041280786,0.0007796073,0.99880755
sec steps up kb home options probe,negative,0,neutral,False,0.9864704,0.010442231,0.9864704,0.00308736
symantec to acquire altiris in $830 mln deal,positive,2,neutral,False,0.9973827,0.00056331756,0.9973827,0.0020539116
gm says delphi deal may come soon wsj,neutral,1,neutral,True,0.99753064,0.00062176614,0.99753064,0.0018475298
starwood may be tempted by buyout after ceo exit,neutral,1,neutral,True,0.99724615,0.0006710823,0.99724615,0.0020827756
siemens beats forecasts as board to meet on ceo,positive,2,positive,True,0.9572826,0.0007523218,0.041965056,0.9572826
fitch cuts home depots debt on share repurchase,negative,0,positive,False,0.9788536,0.0018325344,0.019313917,0.9788536
cracker barrel parent posts lower profit,negative,0,negative,True,0.9993807,0.9993807,0.00039898252,0.0002202962
australias alinta recommends $6 billion babcock bid,positive,2,neutral,False,0.99783784,0.0007766619,0.99783784,0.0013855275
buffett bash gets bigger as billionaire gets older,neutral,1,neutral,True,0.9971234,0.0007199195,0.9971234,0.0021566022
"honeywell profit up 20 percent, raises forecast",positive,2,positive,True,0.9988617,0.0005845721,0.00055381947,0.9988617
dow coasts to another record close,positive,2,negative,False,0.80916595,0.80916595,0.026494714,0.16433932
liberty global set to surpass growth forecasts,positive,2,positive,True,0.9978269,0.0007266985,0.0014463541,0.9978269
nyse requests sec postpone nms compliance to march,neutral,1,neutral,True,0.9797268,0.018778548,0.9797268,0.001494581
ibm to join citigroup bid for chinese bank stake,positive,2,neutral,False,0.9980446,0.0007072442,0.9980446,0.0012481561
yahoo expands newspaper ad partners with mcclatchy,positive,2,neutral,False,0.9868167,0.0006007645,0.9868167,0.012582476
experts say news corp can get antitrust nod for dow,positive,2,neutral,False,0.86938787,0.0012522534,0.86938787,0.12935989
"apple, cisco extend negotiations on iphone name",neutral,1,neutral,True,0.99624217,0.00048195754,0.99624217,0.0032759376
mills agrees to be bought by brookfield asset,positive,2,neutral,False,0.99711007,0.0008947545,0.99711007,0.001995308
dr horton sees price stability returning by jan 08,positive,2,positive,True,0.8900321,0.0050532855,0.104914576,0.8900321
planned media job cuts up 88 pct in 2006,negative,0,negative,True,0.99900466,0.99900466,0.00067837816,0.00031702372
"hp names wachovia ceo to board, says sec probe elevated",negative,0,neutral,False,0.9985312,0.0007282444,0.9985312,0.00074056635
oracle net up on license sales,positive,2,positive,True,0.99811494,0.00043620277,0.0014489027,0.99811494
u.s. envoy says north korea denuclearization on track,positive,2,neutral,False,0.9733821,0.001139548,0.9733821,0.02547832
dj shares fall after murdoch remarks,negative,0,negative,True,0.9993851,0.9993851,0.0004209675,0.00019385708
stocks slide on dollar worries,negative,0,negative,True,0.9994024,0.9994024,0.00034966832,0.0002479283
sony keeps ps3 targets despite headwind,neutral,1,positive,False,0.6546007,0.03014352,0.3152558,0.6546007
northwest to file reorganization plan by next week,positive,2,neutral,False,0.9988452,0.0004968342,0.9988452,0.00065787754
honeywell profit up shares slide on view,negative,0,negative,True,0.5944382,0.5944382,0.36219916,0.043362655
circuit city posts surprise loss,negative,0,negative,True,0.9988417,0.9988417,0.0009443108,0.00021391873
south korea court cuts sentence for daewoo founder,neutral,1,neutral,True,0.98643315,0.0022844905,0.98643315,0.011282365
mercedes car group sales up,positive,2,positive,True,0.99854136,0.00036435117,0.0010942947,0.99854136
new century third quarter profit falls,negative,0,negative,True,0.99937904,0.99937904,0.00037938278,0.00024164097
ex-comverse cfo to plead guilty-court,negative,0,neutral,False,0.99327445,0.0020107399,0.99327445,0.004714731
northwest airlines quarterly net loss narrows,positive,2,positive,True,0.998676,0.00068030716,0.0006436813,0.998676
ford to sell climate control parts unit to valeo,neutral,1,neutral,True,0.9980775,0.0007387939,0.9980775,0.0011837151
"wal-mart launches movie, tv download service",positive,2,neutral,False,0.99008125,0.00046731922,0.99008125,0.009451516
ceos see stronger economic growth survey,positive,2,positive,True,0.9968836,0.0007815664,0.0023348741,0.9968836
jetblue adds operations chief after service fiasco,neutral,1,neutral,True,0.9977568,0.0011713539,0.9977568,0.0010718587
adobe profit rises on higher software sales,positive,2,positive,True,0.9989243,0.00038856844,0.00068710605,0.9989243
factbox-key details on digital rights management,neutral,1,neutral,True,0.99899906,0.0005064976,0.99899906,0.00049448444
u.s. and canada to hold softwood lumber talks,neutral,1,neutral,True,0.9971624,0.0006343468,0.9971624,0.0022032654
home depot profit falls on housing slowdown,negative,0,negative,True,0.99936444,0.99936444,0.0004041478,0.00023153254
chrysler sales ex-north america rise 9 pct in feb,positive,2,positive,True,0.9987896,0.0005143162,0.0006961452,0.9987896
group 1 sees need to cut big three orders,negative,0,negative,True,0.9990282,0.9990282,0.0006807893,0.0002910915
delphi investor group may sell part of stake,neutral,1,neutral,True,0.99701774,0.0018669895,0.99701774,0.0011152918
"hk, singapore ranked worlds freest economies in 07",positive,2,neutral,False,0.877896,0.0008225029,0.877896,0.12128155
"sony, pioneer to delay earnings due to u.s. rules",negative,0,negative,True,0.9984945,0.9984945,0.0012547579,0.0002506844
chronology timeline of the newmont gold mine pollution trial,neutral,1,neutral,True,0.9965983,0.0024199444,0.9965983,0.0009817577
whitney withdraws offer for herbalife,negative,0,neutral,False,0.99647564,0.0028075136,0.99647564,0.00071691105
blockbuster gives free rentals to netflix clients,neutral,1,neutral,True,0.99569416,0.00049707567,0.99569416,0.0038087026
detroit gets a buzz from electric cars,positive,2,neutral,False,0.9942433,0.00074329716,0.9942433,0.0050134608
stocks gains hinge on earnings and cpi,neutral,1,neutral,True,0.99479395,0.0015295895,0.99479395,0.0036765432
blue chips up as safety sought amid iran woe,positive,2,positive,True,0.9952733,0.0020600925,0.0026666014,0.9952733
judges ok $2.45 bln settlement in nortel case,positive,2,positive,True,0.9217667,0.010044,0.06818927,0.9217667
aflac posts higher earnings in first quarter,positive,2,positive,True,0.9982003,0.00026809284,0.0015315424,0.9982003
gms u.s. february sales up 3.4 percent,positive,2,positive,True,0.99878734,0.0006117173,0.00060098874,0.99878734
bank of queensland offers to buy bendigo for $2 bln,positive,2,neutral,False,0.99799854,0.0006172549,0.99799854,0.0013842013
hertz to sell 88 million shares in ipo,neutral,1,neutral,True,0.9929646,0.0048066434,0.9929646,0.0022287173
"instant view - stocks plunge, bonds surge",negative,0,neutral,False,0.6844559,0.30502644,0.6844559,0.010517758
bojs iwata mum on monetary policy in speech,neutral,1,neutral,True,0.99719596,0.0019758458,0.99719596,0.00082819385
gm ceo says u.s. mergers unlikely report,neutral,1,neutral,True,0.91361696,0.07383335,0.91361696,0.012549667
december housing starts up 4.5 pct,positive,2,positive,True,0.9963516,0.0025603243,0.0010880749,0.9963516
january new home sales fall 16.6 percent,negative,0,negative,True,0.9991881,0.9991881,0.00051361223,0.00029826886
citigroup hedge fund chief barr resigns,negative,0,neutral,False,0.99855167,0.0009041298,0.99855167,0.0005442472
u.s. cancels vaxgen anthrax vaccine contract,negative,0,neutral,False,0.9345193,0.053237982,0.9345193,0.012242727
swisscom pays vodafone $3.5 bln for mobile stake,positive,2,neutral,False,0.99739254,0.0007866101,0.99739254,0.0018207937
"u.s. slump possible, not probable greenspan quoted",neutral,1,negative,False,0.99773896,0.99773896,0.0012242934,0.001036746
tribune to evaluate offers on saturday source,neutral,1,neutral,True,0.99851495,0.00042310377,0.99851495,0.001061905
perry ellis posts profit up slightly,positive,2,positive,True,0.9986437,0.0005117458,0.0008445867,0.9986437
tribune revisits firms that did not bid wsj,neutral,1,neutral,True,0.9984445,0.00067500747,0.9984445,0.00088051386
jury reaches verdicts in 2 vioxx cases,neutral,1,neutral,True,0.8250117,0.005234719,0.8250117,0.16975357
lithia posts lower 4th-qtr earnings,negative,0,negative,True,0.9993944,0.9993944,0.0003904091,0.00021511801
napster posts narrower quarterly loss,positive,2,positive,True,0.9983473,0.0005682366,0.0010845445,0.9983473
"sk corp. seeks london listing of sk incheon, wsj says",neutral,1,neutral,True,0.9986935,0.0006875508,0.9986935,0.000618977
factbox key parts of the eu-u.s. open skies aviation pact,neutral,1,neutral,True,0.9986156,0.0003750555,0.9986156,0.0010092525
apple posts higher profit on strong macbook sales,positive,2,positive,True,0.9987896,0.000365133,0.0008452658,0.9987896
feds geithner sees few risks of subprime spillover,positive,2,neutral,False,0.7868962,0.018786646,0.7868962,0.19431709
morgan stanley to help finance us airs delta bid,neutral,1,neutral,True,0.9976355,0.0006218318,0.9976355,0.0017426729
bofa says honda its autos top pick for 2007,positive,2,neutral,False,0.82414913,0.0010606886,0.82414913,0.17479019
corrected afl-cio to target verizon over ceo pay,negative,0,neutral,False,0.87416166,0.11624707,0.87416166,0.009591279
bce says not in talks on taking company private,neutral,1,neutral,True,0.9986105,0.0005516507,0.9986105,0.0008378356
gm expects its global output volume flat this yr,neutral,1,negative,False,0.9296102,0.9296102,0.06617893,0.004210888
del monte posts lower quarterly profit,negative,0,negative,True,0.99937636,0.99937636,0.00040630443,0.0002174654
wal-mart sees tepid february store sales gains,negative,0,negative,True,0.9954255,0.9954255,0.003664208,0.0009102665
"manufacturing up, consumer spending strong",positive,2,positive,True,0.9984983,0.0005019258,0.000999795,0.9984983
shell q3 underlying profit beats all forecasts,positive,2,positive,True,0.99880266,0.00049574603,0.00070158456,0.99880266
nippon steel to boost ties with brazil miner cvrd,positive,2,neutral,False,0.9611441,0.00070243055,0.9611441,0.03815346
new coo at citigroup,neutral,1,neutral,True,0.99830246,0.0006881116,0.99830246,0.0010094243
"technip surges on eni, saipem bid reports",positive,2,positive,True,0.9901635,0.001505929,0.008330502,0.9901635
march factory orders rise surprising 3.1 percent,positive,2,positive,True,0.99870396,0.0007203901,0.0005755885,0.99870396
snowy protests fail to rock businessmen on a roll,positive,2,neutral,False,0.99538016,0.0028082463,0.99538016,0.0018115431
porsche sees steady 2006/07 profit,positive,2,positive,True,0.98952174,0.0011215108,0.009356816,0.98952174
airbus sees delayed a380 jet certified by december 13,positive,2,neutral,False,0.9945427,0.0014653257,0.9945427,0.003992019
u.s. cant alter dolphin-safe tuna rules court,neutral,1,neutral,True,0.9887748,0.0026062545,0.9887748,0.008618927
luxottica to make eyewear for tiffany,positive,2,neutral,False,0.9972772,0.0005054077,0.9972772,0.0022174788
claires to be bought by apollo for $3.1 bln,positive,2,neutral,False,0.99825567,0.00062581006,0.99825567,0.001118471
"update 2-teva q3 net profit rises, beats estimates",positive,2,positive,True,0.9988249,0.0005717078,0.0006034074,0.9988249
mcdonalds october same-store sales up 5.5 percent,positive,2,positive,True,0.99891603,0.0004742744,0.0006096821,0.99891603
cerberus gets bernhard to advise on chrysler bid,positive,2,neutral,False,0.9983021,0.00054008316,0.9983021,0.0011578116
amo to buy intralase for $808 million,positive,2,neutral,False,0.9973828,0.00076499884,0.9973828,0.0018522325
gm says 3rd-qtr loss was smaller than reported,positive,2,positive,True,0.9963431,0.0012679378,0.0023889223,0.9963431
jobless claims dip ahead of jobs report,positive,2,positive,True,0.9961475,0.0017510153,0.002101449,0.9961475
congress sets bp alaska hearing on missing papers,negative,0,neutral,False,0.9974999,0.001392025,0.9974999,0.0011081529
"volkswagen recalls 62,000 passats in u.s., canada",negative,0,negative,True,0.9983577,0.9983577,0.0012829035,0.0003593784
"caterpillar profit rises, shares up",positive,2,positive,True,0.99896085,0.00046088066,0.0005782076,0.99896085
blockbuster gets ok to sell stores in taiwan,positive,2,positive,True,0.8530604,0.0033204155,0.14361912,0.8530604
"aon says restructuring to cut 3,600 employees",negative,0,negative,True,0.99905926,0.99905926,0.0006976456,0.00024308659
court rules forbes defamed russias richest woman,negative,0,neutral,False,0.9973918,0.0013689526,0.9973918,0.0012391232
citigroup buys 19.9 pct of indias anand rathi sec,positive,2,neutral,False,0.9959929,0.0013034797,0.9959929,0.0027035847
u.s. sec seeks to curtail investor suits nyt,neutral,1,neutral,True,0.9286534,0.057155676,0.9286534,0.014190939
daimlerchrysler to set up van venture in china paper,positive,2,neutral,False,0.9971507,0.0006244465,0.9971507,0.0022248398
"honduras temporarily grabs exxon, chevron terminals",negative,0,neutral,False,0.98606145,0.0055191414,0.98606145,0.00841946
"hyundai, kia profit hit by weaker sales, won",negative,0,negative,True,0.99938715,0.99938715,0.0004106014,0.00020227757
gm ceo confirms interest in proton,neutral,1,neutral,True,0.996108,0.00042824686,0.996108,0.003463836
holiday toy sales lead hasbro to strong 4th qtr,positive,2,positive,True,0.9978942,0.0010322955,0.0010735097,0.9978942
philly feds plosser says inflation may remain high,negative,0,negative,True,0.68620896,0.68620896,0.19144163,0.12234945
amazon quarterly profit tops forecasts,positive,2,positive,True,0.9987214,0.00053598115,0.00074252544,0.9987214
china policies will slow economic growth report,negative,0,negative,True,0.998892,0.998892,0.0007970893,0.0003109464
two buyout groups eyeing servicemaster bloomberg,positive,2,neutral,False,0.9975961,0.0006422908,0.9975961,0.0017616451
publicis acquires health-care services company,positive,2,neutral,False,0.99871457,0.00039692168,0.99871457,0.0008885152
euronext expects shareholders will support nyse deal,positive,2,positive,True,0.90102106,0.0009190637,0.09805988,0.90102106
texas court dismisses vioxx lawsuit,positive,2,positive,True,0.96833616,0.0027208321,0.02894305,0.96833616
factbox-leading u.s. economist milton friedman dead at 94,neutral,1,neutral,True,0.996995,0.0012693205,0.996995,0.0017357438
new century stops taking loan applications,negative,0,neutral,False,0.99159276,0.007526806,0.99159276,0.0008804643
mitsui wins $763 million order for saudi railway,positive,2,neutral,False,0.83895886,0.0011505552,0.83895886,0.15989059
costco october same-store sales up 4 percent,positive,2,positive,True,0.99891865,0.00045086857,0.0006304894,0.99891865
home values in 2007 to take first dip realtors,negative,0,negative,True,0.9980215,0.9980215,0.0012022185,0.00077634084
healthsouth to sell surgery unit for $945 mln,neutral,1,neutral,True,0.998168,0.0007911388,0.998168,0.001040849
"zetsche eyes 2007 gains at mercedes, chrysler",positive,2,positive,True,0.655903,0.001247928,0.34284908,0.655903
centro to buy new plan excel for $3.4 bln in cash,positive,2,neutral,False,0.99786735,0.0007411345,0.99786735,0.001391588
volkswagen 2006 sales hit record 5.73 mln units,positive,2,positive,True,0.99694616,0.0009295786,0.0021242762,0.99694616
abn amro has 14 days to accept rival bid for lasalle,neutral,1,neutral,True,0.997661,0.00063904363,0.997661,0.0016999447
tpg mulls rival bid for sainsbury,positive,2,neutral,False,0.9982527,0.00065107003,0.9982527,0.001096262
google says bought stake in chinas xunlei,positive,2,neutral,False,0.9955485,0.00097641366,0.9955485,0.00347517
hungry nike sees 53 pct sales growth over 5 yrs,positive,2,positive,True,0.99870944,0.0006720189,0.000618485,0.99870944
warner to sell three jointly owned cinemas in china,neutral,1,neutral,True,0.99824476,0.00061587844,0.99824476,0.001139422
karstadt -mytravel synergies at least 75 mln pounds,positive,2,positive,True,0.8123969,0.034310475,0.15329263,0.8123969
qantas accepts sweetened $8.7 bln takeover bid,positive,2,neutral,False,0.9949523,0.0008375633,0.9949523,0.0042101336
icahn to launch $22 per share offer for wci,positive,2,neutral,False,0.9978276,0.00094621093,0.9978276,0.0012261197
halliburton board seen opting for kbr split-off,positive,2,neutral,False,0.99636334,0.0014829763,0.99636334,0.0021536835
delta swings to quarterly profit on gain,positive,2,positive,True,0.9981001,0.0010305503,0.0008693682,0.9981001
wall street seen mixed ahead of election,neutral,1,neutral,True,0.9978237,0.0011151613,0.9978237,0.0010611258
williams-sonoma denies it has hired goldman,neutral,1,neutral,True,0.9981331,0.0010026476,0.9981331,0.0008642303
apollo to buy xstrata aluminum unit,positive,2,neutral,False,0.99724555,0.0006304766,0.99724555,0.0021240844
ibm to unveil chip with optical connections report,positive,2,neutral,False,0.99842167,0.0005108894,0.99842167,0.0010675313
auto makers hope to sell china on credit,positive,2,neutral,False,0.99402434,0.003407929,0.99402434,0.002567662
service sector gauge slips in december ism,negative,0,negative,True,0.99910396,0.99910396,0.00060785527,0.0002881625
audi sells more cars than mercedes-benz in jan,positive,2,neutral,False,0.9775608,0.0009460532,0.9775608,0.021493077
stores set flat-panel tv blitz for holiday weekend,positive,2,neutral,False,0.99644536,0.0010751633,0.99644536,0.0024794873
antibiotics usually useless for bronchitis,neutral,1,neutral,True,0.99188954,0.0068974034,0.99188954,0.0012130794
federated quarterly profit rises,positive,2,positive,True,0.9987305,0.00032052008,0.0009490245,0.9987305
"equities rout extends in u.s. session, yen up",negative,0,positive,False,0.956418,0.019038884,0.024543192,0.956418
airbus wary of alcan-alcoa deal,negative,0,neutral,False,0.9900337,0.008360953,0.9900337,0.00160527
once-hot florida home market chills a bit,negative,0,negative,True,0.9972844,0.9972844,0.0020956204,0.0006199681
group accuses wal-mart of illegal anti-union tactics,negative,0,neutral,False,0.6824207,0.3149621,0.6824207,0.0026172022
china says 8 foreign banks apply for registration,positive,2,neutral,False,0.99851924,0.00038249634,0.99851924,0.0010983434
indias marathon man ambani loses telecom race,negative,0,neutral,False,0.99430144,0.003653075,0.99430144,0.0020454545
america movil unit buys telecom puerto rico,positive,2,neutral,False,0.9968347,0.00039418502,0.9968347,0.0027711152
news corp says makes friendly offer to buy dj,positive,2,neutral,False,0.9931919,0.00039639947,0.9931919,0.006411727
"australias qantas gets buyout offer, shares jump",positive,2,positive,True,0.9930483,0.00052550813,0.0064261155,0.9930483
gazprom close to deal to take half of sakhalin-2,positive,2,neutral,False,0.9913038,0.00083168823,0.9913038,0.007864453
la billionaires study tribune options source,neutral,1,neutral,True,0.99870026,0.0007123139,0.99870026,0.00058738946
merck boosts 07 earnings forecast shares rise,positive,2,positive,True,0.9986979,0.00072018104,0.00058194035,0.9986979
"rolls-royce set to launch new, smaller model",positive,2,neutral,False,0.9946391,0.0008795864,0.9946391,0.0044813743
"wall street set for upbeat start, earnings flow",positive,2,positive,True,0.9974093,0.0003895125,0.00220117,0.9974093
coca-cola denies plans to bid for its top bottler,neutral,1,neutral,True,0.9986161,0.00037405628,0.9986161,0.0010099077
"corrected - update 2-heinz profit falls on tax rate, but raises forecast",neutral,1,negative,False,0.982396,0.982396,0.015554165,0.0020498452
"microsoft to offer movies, tv shows on game service",positive,2,neutral,False,0.99826884,0.0003415046,0.99826884,0.001389576
existing home sales fall for 6th straight month,negative,0,negative,True,0.99880683,0.99880683,0.0008358159,0.00035735947
iss urges vote against sapporo defense,neutral,1,neutral,True,0.9880613,0.005352196,0.9880613,0.006586478
elizabeth arden posts quarterly loss,negative,0,negative,True,0.9945667,0.9945667,0.004993284,0.00043992684
"big money picks ge, sees google as pricey barrons",neutral,1,neutral,True,0.7707112,0.22092894,0.7707112,0.008359881
verizon in china optical cable deal,positive,2,neutral,False,0.9645536,0.001169178,0.9645536,0.034277234
darden restaurants sales mixed in march,neutral,1,neutral,True,0.60360646,0.39086586,0.60360646,0.005527682
japan carmakers nervously continue u.s. charge,neutral,1,negative,False,0.6174351,0.6174351,0.3683155,0.014249407
street-topping wal-mart upbeat on holiday,positive,2,positive,True,0.9954267,0.0010014635,0.003571821,0.9954267
home builder d.r. horton earnings plunge 85 pct,negative,0,negative,True,0.9993512,0.9993512,0.00032619797,0.00032259448
"mazda plans plants in thailand, n. america",positive,2,neutral,False,0.9969066,0.0004440414,0.9969066,0.0026494765
"adobe profit up, product upgrades on track",positive,2,positive,True,0.99859387,0.0003530036,0.001053097,0.99859387
cemex approval paves way for next rinker move,positive,2,neutral,False,0.9054846,0.0017385968,0.9054846,0.09277675
"wall street seen little changed, wal-mart eyed",neutral,1,neutral,True,0.9981444,0.00097010366,0.9981444,0.000885558
citigroup looking into a bid for abn amro paper,neutral,1,neutral,True,0.99834406,0.00054856285,0.99834406,0.0011073902
google sees no impact from mobile ads until 08,neutral,1,neutral,True,0.99861157,0.00058944186,0.99861157,0.0007989901
factbox - what was said on fx at washington g7,neutral,1,neutral,True,0.99904865,0.00044173747,0.99904865,0.0005096151
nasdaq ceo gets new contract and big option award,neutral,1,positive,False,0.9852846,0.00045429065,0.014261086,0.9852846
qantas expert says airline partners bid is fair,positive,2,neutral,False,0.9639036,0.0008527777,0.9639036,0.03524355
viacom posts quarterly profit higher on purchase,positive,2,positive,True,0.9988844,0.0003946036,0.0007209664,0.9988844
hyundai to build $270 mln u.s. engine plant,positive,2,neutral,False,0.9936237,0.0008091452,0.9936237,0.005567242
aon posts lower earnings in third quarter,negative,0,negative,True,0.9993544,0.9993544,0.0004245893,0.00022095063
gm europe labor hails move to sell astras in u.s.,positive,2,neutral,False,0.8177886,0.13286527,0.8177886,0.049346182
feds poole favors rate hike if inflation stays up,negative,0,neutral,False,0.9853195,0.005328118,0.9853195,0.009352502
shell canada agrees to sweetened shell bid,positive,2,neutral,False,0.9888453,0.0011919654,0.9888453,0.009962692
amd says court seeks data from intel in antitrust case,negative,0,neutral,False,0.9829202,0.014749464,0.9829202,0.0023303067
"medco posts higher profit, lifts 2007 view",positive,2,positive,True,0.9986683,0.0007198198,0.00061185943,0.9986683
flat start tipped for wall street ahead of jobs data,neutral,1,negative,False,0.83967686,0.83967686,0.10289629,0.057426795
cbot board okays talks with ice on proposed deal,neutral,1,neutral,True,0.9609342,0.0032144638,0.9609342,0.0358513
stocks may stumble on dollar and data,negative,0,negative,True,0.9991924,0.9991924,0.00058463775,0.00022294941
"partygaming to buy empire, intercontinental online",positive,2,neutral,False,0.99744093,0.0007995268,0.99744093,0.0017595118
"tsmc posts weak dec sales, misses forecast",negative,0,negative,True,0.9993949,0.9993949,0.00035268482,0.00025244147
airbus gets go-ahead for new a350,positive,2,neutral,False,0.70486593,0.0017712344,0.70486593,0.2933629
no word yet from rim on cause of blackberry outage,negative,0,negative,True,0.939332,0.939332,0.060049605,0.0006183501
"ford restates results for 5 years, narrows q3 loss",neutral,1,positive,False,0.9155593,0.019470084,0.06497061,0.9155593
"dow dips on wal-mart, economy",negative,0,negative,True,0.9994041,0.9994041,0.00037382075,0.00022206604
nortel signs $2-billion supply deal with verizon,positive,2,positive,True,0.9522079,0.001850499,0.04594157,0.9522079
thomson in talks to buy reuters for $17.6 bln,neutral,1,neutral,True,0.99657816,0.0005603483,0.99657816,0.0028614725
dominos earnings fall as promotions fail,negative,0,negative,True,0.99929667,0.99929667,0.000502876,0.00020047695
china warns u.s. piracy cases will harm trade tries,negative,0,negative,True,0.9964561,0.9964561,0.0032143362,0.00032951028
countrywide mortgage lending in foreclosure rises,negative,0,negative,True,0.9815718,0.9815718,0.012600848,0.0058272844
"pg stands by quarter view, sets new womens razor",positive,2,neutral,False,0.9862839,0.0010687754,0.9862839,0.01264734
german corporate optimism jumps unexpectedly,positive,2,positive,True,0.9984132,0.00074707944,0.0008396908,0.9984132
apple files to delay annual report for option review,negative,0,neutral,False,0.9819448,0.016655166,0.9819448,0.0013999738
google interested in doubleclick purchase report,positive,2,neutral,False,0.9966518,0.00049790525,0.9966518,0.0028502422
fcc oks commissioner to vote on att-bellsouth,neutral,1,neutral,True,0.99748576,0.0008501675,0.99748576,0.0016639625
judge sets new date for kpmg tax case,negative,0,neutral,False,0.9953355,0.0028564075,0.9953355,0.0018080274
san miguel eyes $700 million deal for coke unit-sources,positive,2,neutral,False,0.9984701,0.00045958188,0.9984701,0.0010702733
factbox-how volkswagen and porsche stack up,neutral,1,neutral,True,0.9685629,0.000541652,0.9685629,0.03089545
accredited home hires new auditor shares rise,positive,2,positive,True,0.8917942,0.0024533076,0.105752476,0.8917942
"lear sees 07 sales up, shares surge",positive,2,positive,True,0.99883395,0.00045844857,0.0007076135,0.99883395
wal-mart expands personal well-being programs,positive,2,neutral,False,0.97840035,0.0005930714,0.97840035,0.021006608
beware heavy store traffic doesnt mean huge sales,negative,0,neutral,False,0.9648507,0.03224801,0.9648507,0.0029012896
"dow jones 1st-qtr profit falls, revenue rises",neutral,1,negative,False,0.98366517,0.98366517,0.014132636,0.0022021353
"russia prolongs shell project probe, may prosecute",negative,0,negative,True,0.9736843,0.9736843,0.024770875,0.0015447602
"clear channel gets higher bid, vote still unclear",positive,2,neutral,False,0.9964953,0.0010358013,0.9964953,0.002469017
stocks to take consumers pulse,neutral,1,neutral,True,0.99875355,0.00042297,0.99875355,0.000823472
us airways reports loss after hedging,negative,0,negative,True,0.99863464,0.99863464,0.0010343357,0.0003310395
"kraft 3rd-quarter profit up, but sales disappoint",neutral,1,positive,False,0.7860493,0.0070402697,0.20691049,0.7860493
"lockheed, boeing vie for $1 bln-plus u.s. radio deal",positive,2,neutral,False,0.997891,0.00054712873,0.997891,0.0015618998
barnes noble shares rise after upgrade,positive,2,positive,True,0.99794406,0.00036798342,0.001687986,0.99794406
bear stearns earnings rise 38 pct,positive,2,positive,True,0.998657,0.00059256644,0.0007503972,0.998657
yahoo signs up comcast for web ads deal,positive,2,neutral,False,0.99224126,0.0006032785,0.99224126,0.0071555064
investor optimism dips in dec from nov peak,negative,0,negative,True,0.99930024,0.99930024,0.00036449629,0.00033523314
comverse says receives letter of default,negative,0,negative,True,0.98776907,0.98776907,0.011775386,0.00045557952
home loan demand plummets as refinancing dives,negative,0,negative,True,0.99740064,0.99740064,0.0019169841,0.00068237213
us air-delta merger could ignite fare war experts,negative,0,neutral,False,0.6473861,0.3460731,0.6473861,0.0065408554
hybrid sales rise but growth slowing,neutral,1,neutral,True,0.95474476,0.013868998,0.95474476,0.031386305
cbs close to web distribution deals report,positive,2,neutral,False,0.99279,0.0006294145,0.99279,0.006580591
dover profit from continuing operations rises,positive,2,positive,True,0.9987463,0.00037398143,0.0008797328,0.9987463
verizons ne fixed line biz to merge with fairpoint,neutral,1,neutral,True,0.997535,0.001370281,0.997535,0.0010946958
time inc. may lay off 150 people new york post,negative,0,negative,True,0.99898654,0.99898654,0.0007331436,0.00028028598
third-quarter gdp growth revised down,negative,0,negative,True,0.99921525,0.99921525,0.0004253143,0.00035936825
midwest business activity recovers in december,positive,2,positive,True,0.98386127,0.0020083492,0.0141303595,0.98386127
german eads investor talks could drag into 2007,negative,0,neutral,False,0.9939651,0.0028359122,0.9939651,0.0031989813
dow eases as jobs data suggest no fed cut yet,negative,0,negative,True,0.99860054,0.99860054,0.00092424656,0.00047518412
"stocks rebound, but thai credibility in tatters",neutral,1,negative,False,0.64962643,0.64962643,0.34353527,0.006838278
babcock offers some alinta shareholders cash option,positive,2,neutral,False,0.993576,0.0010368465,0.993576,0.005387175
"conagra 2nd-qtr profit jumps, forecast raised",positive,2,positive,True,0.9988533,0.00056753436,0.0005791362,0.9988533
goodyear sees lingering strike impact into 2007,negative,0,negative,True,0.993733,0.993733,0.005735601,0.0005314551
housing slowdown weighed on consumer mood in nov,negative,0,negative,True,0.9986211,0.9986211,0.0009216088,0.00045726914
nissan u.s. sales down 11 pct in april,negative,0,negative,True,0.9994209,0.9994209,0.00032116252,0.00025789844
alcan happy to remain independent company ceo,neutral,1,neutral,True,0.9966305,0.0012149968,0.9966305,0.0021544632
"ford not ruling out sale, partnership magazine",neutral,1,neutral,True,0.996666,0.0007409358,0.996666,0.0025930954
cheesecake factory rises 5.5 pct,positive,2,positive,True,0.99859434,0.00065939536,0.00074627413,0.99859434
calibrating the retirement account,neutral,1,neutral,True,0.99784136,0.0004900725,0.99784136,0.0016685924
fcc expected to hit univision with record fine nyt,negative,0,negative,True,0.9971244,0.9971244,0.0021217817,0.00075379194
"nintendo picks gamestop, toys r us for wii launch",positive,2,neutral,False,0.99807334,0.00042492306,0.99807334,0.0015017285
federated november same-store sales up 8.5 pct,positive,2,positive,True,0.99889743,0.0005008525,0.00060173124,0.99889743
danaher sees double-digit 2007 earnings growth,positive,2,positive,True,0.9987501,0.00042438516,0.0008255395,0.9987501
apec business leaders urge vast free trade zone,positive,2,neutral,False,0.9939639,0.00173009,0.9939639,0.004306087
"hondas jan-nov china sales up 23 pct, lag market",neutral,1,positive,False,0.8555494,0.011036916,0.1334137,0.8555494
apple profit surges on macbook and ipod sales,positive,2,positive,True,0.99861693,0.0004988215,0.0008842435,0.99861693
ise says in advanced talks with deutsche boerse,positive,2,neutral,False,0.9712714,0.00082975056,0.9712714,0.027898887
"january incomes up 1.0 pct, core prices up 0.3 pct",neutral,1,positive,False,0.99701715,0.0008638232,0.0021190953,0.99701715
vw stock bolstered by talk of full porsche bid,positive,2,positive,True,0.99666744,0.00032114817,0.0030113684,0.99666744
"world is impatient for reform, paulson tells china",neutral,1,neutral,True,0.9968748,0.0008387381,0.9968748,0.0022864237
former analyst gets 3 years for insider trading,negative,0,negative,True,0.79250616,0.79250616,0.20474677,0.0027471518
apple sells 100 million ipods,positive,2,positive,True,0.7313688,0.004885249,0.26374602,0.7313688
ericsson lowers 2007 outlook,negative,0,negative,True,0.99811757,0.99811757,0.0015408393,0.00034164486
ubs winding up hedge fund after q1 profits fall,negative,0,negative,True,0.9989177,0.9989177,0.0008376163,0.00024470835
time warner sues directv over nfl network ads,negative,0,negative,True,0.9964263,0.9964263,0.0031859344,0.00038777385
"iea sees higher oil price, risks to investment",neutral,1,negative,False,0.99682945,0.99682945,0.0023137412,0.0008567205
treasury names another new finance official,neutral,1,neutral,True,0.9984055,0.000692075,0.9984055,0.00090241904
"siemens ceo resigns, leadership vacuum grows",negative,0,neutral,False,0.9473027,0.051381964,0.9473027,0.0013153781
update 3-medco quarterly profit up 18 percent,positive,2,positive,True,0.99889356,0.00055822614,0.0005482658,0.99889356
oscar mayer chicken strip recall expanded usda,negative,0,negative,True,0.9950427,0.9950427,0.004500405,0.00045689533
duncan hines maker to be sold for $1.2 billion,positive,2,neutral,False,0.99812835,0.00088240515,0.99812835,0.0009891946
ge mulls sale of plastics unit source,neutral,1,neutral,True,0.9986613,0.00058612914,0.9986613,0.00075267785
best buy to sell hd radio in all u.s. stores,positive,2,neutral,False,0.994718,0.0003948461,0.994718,0.004887135
michael dell says direct sales not a religion,neutral,1,neutral,True,0.9982374,0.000809459,0.9982374,0.0009531239
triad near deal for private equity buyout wsj,positive,2,neutral,False,0.9985183,0.0004918649,0.9985183,0.000989927
"pg profit soars, view raised slightly",positive,2,positive,True,0.9986399,0.0008071217,0.0005529385,0.9986399
pfizer wins canada ruling to stop lipitor generic,positive,2,positive,True,0.9869507,0.00070571416,0.012343568,0.9869507
franco-german split overshadows airbus job cuts,negative,0,negative,True,0.99520975,0.99520975,0.0043725274,0.00041768013
sears securitizes its brand names businessweek,neutral,1,neutral,True,0.9990251,0.00047699604,0.9990251,0.00049792725
poole says u.s. interest rates well positioned,neutral,1,positive,False,0.9501856,0.0037342254,0.04608015,0.9501856
investors beware as china charts consumer boom,neutral,1,negative,False,0.8370885,0.8370885,0.15256742,0.010344089
chrysler signs small-car deal with chinas chery,positive,2,neutral,False,0.9322605,0.00093078794,0.9322605,0.0668087
equity office affirms support for blackstone offer,positive,2,neutral,False,0.9940958,0.00095940876,0.9940958,0.00494477
"u.s. dec leading index rises, tops forecast",positive,2,positive,True,0.998171,0.0010084005,0.00082062325,0.998171
us nov pending home sales index falls 0.5 pct,negative,0,negative,True,0.99870074,0.99870074,0.000930804,0.00036848342
wal-mart calls business reviews good governance,neutral,1,neutral,True,0.998365,0.0004317119,0.998365,0.0012033975
american home mortgage sinks on lower outlook,negative,0,negative,True,0.9987551,0.9987551,0.00087433984,0.00037046245
refile-samsung sees better q1 despite seasonal weakness,positive,2,positive,True,0.99723333,0.000807598,0.0019590878,0.99723333
qualcomm files new patent suits against nokia,negative,0,negative,True,0.99780494,0.99780494,0.0014706312,0.00072443567
more north american steel deals ahead,positive,2,neutral,False,0.99812037,0.00031872053,0.99812037,0.0015608389
eu says record companies force itunes access limit,negative,0,neutral,False,0.9897407,0.0093609225,0.9897407,0.0008983628
arcelor mittal merger to be completed april or may,positive,2,neutral,False,0.99874914,0.0005596892,0.99874914,0.00069115445
"samsung elec sees dram, nand prices falling in q1",negative,0,negative,True,0.99932325,0.99932325,0.00044852463,0.00022822132
coca-cola and small bottlers settle lawsuit,positive,2,positive,True,0.918047,0.002317278,0.07963569,0.918047
"japans mizuho to merge two brokers, surpass nikko",positive,2,neutral,False,0.77271676,0.0013183284,0.77271676,0.22596484
lennar says worst may not yet be over for inventory,negative,0,negative,True,0.99217623,0.99217623,0.0045559844,0.0032677006
budget airline offers paris-ny with french frills,positive,2,neutral,False,0.99787724,0.0008907911,0.99787724,0.0012319963
ford russia plant restarts but strike may recur,neutral,1,negative,False,0.544869,0.544869,0.45070073,0.0044302903
"pool corp says 2006, 2007 earnings below street view",negative,0,negative,True,0.9993667,0.9993667,0.0003246132,0.00030868678
"airbus to cut plants and 10,000 jobs in overhaul",negative,0,negative,True,0.99911994,0.99911994,0.00064135896,0.000238742
"oil steadies around $57, u.s. gasoline supports",neutral,1,positive,False,0.9114708,0.02319381,0.065335445,0.9114708
bank of america cfo de molina resigning,negative,0,neutral,False,0.99724555,0.0020048937,0.99724555,0.00074952637
"accredited, new century lead subprime meltdown",negative,0,negative,True,0.9670602,0.9670602,0.031813536,0.0011263138
"hondas china venture recalls 49,500 suvs xinhua",negative,0,neutral,False,0.99693775,0.0016148988,0.99693775,0.0014473961
northrop plans partnership with israel company report,positive,2,neutral,False,0.9943752,0.00046073375,0.9943752,0.005164034
borders to reopen web site sell/close stores report,neutral,1,neutral,True,0.99209,0.0019276849,0.99209,0.0059823003
asian leaders sign energy pact at landmark summit,positive,2,neutral,False,0.986107,0.00052833394,0.986107,0.013364751
ibm sells 300 mln lenovo shares at hk$3.20,neutral,1,neutral,True,0.9897086,0.0082615595,0.9897086,0.0020298245
manufacturing growth seen accelerating survey,positive,2,positive,True,0.99756074,0.0010027557,0.0014364783,0.99756074
national cinemedia in parade of hot us share debuts,positive,2,neutral,False,0.9986265,0.00047461854,0.9986265,0.0008988966
apples ipod takes on global currency markets,neutral,1,neutral,True,0.99845505,0.00085112476,0.99845505,0.00069380074
sec asks ford for more information on restatement,negative,0,neutral,False,0.9982526,0.0009598444,0.9982526,0.0007875374
over 250 sick after eating at indiana olive garden,negative,0,negative,True,0.76661193,0.76661193,0.23142134,0.0019667617
corrected american express quarterly earnings rise,positive,2,positive,True,0.9946063,0.0034773268,0.0019163722,0.9946063
greenspan says bottom of home sales decline reached,positive,2,positive,True,0.4663578,0.4340388,0.09960345,0.4663578
"avon sees restructuring rewards, slow margin growth",neutral,1,neutral,True,0.6551553,0.04824332,0.6551553,0.29660138
bernanke says subprime impact moderate so far,positive,2,neutral,False,0.8290351,0.0068586934,0.8290351,0.16410622
police grill total ceo in iran corruption probe,negative,0,neutral,False,0.99576604,0.0033653833,0.99576604,0.00086856727
harrahs shareholders approve takeover,positive,2,neutral,False,0.99426806,0.0008676788,0.99426806,0.004864154
"europe shares hit 5-1/2 yr high on commodities, ma",positive,2,positive,True,0.9975358,0.0016912319,0.0007729415,0.9975358
hewlett-packard names new head of services unit,neutral,1,neutral,True,0.9986278,0.0004679389,0.9986278,0.0009042379
new rules enable healthy savings,positive,2,neutral,False,0.9965327,0.0005313784,0.9965327,0.0029358994
bp cuts growth targets,negative,0,negative,True,0.99887425,0.99887425,0.00089725497,0.0002285042
salesforce to market software for other companies,positive,2,neutral,False,0.9963309,0.000518858,0.9963309,0.0031501811
intl paper to form jv with russias ilim pulp,positive,2,neutral,False,0.995443,0.0020995,0.995443,0.002457415
u.s. sustains protest of $15 bln boeing deal,negative,0,neutral,False,0.957739,0.040143143,0.957739,0.0021179228
unitedhealth completes 12-yr options restatement,positive,2,neutral,False,0.99472934,0.00048695272,0.99472934,0.0047838073
boeing to boost production of 787s ft,positive,2,positive,True,0.9966965,0.00070618885,0.002597345,0.9966965
fed keeps u.s. rates steady,neutral,1,neutral,True,0.99431854,0.0033106022,0.99431854,0.002370872
economy ends 06 on slower note,negative,0,negative,True,0.9987143,0.9987143,0.0009293322,0.0003563687
dupont says to add 400 positions,positive,2,positive,True,0.9968899,0.0006081374,0.0025020037,0.9968899
att says no longer pursuing olimpia stake,neutral,1,neutral,True,0.99815065,0.000979014,0.99815065,0.0008703027
general motors will not bid for chrysler paper,neutral,1,neutral,True,0.99843305,0.00075968076,0.99843305,0.00080722704
"symantec misses forecast, cuts outlook",negative,0,negative,True,0.9993538,0.9993538,0.00040900998,0.00023724655
"stocks rebound, yen off low after japan data",positive,2,positive,True,0.99437004,0.0046314355,0.0009985188,0.99437004
wesfarmers in raid for stake in coles report,positive,2,neutral,False,0.90474933,0.09248629,0.90474933,0.0027642653
juniper passed up as ericsson picks redback analysts,negative,0,neutral,False,0.9974612,0.0005333539,0.9974612,0.0020054798
update 2-brookfield shares tilt lower despite rosy outlook,negative,0,negative,True,0.99932075,0.99932075,0.00045395,0.00022530992
"kraft profit falls, maintains forecast",negative,0,negative,True,0.99924767,0.99924767,0.00054320245,0.000209132
kerkorian wants to meet with chrysler workers,neutral,1,neutral,True,0.9984825,0.00046862685,0.9984825,0.0010488728
severstal in talks to buy u.s. weirton steel paper,positive,2,neutral,False,0.9947647,0.00066570303,0.9947647,0.0045696045
buffett subprime problems not big economic threat,positive,2,neutral,False,0.93235284,0.064386085,0.93235284,0.0032610642
home depot ceo says no plans to go private,neutral,1,neutral,True,0.9986957,0.0006397121,0.9986957,0.00066469086
"afp, google news settle lawsuit over google news",positive,2,positive,True,0.98303854,0.0009190629,0.016042445,0.98303854
att pulls out of t.italia talks source,neutral,1,neutral,True,0.98727465,0.012151122,0.98727465,0.0005742075
glaxo signs record $2.1 bln deal for genmab drug,positive,2,neutral,False,0.71128285,0.0017447149,0.71128285,0.28697246
"saudi sees oil market healthy, action unlikely-wsj",positive,2,neutral,False,0.9383256,0.0085787885,0.9383256,0.05309572
eu fines arcelor 10 mln euros for steel beam cartel,negative,0,negative,True,0.9986986,0.9986986,0.00083145505,0.00046991257
whirlpool earnings top estimates,positive,2,positive,True,0.9985562,0.0005288173,0.00091494643,0.9985562
panel backs young adult antidepressant warning,negative,0,neutral,False,0.9893852,0.007419263,0.9893852,0.0031955214
big trade surplus overshadows china reform pledge,neutral,1,negative,False,0.8690946,0.8690946,0.09310569,0.03779968
gm says delphi reorganization bid could delay deal,negative,0,neutral,False,0.589812,0.40864366,0.589812,0.001544287
tribune has no plans to sell more papers,neutral,1,neutral,True,0.9985701,0.00070721377,0.9985701,0.0007226267
american airlines shares up on profit,positive,2,positive,True,0.9988821,0.00048580306,0.0006321334,0.9988821
boston scientific says taxus as safe as bare stent,positive,2,neutral,False,0.9922315,0.0007743939,0.9922315,0.006994112
"indexes fall on oils slide, housing weakness",negative,0,negative,True,0.99943465,0.99943465,0.00035246604,0.00021293836
bank of japan raises rates to decade-high 0.5 pct,neutral,1,neutral,True,0.9687658,0.0200468,0.9687658,0.01118731
"gm ceo sees deal with delphi, union, soon",positive,2,neutral,False,0.9916897,0.0008082364,0.9916897,0.007502003
take-two considers sale amid boardroom battle,neutral,1,neutral,True,0.9952205,0.003572316,0.9952205,0.0012072104
taco bell reopens 8 new york restaurants,positive,2,neutral,False,0.9952603,0.00052431546,0.9952603,0.004215379
barclays taps into demand for global carbon market,positive,2,neutral,False,0.98446506,0.0018299107,0.98446506,0.0137049705
"american eagle outlook disappoints, shares fall",negative,0,negative,True,0.99940133,0.99940133,0.00038639508,0.00021230693
"fda pet food probe checks 4,000 pet deaths",negative,0,negative,True,0.99115086,0.99115086,0.008253117,0.0005961168
second nikko shareholder dismisses citigroup offer,neutral,1,neutral,True,0.9850995,0.010398692,0.9850995,0.004501831
feds probing potential fraud at beazer,negative,0,negative,True,0.9939214,0.9939214,0.005482494,0.0005961128
atmi lowers first-quarter outlook,negative,0,negative,True,0.9991123,0.9991123,0.0006636765,0.00022401802
virgin eyes options after thomas cook-mytravel deal,neutral,1,neutral,True,0.99817705,0.00074581546,0.99817705,0.0010771714
"indexes end flat on deals, jobs as earnings loom",neutral,1,negative,False,0.50235474,0.50235474,0.49323708,0.004408155
"texas pacific, cerberus submit bids for jvc sources",positive,2,neutral,False,0.99810565,0.0005472029,0.99810565,0.0013471869
citigroup wins bln battle for chinese bank,positive,2,neutral,False,0.9946142,0.0007207386,0.9946142,0.0046649897
j.c. penney raises profit forecast,positive,2,positive,True,0.99826235,0.0003223309,0.0014152841,0.99826235
"update 5-ryanair q2 profit jumps, raises winter outlook",positive,2,positive,True,0.99832815,0.0009524091,0.0007194518,0.99832815
nissan us sales on track for oct double-digit rise,positive,2,positive,True,0.9984792,0.00062546687,0.0008953228,0.9984792
fed ends enforcement action on citis enron deals,positive,2,neutral,False,0.9090726,0.01018613,0.9090726,0.08074127
oil rises to 2-month high on u.s. winter fuel draw,positive,2,positive,True,0.9979025,0.0012595104,0.0008380272,0.9979025
"verizon profit up, internet additions disappoint",neutral,1,neutral,True,0.8894987,0.0093663605,0.8894987,0.10113501
"bernanke to say economy sound, inflation a risk",neutral,1,neutral,True,0.97620595,0.020762287,0.97620595,0.0030317537
stocks jump on gains in energy sector and gdp,positive,2,positive,True,0.9987556,0.0004967245,0.00074766495,0.9987556
lear mum on specifics of stock trade halt,negative,0,neutral,False,0.5934458,0.40426728,0.5934458,0.0022869597
ceo says chrysler split could be difficult paper,negative,0,negative,True,0.77774334,0.77774334,0.21915638,0.003100275
dell lcd shipments fall in q3 from q2 displaysearch,negative,0,negative,True,0.99927634,0.99927634,0.0004248445,0.00029893455
microsoft web search exec leaving company source,negative,0,neutral,False,0.9961851,0.0028612213,0.9961851,0.00095363945
dell finds evidence of misconduct in finance probe,negative,0,negative,True,0.8804293,0.8804293,0.11600105,0.003569593
major nikko investor says citigroup offer too low,neutral,1,negative,False,0.9836596,0.9836596,0.015440074,0.0009002776
ex-kb home chief reaped big riches in housing boom,negative,0,neutral,False,0.99452317,0.0008488733,0.99452317,0.004627971
"update 3-rinker rejects $12 bln cemex bid, talks to others",positive,2,neutral,False,0.99775106,0.0007632129,0.99775106,0.0014856899
"delta, northwest shares poised to be at head of pack",positive,2,neutral,False,0.8893255,0.09446879,0.8893255,0.016205663
keeping the 787 launch on time,positive,2,neutral,False,0.8728264,0.0016884306,0.8728264,0.12548518
irs should scrap private tax collection - report,negative,0,neutral,False,0.99724764,0.0012136502,0.99724764,0.0015386718
"mgic, radian affiliate to buy fieldstone",positive,2,neutral,False,0.9979881,0.00041742655,0.9979881,0.0015943933
canon may scrap $1.7 billion panel plant plan source,negative,0,neutral,False,0.59228945,0.40551433,0.59228945,0.002196237
update 3-russias evraz to buy oregon steel for $2.3 bln,positive,2,neutral,False,0.99544626,0.0006987433,0.99544626,0.0038549856
att lands gm network contract worth near $1 bln,positive,2,neutral,False,0.7464533,0.002280824,0.7464533,0.25126585
chinas wen plans to visit japan early or mid-april,positive,2,neutral,False,0.99786997,0.00043236185,0.99786997,0.0016975756
"toyota q3 beats expectations on sales jump, yen",positive,2,positive,True,0.99875474,0.0004684378,0.0007768001,0.99875474
venezuela says will not confiscate telecom,positive,2,neutral,False,0.9922168,0.0011939873,0.9922168,0.0065891845
itc to acquire alliant assets for $750 million,positive,2,neutral,False,0.9975866,0.0004059258,0.9975866,0.0020075277
lone star close to terminating keb deal,negative,0,neutral,False,0.949898,0.04851982,0.949898,0.0015821067
daimlerchrysler has potential bidders for u.s. unit wsj,positive,2,neutral,False,0.99844956,0.00033011913,0.99844956,0.001220255
adidas sees positive reebok orders in h2 2007,positive,2,positive,True,0.99719715,0.00045581986,0.0023469795,0.99719715
health drives quarters rise in venture funding,positive,2,positive,True,0.62355787,0.0040406394,0.37240154,0.62355787
ex-mortgage ceo may face criminal charges ag,negative,0,negative,True,0.9703158,0.9703158,0.02867312,0.0010110353
ubs senior bond traders depart amid probe-wsj,negative,0,negative,True,0.8657197,0.8657197,0.13355412,0.0007262216
airbus slashes eads profit by 86 percent,negative,0,negative,True,0.9992467,0.9992467,0.000344755,0.00040858545
"sprint investor builds stake, calls for changes wsj",neutral,1,neutral,True,0.99451447,0.0030739412,0.99451447,0.0024116072
feds plosser clear policy keeps inflation in check,positive,2,neutral,False,0.99311393,0.003963931,0.99311393,0.0029221966
"kb home profit off 84 pct, subprime clouds outlook",negative,0,negative,True,0.9993507,0.9993507,0.0003493126,0.00030001954
stock investors face earnings storm,negative,0,negative,True,0.99915934,0.99915934,0.00064207485,0.00019855895
dow jones says to cut field office jobs,negative,0,negative,True,0.99895406,0.99895406,0.0008189918,0.00022703184
"citigroup opens nikko bid, says wont raise price",neutral,1,neutral,True,0.9974105,0.0010699176,0.9974105,0.0015196621
mcdonalds ceo gets $8.8 million in bonuses,neutral,1,neutral,True,0.57275885,0.0017805942,0.57275885,0.42546055
"durables orders up, home sales disappoint",neutral,1,neutral,True,0.6018678,0.0067899004,0.6018678,0.39134237
"gap, others, see red for the u.s. holiday season",negative,0,negative,True,0.96288675,0.96288675,0.03519607,0.0019171818
disney parks eyes stand-alone hotels,positive,2,neutral,False,0.9980129,0.0005548411,0.9980129,0.0014321822
delphi reports wider quarterly loss,negative,0,negative,True,0.9991371,0.9991371,0.0005617198,0.0003012187
ntl to confirm it has dropped itv bid plan paper,negative,0,neutral,False,0.9862751,0.012736651,0.9862751,0.0009881716
costco quarterly results fall,negative,0,negative,True,0.9976495,0.9976495,0.0021171833,0.0002333961
"starbucks sees 2,400 new stores in fiscal year 07",positive,2,positive,True,0.7904848,0.0015393968,0.20797582,0.7904848
constellation brands profit tops view shares rise,positive,2,positive,True,0.9979824,0.0011671941,0.00085037714,0.9979824
"costco profit falls, hurt by options expense",negative,0,negative,True,0.9994417,0.9994417,0.00034521185,0.00021319771
toyota to build two plants in north america report,positive,2,neutral,False,0.9951213,0.00067186094,0.9951213,0.004206799
"zell wins bid for tribune, cubs on block",positive,2,neutral,False,0.99672663,0.0007317785,0.99672663,0.0025415472
home depot outlines new ceos compensation plan,neutral,1,neutral,True,0.9985347,0.00056579494,0.9985347,0.00089955196
"mortgage applications dip, spring sales murky",negative,0,negative,True,0.99856323,0.99856323,0.0010656532,0.0003711775
u.s. appeals court to review light cigarette case,negative,0,neutral,False,0.9605092,0.0046612304,0.9605092,0.034829512
factbox fed staff forecasts from fomc minutes,neutral,1,neutral,True,0.9985928,0.00075351715,0.9985928,0.0006537132
ge and blackstone to buy phh,positive,2,neutral,False,0.99102694,0.0011339062,0.99102694,0.007839114
organic chocolate taking bite out of market,positive,2,negative,False,0.99654984,0.99654984,0.0026115132,0.0008386327
"gm targets smaller, more profitable buick brand",positive,2,neutral,False,0.9977615,0.00066687464,0.9977615,0.0015715332
fannie mae to report 2005 earnings by september,neutral,1,neutral,True,0.9987783,0.0006984122,0.9987783,0.0005232514
apple board did not approve ceo options grant paper,negative,0,neutral,False,0.9837419,0.013537898,0.9837419,0.0027202095
"express scripts, cvs defend their caremark bids",neutral,1,neutral,True,0.9977342,0.00073618226,0.9977342,0.0015295992
gap to close forth towne after 18 months,negative,0,neutral,False,0.9964833,0.0023070835,0.9964833,0.001209546
court orders skilling to jail,negative,0,neutral,False,0.89232063,0.08867124,0.89232063,0.019008048
stocks fall on mortgage defaults,negative,0,negative,True,0.99936515,0.99936515,0.0003997075,0.00023512833
japanese investors get vietnam fever,positive,2,neutral,False,0.9864741,0.0024456398,0.9864741,0.011080268
"economy added 97,000 payroll jobs in february",positive,2,positive,True,0.9980876,0.00072078436,0.0011915899,0.9980876
bernanke fed economic view unfazed by stocks drop,positive,2,positive,True,0.5128244,0.018356496,0.46881908,0.5128244
microsoft to acquire mobile ad company screentonic,positive,2,neutral,False,0.9970086,0.00067712704,0.9970086,0.0023143073
u.s. rep questions wal-mart banking plans report,negative,0,negative,True,0.7083651,0.7083651,0.28989333,0.0017415975
eads awaits customer decisions on a380 freighter,neutral,1,neutral,True,0.99745256,0.00060519873,0.99745256,0.0019422106
tyco split could be lucrative for investors report,positive,2,neutral,False,0.9665403,0.0020065138,0.9665403,0.03145311
housing slump spurs u.s. building-products layoffs,negative,0,negative,True,0.99871516,0.99871516,0.0008529507,0.000431928
genentech plans to buy tanox for about $919 mln,positive,2,neutral,False,0.99728656,0.0006080897,0.99728656,0.0021053292
"ford to pay bonus to all u.s., canadian employees",positive,2,neutral,False,0.9726422,0.00055516517,0.9726422,0.02680261
"jetblue posts narrow loss, reduces expansion",negative,0,neutral,False,0.6651698,0.0253691,0.6651698,0.30946103
jp morgan net surges 68 pct on investment banking,positive,2,positive,True,0.99634886,0.0021401127,0.0015110346,0.99634886
sara lee posts quarterly loss,negative,0,negative,True,0.99751246,0.99751246,0.002023469,0.00046406046
comcast starts offering wireless phone service,positive,2,neutral,False,0.9910122,0.0006049714,0.9910122,0.0083828475
sony playstation 3 debuts amid shopper frenzy,positive,2,neutral,False,0.9875473,0.0018866804,0.9875473,0.010566078
"sony ps3 to launch gaming battle, profit elusive",negative,0,neutral,False,0.9564117,0.040163316,0.9564117,0.003424901
"thailand approves copycat heart, hiv/aids drugs",positive,2,neutral,False,0.9196194,0.001396618,0.9196194,0.07898395
"cvs holders approve deal, caremark vote friday",positive,2,neutral,False,0.9957675,0.0011980616,0.9957675,0.0030344985
wyeth signs deal for drugs from llamas,positive,2,neutral,False,0.9905984,0.00042127617,0.9905984,0.008980388
china rout may signal end to global risk-taking,negative,0,positive,False,0.6345945,0.30776256,0.05764295,0.6345945
emc sees more investments in israel,positive,2,neutral,False,0.6909131,0.0013983094,0.6909131,0.3076886
home depot sees lower 07 profit,negative,0,negative,True,0.9993605,0.9993605,0.00043391838,0.00020565001
canada stuns market with pledge to tax income trusts,negative,0,neutral,False,0.99694854,0.00061120105,0.99694854,0.0024402386
coeur dalene quarterly profit more than doubles,positive,2,positive,True,0.9985393,0.00057462155,0.0008860136,0.9985393
"corrected yahoo ceo granted 800,000 options for 2006 bonus",neutral,1,positive,False,0.6771799,0.0022136078,0.32060647,0.6771799
vonages ceo snyder steps down,negative,0,neutral,False,0.99856097,0.0007582699,0.99856097,0.0006807334
qantas bid in disarray as shareholder rejects offer,negative,0,negative,True,0.9172824,0.9172824,0.08133977,0.0013778103
xm says sirius break-up fee $175 million,neutral,1,neutral,True,0.9973182,0.001694896,0.9973182,0.0009868451
toyota tops customer retention survey,positive,2,positive,True,0.97179776,0.00062287704,0.027579384,0.97179776
starwood capital building whitbread stake report,positive,2,neutral,False,0.9987375,0.00046543215,0.9987375,0.00079705263
fidelitys own gifts probe seen softening sec blow,positive,2,neutral,False,0.74998665,0.025635501,0.74998665,0.22437786
"citadel, walt disney modify abc radio merger deal",neutral,1,neutral,True,0.9968087,0.0014516549,0.9968087,0.0017396096
peoples choice home loan files for chapter 11,negative,0,neutral,False,0.9986921,0.00075203844,0.9986921,0.0005558317
"top russian minister defends oil, gas decisions ft",neutral,1,neutral,True,0.99885726,0.00053830113,0.99885726,0.0006044544
sallie mae to sell itself in $25 billion lbo,positive,2,neutral,False,0.9965643,0.0022503578,0.9965643,0.001185374
att identifies suspected pretexters of records,negative,0,neutral,False,0.99684286,0.0024528692,0.99684286,0.00070428377
lakshmi mittal takes over as ceo of arcelor mittal,neutral,1,neutral,True,0.99836904,0.0007055887,0.99836904,0.0009253772
rosneft to invest $20 billion to take on oil giants,positive,2,neutral,False,0.99213445,0.001112032,0.99213445,0.006753549
u.s. airways raises offer for delta to $10.3 bln,positive,2,neutral,False,0.98990715,0.0011801069,0.98990715,0.0089128185
oil breaks below $50 on rising u.s. stockpiles,negative,0,negative,True,0.9988452,0.9988452,0.000608584,0.0005462079
kraft hopes to hit its stride by 2009 shares fall,negative,0,negative,True,0.9990245,0.9990245,0.00077723415,0.00019834841
"icbc shares rise in hk, shanghai after record ipo",positive,2,positive,True,0.9985044,0.0008087583,0.00068684365,0.9985044
bonuses aplenty for ceos study,neutral,1,neutral,True,0.9934134,0.0004969211,0.9934134,0.0060897595
airline chiefs press congress on usair merger bid,neutral,1,neutral,True,0.9985814,0.0006074087,0.9985814,0.000811188
"disney profit more than doubles on dvds, e stake sale",positive,2,positive,True,0.9964785,0.000670733,0.0028508173,0.9964785
atheros enters bluetooth chip market,positive,2,neutral,False,0.995977,0.0006044392,0.995977,0.0034185732
bid-target itv poaches bbc boss michael grade,positive,2,neutral,False,0.9951315,0.0026487205,0.9951315,0.0022197743
3m sells drug unit for $2.1 billion in 3-part deal,neutral,1,neutral,True,0.9979371,0.0008391775,0.9979371,0.0012238161
lamy trade ministers agree to resume wto talks,positive,2,neutral,False,0.9843999,0.0015884741,0.9843999,0.01401164
"bush seeks sallie mae, other student lender cuts",negative,0,neutral,False,0.98688054,0.0106865475,0.98688054,0.0024329592
"oil bull run intact after rout, opec takes stock",positive,2,positive,True,0.89945716,0.014615337,0.08592753,0.89945716
feds lacker inflation is main risk to u.s. economy,negative,0,negative,True,0.9964784,0.9964784,0.0028163723,0.0007052012
u.s. lawmakers launch move to overhaul patent system,neutral,1,neutral,True,0.99043614,0.0023619789,0.99043614,0.0072019007
"flaherty doubts bce, telus to go ahead as trusts",negative,0,neutral,False,0.9933622,0.002063462,0.9933622,0.0045743734
u.s. manufacturing slows unexpectedly in jan ism,negative,0,negative,True,0.9992188,0.9992188,0.00051174854,0.00026940674
apple says u.s. govt sought options info-filing,negative,0,neutral,False,0.9981477,0.00063321175,0.9981477,0.0012190214
dubais emaar q1 profit hit by us housing slowdown,negative,0,negative,True,0.999273,0.999273,0.0004567243,0.0002702755
qualcomm says broadcom statement misleading,negative,0,negative,True,0.9758306,0.9758306,0.023462825,0.00070659467
kkr group considering partner for coles bid source,neutral,1,neutral,True,0.99845254,0.00051546056,0.99845254,0.0010319477
pier 1 posts seventh consecutive loss,negative,0,negative,True,0.9966168,0.9966168,0.0030595455,0.00032376475
limited brands sees april same-store sales up,positive,2,positive,True,0.99859816,0.00041334447,0.0009885207,0.99859816
delta sets hearing on reorganization plan,neutral,1,neutral,True,0.99829,0.00077688973,0.99829,0.0009331242
fed says several districts see slower growth,negative,0,negative,True,0.99912685,0.99912685,0.00069156714,0.00018166883
corrected emerson profit rises 14 percent,positive,2,positive,True,0.9988355,0.0004979826,0.00066657295,0.9988355
att earnings beat expectations,positive,2,positive,True,0.9987723,0.0003543223,0.0008732986,0.9987723
dow ends higher on ibm boost,positive,2,positive,True,0.99866617,0.0006611717,0.00067261327,0.99866617
exxon mobil profit boosted by refineries,positive,2,positive,True,0.99816626,0.0003911528,0.0014426485,0.99816626
wal-marts new packaging credo lets get small,neutral,1,neutral,True,0.9969406,0.001330469,0.9969406,0.0017289213
bernanke says inflation picture encouraging,positive,2,positive,True,0.9969892,0.00079659576,0.0022142122,0.9969892
a night without crackberry curse or blessing,neutral,1,neutral,True,0.99746025,0.0006475774,0.99746025,0.001892124
"siemens close to deal to buy ugs, sources say",positive,2,neutral,False,0.9925816,0.0008717687,0.9925816,0.0065465765
"gm sales rise, but market share slips",neutral,1,neutral,True,0.97461027,0.010284133,0.97461027,0.015105571
brown-forman posts higher quarterly profit,positive,2,positive,True,0.99852115,0.00028620102,0.0011926838,0.99852115
toyota eyes southern u.s. for assembly plant report,positive,2,neutral,False,0.99785525,0.00067047885,0.99785525,0.0014743503
daimlerchrysler to pay $1.2 mln in penalty,negative,0,negative,True,0.9975642,0.9975642,0.0018893062,0.00054654444
bernanke economic vigor may call for rate hikes,neutral,1,positive,False,0.86835283,0.0052428916,0.12640424,0.86835283
weyerhaeuser 4th-quarter profit boosted by refund,positive,2,positive,True,0.9987853,0.0004157307,0.00079896156,0.9987853
earnings etfs seen carrying risks,negative,0,negative,True,0.9987978,0.9987978,0.0008244522,0.00037782567
"ibm, mysql team up on database software",positive,2,neutral,False,0.9825332,0.0007539592,0.9825332,0.01671287
hyundai denies report on india truck plant,neutral,1,neutral,True,0.99758375,0.0008602789,0.99758375,0.0015560146
gdp growth weakest in four years,negative,0,negative,True,0.9990558,0.9990558,0.000488866,0.00045532436
news corp. quarterly profit rises on tv networks,positive,2,positive,True,0.99892104,0.00038139243,0.00069756166,0.99892104
realogy to be sold to apollo group for $6.65 billion,positive,2,neutral,False,0.9981489,0.00086871773,0.9981489,0.0009824191
yahoo in ad partnership with newspapers,positive,2,neutral,False,0.996507,0.00044325745,0.996507,0.0030497254
marsh mclennan profit falls about 36 percent,negative,0,negative,True,0.9994155,0.9994155,0.00034922364,0.00023527525
"imfs rato says growth on track, warns on inflation",neutral,1,neutral,True,0.8146112,0.038397647,0.8146112,0.14699112
alcan profit jumps on higher aluminum prices,positive,2,positive,True,0.99879813,0.000636155,0.00056565047,0.99879813
intel to treble vietnam investment to $1 bln sources,positive,2,neutral,False,0.80744046,0.038011894,0.80744046,0.15454759
citigroup to list on tokyo stock exchange nikkei,positive,2,neutral,False,0.9983382,0.0010013093,0.9983382,0.0006603451
dow jones shares rise after ad revenue report,positive,2,positive,True,0.9988765,0.00034999632,0.00077346026,0.9988765
siemens confident after profit rise,positive,2,positive,True,0.9988018,0.00040896615,0.00078923645,0.9988018
boeing gets more 787 orders,positive,2,positive,True,0.9956826,0.00042683654,0.0038905109,0.9956826
zell offers $33-per-share for tribune l.a. times,positive,2,neutral,False,0.9973266,0.0011342247,0.9973266,0.0015391194
"oracle profit rises, shares down on software sales",negative,0,negative,True,0.8819231,0.8819231,0.11545834,0.0026186046
"pbl, macquarie bet on $1.2 billion canadian casino deal",positive,2,neutral,False,0.9927409,0.0010858675,0.9927409,0.006173163
stomach virus likely caused olive garden illnesses,negative,0,neutral,False,0.6800645,0.3148458,0.6800645,0.0050896984
wal-mart october sales growth tracking below forecast,negative,0,negative,True,0.99928755,0.99928755,0.0004154585,0.0002970217
"icahn sold ktg shares for $460 million, say sources",neutral,1,neutral,True,0.99439573,0.0031631947,0.99439573,0.002441064
hertz ipo raises $1.32 billion,positive,2,neutral,False,0.9933559,0.0013009864,0.9933559,0.0053431983
"ebay to pay around $300 million to buy stubhub, sources say",positive,2,neutral,False,0.99659497,0.00067236065,0.99659497,0.0027326928
imperial tobacco pushes for friendly altadis deal,positive,2,neutral,False,0.9968971,0.0006314647,0.9968971,0.0024713732
man ceo wont rule out breaking up conglomerate,neutral,1,neutral,True,0.99776804,0.0010077853,0.99776804,0.0012242064
abn says would consider superior offer to barclays,positive,2,neutral,False,0.9940621,0.00048545504,0.9940621,0.005452361
"derivatives traders see payrolls at 99,500",neutral,1,neutral,True,0.56922334,0.20802161,0.56922334,0.22275507
"hitachi, ge boost alliance in nuclear power business",positive,2,neutral,False,0.99286,0.0004859334,0.99286,0.0066540022
wal-mart inks $1 bln china retail acquisition,positive,2,neutral,False,0.99602735,0.00052902667,0.99602735,0.003443672
wal-mart cuts prices on key electronics,negative,0,negative,True,0.5319723,0.5319723,0.38907456,0.07895313
update 3-bid talk propels barclays shares higher-traders,positive,2,positive,True,0.9905308,0.0030787364,0.006390506,0.9905308
applebees says breeden refuses board seats offer,negative,0,neutral,False,0.95649356,0.04275824,0.95649356,0.0007481876
vodafone denies report of tie-up talks with altimo,neutral,1,neutral,True,0.99705076,0.0010996909,0.99705076,0.0018494866
humana posts lower-than-expected profit stock down,negative,0,negative,True,0.99941015,0.99941015,0.0003344128,0.0002554827
fourth-quarter gdp revised up on inventories,positive,2,positive,True,0.845481,0.14544834,0.009070653,0.845481
holiday season may not be joyous for pc makers,negative,0,negative,True,0.9827162,0.9827162,0.01625367,0.0010300378
factbox barclays proposed offer for abn amro,neutral,1,neutral,True,0.99856794,0.0006391105,0.99856794,0.00079289346
"update 6-gazprom, belarus downbeat as late gas talks start",negative,0,negative,True,0.999137,0.999137,0.0006687974,0.00019421284
"conoco, chevron agree may 1 handover in venezuela",negative,0,neutral,False,0.9933143,0.0007406516,0.9933143,0.0059449873
positive outlook buoys alcoa day before earnings,positive,2,positive,True,0.9966127,0.0007440705,0.002643163,0.9966127
federated oct same-store sales up 7.7 pct,positive,2,positive,True,0.99877375,0.0005236904,0.0007025692,0.99877375
att to spend $750 mln on global network in 2007,positive,2,neutral,False,0.98621714,0.00052975875,0.98621714,0.013253135
avon posts higher first-quarter profit,positive,2,positive,True,0.99877554,0.0002869701,0.00093745906,0.99877554
manufacturing shrinks for first time in 3.5 years,negative,0,negative,True,0.9988832,0.9988832,0.0007053001,0.0004115046
american tower eyes reliance comm tower unit report,neutral,1,neutral,True,0.99815637,0.00083721743,0.99815637,0.0010064119
exxon mobil offers plan to end alaska dispute,positive,2,neutral,False,0.9981956,0.00053596694,0.9981956,0.0012684751
chryslers inventory casts long shadow on detroit,negative,0,negative,True,0.9981377,0.9981377,0.00141129,0.00045099496
"3m posts profit, sees global economy slowing",neutral,1,negative,False,0.9987367,0.9987367,0.0007938825,0.00046940174
fcc aims to help telcos offer tv service faster,positive,2,neutral,False,0.9838172,0.0010574136,0.9838172,0.015125367
exxon to cede oil project ops to venezuela by may,negative,0,neutral,False,0.997036,0.0019499693,0.997036,0.0010141135
amazon profit beats expectations,positive,2,positive,True,0.9985769,0.00032609882,0.0010970709,0.9985769
u.s. imposes restrictions on nokia-siemens jv paper,negative,0,negative,True,0.9270808,0.9270808,0.072165936,0.00075327646
factory activity posts surprise contraction,negative,0,negative,True,0.99877554,0.99877554,0.000855722,0.00036873986
clorox to buy part of colgates bleach business,positive,2,neutral,False,0.9974425,0.0005825995,0.9974425,0.0019748737
indexes flat amid ma wave,neutral,1,neutral,True,0.98155,0.016181711,0.98155,0.0022682494
vintners uncork push for wine origin protection,neutral,1,neutral,True,0.9967423,0.0015659923,0.9967423,0.0016917449
ny seeks probe of wal-mart for surveillance report,negative,0,negative,True,0.9742963,0.9742963,0.024456149,0.0012476725
new peugeot citroen ceo sets out recovery plan,positive,2,neutral,False,0.99836427,0.0006078908,0.99836427,0.0010278482
"xerox profit beats street, revenue woes hurt stock",neutral,1,neutral,True,0.9531481,0.015041176,0.9531481,0.03181069
consumer confidence plunges in april ibd survey,negative,0,negative,True,0.999363,0.999363,0.00034962653,0.0002873723
buffett says unlikely he would bid for dow jones,neutral,1,neutral,True,0.9982645,0.0008310421,0.9982645,0.0009044782
vonage wins temporary reprieve in verizon case,positive,2,neutral,False,0.76792145,0.013111083,0.76792145,0.21896748
earthlink ceo garry betty dies,neutral,1,neutral,True,0.9972078,0.0015192969,0.9972078,0.0012729297
bp says cuts production growth targets,negative,0,negative,True,0.9991067,0.9991067,0.00065329426,0.0002400186
alaska oil pipeline operator looses part of a pig,negative,0,neutral,False,0.99789786,0.0014592098,0.99789786,0.0006428195
target november same-store sales up 5.9 percent,positive,2,positive,True,0.9988348,0.0005991031,0.00056608894,0.9988348
market moves dont reflect strong economy paulson,positive,2,neutral,False,0.90761304,0.0896422,0.90761304,0.0027448696
data may propel stocks higher,positive,2,positive,True,0.9984371,0.0004645617,0.0010982859,0.9984371
delta air to recall 700 maintenance workers,positive,2,negative,False,0.996696,0.996696,0.0030802113,0.00022385592
citi lines up credit line for nikko bid,positive,2,neutral,False,0.99547935,0.0012654952,0.99547935,0.0032550935
seven shares on trading halt ahead of announcement,negative,0,negative,True,0.9177979,0.9177979,0.081570484,0.0006316627
northwest plan says shareholders will get nothing,negative,0,neutral,False,0.97108936,0.02716314,0.97108936,0.0017474564
mississippi attorney general targets state farm,negative,0,neutral,False,0.96120816,0.03628582,0.96120816,0.0025059192
gm china sales growth to exceed 15 percent in 2007,positive,2,positive,True,0.9983975,0.0005686739,0.0010337854,0.9983975
new york state to sue exxon mobil over spill,negative,0,negative,True,0.98661673,0.98661673,0.012703415,0.00067990285
applied materials profit nearly triples,positive,2,positive,True,0.997844,0.000897943,0.0012580656,0.997844
consumer sentiment weaker as holidays loom,negative,0,negative,True,0.99927014,0.99927014,0.0005144839,0.00021531909
tata steel oks plans to raise $4 bln for corus buy,positive,2,neutral,False,0.9944022,0.0012330468,0.9944022,0.004364748
cvs ups caremark bid,positive,2,neutral,False,0.9913697,0.0009624632,0.9913697,0.007667768
corning posts profit on lcd tv demand,positive,2,positive,True,0.9976114,0.00071751606,0.0016710463,0.9976114
alcoa quarterly profit up on higher metal prices,positive,2,positive,True,0.99890673,0.00048861385,0.00060459273,0.99890673
gates foundation billions change pharma landscape,neutral,1,neutral,True,0.99712473,0.0004969761,0.99712473,0.0023782267
"ford is reviewing all products, brands ceo",neutral,1,neutral,True,0.9982147,0.00038228996,0.9982147,0.0014029136
factbox-citigroup bids $10.75 bln for nikko cordial,neutral,1,neutral,True,0.99699366,0.000882108,0.99699366,0.002124256
endo pharma gives 07 forecast below street view,negative,0,negative,True,0.99912447,0.99912447,0.00037025183,0.0005052403
shell says california refinery ops back to normal,positive,2,neutral,False,0.9765137,0.0022137726,0.9765137,0.021272546
man shot waiting to buy playstation 3,negative,0,neutral,False,0.99666107,0.0011274177,0.99666107,0.0022115519
"boom time for gadget giants, but where is profit",negative,0,neutral,False,0.99771214,0.00091368455,0.99771214,0.0013741986
"fed seen holding rates steady, warning on inflation",neutral,1,neutral,True,0.9896555,0.0076439357,0.9896555,0.002700623
manufacturing sputters as housing slump spreads,negative,0,negative,True,0.9993513,0.9993513,0.00040744082,0.0002412382
"best buy miss raises tv pricing, margin concerns",negative,0,negative,True,0.9987105,0.9987105,0.00094713084,0.00034240657
battered dollar hurts stocks but buoys bonds,negative,0,neutral,False,0.97756356,0.010266706,0.97756356,0.0121696815
"att, america movil seek telecom italia deal",positive,2,neutral,False,0.9978296,0.0005360433,0.9978296,0.0016344002
"universal music, bolt settle copyright infringement lawsuit",positive,2,positive,True,0.99093586,0.000540126,0.008524021,0.99093586
jury gets federal vioxx case in new orleans,negative,0,negative,True,0.5643329,0.5643329,0.3665887,0.069078386
nasdaq climbs with apple,positive,2,positive,True,0.9987208,0.00042677825,0.000852427,0.9987208
u.s. government sues former cendant vice chairman,negative,0,negative,True,0.9755269,0.9755269,0.023578804,0.0008943127
kroger posts higher profit and ups view,positive,2,positive,True,0.99882525,0.00053249113,0.000642204,0.99882525
merrills cohen sees media consolidation,neutral,1,neutral,True,0.98997647,0.0065687224,0.98997647,0.0034548296
citigroup ramping up asian transaction management,positive,2,neutral,False,0.99241054,0.0004441075,0.99241054,0.0071453755
"update 3-nec h1 net loss grows, cuts outlook",negative,0,negative,True,0.9989255,0.9989255,0.0004873249,0.0005871582
"kohls 3rd-qtr profit up, backs 4th-qtr forecast",positive,2,positive,True,0.99827754,0.0011801105,0.000542328,0.99827754
united technologies sees 2007 profit up,positive,2,positive,True,0.99889565,0.00032327385,0.0007810108,0.99889565
boston scientific may sell endosurgery unit stake,neutral,1,neutral,True,0.9980362,0.000935281,0.9980362,0.0010285934
major dow jones shareholder opposes news corp. bid,negative,0,neutral,False,0.9899345,0.0067325234,0.9899345,0.0033329977
"adm record earnings beat street view, shares jump",positive,2,positive,True,0.99864835,0.0007702864,0.00058137946,0.99864835
baker hughes profit up 62 percent,positive,2,positive,True,0.9988248,0.00047009747,0.0007051411,0.9988248
american home mortgage sees lower q1 profit,negative,0,negative,True,0.99934477,0.99934477,0.00044216323,0.00021303516
labcorp cuts forecast as aetna ends contract,negative,0,negative,True,0.99924517,0.99924517,0.000489504,0.00026534247
"onex, magna eyeing joint chrysler bid report",positive,2,neutral,False,0.998204,0.00060077984,0.998204,0.0011951341
lse in discussions with investor heyman report,neutral,1,neutral,True,0.99622065,0.0011832211,0.99622065,0.0025961658
imperial tobacco bids for altadis,positive,2,neutral,False,0.99864954,0.00052776106,0.99864954,0.0008227638
tribune quarterly profit rises on extra week,positive,2,positive,True,0.99881786,0.00043354445,0.0007485756,0.99881786
iacs diller sees more web media investment,positive,2,neutral,False,0.6512282,0.0021466012,0.6512282,0.34662524
"jobless claims climb to 357,000 last week",negative,0,negative,True,0.99177027,0.99177027,0.002397492,0.005832213
fremont to sell $4 billion subprime loans,positive,2,neutral,False,0.99475855,0.003355623,0.99475855,0.0018859077
intel market share jumps,positive,2,positive,True,0.9956405,0.0005214584,0.0038380362,0.9956405
u.s. airlines raise fares in domestic markets,positive,2,positive,True,0.87257844,0.0035986223,0.123822875,0.87257844
abercrombie fitch same-store sales rise,positive,2,positive,True,0.9987967,0.00054588955,0.0006574234,0.9987967
economic growth concerns drag down indexes,negative,0,negative,True,0.99926716,0.99926716,0.00051406794,0.00021877348
hsbc ousts head of troubled north america ops,negative,0,neutral,False,0.990978,0.007874911,0.990978,0.0011470615
ups launches package intercept option for customers,positive,2,neutral,False,0.9960581,0.00043648924,0.9960581,0.0035053685
unions prepare to fight airbus cuts,negative,0,neutral,False,0.9463505,0.050689537,0.9463505,0.0029600144
halliburton opening headquarters in dubai,neutral,1,neutral,True,0.9986039,0.00046865502,0.9986039,0.000927506
"halliburton to move headquarters, ceo to dubai",neutral,1,neutral,True,0.99860495,0.0005362547,0.99860495,0.0008587509
senate rejects attempt to weaken sarbanes-oxley,neutral,1,neutral,True,0.99658304,0.0010269827,0.99658304,0.0023900773
"tiffany profit up, holiday sales ahead of plan",positive,2,positive,True,0.9986773,0.00052312075,0.00079948484,0.9986773
nasdaq sees $24.9 mln in lse-bid charges,negative,0,neutral,False,0.85060364,0.004148406,0.85060364,0.14524801
ameriquest seeks release from nascar sponsorship,negative,0,neutral,False,0.99795485,0.0009884394,0.99795485,0.0010566757
wellpoint names general counsel as next ceo,neutral,1,neutral,True,0.9987148,0.00052512676,0.9987148,0.0007599955
google to form private market for employee options,neutral,1,neutral,True,0.9967969,0.000763122,0.9967969,0.00244002
aig says two subsidiaries receive subpoenas,negative,0,negative,True,0.9375825,0.9375825,0.0608489,0.0015685648
activity heats up in possible chrysler sale report,positive,2,neutral,False,0.9960206,0.0008938148,0.9960206,0.0030855173
new fantasy soap league presents drama as sport,neutral,1,neutral,True,0.99863523,0.0005793657,0.99863523,0.00078535144
volvo says to take over nissan diesel for $1.1 billion,positive,2,neutral,False,0.9974833,0.0007643441,0.9974833,0.0017523722
cisco expects apple agreement on iphone trademark,positive,2,neutral,False,0.6401905,0.0019179684,0.6401905,0.35789153
lifting the lid-research firm hunts for clues in insider sales,neutral,1,neutral,True,0.99803287,0.0014148954,0.99803287,0.0005523326
consumer prices climb in december,negative,0,negative,True,0.8933335,0.8933335,0.0106863575,0.095980175
disney not interested in endemol stake source,neutral,1,neutral,True,0.9982962,0.00069015974,0.9982962,0.001013708
"amr raises $503 mln with share issue, stock tumbles",negative,0,negative,True,0.9874877,0.9874877,0.011608182,0.00090423017
"marshmclennan earnings soar, stock stumbles",neutral,1,neutral,True,0.9872929,0.00691946,0.9872929,0.005787585
russia denies foot-dragging in wto entry talks,neutral,1,neutral,True,0.99792296,0.00040980164,0.99792296,0.0016672496
"fannie, freddie to offer subprime aid prepared text",positive,2,neutral,False,0.9982241,0.000780518,0.9982241,0.0009954737
chronology-south koreas major financial scandals,neutral,1,neutral,True,0.81092983,0.1879193,0.81092983,0.0011508726
"walgreen net up on prescription, holiday sales",positive,2,positive,True,0.99838233,0.0007134949,0.0009041399,0.99838233
bp says settles more lawsuits over texas blast,positive,2,positive,True,0.8434389,0.0028998824,0.15366122,0.8434389
dollar edges higher as stocks rally,positive,2,positive,True,0.99851424,0.0006235916,0.00086220703,0.99851424
durable goods weaker than expected,negative,0,negative,True,0.9989078,0.9989078,0.0006215329,0.0004706904
smith nephew in early tie-up talks with biomet,positive,2,neutral,False,0.99614346,0.0005263978,0.99614346,0.0033301094
"max re says ceo quits, to downgrade past profit",negative,0,negative,True,0.99818665,0.99818665,0.0015334805,0.00027988158
oil prices tumble on saudi comments,negative,0,negative,True,0.99940324,0.99940324,0.0003113032,0.0002854361
feds plosser says more tightening may be needed,negative,0,negative,True,0.5116987,0.5116987,0.48163307,0.0066682585
"buffett stays on message, and shareholders like it",positive,2,neutral,False,0.6453857,0.0018987171,0.6453857,0.35271564
"pg quarterly profit jumps, year view raised",positive,2,positive,True,0.99880505,0.00069126725,0.00050365017,0.99880505
phelps dodge profit soars on strong copper prices,positive,2,positive,True,0.9912957,0.0066100997,0.0020941843,0.9912957
"acs says ceo, cfo resign after options probe",negative,0,neutral,False,0.9955295,0.003891935,0.9955295,0.0005785427
bank of new york to buy mellon for $16.5 billion,positive,2,neutral,False,0.99745923,0.00062534545,0.99745923,0.0019154393
chrysler to close 2 plants in q3 2008 magazine,negative,0,negative,True,0.99725765,0.99725765,0.0025358177,0.00020661016
u.s. trade gap in oct narrows most in 5 years,positive,2,positive,True,0.9938167,0.00264911,0.003534209,0.9938167
judge halts sales of monsanto gmo alfalfa,negative,0,negative,True,0.99802566,0.99802566,0.0017807627,0.00019359207
household wealth rises in 4th quarter,positive,2,positive,True,0.9895968,0.0030466262,0.0073566223,0.9895968
private equity firms meet chrysler execs report,positive,2,neutral,False,0.99834967,0.00045620353,0.99834967,0.0011941167
florida farmworkers take aim at mcdonalds,negative,0,neutral,False,0.96822137,0.029953407,0.96822137,0.0018253191
"ahold q3 sales edge up, u.s. asset sales expected",positive,2,positive,True,0.9899706,0.0045306543,0.0054987557,0.9899706
"verizon, partners to build us-china optical cable",positive,2,neutral,False,0.9552774,0.00084903254,0.9552774,0.043873504
honeywell raises annual dividend by 10 pct,positive,2,positive,True,0.99729484,0.00035801166,0.0023471569,0.99729484
panel mixed over drug-coated stent label change,neutral,1,neutral,True,0.99475753,0.0035542746,0.99475753,0.0016881211
florida tribe sued over hard rock takeover,negative,0,negative,True,0.83371645,0.83371645,0.16339669,0.0028868478
"south korea, u.s. seal trade deal at last minute",positive,2,neutral,False,0.68427086,0.0035081033,0.68427086,0.312221
kkr buying dollar general for $6.9 bln,positive,2,neutral,False,0.758176,0.025094435,0.758176,0.2167295
"dow closes over 13,000",positive,2,positive,True,0.9916686,0.0052472344,0.0030841667,0.9916686
coca-cola posts higher-than-expected profit,positive,2,positive,True,0.9987896,0.00041837303,0.00079207023,0.9987896
mutual funds becoming shareholder activists,neutral,1,neutral,True,0.9928189,0.0027643444,0.9928189,0.004416675
starbucks memo stirs unwarranted fears analysts,positive,2,negative,False,0.92447996,0.92447996,0.07367344,0.0018465738
factbox key past and future dates in the battle for abn,neutral,1,neutral,True,0.9989784,0.0004040516,0.9989784,0.00061759754
"revlon sets equity offer, refinancing credit deal",positive,2,neutral,False,0.9983211,0.00070414395,0.9983211,0.00097462925
"stocks fall on weak data, tech shares lead slide",negative,0,negative,True,0.99943906,0.99943906,0.00034576943,0.00021521734
gdp growth revised down on housing slump,negative,0,negative,True,0.9992913,0.9992913,0.00038204886,0.00032660738
opec consulting on emergency meeting-algeria,neutral,1,neutral,True,0.99856746,0.00051463617,0.99856746,0.0009178793
factbox u.s. regulatory actions on subprime lending,neutral,1,neutral,True,0.9972633,0.0018095444,0.9972633,0.00092718715
"stocks gain on strong profits, microsoft up late",positive,2,positive,True,0.9980696,0.0010705027,0.0008598815,0.9980696
samsung sees 2007 global handset market up 10 pct,positive,2,positive,True,0.9984915,0.0004299573,0.0010785332,0.9984915
"tivo, amazon launch video download-to-tv service",positive,2,neutral,False,0.99153155,0.0005524225,0.99153155,0.0079159895
"marriott profit rises, but outlook disappoints",negative,0,neutral,False,0.91777766,0.07515224,0.91777766,0.0070701763
new homes sales unexpectedly strong,positive,2,positive,True,0.99814403,0.00057018537,0.0012857555,0.99814403
enel could sue caja madrid over endesa source,negative,0,negative,True,0.99588376,0.99588376,0.0033558535,0.00076038326
citi still hopeful of buying into guangdong bank,positive,2,positive,True,0.98481524,0.0016830921,0.013501705,0.98481524
limited december same-store sales up 4 percent,positive,2,positive,True,0.9986646,0.0006678396,0.0006675231,0.9986646
"sabmiller h1 earnings rise, confident on future",positive,2,positive,True,0.99882215,0.0004136385,0.0007641604,0.99882215
ford could sell aston martin this week source,neutral,1,negative,False,0.98502177,0.98502177,0.013691605,0.0012866042
visa names executive chairman,neutral,1,neutral,True,0.99884987,0.00042915437,0.99884987,0.0007210274
monster fires suspended general counsel in probe,negative,0,neutral,False,0.98505974,0.013971858,0.98505974,0.00096843933
supervalu posts higher profit,positive,2,positive,True,0.9982667,0.00027137925,0.0014618676,0.9982667
convergys targets home-working to curb costs,positive,2,neutral,False,0.99562246,0.0011407678,0.99562246,0.0032366775
soaring executive pay meets reforms,neutral,1,neutral,True,0.9958132,0.0011905623,0.9958132,0.0029962729
cingular to launch cell phone music service -report,positive,2,neutral,False,0.99788445,0.00039249388,0.99788445,0.0017230726
home depot investors seek to block ex-ceo exit pay,negative,0,neutral,False,0.9687573,0.029546814,0.9687573,0.0016958738
stocks seen up slightly after amazon results,positive,2,positive,True,0.99797577,0.0008404567,0.0011837975,0.99797577
blackstone group files for $4 billion ipo,positive,2,neutral,False,0.9980546,0.001152117,0.9980546,0.00079330406
"world growth to stay strong, no us slump imf draft",positive,2,positive,True,0.9792642,0.0015956209,0.019140173,0.9792642
kb home posts quarterly net loss after charges,negative,0,negative,True,0.9979886,0.9979886,0.0016177803,0.0003936212
dell to invest $150 million in customer support,positive,2,neutral,False,0.86450565,0.001536246,0.86450565,0.13395807
business books the driven culture of ups,neutral,1,neutral,True,0.9983896,0.0004246092,0.9983896,0.0011857939
ebay profit up 24 percent,positive,2,positive,True,0.9989466,0.00043767405,0.0006157845,0.9989466
thomson lower in n.a. trade after reuters bid,negative,0,negative,True,0.99922407,0.99922407,0.0005689309,0.00020701498
psa peugeot citroen poised to name new ceo,neutral,1,neutral,True,0.99852055,0.00043482304,0.99852055,0.001044692
quest says some option grants misdated,negative,0,negative,True,0.9829958,0.9829958,0.016158385,0.00084586476
chrysler ceo open to goodyear model for union deal,positive,2,neutral,False,0.99135596,0.001237188,0.99135596,0.007406909
"ibm to cut 1,315 jobs in u.s.",negative,0,negative,True,0.9990715,0.9990715,0.000625428,0.00030314326
"tenet, triad highlight hospital woes",negative,0,negative,True,0.9364149,0.9364149,0.062371764,0.0012132974
corrected - blast halts some production at imperial oil refinery,negative,0,negative,True,0.99582785,0.99582785,0.0039237384,0.00024834715
pier 1 january same-store sales down,negative,0,negative,True,0.999401,0.999401,0.00035500564,0.00024398157
adidas ceo says will not top nike bid for germany,neutral,1,neutral,True,0.9982486,0.00068571424,0.9982486,0.0010657104
"lilly settles most zyprexa claims, to take charge",neutral,1,positive,False,0.6264054,0.001845389,0.37174925,0.6264054
freeport-mcmoran agrees to buy phelps for $25.9 billion,positive,2,neutral,False,0.9972909,0.00053938664,0.9972909,0.00216968
instant view 4-microsoft posts higher results,positive,2,positive,True,0.99775535,0.0004949505,0.0017497746,0.99775535
"allstate q4 net rises 16.5 percent, misses views",neutral,1,positive,False,0.9270486,0.036414884,0.036536533,0.9270486
walgreen profit soars on sales,positive,2,positive,True,0.99869233,0.00061758683,0.0006900873,0.99869233
mazdas business plan aims for 27 pct profit growth,positive,2,positive,True,0.9974433,0.00041509312,0.0021415728,0.9974433
"asia quakes damage cables internet, banks affected",negative,0,negative,True,0.99817157,0.99817157,0.0015556582,0.00027275964
new century seeks faster sale of loan business,negative,0,neutral,False,0.9978771,0.00069040776,0.9978771,0.0014325283
"best buy profit disappoints, shares fall",negative,0,negative,True,0.9993401,0.9993401,0.00039807014,0.0002618135
"peugeot frets on euro, rules out chrysler bid",negative,0,negative,True,0.90569043,0.90569043,0.09290881,0.0014007961
"citi shares rise amid rumors about break-up, execs",positive,2,positive,True,0.98922616,0.00066440954,0.010109398,0.98922616
myspace to launch japan venture with softbank-paper,positive,2,neutral,False,0.9978109,0.000696962,0.9978109,0.0014922557
starbucks 1st-quarter profit up 18 percent,positive,2,positive,True,0.9989773,0.0005044742,0.0005182581,0.9989773
philips to sell tsmc shares in taiwan and u.s,neutral,1,neutral,True,0.9911253,0.00665989,0.9911253,0.002214887
"ex-myspace chairman, verisign to promote .tv sites",positive,2,neutral,False,0.99789065,0.0004284531,0.99789065,0.0016808229
honda picks ibm and dassault to help build f1 cars,positive,2,neutral,False,0.9967781,0.0003869427,0.9967781,0.002835052
mcdonalds stock at 7-year high,positive,2,positive,True,0.9980368,0.0011261017,0.00083705445,0.9980368
australias oxiana bids $322 mln for agincourt,positive,2,neutral,False,0.9979394,0.0008794408,0.9979394,0.001181072
warner may play sour note for sony bmg review,negative,0,negative,True,0.9990466,0.9990466,0.0006018294,0.00035159528
opec ministers say may hold off on more oil cuts,negative,0,neutral,False,0.9917299,0.004768957,0.9917299,0.0035011081
essar says evaluating vodafones partnership offer,neutral,1,neutral,True,0.99724126,0.0004441896,0.99724126,0.002314547
canadas brookfield bids for australias multiplex,positive,2,neutral,False,0.99806243,0.00052997336,0.99806243,0.0014076143
apple ex-cfo settles with sec report,negative,0,neutral,False,0.56993055,0.008597384,0.56993055,0.4214721
wal-mart same-store sales rise,positive,2,positive,True,0.9986511,0.0004498507,0.0008990713,0.9986511
cingular plans mobile banking service for 2007,positive,2,neutral,False,0.99832267,0.00042869584,0.99832267,0.0012486426
fortune brands profit tops view,positive,2,positive,True,0.99648225,0.0010811436,0.0024365797,0.99648225
britains firstgroup to buy laidlaw,positive,2,neutral,False,0.99582136,0.0005968612,0.99582136,0.0035817155
u.s. jobs report offers more details on earnings,neutral,1,neutral,True,0.9987074,0.0005175637,0.9987074,0.0007750813
alcoas fourth-quarter profit rises on metal prices,positive,2,positive,True,0.99890864,0.00048978766,0.00060156756,0.99890864
nytimes family will not change share structure ceo,negative,0,neutral,False,0.99839056,0.00064790196,0.99839056,0.0009615121
toyota may add 5 n. america car plants report,positive,2,positive,True,0.7535836,0.004676211,0.24174014,0.7535836
qbe insurance to buy winterthur,positive,2,neutral,False,0.98536634,0.004524613,0.98536634,0.010109037
citigroup sees $370 mln loss in japan finance unit,negative,0,negative,True,0.9989236,0.9989236,0.00083222706,0.00024410727
ges wmc mortgage to lay off half of staff,negative,0,negative,True,0.9991798,0.9991798,0.00059790054,0.00022230648
"ubs, polygon mull newcastle takeover offer source",positive,2,neutral,False,0.99860185,0.0005476217,0.99860185,0.000850539
gasoline use hits record despite high pump cost,positive,2,positive,True,0.7270947,0.1596993,0.11320598,0.7270947
asarco union says extends labor contract,positive,2,positive,True,0.85508263,0.017162718,0.1277546,0.85508263
"cbs earnings slip, hurt by radio station sales",negative,0,negative,True,0.9993975,0.9993975,0.0003585761,0.00024383118
"toshiba raises fcast, hitachi losses grow",neutral,1,negative,False,0.99869436,0.99869436,0.00080940884,0.00049620355
clear channel agrees to nearly $19 billion sale,positive,2,neutral,False,0.9978169,0.00080231304,0.9978169,0.0013807487
oracle asks court to make sap preserve documents,negative,0,neutral,False,0.9976419,0.0011873724,0.9976419,0.0011707785
bank of america wants to raise deposit cap wsj,positive,2,neutral,False,0.995896,0.0013615211,0.995896,0.002742506
vonage says appeals court grants temporary stay,positive,2,positive,True,0.57620686,0.008387722,0.41540542,0.57620686
food prices to rise at grocery stores industry,negative,0,negative,True,0.9091452,0.9091452,0.05743909,0.033415724
merck wins latest federal vioxx trial,positive,2,positive,True,0.9083109,0.0029520246,0.088737085,0.9083109
"united, continental in early merger talks reports",positive,2,neutral,False,0.99861205,0.00036682966,0.99861205,0.0010211568
xto energy quarterly profit falls,negative,0,negative,True,0.9993942,0.9993942,0.00036549446,0.00024032933
mccormick profit higher on cost-cutting,positive,2,positive,True,0.9985777,0.00037628357,0.0010459591,0.9985777
sec charges former execs of essi with backdating,negative,0,negative,True,0.9401039,0.9401039,0.058204386,0.0016916415
deutsche boerse drops euronext bid,negative,0,neutral,False,0.99440867,0.0030469776,0.99440867,0.0025443328
alcoa sees opportunity to add aluminum to u.s. cars,positive,2,neutral,False,0.918227,0.0013557145,0.918227,0.08041727
coke zero boosts coca-cola,positive,2,neutral,False,0.49693996,0.01762293,0.49693996,0.48543712
news corp. interested in chandlers tribune bid,positive,2,neutral,False,0.9979183,0.0005934892,0.9979183,0.0014882075
picky about wine try making your own,neutral,1,neutral,True,0.99801266,0.00088850077,0.99801266,0.0010988263
target gives president special incentive to stay,neutral,1,neutral,True,0.996727,0.0006959021,0.996727,0.0025770196
dell says to divide commercial business group,neutral,1,neutral,True,0.99769884,0.001331319,0.99769884,0.0009697368
nokia wins $43 mln network deal in china,positive,2,neutral,False,0.914476,0.0009016666,0.914476,0.084622376
wal-mart says nyse finds no violations,positive,2,neutral,False,0.89303344,0.0018741324,0.89303344,0.10509247
papa johns looks to web to boost its share of pie,positive,2,neutral,False,0.99600416,0.0018498574,0.99600416,0.0021459358
nj jury orders merck to pay $47.5 mln in vioxx case,negative,0,neutral,False,0.51239914,0.36883557,0.51239914,0.11876532
biomet circled by buyout firms paper,positive,2,neutral,False,0.9987519,0.0003857259,0.9987519,0.0008623761
buyout firm kkr made friendly bid on vivendi,positive,2,neutral,False,0.9977228,0.0005871247,0.9977228,0.0016901533
mortgage applications fell in latest week mba,negative,0,negative,True,0.99783057,0.99783057,0.0015945818,0.0005749411
gms flagship china jv expects higher sales,positive,2,positive,True,0.996912,0.0003110275,0.0027769406,0.996912
"google, clear channel in broad u.s. radio ads deal",positive,2,neutral,False,0.97717357,0.0010898897,0.97717357,0.021736544
"ti slightly narrows forecasts, shares fall",negative,0,negative,True,0.9993567,0.9993567,0.00037849287,0.00026479768
caterpillar to raise stake in mitsubishi heavy jv,positive,2,neutral,False,0.9927563,0.0008511264,0.9927563,0.00639255
gm profit plunges after housing finance loss,negative,0,negative,True,0.99941874,0.99941874,0.00028892892,0.00029242033
playboy posts 3rd-quarter profit,positive,2,positive,True,0.98535514,0.0011110768,0.013533776,0.98535514
mcdonalds says china union to expand to guangdong,neutral,1,neutral,True,0.9635505,0.002135846,0.9635505,0.034313608
doubleclick to launch advertising exchange,positive,2,neutral,False,0.99812764,0.0007458798,0.99812764,0.0011264287
russia to seal yukoss demise with samara auction,negative,0,neutral,False,0.9979619,0.0010523471,0.9979619,0.0009857682
schering-plough to buy akzos organon for $14.4 bln,positive,2,neutral,False,0.99768126,0.0006207662,0.99768126,0.0016979653
bjs wholesale to close in-store pharmacies,negative,0,neutral,False,0.9946261,0.0016498242,0.9946261,0.0037240507
former cendant chairman guilty of fraud conspiracy,negative,0,neutral,False,0.9860007,0.011152013,0.9860007,0.0028472554
txu receives no superior offer and sticks with kkr,neutral,1,neutral,True,0.992477,0.000934242,0.992477,0.006588842
sec cracks down on spam-driven stocks,negative,0,neutral,False,0.99050015,0.0065645236,0.99050015,0.0029354193
reuters ceo returns to ma as thomson beckons,positive,2,neutral,False,0.9974335,0.0012870901,0.9974335,0.0012794517
"global markets calmer, subprime probes mount",neutral,1,positive,False,0.58851296,0.017970014,0.39351705,0.58851296
"simon, farallon bid $1.56 billion for mills",positive,2,neutral,False,0.9965054,0.00080106047,0.9965054,0.0026936068
magna would make big chrysler commitment report,positive,2,neutral,False,0.9949733,0.00046391727,0.9949733,0.004562863
ny adds 13 more lenders to student loan probe,negative,0,negative,True,0.93960583,0.93960583,0.05894134,0.0014528817
update 2-simon property third-quarter ffo rises 9.4 pct,positive,2,positive,True,0.9956518,0.0024618045,0.0018864108,0.9956518
starbucks forms hear music record label,positive,2,neutral,False,0.99841666,0.0006410429,0.99841666,0.0009422401
ups cancels a380 in new blow for airbus,negative,0,negative,True,0.99766517,0.99766517,0.0021429572,0.00019194657
"tech edges up, but oil and housing hit dow",negative,0,neutral,False,0.82672113,0.12061494,0.82672113,0.052663855
walgreen sales climb in april,positive,2,positive,True,0.99828243,0.00059207843,0.0011254618,0.99828243
ford boss plans radical overhaul wsj,neutral,1,neutral,True,0.9982072,0.0008991239,0.9982072,0.0008936869
krispy kreme doughnuts sees q3 loss,negative,0,negative,True,0.9992685,0.9992685,0.00053320115,0.0001983087
"airlines rally, but customer service falls",neutral,1,neutral,True,0.63965476,0.35727292,0.63965476,0.003072298
"ba to chop 1,300 flights as strike looms",negative,0,negative,True,0.99908686,0.99908686,0.0006994229,0.00021371695
u.s. seeks chapter 11 trustee for new century,negative,0,neutral,False,0.9985158,0.00077394734,0.9985158,0.00071031967
jury reaches verdict in trial of former qwest ceo,negative,0,neutral,False,0.9449903,0.0048901355,0.9449903,0.050119568
chip giant intel plans new china plant sources,positive,2,neutral,False,0.99820614,0.00039411572,0.99820614,0.0013997449
healthsouth loss widens after charges,negative,0,negative,True,0.998214,0.998214,0.0015115282,0.0002744841
ingersoll-rand warns on outlook,negative,0,negative,True,0.99853957,0.99853957,0.0012391823,0.00022124029
chinas march surplus to see notable change,neutral,1,neutral,True,0.9972283,0.0008536621,0.9972283,0.0019179395
cme profit rises on strong trading,positive,2,positive,True,0.99892944,0.00037340063,0.00069714925,0.99892944
hasbro wallops expectations with spider-mans help,positive,2,neutral,False,0.75153387,0.0024469267,0.75153387,0.24601921
whirlpool profit up slightly but u.s. growth slows,neutral,1,positive,False,0.584336,0.07655513,0.33910885,0.584336
honda u.s. sales up 7.3 percent in march,positive,2,positive,True,0.9989027,0.0005049499,0.00059237826,0.9989027
vodafone to sell bharti airtel stake report,neutral,1,neutral,True,0.99747247,0.0014509753,0.99747247,0.0010764865
former monster exec expected to plea wsj,negative,0,neutral,False,0.99423355,0.004306992,0.99423355,0.0014594276
top bank regulator says subprime borrowers trapped,negative,0,negative,True,0.9824494,0.9824494,0.016990501,0.00055999984
monsanto bid for delta could run into trouble wsj,negative,0,negative,True,0.9952678,0.9952678,0.004427958,0.00030418645
ge capital to buy trustreet for $1.15 billion,positive,2,neutral,False,0.9970816,0.0008582729,0.9970816,0.0020601032
delta to file for $12 bln reorganization paper,neutral,1,neutral,True,0.9985661,0.0007810617,0.9985661,0.00065294886
warner music posts wider loss,negative,0,negative,True,0.999308,0.999308,0.0005118933,0.00018010114
"u.s. exports to arab world surging, report says",positive,2,positive,True,0.9886774,0.00072075875,0.010601892,0.9886774
american express profit up as customers increase,positive,2,positive,True,0.9986914,0.00049680675,0.0008118664,0.9986914
"coles sees rival bid by kkr, shares hit record",positive,2,positive,True,0.93280303,0.0023999808,0.064796984,0.93280303
ge profit meets forecast,positive,2,positive,True,0.9942736,0.0007261434,0.0050002583,0.9942736
amc entertainment sets ipo at 39.5 million shares,neutral,1,neutral,True,0.99744356,0.0011120698,0.99744356,0.001444345
bombardier could launch new jet this year analyst,positive,2,neutral,False,0.9985343,0.00035023942,0.9985343,0.0011155056
best buy profit up as circuit city struggles,positive,2,positive,True,0.85198563,0.019071817,0.12894253,0.85198563
bhp billiton ceo to step down,negative,0,neutral,False,0.99833244,0.0007161785,0.99833244,0.0009513448
microsoft launches vista version of windows,positive,2,neutral,False,0.99782395,0.00065571663,0.99782395,0.001520279
"gift cards, cold give stores one last chance",positive,2,neutral,False,0.9951827,0.0016562123,0.9951827,0.0031609905
automakers challenge vermont emissions law,negative,0,neutral,False,0.9949477,0.0031464857,0.9949477,0.0019057657
fortress looks at bid for emi paper,positive,2,neutral,False,0.9978016,0.00096540636,0.9978016,0.0012329773
u.s. investor brandes cut volkswagen stake -paper,negative,0,neutral,False,0.5724847,0.4244687,0.5724847,0.0030466428
iran says opec may cut production if prices fall,negative,0,neutral,False,0.9009326,0.04564827,0.9009326,0.053419165
investors say citigroup must show cost cuts work,negative,0,neutral,False,0.9907286,0.0052425303,0.9907286,0.0040288386
wall st on hold ahead of jobs data,neutral,1,neutral,True,0.8370558,0.1583685,0.8370558,0.004575699
oil jumps 3 percent on colder u.s. weather,positive,2,positive,True,0.99831545,0.00086999446,0.0008145677,0.99831545
need compelling data to cut rates feds poole,neutral,1,neutral,True,0.99647504,0.002580155,0.99647504,0.00094490405
nasdaq makes $5.1 bln bid for lse,positive,2,neutral,False,0.99731797,0.000954278,0.99731797,0.00172769
investor morale at 10-mth peak in nov,positive,2,positive,True,0.9942899,0.0031169052,0.0025931885,0.9942899
update 2-penn national may lead offer for harrahs - source,positive,2,neutral,False,0.99797887,0.0005336902,0.99797887,0.0014874436
citigroup aims to cut over $1 bln in costs -report,positive,2,positive,True,0.9354341,0.0056432323,0.058922723,0.9354341
reebok sues nike for patent infringement,negative,0,negative,True,0.9983271,0.9983271,0.001154165,0.00051879307
virgin mobile files with u.s. regulators for ipo,positive,2,neutral,False,0.9972952,0.0011592666,0.9972952,0.001545539
eads board to meet on tuesday on a350 xwb-paper,neutral,1,neutral,True,0.99870443,0.0007278611,0.99870443,0.0005676952
update 5-lsi logic to buy agere for $3.5 billion in stock,positive,2,neutral,False,0.99648917,0.0007456628,0.99648917,0.002765165
merck says hdl drug not linked to heart problems,positive,2,neutral,False,0.93769217,0.0034208552,0.93769217,0.058886975
21st century q1 profit falls,negative,0,negative,True,0.9993895,0.9993895,0.0003680137,0.00024238808
"dow ends at record on profits, but gdp weighs",positive,2,positive,True,0.9251498,0.0147976745,0.060052488,0.9251498
fed officials see nagging risks to inflation,negative,0,negative,True,0.98509,0.98509,0.011903407,0.0030065675
citigroup to acquire taiwan bank very soon,positive,2,neutral,False,0.99826694,0.0005040949,0.99826694,0.00122895
do the housing loan shuffle,neutral,1,neutral,True,0.9984693,0.0006881246,0.9984693,0.00084263674
tech optimism lifts indices,positive,2,positive,True,0.9980275,0.00069072115,0.0012817291,0.9980275
hp shares fall after quarterly results,negative,0,negative,True,0.9993895,0.9993895,0.00042712915,0.00018337496
accredited home sinks 54 pct as cash falls short,negative,0,negative,True,0.99902415,0.99902415,0.00075947074,0.0002163435
retail sales edged up modestly in february,positive,2,positive,True,0.99184823,0.0053076237,0.0028441409,0.99184823
honeywell ceo u.s. economy doing pretty well,positive,2,positive,True,0.99708885,0.0005097871,0.0024014055,0.99708885
internet to revolutionize tv in 5 years gates,positive,2,neutral,False,0.9960157,0.0007790951,0.9960157,0.0032051732
"pepsico profit tops view, backs outlook",positive,2,positive,True,0.9979406,0.00094446534,0.0011149104,0.9979406
fords mulally realigns organizational structure,neutral,1,neutral,True,0.99811685,0.0008719227,0.99811685,0.001011218
eu-us air pact needs unanimous backing eu lawyers,negative,0,neutral,False,0.99691224,0.0008545436,0.99691224,0.002233188
factbox- fed policymakers recent comments,neutral,1,neutral,True,0.9989102,0.00058628386,0.9989102,0.0005036105
take an aspirin with that flame-broiled burger,neutral,1,neutral,True,0.9950477,0.0029252924,0.9950477,0.0020270194
yum says half of 07 profit to come from overseas,positive,2,neutral,False,0.99775237,0.000824871,0.99775237,0.0014228148
proxy adviser recommends caremark reject cvs,negative,0,neutral,False,0.9949449,0.0030067733,0.9949449,0.0020482992
fed officials stay focused on inflation risks,negative,0,neutral,False,0.997502,0.0016806027,0.997502,0.00081737724
ny times invites critics to make presentations,neutral,1,neutral,True,0.99868625,0.00086575426,0.99868625,0.00044795178
yahoo names executive to combat online ad fraud,positive,2,neutral,False,0.9983767,0.00045546814,0.9983767,0.0011678408
schering-plough profit rises on cholesterol drugs,positive,2,positive,True,0.99840564,0.0005278272,0.0010666023,0.99840564
"tis the season to rip off retailers, poll finds",negative,0,neutral,False,0.96696,0.009632516,0.96696,0.023407517
cit quarterly profit rises,positive,2,positive,True,0.9989291,0.00039030958,0.0006805808,0.9989291
humana profit more than doubles,positive,2,positive,True,0.9981515,0.00065220805,0.0011963118,0.9981515
hr block loss nearly doubles on mortgage weakness,negative,0,negative,True,0.9991543,0.9991543,0.0004672728,0.00037838556
stocks to swing with oil and fed chief,neutral,1,positive,False,0.66739833,0.022399917,0.31020173,0.66739833
liberty media eyes cablevision unit report,positive,2,neutral,False,0.99878687,0.0005447257,0.99878687,0.0006684652
wall st banks eye bigger slice of uk mortgage pie,positive,2,neutral,False,0.9965312,0.0014206031,0.9965312,0.002048221
gm sales rise but market share slips in q1,neutral,1,neutral,True,0.83634907,0.14123818,0.83634907,0.022412725
zimbabwe probed on blood diamond rules,negative,0,neutral,False,0.9927106,0.0063020233,0.9927106,0.0009874225
shares seen firm with tech stocks in focus,positive,2,positive,True,0.9705748,0.0011185067,0.028306752,0.9705748
lincoln national explores sale of unit wsj,neutral,1,neutral,True,0.99896204,0.00036307186,0.99896204,0.0006748375
air america parent may find buyer wsj,positive,2,neutral,False,0.99573237,0.0011237015,0.99573237,0.0031439126
u.s. steel buying oilfield equipment maker lone star,positive,2,neutral,False,0.9888382,0.0014983823,0.9888382,0.009663495
qantas bidder says considering new bid,positive,2,neutral,False,0.9983021,0.0005934913,0.9983021,0.0011043776
dutch minister leans toward euronext/nyse approval,positive,2,neutral,False,0.9920522,0.001668823,0.9920522,0.006278995
n.korea talks to look beyond reactor closure,neutral,1,neutral,True,0.99705803,0.00070235325,0.99705803,0.002239632
subprime woes seen worsening if oil hits borrowers,negative,0,negative,True,0.9976655,0.9976655,0.0017003794,0.0006341581
toyota keeps 8.47 mln unit sales forecast for 06/07,positive,2,positive,True,0.75124097,0.013852933,0.23490612,0.75124097
"nikkei falls as shipping, property shares drop",negative,0,negative,True,0.9994386,0.9994386,0.000354331,0.00020706495
prescription drug crackdown leads to heroin use,negative,0,neutral,False,0.78723025,0.2064297,0.78723025,0.0063400995
insurance broker gallagher settles suit,positive,2,positive,True,0.9728391,0.0018994568,0.025261454,0.9728391
amd sees q4 rev below analysts estimates,negative,0,negative,True,0.9992291,0.9992291,0.0003161935,0.000454799
nyse group approves euronext merger,positive,2,neutral,False,0.9976546,0.00050175126,0.9976546,0.0018436757
gm swings to profit but falls short of estimates,neutral,1,neutral,True,0.45198697,0.3626145,0.45198697,0.1853985
appeals court stays tobacco racketeering ruling,positive,2,positive,True,0.6460424,0.009171515,0.34478608,0.6460424
jan cpi setback to keep fed rate hike bias intact,negative,0,neutral,False,0.9101373,0.08245441,0.9101373,0.0074082604
boeing plans to introduce 787 on 7/8/07,positive,2,neutral,False,0.99781185,0.0007426158,0.99781185,0.0014456033
hr block posts q3 loss on mortgage woes,negative,0,negative,True,0.99903643,0.99903643,0.0006627854,0.00030080116
supervalu recalls some del monte pet foods,negative,0,neutral,False,0.99871624,0.00052989414,0.99871624,0.0007538118
penn national may lead offer for harrahs source,positive,2,neutral,False,0.99771595,0.00050084287,0.99771595,0.0017832225
nbc loses dealmaking executive to discovery,negative,0,neutral,False,0.9217799,0.07740177,0.9217799,0.0008182669
"feds bies, policy centrist, to step down march 30",neutral,1,neutral,True,0.9978459,0.0011523837,0.9978459,0.001001745
new century gets court ok to sell core loan unit,positive,2,neutral,False,0.95861983,0.000892129,0.95861983,0.04048801
indymac bancorp sees q4 profit well below forecasts,negative,0,negative,True,0.99933726,0.99933726,0.00036157106,0.00030115814
mergers expected to spur more stock-buying,positive,2,positive,True,0.95012283,0.0015241551,0.048352998,0.95012283
bernanke inflation risks to the upside,negative,0,positive,False,0.85271233,0.09064448,0.056643166,0.85271233
backlash prompts careful steps at txu,negative,0,neutral,False,0.98933816,0.009512648,0.98933816,0.0011492332
northwest airlines files reorganization plan,positive,2,neutral,False,0.99838793,0.0006580611,0.99838793,0.0009540498
"circuit city to close stores, change management",negative,0,negative,True,0.93907577,0.93907577,0.06032353,0.0006006546
qualcomm seeks arbitration on nokia license dispute,negative,0,negative,True,0.8913726,0.8913726,0.10537691,0.0032504632
"clorox profit up, it spending pressures year view",neutral,1,positive,False,0.9972625,0.0012181432,0.0015193585,0.9972625
russias rosneft adds 862 mln bbl reserves in 2006,positive,2,neutral,False,0.9630048,0.0014728669,0.9630048,0.035522304
"australias summit, paladin shares on trading halt",negative,0,negative,True,0.99563843,0.99563843,0.0039891982,0.00037247047
southwest airlines posts higher earnings,positive,2,positive,True,0.99810743,0.00030475453,0.0015878069,0.99810743
bombardier wins netherlands train order,positive,2,neutral,False,0.9725969,0.0005969793,0.9725969,0.026806163
deal mania surges worldwide,positive,2,positive,True,0.8920814,0.009238185,0.09868044,0.8920814
"puma welcomes ppr takeover offer, says price fair",positive,2,neutral,False,0.9898101,0.0005543842,0.9898101,0.009635595
tiffany profit tops estimates,positive,2,positive,True,0.9983694,0.00048815474,0.0011425253,0.9983694
gm in early talks to buy chrysler source,positive,2,neutral,False,0.99763954,0.00068940525,0.99763954,0.0016711054
"delphi, investor bloc sign $3.4-billion equity deal",positive,2,neutral,False,0.9827763,0.0014444807,0.9827763,0.015779212
three groups submit bids for chrysler paper,positive,2,neutral,False,0.99842167,0.00047896497,0.99842167,0.0010993902
sonaecom shares fall over 14 pct after failed pt bid,negative,0,negative,True,0.99943763,0.99943763,0.00035733834,0.00020505307
treasurys swagel says u.s. economy healthy,positive,2,positive,True,0.99233294,0.00090705964,0.0067600654,0.99233294
washington regulators dismiss avista rate case,negative,0,neutral,False,0.637071,0.008288217,0.637071,0.35464075
hr block to disclose more on tax-refund loans,neutral,1,neutral,True,0.9985208,0.0008778593,0.9985208,0.00060138927
merck wins vioxx case in new orleans,positive,2,positive,True,0.820439,0.003211592,0.17634943,0.820439
"durable goods orders up, investment strong",positive,2,positive,True,0.99845016,0.00064135913,0.00090847036,0.99845016
j.c. penney kicks off brand campaign,positive,2,neutral,False,0.9975188,0.00037941002,0.9975188,0.0021018528
kkr to bid $25.6 billion for first data source,positive,2,neutral,False,0.9948266,0.001103558,0.9948266,0.004069891
eddie bauer ceo resigns after takeover rejected,negative,0,neutral,False,0.9974353,0.0018702088,0.9974353,0.00069447723
vodafone says pushing ahead with hutchison essar bid,positive,2,neutral,False,0.99693966,0.0005462479,0.99693966,0.0025141062
circuit city posts quarterly loss,negative,0,negative,True,0.99845076,0.99845076,0.0012487676,0.0003004093
citi target nikko cordial to keep stock listing,positive,2,neutral,False,0.99821645,0.0007753555,0.99821645,0.0010080859
wireless stocks fall on motorola warning,negative,0,negative,True,0.99895525,0.99895525,0.0006680744,0.00037666285
factbox challenges of mining in geologically rich indonesia,neutral,1,neutral,True,0.9934278,0.006095476,0.9934278,0.0004767123
plutos fate sends shiver through toyland,neutral,1,negative,False,0.9312357,0.9312357,0.0678653,0.00089904765
pepsico buys naked juice from north castle,positive,2,neutral,False,0.9974254,0.0013980627,0.9974254,0.0011765143
us airways withdraws $9.8 billion delta offer,negative,0,neutral,False,0.99065125,0.007951264,0.99065125,0.0013975931
google to buy ad network doubleclick for $3.1 bln,positive,2,neutral,False,0.99372673,0.0008208498,0.99372673,0.0054524634
dubai may sell part of stake in daimlerchrysler,neutral,1,neutral,True,0.9981128,0.000785227,0.9981128,0.0011020424
"pfizer ups profit view, sees more late-stage drugs",positive,2,positive,True,0.99650204,0.0004477699,0.0030501478,0.99650204
weak housing drives down toll profits,negative,0,negative,True,0.99877626,0.99877626,0.00090689864,0.00031683338
"buffett rails against high fees, executive pay",negative,0,neutral,False,0.9976229,0.0012736077,0.9976229,0.0011034567
"vodafone, reliance seen eyeing hutch india unit",positive,2,neutral,False,0.995808,0.0010862187,0.995808,0.0031058278
eus kroes says microsoft continues abuse,negative,0,negative,True,0.9736232,0.9736232,0.025577348,0.00079948903
q3 employment costs up 1.0 percent,negative,0,negative,True,0.9979754,0.9979754,0.0009503146,0.0010742284
"pfizer cuts forecast, as generics cut deeper",negative,0,negative,True,0.99922705,0.99922705,0.00048414778,0.00028887074
"feds bernanke on central bank policy, bias",neutral,1,neutral,True,0.99852884,0.0007718008,0.99852884,0.00069936697
disney close to cable program deals report,positive,2,neutral,False,0.99495924,0.0007413283,0.99495924,0.0042994367
business objects jumps on oracle bid talk traders,positive,2,neutral,False,0.90266496,0.011908605,0.90266496,0.08542635
merck sees slightly higher 2007 profit,positive,2,positive,True,0.9983145,0.0005148178,0.0011707341,0.9983145
monster stock options investigation widens report,negative,0,negative,True,0.7470835,0.7470835,0.25031915,0.0025973718
bhp billiton not currently eyeing alcoa sources,neutral,1,neutral,True,0.9985586,0.0004847527,0.9985586,0.000956684
tata offer for corus gets u.s. antitrust approval,positive,2,neutral,False,0.9055009,0.0014212776,0.9055009,0.09307786
factbox key facts about indias tata group,neutral,1,neutral,True,0.99902654,0.00054930156,0.99902654,0.0004241841
feds fisher wants inflation below 2 pct,neutral,1,neutral,True,0.9866393,0.009416553,0.9866393,0.003944125
"sapporo fight fizzes on asahi, kirin tie-up talk",positive,2,negative,False,0.69671524,0.69671524,0.29935643,0.003928306
boeing says on track to deliver 787 in late 2008,positive,2,neutral,False,0.797343,0.005135105,0.797343,0.19752194
"jobless claims fell 21,000 last week",positive,2,positive,True,0.9986137,0.00064124307,0.00074507616,0.9986137
wal-mart bank will boost competition in mexico-imf,positive,2,neutral,False,0.989199,0.0019759042,0.989199,0.008825142
conrad black trial hears of payment diversions,negative,0,neutral,False,0.9975815,0.0018703822,0.9975815,0.00054807385
hercules offshore to buy todco for $2.3 billion,positive,2,neutral,False,0.99637103,0.0009409357,0.99637103,0.0026880384
take-two says finance chief resigns,negative,0,neutral,False,0.99825114,0.0011484778,0.99825114,0.000600352
gannett posts quarterly profit on ad sales rise,positive,2,positive,True,0.9982103,0.0005392381,0.0012504228,0.9982103
mens wearhouse posts rise in quarterly net income,positive,2,positive,True,0.998485,0.00042903837,0.0010859098,0.998485
hyundai motor to appeal chairmans jail sentence,negative,0,neutral,False,0.99458003,0.0023714285,0.99458003,0.0030486085
"dow, chevron phillips to link plastics operations",positive,2,neutral,False,0.990926,0.0007513714,0.990926,0.008322598
toshiba says it sues hynix over nand chips,negative,0,negative,True,0.9987054,0.9987054,0.00085333694,0.00044119902
former wal-mart exec coughlin back in court,negative,0,neutral,False,0.6440587,0.34925902,0.6440587,0.0066822125
judge oks delphi first half 07 executive bonuses,negative,0,neutral,False,0.99896336,0.0003849193,0.99896336,0.0006517731
wilbur ross to buy collins aikman businesses,positive,2,neutral,False,0.99793553,0.00060873263,0.99793553,0.0014558081
biomet up after report of smith nephew bid,positive,2,positive,True,0.9798083,0.001409937,0.018781774,0.9798083
university aid office rated lenders on perks wsj,negative,0,neutral,False,0.9981179,0.0007571009,0.9981179,0.0011250564
most defibrillators buried with patients study,neutral,1,neutral,True,0.99878925,0.0005476737,0.99878925,0.00066308735
stunned airbus workers walk out over job cuts,negative,0,negative,True,0.9955786,0.9955786,0.004138425,0.00028294715
"estee lauder profit slips, dividend raised",neutral,1,neutral,True,0.98180306,0.01383553,0.98180306,0.004361426
home builder sentiment rebounds in feb,positive,2,positive,True,0.9971724,0.0009572785,0.0018703544,0.9971724
jury orders vonage to pay $58 mln in patent case,negative,0,negative,True,0.99171805,0.99171805,0.0061262334,0.0021556374
diller sees more competitive hsn in 18 months,positive,2,neutral,False,0.9854246,0.0024721634,0.9854246,0.012103261
dollar pares losses on strong data,positive,2,positive,True,0.9956195,0.003440293,0.00094015704,0.9956195
more ethanol means lower gasoline prices api,positive,2,neutral,False,0.87328625,0.021511234,0.87328625,0.105202556
"iphone on target for end of june launch, att says",positive,2,neutral,False,0.8893897,0.0022694224,0.8893897,0.108340874
samsung elec sees 2007 global lcd market up 22 pct,positive,2,positive,True,0.9967871,0.0004409134,0.0027720006,0.9967871
blackstone ups bid for equity office,positive,2,neutral,False,0.99825865,0.00078805763,0.99825865,0.00095329975
weyerhaeuser fine paper profit 37 cents/share,positive,2,neutral,False,0.68358284,0.15739357,0.68358284,0.15902358
dow jones profit tops estimates,positive,2,positive,True,0.99834824,0.0008498119,0.0008019356,0.99834824
lg electronics shares surge on handset profit hopes,positive,2,positive,True,0.99858785,0.0005676113,0.00084454025,0.99858785
nexen inc sells $1.5 billion in 2 parts source,neutral,1,neutral,True,0.99676883,0.002255534,0.99676883,0.0009756362
adb should focus on core mission to help poor-u.s,neutral,1,neutral,True,0.99792457,0.00039826214,0.99792457,0.0016770947
april consumer confidence falls to august low,negative,0,negative,True,0.9993243,0.9993243,0.00041038025,0.0002653584
cancer vaccine stocks soar on dendreon panel vote,positive,2,positive,True,0.98146904,0.0015463117,0.016984638,0.98146904
samsung 2006 n.american sales up 15 pct to $19 bln,positive,2,positive,True,0.99879766,0.00041565794,0.00078661897,0.99879766
"ford ahead of schedule on cost-cutting, ceo says",positive,2,positive,True,0.90512615,0.0023004229,0.09257336,0.90512615
"update 4-reckson postpones meeting, giving icahn more time",neutral,1,neutral,True,0.9943112,0.004965474,0.9943112,0.00072332146
nestle-gerber buy boosts profitability in year one,positive,2,positive,True,0.9956507,0.00032675714,0.0040225177,0.9956507
homebuilder beazer gets grand jury subpoena,negative,0,neutral,False,0.99784493,0.001442188,0.99784493,0.00071292015
u.s. trade pacts at risk over business-labor clash,negative,0,negative,True,0.9944054,0.9944054,0.0050399005,0.0005546365
"u.s. data, holidays keep markets in limbo",neutral,1,negative,False,0.9429046,0.9429046,0.056387387,0.0007080279
apparel retailers suffer through dreary october,negative,0,negative,True,0.99730444,0.99730444,0.0023808724,0.0003146973
nikko cordial investor pressures citi to raise offer,positive,2,neutral,False,0.9937836,0.0030564335,0.9937836,0.0031599351
"sabmiller year volumes up 10 pct, cool on sn",positive,2,neutral,False,0.70631474,0.16094291,0.70631474,0.13274239
update 3-equity office shareholder favors vornado bid,positive,2,neutral,False,0.9965706,0.0018511398,0.9965706,0.0015783192
"delta says meets us air, plans no merger",neutral,1,neutral,True,0.99876523,0.000530886,0.99876523,0.0007038454
"krogers quarterly profit soars, shares up",positive,2,positive,True,0.99881136,0.00050375785,0.0006849182,0.99881136
"european shares fall, euro rise hits car sector",negative,0,negative,True,0.9962202,0.9962202,0.0034913614,0.00028847318
"sprint posts higher quarterly profit, revenue",positive,2,positive,True,0.99876404,0.00032443352,0.000911573,0.99876404
ventas makes offer for sunrise,positive,2,neutral,False,0.99734807,0.0007414609,0.99734807,0.0019104482
vodafone says mulls move for hutch india control,positive,2,neutral,False,0.9978759,0.0005514397,0.9978759,0.001572547
boeing to revive commercial satellite business wsj,positive,2,neutral,False,0.9641288,0.0010740857,0.9641288,0.03479719
u.s. business warns against ending trade benefits,negative,0,neutral,False,0.98644406,0.0102661345,0.98644406,0.0032898167
yahoo shares rise on reports of microsoft interest,positive,2,positive,True,0.99842393,0.0003842428,0.0011918078,0.99842393
lifting the lid sears -- a retailer or a hedge fund,neutral,1,neutral,True,0.9983394,0.0011790711,0.9983394,0.0004814867
"aol launches india portal, refreshes u.s. site",positive,2,neutral,False,0.9957496,0.00037991823,0.9957496,0.0038704015
"u.s. subprime problems could spread, imf chief says",negative,0,negative,True,0.99362355,0.99362355,0.005826351,0.00055005366
ebay confirms plans to buy stubhub for $310 million,positive,2,neutral,False,0.99685776,0.00069225795,0.99685776,0.0024499951
redstone settles lawsuit with son wsj,positive,2,neutral,False,0.697021,0.0015176593,0.697021,0.30146134
"like his father, thomson patriarch shuns limelight",neutral,1,neutral,True,0.9979056,0.0010641564,0.9979056,0.0010301655
amazon.com q4 profit tops forecasts,positive,2,positive,True,0.99852544,0.0007667266,0.00070780626,0.99852544
heinz profit down on tax rate,negative,0,negative,True,0.9994192,0.9994192,0.00036926934,0.00021163432
"comcast profit triples, spending raises concerns",neutral,1,positive,False,0.90933716,0.024701238,0.065961644,0.90933716
rr donnelley fourth-quarter loss narrows,positive,2,positive,True,0.9979431,0.0012479208,0.00080901134,0.9979431
chronology airbus grapples with restructuring after a380 woes,negative,0,negative,True,0.8701322,0.8701322,0.12753688,0.0023308361
australias flight center buyout plan rejected,negative,0,neutral,False,0.99420136,0.0040417174,0.99420136,0.0017569477
"stocks mixed on job growth, mortgage fears",neutral,1,negative,False,0.90764964,0.90764964,0.09108357,0.0012668178
state street buys rival for $4.5 billion,positive,2,neutral,False,0.9961098,0.0012819873,0.9961098,0.0026083032
"dow chemical earnings fall, but meet estimates",neutral,1,neutral,True,0.8306819,0.15215957,0.8306819,0.017158516
polo ralph lauren posts higher results,positive,2,positive,True,0.9916807,0.00045839805,0.007860966,0.9916807
shares end flat in 2007 debut after feds minutes,neutral,1,negative,False,0.9962346,0.9962346,0.0032921608,0.00047326213
"top economies upbeat, call for fx flexibility",positive,2,positive,True,0.8506173,0.0019536295,0.14742911,0.8506173
"inflation, retail top u.s. stocks agenda",neutral,1,neutral,True,0.9980342,0.00077307626,0.9980342,0.0011927357
feds fisher wont rule out rate hikes,negative,0,neutral,False,0.99059874,0.0025905415,0.99059874,0.006810752
indices rise as oil jumps,positive,2,positive,True,0.99856144,0.00072778703,0.0007107404,0.99856144
"dana names four plants to close in u.s., canada",negative,0,neutral,False,0.98996514,0.009488033,0.98996514,0.0005468277
stocks gain as exxons rise drowns out bernanke,positive,2,positive,True,0.99675876,0.0017856129,0.0014556972,0.99675876
ge to buy abbott diagnostics units for $8.13 billion,positive,2,neutral,False,0.99772114,0.00055047445,0.99772114,0.0017283808
bristol names cornelius ceo,neutral,1,neutral,True,0.99874496,0.00051830756,0.99874496,0.0007367837
money drying up for some investors in buyout firms,negative,0,negative,True,0.631726,0.631726,0.36351433,0.0047595906
sears aims to drive sales with virtual showroom,positive,2,neutral,False,0.99149656,0.00073017256,0.99149656,0.0077731926
home building to lead us building decline in 07,negative,0,negative,True,0.99874747,0.99874747,0.0008045525,0.00044792288
alcan says will consider alcoa bid,positive,2,neutral,False,0.9980737,0.0005699424,0.9980737,0.0013563235
"update 5-lcd cartel probe goes global, lg.philips shares sink",negative,0,negative,True,0.9992519,0.9992519,0.0005558522,0.00019223866
"higher fares boost continental, southwest profits",positive,2,positive,True,0.9906493,0.0009194472,0.008431317,0.9906493
honda u.s. december sales up 3 pct,positive,2,positive,True,0.9986633,0.00061721617,0.00071950804,0.9986633
toyota mulling more north american capacity,positive,2,neutral,False,0.99099356,0.00057401473,0.99099356,0.00843237
tainted pet food found in livestock feed,negative,0,neutral,False,0.99491405,0.0043800916,0.99491405,0.0007058014
qantas says takeover bid for airline has failed,negative,0,neutral,False,0.9920676,0.006300266,0.9920676,0.0016320987
boeing ceo says 787 on track,positive,2,positive,True,0.5870326,0.0063990676,0.40656838,0.5870326
oil jumps to $61 on drop in inventories,positive,2,positive,True,0.9977627,0.0012004909,0.0010367943,0.9977627
dutch investor group veb says abn ceo should go,negative,0,neutral,False,0.99770904,0.001494963,0.99770904,0.0007960815
midwest air turns down airtran bid,neutral,1,neutral,True,0.995182,0.0027017044,0.995182,0.0021163656
myspace may be offered on japan cell phones murdoch,positive,2,neutral,False,0.9979803,0.0009057915,0.9979803,0.0011139067
no talks set in canadian rail strike,negative,0,neutral,False,0.9797943,0.01866999,0.9797943,0.0015357006
readers digest to be bought for $2.4 billion,positive,2,neutral,False,0.9967618,0.0005558491,0.9967618,0.0026823666
update 2-sysco profit falls after accounting charge,negative,0,negative,True,0.99936825,0.99936825,0.00040753573,0.00022422482
wendys fourth-quarter same-store sales rise,positive,2,positive,True,0.99884593,0.00047121992,0.0006828483,0.99884593
insiders at 6 companies sold stock before warning wsj,negative,0,negative,True,0.49961722,0.49961722,0.49753013,0.0028526546
denso sees north american revenues rising,positive,2,positive,True,0.99807703,0.0003353672,0.0015876343,0.99807703
rim gets n.america blackberry email working again,positive,2,neutral,False,0.7129057,0.006622701,0.7129057,0.28047156
chrysler to lay off 250 at detroit engine plant report,negative,0,negative,True,0.99909496,0.99909496,0.0006698758,0.00023518587
ibm profit up on software and services,positive,2,positive,True,0.9988223,0.00041887822,0.00075887964,0.9988223
rpt-update 2-us appeals court upholds lilly drug patent,positive,2,neutral,False,0.7095906,0.015688064,0.7095906,0.27472135
"nasdaq gives up on agreed lse offer, extends bid",neutral,1,neutral,True,0.9891872,0.0066198576,0.9891872,0.0041930256
texas lawmakers to debate bills affecting txu sale,neutral,1,neutral,True,0.9972205,0.0010006228,0.9972205,0.0017788451
former qwest ceo found guilty of insider trading,negative,0,negative,True,0.6273594,0.6273594,0.36606687,0.006573785
wal-mart moving employees to new schedule system,neutral,1,neutral,True,0.9979095,0.0010312742,0.9979095,0.0010591919
"halliburton profit rises, in-line with street",positive,2,positive,True,0.99852115,0.00066202483,0.0008168369,0.99852115
top bookstores gloomy views generate merger buzz,neutral,1,neutral,True,0.9966738,0.0015792373,0.9966738,0.0017468955
att offers unlimited mobile-to-home calling plan,positive,2,neutral,False,0.88665515,0.00090212614,0.88665515,0.11244269
"ford, toyota chiefs held talks in tokyo-report",neutral,1,neutral,True,0.99830437,0.00048363893,0.99830437,0.0012120251
ubs profit hits record as client money flows in,positive,2,positive,True,0.9986866,0.00058958284,0.0007238153,0.9986866
"delphi settles with sec, does not face fine",positive,2,negative,False,0.84397554,0.84397554,0.12260216,0.033422273
uaw to meet in detroit as grim contract talks loom,negative,0,negative,True,0.56179655,0.56179655,0.43656603,0.0016374348
u.s. manufacturing sector rebounds in april ism,positive,2,positive,True,0.99794525,0.0006989466,0.0013558068,0.99794525
medco health posts rise in profit,positive,2,positive,True,0.9988763,0.00042434566,0.0006993852,0.9988763
uaw rejects latest delphi contract offer,negative,0,neutral,False,0.99220604,0.0058172345,0.99220604,0.0019766546
citigroup expands in china,positive,2,neutral,False,0.90469205,0.0007954277,0.90469205,0.0945126
cvs and caremark in talks on merger,positive,2,neutral,False,0.99807274,0.00055231364,0.99807274,0.0013749562
cablevision loss narrows as subscribers grow,positive,2,positive,True,0.99695265,0.0011729846,0.0018742977,0.99695265
eurotunnel plan seen approved if quorum reached,positive,2,neutral,False,0.9035974,0.0012443039,0.9035974,0.09515827
"panera cuts forecast, shares fall",negative,0,negative,True,0.9994198,0.9994198,0.00034405498,0.0002361523
tyco sees separation early in second quarter,positive,2,neutral,False,0.9977562,0.0013623729,0.9977562,0.0008815093
retail sales stronger than expected in december,positive,2,positive,True,0.99763334,0.0014545119,0.00091211195,0.99763334
news corp and liberty close to stake deal report,positive,2,neutral,False,0.9976325,0.00063401496,0.9976325,0.0017335062
update 2-express urges caremark holders to reject cvs deal,negative,0,neutral,False,0.99310726,0.0051267142,0.99310726,0.0017660517
wal-mart to open 400 in-store clinics,positive,2,neutral,False,0.73587084,0.0018074664,0.73587084,0.26232174
u.s. stocks seen little changed ahead of fed,neutral,1,neutral,True,0.9960751,0.0028871754,0.9960751,0.0010376227
"ford says 25,000 workers gone, plant to close",negative,0,negative,True,0.99870014,0.99870014,0.0011191302,0.00018071708
hitachi sees bigger parent-only loss for 2006/07,negative,0,negative,True,0.99627846,0.99627846,0.0032904004,0.00043106452
firstgroup to buy greyhound bus firm,positive,2,neutral,False,0.9967104,0.0007847154,0.9967104,0.0025049038
paulson u.s. housing credit risks contained,positive,2,positive,True,0.9307017,0.003681916,0.065616414,0.9307017
citi shareholders seek power to call special meetings,negative,0,neutral,False,0.9963552,0.0018567885,0.9963552,0.0017880918
"american electric, midamerican plan texas venture",positive,2,neutral,False,0.9956049,0.0009131056,0.9956049,0.0034821113
studios say google benefits from piracy report,negative,0,neutral,False,0.8682119,0.0032454,0.8682119,0.12854266
"gap december sales weak reviewing gap, old navy plans",negative,0,negative,True,0.9989623,0.9989623,0.00072781084,0.0003098502
ca sues ex-ceo for repayment of $14.9 million,negative,0,negative,True,0.9959656,0.9959656,0.0033298002,0.00070450094
"dell joins microsoft, novell in linux pact",positive,2,neutral,False,0.994655,0.0007082693,0.994655,0.004636774
"oracle, ibm, nec to market linux in japan nikkei",positive,2,neutral,False,0.9940274,0.0013676976,0.9940274,0.0046048798
yum takes slower approach to drive-thrus in china,neutral,1,neutral,True,0.9971795,0.0011078356,0.9971795,0.0017127478
sitel says shareholders vote for merger with clientlogic,positive,2,neutral,False,0.9968953,0.0014137775,0.9968953,0.0016908166
wesfarmers mum on coles bid,neutral,1,neutral,True,0.9983809,0.0007501386,0.9983809,0.00086891884
developing powers seen critical to climate pact,neutral,1,neutral,True,0.99698097,0.00061415945,0.99698097,0.0024048134
hr block boosts loss on subprime woes,negative,0,negative,True,0.99860317,0.99860317,0.0009959064,0.0004009585
cablevision board accepts dolans buyout offer,positive,2,neutral,False,0.997259,0.00093181303,0.997259,0.0018091381
"hsbc bad debts hit $10.6 bln, retards profit rise",negative,0,negative,True,0.99905485,0.99905485,0.0005521428,0.0003930401
"smucker profit falls, hurt by higher costs",negative,0,negative,True,0.9994252,0.9994252,0.00034219454,0.00023270705
ibm shares fall after quarterly results,negative,0,negative,True,0.9994068,0.9994068,0.0004132498,0.00017990262
kimberly-clark sees higher costs this year,negative,0,negative,True,0.9968233,0.9968233,0.0027180696,0.00045868717
leading economic index up for second straight month,positive,2,positive,True,0.99862623,0.0007480915,0.00062573823,0.99862623
apple shares up after jobs introduces mobile phone,positive,2,positive,True,0.9988362,0.0003581774,0.00080566906,0.9988362
banks mortgages not hurting card payments,positive,2,neutral,False,0.49882236,0.014853718,0.49882236,0.48632398
caremark board supports new cvs offer,positive,2,neutral,False,0.951663,0.0011473867,0.951663,0.047189537
house panel to hold subprime hearing,neutral,1,neutral,True,0.9979297,0.0011185565,0.9979297,0.00095175125
omnicom quarterly profit up 10 percent,positive,2,positive,True,0.998998,0.00043748913,0.00056457514,0.998998
roche says tamiflu capacity outstrips demand,negative,0,negative,True,0.5227361,0.5227361,0.087309785,0.38995412
lilly beats street on cymbalta demand,positive,2,positive,True,0.99316907,0.00070680055,0.0061240983,0.99316907
mercks generics unit gets four final bids sources,positive,2,neutral,False,0.9975987,0.00060062483,0.9975987,0.0018006075
vw brand head in talks with daimlerchrysler report,neutral,1,neutral,True,0.9956037,0.00070483156,0.9956037,0.0036915233
hp settles ink dispute with chinas ninestar,positive,2,positive,True,0.81359005,0.0017198285,0.18469013,0.81359005
"wikipedia founder says to challenge google, yahoo",neutral,1,neutral,True,0.99830925,0.00045860355,0.99830925,0.0012320485
wal-mart report should give clues on fiscal year,neutral,1,neutral,True,0.9988293,0.00051149394,0.9988293,0.0006591569
edison international operating profit up slightly,positive,2,positive,True,0.9981341,0.0006389279,0.0012270773,0.9981341
wal-mart says ceo of global procurement resigns,negative,0,neutral,False,0.9983393,0.0009860841,0.9983393,0.000674558
retail sales rose 0.1 pct in feb,positive,2,positive,True,0.99835855,0.0006624507,0.0009789682,0.99835855
"fedex cancels airbus a380 order, switches to boeing",negative,0,negative,True,0.9957598,0.9957598,0.0036396831,0.0006005377
never say financial crisis not coming world bank,negative,0,negative,True,0.8625033,0.8625033,0.1265675,0.01092914
u.s. supreme court to review microsoft patent case,negative,0,neutral,False,0.99387395,0.0016939925,0.99387395,0.0044320957
"acs ceo, cfo leaving company after options probe",negative,0,neutral,False,0.9854348,0.013909818,0.9854348,0.000655376
emerson electric says order growth slowing,negative,0,negative,True,0.9992065,0.9992065,0.00053409016,0.0002594212
"nyse shares at new high, exchange stocks rise",positive,2,positive,True,0.99767226,0.00089569704,0.0014320299,0.99767226
eddie bauer accepts $286 mln private equity bid,positive,2,neutral,False,0.99813074,0.00082226656,0.99813074,0.001046991
"intel to build $2.5 bln china plant, first in asia",positive,2,neutral,False,0.9941613,0.00042125655,0.9941613,0.005417358
menu foods adds to pet food recall list,negative,0,neutral,False,0.8914056,0.107019745,0.8914056,0.0015745921
eu to start mastercard closed hearing on tuesday,negative,0,neutral,False,0.99880505,0.0005138662,0.99880505,0.0006811122
u.s. to rule on protest of $15 billion boeing deal,neutral,1,neutral,True,0.99678385,0.0012732235,0.99678385,0.0019428751
ge launches $250 million media fund,positive,2,neutral,False,0.996092,0.0006635789,0.996092,0.0032444762
clear channel weighs bids decision looms-sources,neutral,1,neutral,True,0.9985598,0.00059227995,0.9985598,0.00084794074
bbc to show trailers and news clips on youtube,positive,2,neutral,False,0.99897987,0.0003194547,0.99897987,0.00070057664
merkel opposes opening up eads shareholder pact,negative,0,neutral,False,0.941382,0.056578845,0.941382,0.0020391243
emi rejects bid approach,negative,0,neutral,False,0.996449,0.0014493746,0.996449,0.002101573
schering-plough ceo cites big hopes for clot drug,positive,2,neutral,False,0.9645333,0.0009577425,0.9645333,0.03450883
northwestern earnings fall after suit settlement,negative,0,negative,True,0.9992187,0.9992187,0.00049313623,0.00028812356
oil falls to $58 as fuel stocks weigh,negative,0,negative,True,0.99943477,0.99943477,0.0003751046,0.0001901839
new century says massachusetts demands papers,negative,0,neutral,False,0.99645376,0.0019471725,0.99645376,0.0015991179
pilot union wants to reopen airline contracts,negative,0,neutral,False,0.9759686,0.009386594,0.9759686,0.014644905
dupont reports higher first-quarter earnings,positive,2,positive,True,0.99831176,0.00027408666,0.001414123,0.99831176
"aig earnings more than double, beat estimates",positive,2,positive,True,0.99880826,0.00051923987,0.000672557,0.99880826
volkswagen welcomes porsche plan to up stake in vw,positive,2,neutral,False,0.99405235,0.0004467452,0.99405235,0.005500843
wrapup 1-us economy stronger than first thought in 3rd qtr,positive,2,positive,True,0.9961766,0.0017365203,0.002086912,0.9961766
u.s. govt report clears way for eads helicopter work,positive,2,neutral,False,0.9761856,0.0010451784,0.9761856,0.02276922
aerovironment shares rise 54 percent in debut,positive,2,positive,True,0.99885714,0.0003037049,0.00083912176,0.99885714
end looms for fund manager millers record run,negative,0,neutral,False,0.8198456,0.028450454,0.8198456,0.15170397
top deputy tells wolfowitz to step down sources,negative,0,neutral,False,0.99830544,0.0010103274,0.99830544,0.0006841509
pressure builds on u.s. business to outsource study,negative,0,neutral,False,0.86572045,0.13046749,0.86572045,0.0038120553
macquarie-led bid for qantas clears another hurdle,positive,2,neutral,False,0.9909864,0.0008056889,0.9909864,0.00820784
gap is considering layoffs to cut costs paper,negative,0,negative,True,0.93348104,0.93348104,0.063728444,0.0027904692
pantech to boost supply to cingular in 2007,positive,2,negative,False,0.7801513,0.7801513,0.14840358,0.07144507
bernanke says globalization may boost u.s. inflation,negative,0,negative,True,0.9648524,0.9648524,0.021913713,0.01323389
reckson confirms icahn/macklowe bid,positive,2,neutral,False,0.9978549,0.0006872088,0.9978549,0.0014578716
vonage asks for retrial of key patent case,negative,0,neutral,False,0.99616075,0.0016197797,0.99616075,0.0022194718
"newell rubbermaid sees higher charges, savings",neutral,1,neutral,True,0.70077753,0.017349984,0.70077753,0.28187242
subprime problems clouding outlook feds fisher,negative,0,negative,True,0.99739563,0.99739563,0.002233356,0.00037092442
"bayer sells starck to advent, carlyle for $908 mln",neutral,1,neutral,True,0.99768746,0.00081137405,0.99768746,0.0015011415
kkr confirms dropped out of sainsbury bidding,negative,0,neutral,False,0.99580234,0.0031787558,0.99580234,0.0010189033
"mellon profit jumps, beats expectations",positive,2,positive,True,0.99888617,0.00050300243,0.000610787,0.99888617
"belarus climbs down, russian oil may flow soon",positive,2,negative,False,0.7248031,0.7248031,0.24735822,0.027838737
siemens shares rise despite scandal barrons,positive,2,positive,True,0.99745315,0.00029929972,0.0022475915,0.99745315
gamestop profit rises on strong game sales,positive,2,positive,True,0.99885595,0.0003485237,0.0007954871,0.99885595
euronext investors overwhelmingly back nyse merger,positive,2,neutral,False,0.89025223,0.008176833,0.89025223,0.10157096
"midwest industry growth, confidence ebb",negative,0,negative,True,0.99901116,0.99901116,0.0007127245,0.00027605583
corrected - update 3-express scripts launches offer for caremark,positive,2,neutral,False,0.9900883,0.0008797125,0.9900883,0.009032049
alcoa sees alcan takeover quickly adding profit,positive,2,positive,True,0.9943562,0.00032672094,0.0053170808,0.9943562
infosys q3 net rises,positive,2,positive,True,0.9986993,0.00056858733,0.0007320544,0.9986993
"nabors warns on earnings, stock tumbles",negative,0,negative,True,0.99944264,0.99944264,0.00029603243,0.00026131273
"starbucks aims for 40,000 new stores",positive,2,positive,True,0.54604244,0.0013541314,0.45260337,0.54604244
brown says up to world bank to rule on wolfowitz,neutral,1,neutral,True,0.9981186,0.000734652,0.9981186,0.0011467946
beckman affirms commitment to acquire biosite,positive,2,neutral,False,0.9947739,0.00032980717,0.9947739,0.0048962915
ibm seeks growth from deals big and small,positive,2,neutral,False,0.99902654,0.0003596862,0.99902654,0.00061380974
sanofi chairman favors bristol-myers deal paper,positive,2,neutral,False,0.997551,0.0010335085,0.997551,0.0014155016
wal-mart chief writes off new york paper,negative,0,neutral,False,0.9973998,0.0015420826,0.9973998,0.0010581118
vonage shares slide on bankruptcy risk warning,negative,0,negative,True,0.9994048,0.9994048,0.00040107168,0.00019422619
"vonage says service continues, believes in appeals",positive,2,neutral,False,0.99340844,0.0008438971,0.99340844,0.0057476466
united surgical going private in $1.8 bln deal,positive,2,neutral,False,0.9981352,0.000963271,0.9981352,0.0009014777
u.s. apartment rents rise,positive,2,negative,False,0.94399524,0.94399524,0.030193202,0.0258116
charming shoppes profit up sales growth fears weigh,negative,0,positive,False,0.74775225,0.0072026136,0.24504513,0.74775225
opec to cut oil output,negative,0,positive,False,0.9305657,0.01746418,0.051970135,0.9305657
september wholesale inventories rise 0.8 pct,neutral,1,negative,False,0.99296534,0.99296534,0.0024161295,0.004618431
"when filing taxes, go slow",neutral,1,neutral,True,0.99780315,0.0014803505,0.99780315,0.0007165655
amr possible buyout target businessweek,positive,2,neutral,False,0.9985551,0.00052569294,0.9985551,0.0009191697
"samsung elec q4 profit falls, h1 outlook tough",negative,0,negative,True,0.9993869,0.9993869,0.0003407847,0.00027228738
wall street seen opening the year higher,positive,2,positive,True,0.997129,0.00041873037,0.0024522108,0.997129
few limits for big media buyouts,positive,2,neutral,False,0.99834895,0.00057374575,0.99834895,0.0010772455
vornado raises bid for eop blackstone stands firm,positive,2,neutral,False,0.9974942,0.0010880897,0.9974942,0.0014177432
emi taps ames to lead emi music north america,neutral,1,neutral,True,0.9980805,0.00056694675,0.9980805,0.0013525145
big 3 see flat u.s. auto market,negative,0,neutral,False,0.9246922,0.0660709,0.9246922,0.009236848
disney probe finds pixar backdated options,negative,0,neutral,False,0.962682,0.035867322,0.962682,0.0014506696
allstate loses $2.8 mln hurricane katrina case,negative,0,negative,True,0.998461,0.998461,0.0012310789,0.00030787275
"nokia has record phone sales in q4, prices fall",positive,2,negative,False,0.99864537,0.99864537,0.00097466406,0.00038005083
"corrected general mills, conagra profits beat estimates",positive,2,positive,True,0.998468,0.00047857105,0.0010534193,0.998468
u.s. calls for freer yuan as economic powers meet,positive,2,neutral,False,0.9927067,0.0018433816,0.9927067,0.005449927
"eddie bauer finds tax errors, delays investor meeting",negative,0,negative,True,0.68041617,0.68041617,0.3179304,0.0016534507
citigroup to buy abn amro mortgage group,positive,2,neutral,False,0.99668556,0.0007976872,0.99668556,0.002516725
mexican wal-mart launches cheap generic drugs,positive,2,neutral,False,0.9923275,0.0023842903,0.9923275,0.0052881045
japan carmakers to ride sales rise,positive,2,positive,True,0.9930154,0.0005689124,0.006415664,0.9930154
"cpi, retail results to drive stocks",neutral,1,positive,False,0.9941222,0.0012285544,0.0046492945,0.9941222
cboe profit more than triples,positive,2,positive,True,0.9948113,0.0039853705,0.0012033021,0.9948113
former duracell employee stole trade secrets,negative,0,neutral,False,0.8718416,0.12542456,0.8718416,0.002733867
healthsouth quraterly net loss narrows,positive,2,positive,True,0.998478,0.00073586503,0.0007861962,0.998478
"citi, lehman lead race for indias ifci stake paper",positive,2,neutral,False,0.99727553,0.0005317189,0.99727553,0.0021927333
ge sees gain on swiss re stock sale,positive,2,positive,True,0.9959733,0.00061096554,0.0034157122,0.9959733
pfizer shares at risk following heart-drug failure,negative,0,negative,True,0.99923134,0.99923134,0.0005672801,0.00020147407
feds lacker more policy firming may be needed,negative,0,neutral,False,0.8308467,0.1643479,0.8308467,0.004805374
"factbox key points of u.s., south korea trade deal",neutral,1,neutral,True,0.9972283,0.0005802135,0.9972283,0.0021913878
toyota to start producing yaris car at chin,positive,2,neutral,False,0.9957765,0.00066558336,0.9957765,0.0035579987
"berkshire quarterly, 2006 profit surge on insurance",positive,2,positive,True,0.9987018,0.0006883351,0.0006098136,0.9987018
palm says court grants stay in ntp lawsuit,positive,2,positive,True,0.953084,0.0029825515,0.04393345,0.953084
nasdaq extends offer for lse until february 10,neutral,1,neutral,True,0.9879447,0.0013443179,0.9879447,0.010710884
pfizer presentation pulled from heart conference,negative,0,neutral,False,0.97128594,0.028096767,0.97128594,0.0006172223
lufthansa may announce 20-plane boeing order wsj,positive,2,neutral,False,0.98682016,0.0007006549,0.98682016,0.0124791395
bps browne urges climate agency to fight warming,neutral,1,neutral,True,0.9959912,0.0017218564,0.9959912,0.0022869855
dow chemical to face $50 billion bid report,positive,2,neutral,False,0.9972971,0.0013919569,0.9972971,0.0013109791
"chrysler, gm in talks on vehicle project reports",positive,2,neutral,False,0.996811,0.00061666383,0.996811,0.0025722657
hr block says subprime woes delaying unit sale,negative,0,neutral,False,0.573091,0.4256361,0.573091,0.0012729823
u.s. treasurys kimmitt declines comment on dollar,neutral,1,neutral,True,0.99491715,0.004106159,0.99491715,0.0009767195
instant view 6-boj tankan shows optimism declines,negative,0,negative,True,0.99898237,0.99898237,0.0005922735,0.00042541674
u.s. to start buying lockheed f-35 fighters,positive,2,neutral,False,0.9120309,0.0019958168,0.9120309,0.08597329
employers foresee health costs up 8 pct poll,negative,0,negative,True,0.99800104,0.99800104,0.0010258466,0.00097310817
google buys video game ad firm adscape,positive,2,neutral,False,0.9961515,0.00059252634,0.9961515,0.003255931
"asian stocks hit record as yen slips, oil climbs",positive,2,positive,True,0.9970245,0.0012723091,0.0017031897,0.9970245
cisco says 3rd-quarter routing revenue up 16 pct,positive,2,positive,True,0.9988715,0.0004324264,0.0006959988,0.9988715
monsanto asks court to allow sale of gmo alfalfa,positive,2,neutral,False,0.99568546,0.0013357897,0.99568546,0.0029787293
corrected web traffic growth slows on black friday,negative,0,negative,True,0.99919826,0.99919826,0.00047459238,0.00032716923
doral in private equity talks,positive,2,neutral,False,0.99777573,0.0005949451,0.99777573,0.0016292491
"update 2-icahn, macklowe bid for parts of reckson-sources",positive,2,neutral,False,0.9984451,0.0007476235,0.9984451,0.00080739026
banker withdraws from consideration for treasury post,negative,0,neutral,False,0.998409,0.0008972847,0.998409,0.00069370883
costco jan same-store sales up 2 pct,positive,2,positive,True,0.9987835,0.0006246971,0.000591726,0.9987835
northwest air unsecured claims may get 66-83 pct,positive,2,neutral,False,0.9893321,0.0025355571,0.9893321,0.008132337
"ba, goldman not planning amr bid sources",negative,0,neutral,False,0.99526155,0.0033973989,0.99526155,0.0013410844
no surprise if euro holdings mount feds fisher,neutral,1,neutral,True,0.9128619,0.07315839,0.9128619,0.013979759
cnet profit falls on higher costs,negative,0,negative,True,0.9994079,0.9994079,0.00036040784,0.00023173945
csk auto quarterly sales rise,positive,2,positive,True,0.9987231,0.0004217731,0.0008551729,0.9987231
hp to maintain mercury rd plant after buyout,positive,2,neutral,False,0.9958982,0.0008070599,0.9958982,0.0032946733
bush to project budget surplus for fiscal 2012,positive,2,neutral,False,0.98787516,0.002234925,0.98787516,0.009889916
adelphia says reorganization may take effect january 17,positive,2,neutral,False,0.9984534,0.0008050266,0.9984534,0.0007415259
nine foreign banks get first china registration nod,positive,2,neutral,False,0.9968376,0.0004012268,0.9968376,0.0027612022
buffett faulted for keeping petrochina stake,negative,0,neutral,False,0.8375916,0.1609258,0.8375916,0.0014825894
eyes on fomc as stocks seen trending higher,positive,2,positive,True,0.9945142,0.0009547932,0.0045310045,0.9945142
gm to raise capital spending for 2007 and 2008,positive,2,neutral,False,0.9748736,0.0015588042,0.9748736,0.023567649
"wal-marts asda says to create 8,000 jobs in uk",positive,2,positive,True,0.99751496,0.0005179608,0.0019670632,0.99751496
bancrofts to vote against news corp bid-dow jones,negative,0,neutral,False,0.6376161,0.34559163,0.6376161,0.016792329
when she earns more than he does,neutral,1,neutral,True,0.9961299,0.002521188,0.9961299,0.0013489459
housing may feed stocks angst in a fed week,negative,0,negative,True,0.9958787,0.9958787,0.0032205365,0.0009006758
"online, organics back tesco christmas cheer",positive,2,neutral,False,0.98830587,0.0023188274,0.98830587,0.0093753
"factboxsales of hybrid cars in europe, u.s.",neutral,1,neutral,True,0.99564713,0.0008683922,0.99564713,0.0034845578
tribune considering self-help plan wsj,neutral,1,neutral,True,0.9978277,0.00095279055,0.9978277,0.0012194491
wall street looks to start flat to slightly higher,positive,2,neutral,False,0.939617,0.0050435853,0.939617,0.05533944
business groups urge export control reforms,positive,2,neutral,False,0.9873406,0.006290047,0.9873406,0.006369302
nasdaq to close jan 2 to mark president fords death,neutral,1,neutral,True,0.9980154,0.001170946,0.9980154,0.00081370503
"venture industry likes health, web, energy",positive,2,neutral,False,0.9990081,0.00043377964,0.9990081,0.0005582101
countrywide sees healthy market by 2009,positive,2,positive,True,0.996079,0.0004874312,0.003433557,0.996079
iran still a cloud for chastened world markets,negative,0,negative,True,0.99768853,0.99768853,0.001962902,0.000348571
home price rise is lowest since q2 1998,negative,0,negative,True,0.9966389,0.9966389,0.0021554856,0.0012055404
berkshire says yahoo cfo decker to join board,neutral,1,neutral,True,0.9983273,0.00034643614,0.9983273,0.0013262372
"asian marts, jobs on stocks radar",neutral,1,neutral,True,0.9987864,0.00059389917,0.9987864,0.0006197523
freeport deal for phelps gets u.s. antitrust nod,positive,2,neutral,False,0.96231127,0.0029828842,0.96231127,0.03470591
"cbs buying back $1.4 bln in stock, shares jump",positive,2,positive,True,0.9968354,0.0014168506,0.0017477138,0.9968354
travel search site sidestep buys hotel reviewer,positive,2,neutral,False,0.9972639,0.0016881309,0.9972639,0.0010479435
kerkorian offers $4.5 billion to buy chrysler,positive,2,neutral,False,0.99808925,0.00058148865,0.99808925,0.0013293058
nokia files claims against qualcomm in europe,negative,0,negative,True,0.99773955,0.99773955,0.0016850234,0.00057540485
isuzu buys land for u.s. truck plant in alabama,positive,2,neutral,False,0.99834967,0.00043091,0.99834967,0.0012193884
fortress ipo opens up 89 pct in market debut,positive,2,positive,True,0.99810326,0.0005219557,0.0013747603,0.99810326
rim needs more time to bring filings up to date lawyer,negative,0,neutral,False,0.99827933,0.00074500276,0.99827933,0.00097568484
fcc eases way for telephone cos to offer tv,positive,2,neutral,False,0.9942676,0.0018493198,0.9942676,0.0038830116
"wyser-pratte sells valeo stake, sees lbo deal",neutral,1,neutral,True,0.99747074,0.0010638149,0.99747074,0.0014654312
former aig head buys up n.y. times shares report,positive,2,neutral,False,0.9900385,0.0037270186,0.9900385,0.0062344545
gap ceo paul pressler steps down,negative,0,neutral,False,0.99860257,0.00072835793,0.99860257,0.0006691075
saudi arabia tells japan to cut its nov crude supply,negative,0,neutral,False,0.98294294,0.0021881182,0.98294294,0.014868969
swedish staff wont lose jobs in scania deal man,positive,2,positive,True,0.80510926,0.11433586,0.08055485,0.80510926
"asean, china agree to cut barriers to services",positive,2,neutral,False,0.98199695,0.0009893675,0.98199695,0.017013613
angola to see $50 billion oil investment sonangol,positive,2,neutral,False,0.99268395,0.0007897718,0.99268395,0.006526264
"foot locker q3 earns flat, to open new chain",neutral,1,neutral,True,0.97096384,0.019361787,0.97096384,0.009674384
xm radio says to be in 1.8 million gm cars in 2007,positive,2,neutral,False,0.99579537,0.0006639794,0.99579537,0.0035407622
ford talks to prodrive on aston martin sale paper,neutral,1,neutral,True,0.9976628,0.0004641151,0.9976628,0.0018731231
bed bath beyond posts higher quarterly profit,positive,2,positive,True,0.99809176,0.00029520658,0.0016129996,0.99809176
dubais istithmar buys into u.s. mandarin hotel,positive,2,neutral,False,0.9950163,0.0008957503,0.9950163,0.004087959
treasury chief feeling good about economy,positive,2,positive,True,0.9903329,0.0009972833,0.008669824,0.9903329
dow notches fresh record on mergers,positive,2,positive,True,0.9915724,0.001483047,0.0069445637,0.9915724
update 4-us judge denies class status in merck vioxx cases,positive,2,positive,True,0.67752284,0.015332212,0.307145,0.67752284
"gm, ford expect lower u.s. sales in february",negative,0,negative,True,0.99919325,0.99919325,0.0006184965,0.00018814046
northeast utilities post 3rd-qtr profit,positive,2,positive,True,0.99454606,0.0011465275,0.0043074377,0.99454606
bank of montreal eyes lasalle bank assets analyst,positive,2,neutral,False,0.99858594,0.0005687188,0.99858594,0.0008452961
gazproms sakhalin-2 buy may let ebrd off the hook,positive,2,positive,True,0.6352349,0.0042154365,0.36054975,0.6352349
eaton profit up but still sees industry decline,neutral,1,neutral,True,0.9593316,0.017657686,0.9593316,0.023010785
citigroup secures control of nikko cordial,positive,2,neutral,False,0.99558324,0.0010063859,0.99558324,0.0034104073
googles earnings growth may stall paper,negative,0,negative,True,0.99928397,0.99928397,0.00042234553,0.000293749
gm signals it is closer to labor deal with delphi,positive,2,neutral,False,0.5899627,0.0022089973,0.5899627,0.40782827
prologis says to buy all units in macquarie trust,positive,2,neutral,False,0.99725527,0.000532518,0.99725527,0.0022123216
singapores dbs in talks to bid for koreas keb sources,positive,2,neutral,False,0.9984706,0.00047465312,0.9984706,0.0010547022
coca-cola enterprises profit misses estimates,negative,0,negative,True,0.9991928,0.9991928,0.00053752173,0.00026971797
us air says morgan stanley to help finance delta bid,positive,2,neutral,False,0.9980307,0.00060257094,0.9980307,0.0013666729
mshita to invest $2.4 billion on display plant,positive,2,neutral,False,0.9878615,0.00062238635,0.9878615,0.011516137
gold moves higher as weaker dollar spurs buying,positive,2,positive,True,0.9978132,0.0010239343,0.0011628724,0.9978132
"sirius, xm say fcc rules do not bar their merger",positive,2,neutral,False,0.9942935,0.00043801343,0.9942935,0.00526855
"canwest, goldman to buy alliance for c$2.3 billion",positive,2,neutral,False,0.99519366,0.00090012525,0.99519366,0.0039061944
"holiday, deer push jobless claims to 1-yr high",negative,0,positive,False,0.74361223,0.23955451,0.016833287,0.74361223
"sprint q3 profit falls, subscriber growth weak",negative,0,negative,True,0.9993938,0.9993938,0.00035989497,0.000246201
whirlpool looks to return maytag to best buy,positive,2,neutral,False,0.9947976,0.00042728888,0.9947976,0.0047751646
late oil spike hits futures,negative,0,positive,False,0.9824952,0.009924383,0.007580432,0.9824952
belarus insists deal in sight in gas talks,positive,2,neutral,False,0.9904807,0.0011371559,0.9904807,0.008382105
eu backs airbus in boeing spat,positive,2,neutral,False,0.9308502,0.05785142,0.9308502,0.011298305
"infosys q4 jumps, forecasts slower year growth",neutral,1,negative,False,0.6236032,0.6236032,0.18174213,0.19465461
"jobless claims jump to 321,000 in latest week",negative,0,negative,True,0.99371755,0.99371755,0.0021605336,0.0041219937
wal-mart to enter india in bharti retail venture,positive,2,neutral,False,0.9952122,0.0011851082,0.9952122,0.003602684
harrahs considering two $87/share bids wsj,positive,2,neutral,False,0.9975253,0.0008519885,0.9975253,0.0016227411
co2 squares up with performance at geneva car show,neutral,1,neutral,True,0.9956462,0.001086863,0.9956462,0.0032669632
mirant exploring sale of company,positive,2,neutral,False,0.99832326,0.00068234844,0.99832326,0.0009942988
gateway posts quarterly profit on tax benefit,positive,2,positive,True,0.99566036,0.0006062655,0.0037333383,0.99566036
kerkorian cuts gm stake -- report says to zero,negative,0,neutral,False,0.886691,0.11106276,0.886691,0.0022462395
google gives employees way to value stock options,neutral,1,neutral,True,0.9983882,0.00032891348,0.9983882,0.001282877
"siemens to buy ugs for $3.5 billion, plans ipo of vdo",positive,2,neutral,False,0.9962084,0.000618939,0.9962084,0.003172593
amgen delays construction of ireland plant 2 yrs,negative,0,negative,True,0.948776,0.948776,0.05021695,0.0010070663
steven madden profit falls but shares rise,neutral,1,neutral,True,0.98254836,0.004935962,0.98254836,0.012515662
second nikko investor offers shares above citi bid,positive,2,neutral,False,0.99404705,0.002450087,0.99404705,0.003502833
renault nurtures engineering center after suicides,negative,0,neutral,False,0.99716336,0.0018002553,0.99716336,0.0010363653
no nationalization wave in latin america slim,positive,2,neutral,False,0.9947655,0.0030165818,0.9947655,0.0022178753
dupont to cut jobs in streamlining,negative,0,negative,True,0.99853647,0.99853647,0.0012144574,0.0002490756
carmakers lobby to end u.s. steel tariffs paper,positive,2,neutral,False,0.9697768,0.0037431696,0.9697768,0.026480015
cvs to buy caremark for $20.7 billion,positive,2,neutral,False,0.9978763,0.000762372,0.9978763,0.0013613853
court wont hear challenge to state cigarette fee,negative,0,neutral,False,0.9899211,0.002829057,0.9899211,0.0072499006
northrop picks ge engine for tanker bid proposal,positive,2,neutral,False,0.99839884,0.00045036196,0.99839884,0.0011507703
shell q4 profits up as output rises,positive,2,positive,True,0.99839324,0.0009827346,0.00062403746,0.99839324
gm shares could stall as focus shifts to risks,negative,0,negative,True,0.9985056,0.9985056,0.0012823784,0.00021215591
founder michael dell back in charge of dell inc,positive,2,neutral,False,0.99817884,0.00069335016,0.99817884,0.0011277893
wealthy say no better at finding top hedge funds,neutral,1,neutral,True,0.9973924,0.00038246776,0.9973924,0.0022250758
partygaming in talks to buy austria bwin unit,positive,2,neutral,False,0.99757904,0.0007091922,0.99757904,0.0017117208
"dow at record over 12,500",positive,2,positive,True,0.997071,0.0014325769,0.0014963233,0.997071
citigroup eyes bid for uk online bank egg paper,positive,2,neutral,False,0.9985196,0.00058552524,0.9985196,0.00089493743
alcatel completes acquisition of lucent,positive,2,neutral,False,0.9966061,0.0004348475,0.9966061,0.0029591252
ousted ceos stay on as exit deals worked out,negative,0,neutral,False,0.997696,0.0006837327,0.997696,0.0016201934
"lockheed, northrop profits up, shares mixed",neutral,1,neutral,True,0.8653703,0.0017224909,0.8653703,0.13290721
smith international q4 profit jumps,positive,2,positive,True,0.9987897,0.00056808896,0.0006421628,0.9987897
"bernanke fed watching spending, capacity",neutral,1,neutral,True,0.9961737,0.0018776959,0.9961737,0.0019486311
black friday poised to be best in years,positive,2,neutral,False,0.9218523,0.00284905,0.9218523,0.075298555
dynegy posts first-quarter profit,positive,2,positive,True,0.9511684,0.0015543686,0.04727722,0.9511684
subprime weakness likely to depress gdp growth sp,negative,0,negative,True,0.9984133,0.9984133,0.001083509,0.0005031054
drug profits blow past wall st estimates,positive,2,positive,True,0.9981469,0.00094372,0.0009094086,0.9981469
weatherford profit jumps 78 percent,positive,2,positive,True,0.9987469,0.00044416415,0.00080899184,0.9987469
pier 1 names tjx cos. executive as ceo,neutral,1,neutral,True,0.99881905,0.0005351986,0.99881905,0.00064567645
"u.s. charges 13 in insider trading, bribery cases",negative,0,negative,True,0.9816688,0.9816688,0.016417952,0.001913266
union opposes chrysler sale to private equity paper,negative,0,neutral,False,0.9953022,0.0029425393,0.9953022,0.0017552737
carmakers to calif. attorney general drop suit,negative,0,neutral,False,0.9235218,0.0025747644,0.9235218,0.07390348
emi being eyed by 3 u.s. private equity firms report,positive,2,neutral,False,0.9975847,0.0006149033,0.9975847,0.0018003806
"fed to hold rates steady, cite inflation worries",neutral,1,neutral,True,0.9773473,0.018467117,0.9773473,0.004185621
update 3-ubs says cooperating in u.s. treasury bonds probe,negative,0,neutral,False,0.9934123,0.0027660034,0.9934123,0.003821685
corrected instant view1-cisco profit rises,positive,2,positive,True,0.9984131,0.00066570163,0.0009212471,0.9984131
nec says will be able to keep nasdaq adr listing,positive,2,neutral,False,0.84317195,0.0013079406,0.84317195,0.15552011
instant view 4-lone star/keb deal illegal-s.korea prosecutors,negative,0,neutral,False,0.95637393,0.041408934,0.95637393,0.0022171265
german minister says wolfowitz must decide,neutral,1,neutral,True,0.99816716,0.0009148944,0.99816716,0.00091795425
"freeport, phelps shareholders approve deal",positive,2,neutral,False,0.99732107,0.00057596655,0.99732107,0.0021028998
"abn, barclays in exclusive $160 billion merger talks",positive,2,neutral,False,0.997566,0.0004934402,0.997566,0.0019406575
warner music quarterly profit drops,negative,0,negative,True,0.9993654,0.9993654,0.0003913311,0.00024331624
ntl shareholder branson backs itv deal source,positive,2,neutral,False,0.9931652,0.0007003427,0.9931652,0.0061345086
"gm takes aim at lexus, acura with new buick",positive,2,neutral,False,0.99253696,0.0056012413,0.99253696,0.0018618011
u.s. consumer electronics sales to hit record in 2007,positive,2,positive,True,0.99757534,0.0009985033,0.0014262076,0.99757534
yahoo signs first partners in mobile ad push,positive,2,neutral,False,0.9934471,0.00048692836,0.9934471,0.0060658744
xerox sees 2007 profit in line with analyst view,positive,2,positive,True,0.9912545,0.002329077,0.0064164526,0.9912545
fed starts meeting as markets bet rates on hold,neutral,1,neutral,True,0.99448425,0.0039829602,0.99448425,0.0015327276
ohio lawmaker says wal-mart has big banking plans,neutral,1,neutral,True,0.99585056,0.000969034,0.99585056,0.003180332
"oil falls $1 on u.s. warmth, opec cut doubts",negative,0,negative,True,0.9993082,0.9993082,0.00043333558,0.0002583309
"dollar general to close 400 stores, names president",negative,0,negative,True,0.9942258,0.9942258,0.0055175954,0.00025660606
kellwood third-quarter profit hit by restructuring costs,negative,0,negative,True,0.9992755,0.9992755,0.0005015368,0.00022304109
wal-mart sees december same-store sales up,positive,2,positive,True,0.99871576,0.0005402817,0.0007440246,0.99871576
estee lauder sees double-digit profit growth,positive,2,positive,True,0.9983734,0.000362455,0.0012640731,0.9983734
stocks to heed fed and cpi,neutral,1,neutral,True,0.9968893,0.00063309504,0.9968893,0.0024776794
bristol-myers hires banks for sale advice sources,positive,2,neutral,False,0.9988148,0.0004334005,0.9988148,0.0007518113
"j.c. penney profit up, shares rise",positive,2,positive,True,0.9988268,0.0004938441,0.00067929283,0.9988268
kinder morgan to buy rest of canadian ngl pipeline,positive,2,neutral,False,0.99681914,0.0004670496,0.99681914,0.0027138519
hyundai targets 2007 revenue growth spurt,positive,2,positive,True,0.9976273,0.0007602202,0.0016124796,0.9976273
"stocks rise on oil, aig techs lift nasdaq",positive,2,positive,True,0.99856204,0.00059531425,0.0008426752,0.99856204
funds want to freeze outgoing bp ceo brownes pay,negative,0,neutral,False,0.99589276,0.0025217528,0.99589276,0.0015854853
"unilever suffers tough q4, sending shares down",negative,0,negative,True,0.9994727,0.9994727,0.0002996481,0.00022774577
cummins 4th-quarter net rises,positive,2,positive,True,0.99883336,0.0005761856,0.000590482,0.99883336
china automakers see tough road to global market,negative,0,negative,True,0.9985322,0.9985322,0.0011566684,0.00031112682
jetblue says flight problems to hurt earnings,negative,0,negative,True,0.9992618,0.9992618,0.0005228053,0.00021538752
factory orders slump could derail economic recovery,negative,0,negative,True,0.9993498,0.9993498,0.00035408538,0.00029611928
u.s. security scares foreign visitors away,negative,0,negative,True,0.92074335,0.92074335,0.07848294,0.00077372405
"stocks fall on weak gdp data, intel drops",negative,0,negative,True,0.9994136,0.9994136,0.0003531064,0.00023325047
delphi expects cerberus to quit investor group,negative,0,neutral,False,0.99773645,0.0015014744,0.99773645,0.0007620493
dow in joint venture talks with reliance report,positive,2,neutral,False,0.97578794,0.00083948835,0.97578794,0.023372546
viacom posts lower quarterly profit due to films,negative,0,negative,True,0.9993974,0.9993974,0.00038949391,0.00021310168
cme ceo says no need to respond to ice offer report,neutral,1,neutral,True,0.99851066,0.000731148,0.99851066,0.00075825414
"new century, other u.s. subprime lenders shares drop",negative,0,negative,True,0.99873394,0.99873394,0.0010052408,0.0002608636
"major reuters holder, valueact, says would support sale",positive,2,neutral,False,0.9975668,0.0008582804,0.9975668,0.0015750132
microsoft to buy voice recognition company tellme,positive,2,neutral,False,0.9933808,0.0013433795,0.9933808,0.00527584
"accenture to raise india staff to 35,000 by august",positive,2,positive,True,0.98879445,0.0005644683,0.0106411055,0.98879445
stronach says magna undecided on chrysler bid report,neutral,1,neutral,True,0.99812716,0.00076991704,0.99812716,0.0011029289
chronology nigerian militant attacks on oil industry,negative,0,neutral,False,0.94009197,0.05871763,0.94009197,0.0011903901
carmax profit nearly doubles,positive,2,positive,True,0.9983108,0.0004578603,0.0012313739,0.9983108
agilent earnings decline but revenues grow,neutral,1,neutral,True,0.96988994,0.018073779,0.96988994,0.012036207
"paulson china, congress to air differences on yuan",neutral,1,neutral,True,0.99692184,0.00204747,0.99692184,0.0010307449
third nikko investor offers shares above citi bid,positive,2,neutral,False,0.9928256,0.0031464142,0.9928256,0.004027957
bernanke to testify before congress in february wsj,neutral,1,neutral,True,0.9987118,0.0006619906,0.9987118,0.000626271
thomson confirms it has approached reuters,positive,2,neutral,False,0.9964734,0.00070438575,0.9964734,0.0028221512
clear channel board agrees to higher bid,positive,2,neutral,False,0.97572994,0.0016969596,0.97572994,0.02257316
treasurys paulson sees housing downturn contained,positive,2,positive,True,0.55945295,0.045696583,0.3948504,0.55945295
"ahold q4 sales down, u.s. retail lags",negative,0,negative,True,0.9993284,0.9993284,0.00041641475,0.000255294
update 3-harley 4th-qtr net rises nearly 10 percent,positive,2,positive,True,0.9986374,0.0006212082,0.0007414185,0.9986374
bristol-myers hires banks for sale advice ft,positive,2,neutral,False,0.99868137,0.00053532515,0.99868137,0.0007832014
"goldman, citigroup invest $52 mln in india icsa",positive,2,neutral,False,0.9883984,0.0014061234,0.9883984,0.010195455
appeals court backs decision clearing enron founder,positive,2,neutral,False,0.97919077,0.002986377,0.97919077,0.017822826
citigroup expects to fill cfo job within 45 days,neutral,1,neutral,True,0.99738675,0.0007537042,0.99738675,0.001859546
biomet names binder ceo,neutral,1,neutral,True,0.99864227,0.00045725118,0.99864227,0.00090041576
"nike raises quarterly dividend, appoints new board member",positive,2,neutral,False,0.95152855,0.00044547784,0.95152855,0.04802601
del monte sees 2 cents share charge to 07 earnings,negative,0,negative,True,0.99722064,0.99722064,0.001790673,0.0009887418
roche could buy small or medium sized company ceo,positive,2,neutral,False,0.99789006,0.00034708568,0.99789006,0.0017628575
ford posts biggest loss in 14 years,negative,0,negative,True,0.99871266,0.99871266,0.00083067425,0.00045673293
ford slips to no. 4 as u.s. november car sales slump,negative,0,negative,True,0.9992976,0.9992976,0.00045447226,0.00024795363
court rules for philip morris on damage award,positive,2,neutral,False,0.9950029,0.0020454964,0.9950029,0.002951525
"innovation, design freshen made in taiwan tech label",positive,2,neutral,False,0.99677163,0.00065083144,0.99677163,0.002577553
"sprint profit under pressure, will cut 5,000 jobs",negative,0,negative,True,0.99924785,0.99924785,0.00049366505,0.00025848634
reckson gets $4.6 bln bid from icahn/macklowe,positive,2,neutral,False,0.9951747,0.0018216702,0.9951747,0.0030036797
mcclatchy sees ad revenue down in first half of 2007,negative,0,negative,True,0.99936944,0.99936944,0.00041814015,0.00021246988
medicines co. shares tumble after u.s. bill dies,negative,0,negative,True,0.99926335,0.99926335,0.00054588343,0.00019067881
indexes recover from february sell-off,positive,2,positive,True,0.9781622,0.009636154,0.012201587,0.9781622
"oil falls as warm weather blankets u.s,",negative,0,negative,True,0.9967505,0.9967505,0.0027341465,0.0005154852
student aid officer quits loans rulemaker panel,negative,0,neutral,False,0.99710625,0.0019118683,0.99710625,0.0009818829
homes picture mixed after starts data,neutral,1,negative,False,0.5107015,0.5107015,0.48415917,0.0051393392
"dow ends at record, lifted by caterpillar, boeing",positive,2,positive,True,0.99779946,0.001133571,0.0010669937,0.99779946
u.s. auto sales seen up for october,positive,2,positive,True,0.99667335,0.0014022811,0.0019244013,0.99667335
"steelcase profit up, international business strong",positive,2,positive,True,0.9986777,0.00034879748,0.0009735023,0.9986777
ontario teachers in $2.4 bln marine terminals deal,positive,2,neutral,False,0.9906771,0.0011107269,0.9906771,0.00821212
new york times sells broadcast group for $575 million,neutral,1,neutral,True,0.9980914,0.0007095378,0.9980914,0.0011990941
"govt, company data see manufacturing slowdown",negative,0,negative,True,0.99918467,0.99918467,0.0005520669,0.0002632822
delta ceo says not in merger talks with northwest,negative,0,neutral,False,0.99847347,0.00056630553,0.99847347,0.0009601368
hanesbrands earnings fall on costs,negative,0,negative,True,0.9993486,0.9993486,0.00043750124,0.0002139765
xm satellite quarterly loss narrows,positive,2,positive,True,0.9978362,0.0012563443,0.0009075455,0.9978362
hp cfo wayman to retire,neutral,1,neutral,True,0.9983095,0.00074249733,0.9983095,0.00094797387
alcoa reaches labor pact with machinists members,positive,2,positive,True,0.52979565,0.004650436,0.46555397,0.52979565
"tds, us cellular to restate past financial",negative,0,neutral,False,0.99739504,0.001487972,0.99739504,0.0011169831
economy to grow slowly in early 2007 blue chip,positive,2,negative,False,0.9323391,0.9323391,0.06342096,0.0042400286
monster online jobs index edges up in april,positive,2,positive,True,0.9969289,0.0017587107,0.001312421,0.9969289
alltel net profit falls after wireline spin-off,negative,0,negative,True,0.99930596,0.99930596,0.00050373795,0.00019026533
hilton plans waldorf-astoria in beverly hills,positive,2,neutral,False,0.99756527,0.00077206927,0.99756527,0.0016627617
"disney profit doubles on networks, studios, parks",positive,2,positive,True,0.9908728,0.0004668152,0.00866047,0.9908728
dow chemical up on buyout report from tabloid,positive,2,positive,True,0.9974782,0.00070596195,0.0018158361,0.9974782
anixter quarterly profit rises 160 percent,positive,2,positive,True,0.9989704,0.00038206822,0.00064757565,0.9989704
advisers iss recommend yes vote on nyse merger,positive,2,neutral,False,0.9861959,0.0014155577,0.9861959,0.012388538
bp ceo quits as affair exposed,negative,0,neutral,False,0.98635083,0.012855027,0.98635083,0.0007940958
european nations pile pressure on wolfowitz,negative,0,neutral,False,0.9913402,0.006049135,0.9913402,0.0026105994
host says g-20 summit to discuss energy security,neutral,1,neutral,True,0.9981729,0.00045554846,0.9981729,0.0013716589
"kuwait reports 20 cases of bird flu at zoo, farm",negative,0,negative,True,0.5636216,0.5636216,0.43333057,0.003047874
buffett to pay cio candidates for performance,neutral,1,neutral,True,0.99810106,0.00034153886,0.99810106,0.0015574363
fox studio reports $3.56 billion box office in 2006,positive,2,neutral,False,0.9893742,0.0007529974,0.9893742,0.009872855
qantas bid group considers new offer after flop,positive,2,neutral,False,0.9977477,0.0011449296,0.9977477,0.0011073832
"stocks focus on earnings, inflation",neutral,1,neutral,True,0.99848,0.00097565295,0.99848,0.00054428086
former swift ceo bids to buy out firm,positive,2,neutral,False,0.9959472,0.0023454921,0.9959472,0.0017073732
macquarie bids $1.4 bln for metering firm techem,positive,2,neutral,False,0.997675,0.0007689473,0.997675,0.0015561534
phelps dodge sees higher 1st-qtr copper production,positive,2,positive,True,0.9512332,0.037841693,0.010925142,0.9512332
paulson says need to apply business rules lightly,positive,2,neutral,False,0.9982918,0.0008644531,0.9982918,0.00084376184
data eases fears of sharp economic slowdown,positive,2,positive,True,0.9886108,0.006842991,0.0045462153,0.9886108
will u.s. elections entice stock bulls,neutral,1,neutral,True,0.934564,0.0009680849,0.934564,0.06446799
panama asks for 2008 audit for its ship fleet,neutral,1,neutral,True,0.9979073,0.0011154325,0.9979073,0.0009772471
qualcomm lowers profit forecast,negative,0,negative,True,0.99930084,0.99930084,0.00042477954,0.00027430383
brazil bypasses patent on merck aids drug,negative,0,neutral,False,0.98542666,0.0011334782,0.98542666,0.013439892
pepsi bottling group profit up,positive,2,positive,True,0.99845624,0.00046579394,0.0010779055,0.99845624
"thq raises quarterly, fiscal-year outlooks",positive,2,positive,True,0.991981,0.000721646,0.00729738,0.991981
u.s. q4 gdp revised up on inventories,positive,2,negative,False,0.7255776,0.7255776,0.01437943,0.26004294
bmw aims for 6th straight year of unit sales growth,positive,2,positive,True,0.9981427,0.0006537685,0.001203502,0.9981427
apple shares surge after upbeat earnings,positive,2,positive,True,0.99888486,0.00046367585,0.00065149134,0.99888486
sanmina says it will miss 10-k filing deadline,negative,0,negative,True,0.70924264,0.70924264,0.2869598,0.0037975747
alcoa-alcan deal aims to forge powerhouse,positive,2,neutral,False,0.9848166,0.00042705107,0.9848166,0.014756317
gm says internal accounting controls ineffective,negative,0,negative,True,0.99694926,0.99694926,0.0028149087,0.00023586095
cisco to buy maker of computer network equipment,positive,2,neutral,False,0.9948265,0.0006975924,0.9948265,0.004475959
expedia shares tumble after earnings miss forecast,negative,0,negative,True,0.99943703,0.99943703,0.00028731851,0.00027561648
fund managers must innovate to lure new money study,neutral,1,neutral,True,0.9966904,0.0008267393,0.9966904,0.002482885
emerson profit rises 12 percent,positive,2,positive,True,0.9989478,0.00035645385,0.0006958197,0.9989478
g20 to urge adequate forex flexibility source,neutral,1,neutral,True,0.99594265,0.0011334672,0.99594265,0.0029238593
mortgage insurer mgic to buy radian for $5.47 bln,positive,2,neutral,False,0.99726105,0.0007652659,0.99726105,0.0019737107
chronology-evolution of income trusts in canada,neutral,1,neutral,True,0.9990158,0.00044996222,0.9990158,0.0005342585
upbeat sony ericsson makes record q4 profit,positive,2,positive,True,0.99762195,0.000964604,0.0014134734,0.99762195
xl capital to buyback $1 bln class a shares,positive,2,positive,True,0.6082956,0.0039544967,0.3877499,0.6082956
euronext shareholders to vote on nyse merger,neutral,1,neutral,True,0.9983005,0.00060954085,0.9983005,0.0010899921
"update 3-pathmark loss narrower than expected, shares rise",positive,2,positive,True,0.99839145,0.00088209624,0.0007263926,0.99839145
aquacell cfo pleads guilty to lying to auditors,negative,0,neutral,False,0.5889562,0.40355524,0.5889562,0.0074885935
citigroup wins final approval for china bank deal,positive,2,neutral,False,0.6207399,0.0010334955,0.6207399,0.37822655
citigroup wins $3.1 bln battle for guangdong bank,positive,2,neutral,False,0.9954059,0.0007874609,0.9954059,0.0038066918
singtel says premature to comment on vodafone talks,neutral,1,neutral,True,0.99796766,0.000944712,0.99796766,0.00108758
community health almost buys triad report,neutral,1,neutral,True,0.81257546,0.0021007722,0.81257546,0.1853238
chevron profit beats the street,positive,2,positive,True,0.99659216,0.00066457054,0.0027433126,0.99659216
wrapup 4-us economy stronger than first thought in 3rd qtr,positive,2,positive,True,0.99640584,0.001672904,0.0019212846,0.99640584
merrill lynch plans up to $6 billion stock buyback,positive,2,positive,True,0.9459945,0.0011068654,0.05289865,0.9459945
"mazda lifts forecasts as q2 jumps, yen softens",positive,2,positive,True,0.9974528,0.0010879055,0.0014593418,0.9974528
heinz third-quarter profit soars beats forecast,positive,2,positive,True,0.99879825,0.00060924585,0.00059243606,0.99879825
gm global sales down just slightly in 2006,negative,0,negative,True,0.9993167,0.9993167,0.00044593407,0.0002374469
"liquid coal a cheaper, cleaner 21st century fuel",neutral,1,neutral,True,0.9976578,0.0007639727,0.9976578,0.0015782437
top drugstores oct sales beat expectations,positive,2,positive,True,0.9985864,0.00039891052,0.0010146914,0.9985864
apple board defends jobs over options grants,negative,0,neutral,False,0.9937504,0.004246901,0.9937504,0.0020026132
u.s. airlines scale back fare increases,negative,0,neutral,False,0.9223146,0.06363873,0.9223146,0.014046674
wal-mart moving dc lobbyist to new job in arkansas,neutral,1,neutral,True,0.9977895,0.0015073443,0.9977895,0.0007030479
porsche slightly improves vw bid,positive,2,positive,True,0.9341497,0.0008490791,0.065001264,0.9341497
"gm says may build engine, powertrain plant in india",positive,2,neutral,False,0.99688965,0.00042238564,0.99688965,0.0026880144
u.s. november new homes sales rise 3.4 pct,positive,2,positive,True,0.99851996,0.000660847,0.00081921235,0.99851996
echostar reports lower third-quarter profit,negative,0,negative,True,0.9993661,0.9993661,0.00039438746,0.0002395558
"jobless claims fall, leading indicator slips",neutral,1,positive,False,0.9969246,0.0018240227,0.0012513641,0.9969246
gm to buy more auto parts from india,positive,2,neutral,False,0.93142426,0.0009095927,0.93142426,0.06766614
"gold hits 3-week high, palladium jumps 3 percent",positive,2,positive,True,0.9986389,0.0007601781,0.00060089945,0.9986389
stocks await black friday in holiday week,neutral,1,neutral,True,0.986405,0.011543838,0.986405,0.0020511667
rbs trio proposes $24.5 billion bid for lasalle sources,positive,2,neutral,False,0.99844617,0.0006195996,0.99844617,0.00093427114
sirius plans to buy xm in $4.6 bln stock deal,positive,2,neutral,False,0.9964774,0.0014912881,0.9964774,0.0020312904
bolivia energy deals to take effect wednesday,neutral,1,neutral,True,0.97516656,0.0011911769,0.97516656,0.023642281
boeing eyes $15 billion in indian work report,positive,2,neutral,False,0.8545231,0.004239889,0.8545231,0.14123704
wrapup 3-russia halts oil exports to belarus europe hit,negative,0,negative,True,0.9988457,0.9988457,0.0009571417,0.00019719532
"instant view 2-u.s. jan new home sales, feb chicago pmi",neutral,1,neutral,True,0.99777716,0.0009142636,0.99777716,0.0013086153
hong kong tycoon henry fok dies at 83,neutral,1,neutral,True,0.9971789,0.001880297,0.9971789,0.00094078935
imclone says erbitux drug works as initial therapy,positive,2,positive,True,0.77667856,0.0020756263,0.22124581,0.77667856
"four seasons agrees to gates, alwaleed buyout bid",positive,2,neutral,False,0.98690516,0.0009822109,0.98690516,0.012112572
chrysler shows off family room on wheels,positive,2,neutral,False,0.9979236,0.0005077445,0.9979236,0.001568663
atlantic city casinos in deal for ny train service,positive,2,neutral,False,0.99065053,0.00093381497,0.99065053,0.008415624
diamond sector to lift veil of secrecy,neutral,1,neutral,True,0.9974414,0.00061222975,0.9974414,0.0019463664
google to broker print ads in newspapers,positive,2,neutral,False,0.994961,0.00070807815,0.994961,0.004330914
oil steady after surprise u.s. crude stocks jump,negative,0,negative,True,0.87176406,0.87176406,0.07677534,0.051460598
"corrected dow stalls march to 13,000",negative,0,neutral,False,0.99272984,0.002417496,0.99272984,0.0048526796
yahoo declines comment on reports of microsoft talks,neutral,1,neutral,True,0.9983046,0.0009887285,0.9983046,0.0007067042
two emi bosses face the music after profit warning,negative,0,neutral,False,0.92408544,0.075076,0.92408544,0.0008386218
"united tech profit up 6.6 pct, foreign growth key",positive,2,positive,True,0.9986494,0.00059820095,0.00075244857,0.9986494
dolans in talks to take cablevision private report,positive,2,neutral,False,0.9977155,0.0011548997,0.9977155,0.0011296936
adp board oks brokerage spinoff,positive,2,neutral,False,0.99770504,0.0011083084,0.99770504,0.0011866295
abb net profit soars to $537 mln in q1,positive,2,positive,True,0.998415,0.0010242169,0.00056072563,0.998415
nintendo eyes 62 percent profit rise in 06/07,positive,2,positive,True,0.9988524,0.000558934,0.00058872515,0.9988524
boeing says dhl orders six freighter aircraft,positive,2,positive,True,0.8298328,0.0013764531,0.16879077,0.8298328
meredith buys interactive ad agencies,positive,2,neutral,False,0.99763167,0.0003346509,0.99763167,0.0020336425
harrahs ceo expects no further takeover bids,negative,0,neutral,False,0.9985807,0.0004647429,0.9985807,0.0009545604
update 3-bristol to pay $499 mln in tentative pact with us,negative,0,neutral,False,0.9849706,0.0011805627,0.9849706,0.013848778
america movil bid designed to grab lead in brazil,positive,2,neutral,False,0.99420893,0.0010856661,0.99420893,0.004705402
youtube-cbs deal unravels wsj,negative,0,negative,True,0.9564066,0.9564066,0.04288997,0.0007034597
bce in talks with kkr and pension funds,positive,2,neutral,False,0.9961479,0.00065030815,0.9961479,0.0032018689
nyse changes options pricing on penny pilot issues,neutral,1,neutral,True,0.99832314,0.00061524997,0.99832314,0.0010616018
sempra energy net profit falls in quarter,negative,0,negative,True,0.99938965,0.99938965,0.00037647283,0.00023387033
rim to roll out virtual blackberry software,positive,2,neutral,False,0.9971717,0.0004870103,0.9971717,0.002341296
fedex to pay $53.5 mln to settle racial bias suit,negative,0,positive,False,0.9965623,0.0005056303,0.002932072,0.9965623
greenspan says carry trade has limited room to run,negative,0,negative,True,0.9972753,0.9972753,0.0021017466,0.0006229256
nokia ceo says qualcomm cant set industry rules,negative,0,neutral,False,0.99865925,0.0004852322,0.99865925,0.00085545593
chrysler says now has u.s. inventory under control,positive,2,positive,True,0.9631228,0.003262946,0.033614263,0.9631228
"airbus workers put down tools, march to fight job cuts",negative,0,neutral,False,0.87484854,0.121117175,0.87484854,0.004034207
baker report to criticize bp on safety,negative,0,negative,True,0.9864623,0.9864623,0.012926822,0.0006108945
fda rejects mercks vioxx successor,negative,0,neutral,False,0.99742043,0.0013199045,0.99742043,0.0012596995
analyst says sangamo biosciences could be target magazine,positive,2,neutral,False,0.9637415,0.030148242,0.9637415,0.006110253
nokia says qualcomm top user of nokia patents,negative,0,neutral,False,0.96723604,0.00063041213,0.96723604,0.032133643
hellman friedman closes $8.4 bln equity fund,positive,2,neutral,False,0.996084,0.0013598119,0.996084,0.0025561773
airtran raises midwest bid to $345 million,positive,2,neutral,False,0.9806286,0.0013780241,0.9806286,0.017993346
biosite says inverness plans competing bid,positive,2,neutral,False,0.9978405,0.0007895364,0.9978405,0.0013699199
salmonella found at peanut butter plant fda,negative,0,negative,True,0.8001351,0.8001351,0.19770922,0.0021556485
mexican government renews tortilla price accord,positive,2,neutral,False,0.93086004,0.0012398121,0.93086004,0.06790015
time warner cable gets closer to going public,positive,2,neutral,False,0.99850816,0.0005424093,0.99850816,0.0009493921
eads defense head eyes higher profitability,positive,2,neutral,False,0.9359297,0.00087603857,0.9359297,0.06319425
citigroup cfo krawcheck returns to old job at bank,neutral,1,neutral,True,0.99810565,0.0010959678,0.99810565,0.0007983352
"gannett could raise div, spin off tv unit report",positive,2,neutral,False,0.9978751,0.0005604545,0.9978751,0.001564465
investors see dow jones bid likely to go higher,positive,2,positive,True,0.63622844,0.012481658,0.3512899,0.63622844
u.s. probe could jeopardize abn-barclays deal report,negative,0,negative,True,0.9883513,0.9883513,0.011023025,0.00062560715
icahn and macklowe disclose stake in reckson,positive,2,neutral,False,0.9984646,0.00050281966,0.9984646,0.0010326481
motorola board wont endorse icahn nomination,negative,0,neutral,False,0.9977835,0.0012716927,0.9977835,0.0009448728
qualcomm investors back legal fight ceo,negative,0,neutral,False,0.7481681,0.23556276,0.7481681,0.01626918
"citigroup to be known as citi, dumps umbrella",neutral,1,neutral,True,0.99791664,0.0010177462,0.99791664,0.0010656255
imf warns g20 economic powers of inflation risk,negative,0,negative,True,0.99755186,0.99755186,0.0020683121,0.00037979748
apple introduces svelte multimedia iphone,positive,2,neutral,False,0.9963792,0.00072433834,0.9963792,0.0028964942
china stocks open down but quickly recover,positive,2,negative,False,0.84429437,0.84429437,0.14598721,0.009718453
palm takeover interest continues sources,positive,2,neutral,False,0.9950342,0.0011199345,0.9950342,0.0038457809
ford wont sell ford credit,neutral,1,neutral,True,0.9180861,0.060638804,0.9180861,0.02127516
"saudi shortlists verizon, pccw for fixed-line bid",positive,2,neutral,False,0.99788636,0.00051008136,0.99788636,0.0016035206
"cott in merger talks with cadbury, wsj says",positive,2,neutral,False,0.99809414,0.00056096446,0.99809414,0.0013448999
factbox key facts about november u.s. auto sales,neutral,1,neutral,True,0.997957,0.0010888386,0.997957,0.0009540911
"lotte, hershey launch china candy venture",positive,2,neutral,False,0.9973061,0.00054565707,0.9973061,0.0021481547
lufthansa wants iberia data for possible deal paper,positive,2,neutral,False,0.99891233,0.00039213843,0.99891233,0.00069555413
home loan demand soars in first week of new year,positive,2,positive,True,0.83689195,0.0121324435,0.15097564,0.83689195
"apple, cisco agree both can use iphone name",positive,2,neutral,False,0.99257237,0.00052877824,0.99257237,0.0068988316
daimlerchryslers fy report date in danger paper,negative,0,negative,True,0.9990024,0.9990024,0.0006989764,0.00029870757
bernanke sees inflation easing,positive,2,positive,True,0.9876529,0.0028765835,0.009470542,0.9876529
"oracle sues rival sap, charges corporate theft",negative,0,negative,True,0.996452,0.996452,0.0028472897,0.0007007392
america movil net profit jumps 52 pct,positive,2,positive,True,0.9988475,0.00053686916,0.000615613,0.9988475
microsoft says open to more linux-type dealsreport,positive,2,neutral,False,0.9056445,0.0010952823,0.9056445,0.093260236
houghton mifflin sold to riverdeep,positive,2,neutral,False,0.9978739,0.0008991023,0.9978739,0.0012270266
liberty gets sports channels in news corp deal wsj,positive,2,neutral,False,0.99718493,0.00081812555,0.99718493,0.0019969067
exchange ma points to global players,neutral,1,neutral,True,0.9970182,0.00047346932,0.9970182,0.0025082761
korean car designers step onto global stage,positive,2,neutral,False,0.9983944,0.0005376427,0.9983944,0.0010679176
free-market economist milton friedman dead at 94,neutral,1,neutral,True,0.99740344,0.0016049756,0.99740344,0.0009915159
nordstrom quarterly profit rises,positive,2,positive,True,0.99864906,0.00036262607,0.000988382,0.99864906
amd warns on revenue,negative,0,negative,True,0.9990086,0.9990086,0.00073918095,0.00025224625
bush sr worried china faces trade backlash in u.s.,negative,0,negative,True,0.99799216,0.99799216,0.0017115065,0.00029630814
"income, spending rose solidly in september",positive,2,positive,True,0.99754333,0.0012022017,0.0012544601,0.99754333
"dow hits another record, with help from earnings",positive,2,positive,True,0.9984785,0.00043930954,0.0010822212,0.9984785
lg elec wins contest for low-cost 3g phone contract,positive,2,neutral,False,0.7019844,0.0017668267,0.7019844,0.2962488
estee lauder profit up but weak sales hit stock,negative,0,neutral,False,0.49656308,0.010521056,0.49656308,0.49291584
oil drops 4.3 percent as iran tensions ease,negative,0,negative,True,0.99913836,0.99913836,0.0004024765,0.0004591935
"omnicom quarterly earnings rise, beat forecasts",positive,2,positive,True,0.9989643,0.000424375,0.0006112638,0.9989643
"ag edwards profit surges, shares hit record",positive,2,positive,True,0.99862945,0.0007348583,0.0006356667,0.99862945
corrected industrial output rose 1.0 pct in february,positive,2,positive,True,0.99730587,0.0016898378,0.0010043014,0.99730587
australias healthscope offers to take over symbion,positive,2,neutral,False,0.99730444,0.0006368359,0.99730444,0.0020586378
boeing sole bidder in $2.5 bln s.korea jet deal,positive,2,neutral,False,0.99799746,0.0004714271,0.99799746,0.0015310865
china inflation ticks higher as food prices rise,negative,0,negative,True,0.97410315,0.97410315,0.010460622,0.015436268
"motorola to cut 3,500 jobs",negative,0,negative,True,0.9991936,0.9991936,0.00054425106,0.0002621363
bp says deal with venezuela by may looks unlikely,negative,0,negative,True,0.8739099,0.8739099,0.124317855,0.0017722007
enrons skilling gets 24 years,negative,0,neutral,False,0.9962042,0.0009179401,0.9962042,0.002877804
"eaton sees flat 07 sales, shares drop",negative,0,negative,True,0.99937445,0.99937445,0.00045017397,0.00017542542
eu investigators urge charge against intel wsj,negative,0,neutral,False,0.9812448,0.016650159,0.9812448,0.0021050142
porsche makes vw bid it hopes market refuses,neutral,1,neutral,True,0.99551827,0.002172891,0.99551827,0.0023088036
shareholders reject say on pay,neutral,1,neutral,True,0.9971607,0.001792843,0.9971607,0.00104659
"fannie, freddie to unveil subprime plans wsj",neutral,1,neutral,True,0.9984106,0.00070746406,0.9984106,0.00088192767
"countrywide profit falls 37 pct, cuts forecast",negative,0,negative,True,0.9994331,0.9994331,0.00029260473,0.0002743082
"citigroup may cut 15,000 jobs papers",negative,0,negative,True,0.99924916,0.99924916,0.0004968809,0.00025390953
yen rallies as asia stock run-up loses steam,negative,0,positive,False,0.89429283,0.06754784,0.038159292,0.89429283
airtran still seeks to buy midwest,positive,2,neutral,False,0.99465215,0.00069106894,0.99465215,0.004656735
ford january sales down 19 pct,negative,0,negative,True,0.9994122,0.9994122,0.000373505,0.00021437534
toyota seen outpacing ford in u.s. december sales,positive,2,positive,True,0.9942303,0.002336587,0.0034331968,0.9942303
liquidnet ceo says may go public in 2008,positive,2,neutral,False,0.9981774,0.0011166226,0.9981774,0.0007059288
citigroup may buy old lane hedge fund firm report,positive,2,neutral,False,0.9938553,0.0013013664,0.9938553,0.0048433123
"us air says remains a delta bidder, welcomes plan",positive,2,neutral,False,0.99721116,0.0004744526,0.99721116,0.0023144262
sirius loss narrows as subscribers grow,positive,2,positive,True,0.9959914,0.0012098814,0.002798777,0.9959914
united airlines to add $10 surcharge on la flights,positive,2,neutral,False,0.9958645,0.0021262548,0.9958645,0.0020092826
wall street underwriters enjoy record year,positive,2,positive,True,0.9413332,0.0014394171,0.057227373,0.9413332
realtors see a drop in existing home sales for second year,negative,0,negative,True,0.9989538,0.9989538,0.00073854224,0.00030756826
asias 2007 growth hinges on u.s. economy,negative,0,neutral,False,0.9902158,0.005084755,0.9902158,0.004699569
michaels posts rise in third-quarter sales,positive,2,positive,True,0.99883777,0.00044266757,0.0007195541,0.99883777
nasdaq says dell is out of compliance company,negative,0,negative,True,0.95389456,0.95389456,0.045250535,0.0008548702
"exxon, ongc and inpex win libya oil blocs",positive,2,positive,True,0.8912857,0.0008191046,0.10789526,0.8912857
starbucks profit falls due to accounting changes,negative,0,negative,True,0.9993575,0.9993575,0.00043753118,0.00020494533
bp says to implement baker report safety guidance,positive,2,neutral,False,0.9971071,0.0009543696,0.9971071,0.0019385413
beijing capital buys parent assets for $2 billion,positive,2,neutral,False,0.99782515,0.00068233587,0.99782515,0.0014925775
"six flags loss widens, shares fall",negative,0,negative,True,0.99930954,0.99930954,0.00042955365,0.00026088054
ford u.s. february sales down 13 percent,negative,0,negative,True,0.9994487,0.9994487,0.00031688708,0.00023434318
phelps dodge profit soars in probable swan-song,positive,2,negative,False,0.7946868,0.7946868,0.010394147,0.1949191
cadbury seeking cost cuts paper,positive,2,neutral,False,0.9965905,0.0014777435,0.9965905,0.0019317749
"former hp chairman dunn, others, to plead guilty",negative,0,neutral,False,0.9963153,0.001432091,0.9963153,0.0022526036
wal-mart sees slim december same-store sales growth,negative,0,negative,True,0.99928623,0.99928623,0.0005070464,0.0002068248
abbott posts loss on kos purchase,negative,0,negative,True,0.99534047,0.99534047,0.004305636,0.0003538888
thomson wont comment on rumors of reuters bid,neutral,1,neutral,True,0.99825317,0.00082106504,0.99825317,0.00092569686
"federated posts 3rd-quarter loss, hurt by may costs",negative,0,negative,True,0.99902797,0.99902797,0.0006697047,0.00030240038
first nonprescription diet drug wins approval,positive,2,neutral,False,0.7131221,0.0042249914,0.7131221,0.28265297
sony q3 profit down on ps3,negative,0,negative,True,0.9993912,0.9993912,0.00035157733,0.00025725752
no need to fear a recession policy-makers,positive,2,neutral,False,0.9962029,0.00086704805,0.9962029,0.0029300503
trw automotive eyes siemens unit ft,positive,2,neutral,False,0.9976248,0.00070077815,0.9976248,0.0016743484
monster expands newspaper alliances for job ads,positive,2,neutral,False,0.9965228,0.0007388326,0.9965228,0.0027385147
blair to appeal to bush on open skies paper,neutral,1,neutral,True,0.99756783,0.0013086179,0.99756783,0.0011235435
"oil rebounds on iran, gasoline worries",positive,2,positive,True,0.9974503,0.001228617,0.0013210685,0.9974503
"u.s. sept new home sales, durables rose",positive,2,positive,True,0.9948837,0.001157918,0.0039582965,0.9948837
malaysia tycoon to buy out telco maxis,positive,2,neutral,False,0.9968656,0.0009422201,0.9968656,0.0021921915
"us air posts profit, revenue outlook hits shares",negative,0,negative,True,0.99913186,0.99913186,0.0005050118,0.00036309546
durable goods orders surprise with strength,positive,2,positive,True,0.9985012,0.0007349076,0.0007639513,0.9985012
goodyear to freeze u.s. salaried worker pensions,negative,0,negative,True,0.97530735,0.97530735,0.024104977,0.00058762176
polo ralph lauren forms group to develop new brands,positive,2,neutral,False,0.99795556,0.00035755886,0.99795556,0.0016868485
"morphosys extends pfizer deal, keeps forecasts",positive,2,positive,True,0.8678977,0.0011352692,0.13096698,0.8678977
connecticut ag expands probe of allstate,negative,0,negative,True,0.996349,0.996349,0.0028887845,0.0007621607
indias essar to buy canadian steelmaker algoma,positive,2,neutral,False,0.9954335,0.00086869963,0.9954335,0.0036977306
novellus 4th-qtr net jumps,positive,2,positive,True,0.99872357,0.00058171916,0.0006946339,0.99872357
"wall street to gain as ma, results boost sentiment",positive,2,positive,True,0.9981633,0.00043365284,0.001403082,0.9981633
virgin america expects u.s. to deny right to fly,negative,0,neutral,False,0.9949049,0.0035138712,0.9949049,0.0015813619
walgreen selling hand gel as cigarette substitute,neutral,1,neutral,True,0.9958444,0.001742684,0.9958444,0.0024128458
arcelor mittal to take 40 pct stake in noble,positive,2,neutral,False,0.9975237,0.0008071905,0.9975237,0.0016690942
gap names muto as president of gap adult,neutral,1,neutral,True,0.9983058,0.00056510477,0.9983058,0.0011291387
apple options probe spotlights ex-officials paper,negative,0,neutral,False,0.9500067,0.04871351,0.9500067,0.0012797704
chevron optimistic about venezuelan takeover,positive,2,positive,True,0.8946091,0.0008501076,0.10454079,0.8946091
sirius pays howard stern $83 mln stock bonus,neutral,1,neutral,True,0.97853845,0.0011393655,0.97853845,0.020322263
apn says gets takeover offer from independent news,positive,2,neutral,False,0.9978744,0.0006330907,0.9978744,0.001492516
eu takes aim at apple over itunes,negative,0,neutral,False,0.75517446,0.23620701,0.75517446,0.008618558
nymex ceo eyes cme as more exchange mergers due,positive,2,neutral,False,0.99753964,0.0006116253,0.99753964,0.0018488014
intel to decide on india chip plant once policy ready,neutral,1,neutral,True,0.9985672,0.00032463451,0.9985672,0.0011081201
trade gap sets record again in 2006,negative,0,negative,True,0.97289115,0.97289115,0.018305711,0.008803184
lg elec aims to raise 2007 air-con sales 18 pct,positive,2,positive,True,0.9934081,0.0005697945,0.0060221846,0.9934081
telecom italia power struggle festers,negative,0,neutral,False,0.95326185,0.044996426,0.95326185,0.00174173
delphi loss widens on buyouts,negative,0,negative,True,0.9721049,0.9721049,0.020516008,0.0073791626
oil steady as warmer weather counters refinery woes,neutral,1,positive,False,0.8745401,0.004763486,0.12069634,0.8745401
stocks set for cautious open ahead of bernanke,neutral,1,neutral,True,0.94801015,0.049522605,0.94801015,0.0024672851
lopsided japan gdp a bit of a problem oecds cotis,negative,0,negative,True,0.90001416,0.90001416,0.09166905,0.008316803
dollar edges higher after recent slump,positive,2,positive,True,0.99445,0.0044480106,0.0011020813,0.99445
"expressjet profit slips, shares fall",negative,0,negative,True,0.9994382,0.9994382,0.00034832518,0.00021332674
s.korea group to invest $1.1 billion in nickel,positive,2,neutral,False,0.9943826,0.0010273354,0.9943826,0.0045899325
update 3-costco december same-store sales jump 9 pct,positive,2,positive,True,0.9986305,0.00063191936,0.00073758996,0.9986305
hewlett-packard in unilever outsourcing talks,positive,2,neutral,False,0.997063,0.00095097773,0.997063,0.0019859707
microsoft to start selling vista at retail january 30,positive,2,neutral,False,0.97881055,0.0061569177,0.97881055,0.015032601
factbox-uks sainsbury family foils private equity bid,negative,0,neutral,False,0.9974567,0.0012495377,0.9974567,0.0012937442
ciena profit beats expectations,positive,2,positive,True,0.9985373,0.00036547496,0.0010972001,0.9985373
"oil up $1, rebounds from 20-month low",positive,2,positive,True,0.99620074,0.0030352445,0.0007639924,0.99620074
lg.philips aims to make 11 mln modules by 11 poland,positive,2,neutral,False,0.80365753,0.0022967327,0.80365753,0.19404571
united utilities sells vertex,neutral,1,neutral,True,0.9967944,0.0021852567,0.9967944,0.0010203756
unitedhealth cuts 2007 revenue forecast,negative,0,negative,True,0.9993241,0.9993241,0.00043349536,0.00024244847
"toll, beazer say housing slowdown continues",negative,0,negative,True,0.9936261,0.9936261,0.0052776416,0.001096223
lazard quarterly profit disappoints as shares drop,negative,0,negative,True,0.9994272,0.9994272,0.00034287834,0.0002299718
sunglasses maker oakley net income triples,positive,2,positive,True,0.996768,0.0008531343,0.002378919,0.996768
sirius to buy xm in $4.6 billion stock deal,positive,2,neutral,False,0.9974082,0.0011034259,0.9974082,0.0014883826
ford shares rise on hope toyota could help on costs,positive,2,positive,True,0.9979664,0.00037280284,0.0016607973,0.9979664
update 2-first data gives 2007 profit view below estimates,negative,0,negative,True,0.99935335,0.99935335,0.00035991662,0.0002867897
"nyse posts profit vs. loss, but shares down",neutral,1,negative,False,0.739491,0.739491,0.13688014,0.123628885
housing market slower but no recession coming freddie mac,neutral,1,neutral,True,0.47149372,0.4686423,0.47149372,0.05986398
"sirius 3rd-quarter loss narrows, reaffirms outlook",positive,2,positive,True,0.99859434,0.0006487503,0.0007569048,0.99859434
pg tests smaller bottles of liquid detergents,neutral,1,neutral,True,0.99820566,0.00073753396,0.99820566,0.0010567704
nikkei slips but myojo jumps as food fight heats up,negative,0,neutral,False,0.7363148,0.15945773,0.7363148,0.104227476
factbox thomson in talks to buy reuters for $17.6 bln,positive,2,neutral,False,0.9964605,0.00061999017,0.9964605,0.002919522
"dell earnings beat wall st estimates, shares leap",positive,2,positive,True,0.9985625,0.0008226882,0.00061480433,0.9985625
toyota u.s. sales up 7.7 pct in march,positive,2,positive,True,0.9983564,0.0007267884,0.0009167782,0.9983564
"providence, blackstone chasing alltel source",positive,2,neutral,False,0.9784509,0.018382657,0.9784509,0.0031664327
feds moskow warns of rising protectionism on trade,negative,0,negative,True,0.97764915,0.97764915,0.02125045,0.0011004638
"kkr, goldman sachs to acquire harman",positive,2,neutral,False,0.9967353,0.0005403503,0.9967353,0.0027243288
belarus top gas negotiator arrives in moscow,neutral,1,neutral,True,0.9986168,0.0005358544,0.9986168,0.000847332
anheuser-busch enters india with joint venture,positive,2,neutral,False,0.99400926,0.00086277624,0.99400926,0.0051279855
blackstone ipo may be tough for some to swallow,negative,0,neutral,False,0.97299206,0.024574202,0.97299206,0.0024337536
cbs hires new producer for lagging couric newscast,neutral,1,neutral,True,0.9981615,0.0005709993,0.9981615,0.0012675031
u.s. picks 24 companies to provide satellite service,positive,2,neutral,False,0.9984463,0.00029091001,0.9984463,0.0012628139
toyota to build new plant in india by 2010 report,positive,2,neutral,False,0.99772424,0.0004032254,0.99772424,0.0018725749
china didnt trigger global stocks rout regulator,neutral,1,negative,False,0.68437356,0.68437356,0.21396756,0.101658866
dollar sinks to record low vs euro,negative,0,negative,True,0.9991652,0.9991652,0.000505551,0.00032932145
credit suisse names new ceo as profits surge,positive,2,neutral,False,0.58010817,0.0019353774,0.58010817,0.4179565
softbank ceo mum on iphone debut in japan,neutral,1,neutral,True,0.9979613,0.001318692,0.9979613,0.0007200394
"as fed holds rates, emerging fx keeps gaining",positive,2,positive,True,0.87476957,0.019655604,0.105574846,0.87476957
corporate governance report cards prove tricky,neutral,1,neutral,True,0.8890554,0.1091483,0.8890554,0.001796358
hyundai motor sales fall,negative,0,negative,True,0.9993368,0.9993368,0.00044146366,0.0002216584
tatas winning bid hailed as victory for india,positive,2,neutral,False,0.95698214,0.0008922705,0.95698214,0.04212565
split decision by jury on merck vioxx cases,negative,0,neutral,False,0.9966717,0.0013315716,0.9966717,0.0019967537
cingular deal may help nokia talks ceo,positive,2,neutral,False,0.99337524,0.0010627095,0.99337524,0.00556208
mizuho to sell nikko shares to citi report,neutral,1,neutral,True,0.9864811,0.01208566,0.9864811,0.0014332811
"roche ceo says may raise stakes in genentech,chugai",positive,2,neutral,False,0.99341065,0.00094637665,0.99341065,0.0056429813
"citigroup to freeze pension plan, expand 401k",negative,0,neutral,False,0.9861944,0.0065189376,0.9861944,0.007286736
canada gas exports to u.s. could plunge analyst,negative,0,negative,True,0.99919933,0.99919933,0.00050943,0.00029122937
mild jobs may lift stocks as 07 starts,positive,2,positive,True,0.99608564,0.0015923877,0.0023219318,0.99608564
cbot delays shareholder vote on cme merger,negative,0,neutral,False,0.9886263,0.0104653435,0.9886263,0.00090834894
hsbc to buy swiss life out of french insurance jv,positive,2,neutral,False,0.99360967,0.0012179818,0.99360967,0.005172371
"la times, chicago tribune to cut jobs",negative,0,negative,True,0.99857295,0.99857295,0.0012007607,0.00022630031
quanta to buy infrasource for $1.26 bln,positive,2,neutral,False,0.99739045,0.0007306168,0.99739045,0.0018789845
eu to urge china to open economy further,positive,2,neutral,False,0.99286896,0.0016966541,0.99286896,0.005434354
"nippon steel, jfe set for record profits paper",positive,2,positive,True,0.99717855,0.00095488277,0.0018665517,0.99717855
cvs ups caremark bid again,positive,2,neutral,False,0.9909133,0.0012826445,0.9909133,0.0078040576
yahoo japan profit rises 20 pct,positive,2,positive,True,0.998872,0.00059377286,0.0005342124,0.998872
bae raises $1.5 billion to fund armor deal,positive,2,neutral,False,0.9961551,0.0013530424,0.9961551,0.0024918546
state farm close to settling katrina suits,positive,2,neutral,False,0.84685826,0.0061122715,0.84685826,0.14702952
unitedhealth stock could hit 70s in two years report,positive,2,positive,True,0.99709034,0.0006838613,0.00222583,0.99709034
sirius faces second house hearing on xm deal,negative,0,neutral,False,0.9976199,0.00078268466,0.9976199,0.0015973743
nbc universal unveils international tv growth plan,positive,2,neutral,False,0.9969054,0.00031562886,0.9969054,0.0027790095
jobs data eyed as markets swing into 2007,neutral,1,neutral,True,0.99271494,0.0038116558,0.99271494,0.0034734693
ford u.s. october sales up 8 pct,positive,2,positive,True,0.99819,0.00076167186,0.0010482796,0.99819
paulson warns on trade protectionism,negative,0,neutral,False,0.9536151,0.044484988,0.9536151,0.0018999693
ciscos router exec mike volpi resigns,negative,0,neutral,False,0.99828726,0.0010619139,0.99828726,0.0006508297
sandisk adds larger screen to challenge ipod,positive,2,neutral,False,0.98837066,0.0010386597,0.98837066,0.010590773
"earnings, data in spotlight for stocks",neutral,1,neutral,True,0.9982956,0.0008018176,0.9982956,0.00090257183
"pet food recall expands, some dog biscuits pulled",negative,0,negative,True,0.99434716,0.99434716,0.005295851,0.0003570558
staffing stocks mostly higher after jobs report,positive,2,positive,True,0.9985806,0.0005679215,0.0008515459,0.9985806
best buy to enter new overseas markets,positive,2,neutral,False,0.99128413,0.00032540047,0.99128413,0.008390407
piper jaffray disputes report of weak itunes sales,positive,2,negative,False,0.8840325,0.8840325,0.09309243,0.022875035
hp ends advisory relationship with sonsini report,negative,0,neutral,False,0.9925581,0.0065807295,0.9925581,0.0008610977
clear channel bids due in coming days sources,neutral,1,neutral,True,0.99848217,0.0005718488,0.99848217,0.0009460838
security bottlenecks snarl u.s.-canada trade,negative,0,negative,True,0.9918041,0.9918041,0.0075995643,0.0005963029
dows latest winning streak packed little punch,negative,0,negative,True,0.93082374,0.93082374,0.06662726,0.0025489505
wal-mart classifies customers nyt,neutral,1,neutral,True,0.9976324,0.0017478637,0.9976324,0.00061968976
factbox-who said what about world banks wolfowitz,neutral,1,neutral,True,0.9977986,0.0017560652,0.9977986,0.00044529466
wyeth shares could rise more than 20 pct barrons,positive,2,positive,True,0.99891245,0.00045988476,0.00062765554,0.99891245
carmaker psa says likely to cut jobs - report,negative,0,negative,True,0.9992224,0.9992224,0.0005476091,0.00023001507
schering-plough profit jumps far above forecasts,positive,2,positive,True,0.99851984,0.00065530906,0.00082489906,0.99851984
apple iphone margins to near 50 pct analyst report,positive,2,positive,True,0.98483247,0.010312597,0.0048549427,0.98483247
agencies issue subprime guidance sources,neutral,1,neutral,True,0.9989588,0.000590472,0.9989588,0.00045073687
conrad black trial readies for key witness radler,negative,0,neutral,False,0.99848014,0.00085658004,0.99848014,0.00066340226
citigroup in talks to buy old lane wsj,positive,2,neutral,False,0.99734914,0.0005699313,0.99734914,0.0020809132
viacom asks youtube to purge certain clips source,negative,0,neutral,False,0.9170752,0.08069589,0.9170752,0.0022288414
november layoffs rise by 11 percent survey,negative,0,negative,True,0.99859685,0.99859685,0.00086784875,0.0005353306
"china says u.s., eu need to do more on doha round",negative,0,neutral,False,0.9968982,0.00052837294,0.9968982,0.0025735188
"siemens, nokia joint venture to start on april 1",positive,2,neutral,False,0.9953028,0.0006795212,0.9953028,0.004017683
jack in the box profit rises,positive,2,positive,True,0.9982482,0.0003605875,0.0013911714,0.9982482
paulson strong dollar clearly in u.s. interest,positive,2,neutral,False,0.45772246,0.32207942,0.45772246,0.22019814
court dismisses 4 claims against grasso,positive,2,positive,True,0.8875746,0.0029714818,0.10945388,0.8875746
"mesa air, delta air lines in new code share agreement",positive,2,neutral,False,0.9186931,0.0011376756,0.9186931,0.08016924
"sanyo elec now sees annual loss, unveils job cuts",negative,0,negative,True,0.9992724,0.9992724,0.00048126673,0.00024631838
"wall street set for weaker start, results eyed",negative,0,negative,True,0.9992949,0.9992949,0.00048581156,0.00021935972
far-flung exurbs hard hit by housing downturn,negative,0,negative,True,0.99522984,0.99522984,0.004396142,0.0003741029
games lift vivendi profits,positive,2,positive,True,0.9946824,0.00037597457,0.0049416334,0.9946824
microsoft to pay up to $180 mln to settle iowa suit,negative,0,positive,False,0.99700636,0.0006320298,0.0023615977,0.99700636
market best for policing hedge funds regulators,neutral,1,neutral,True,0.99905986,0.00037455253,0.99905986,0.0005655537
"alcoa shares climb on restructuring, job cuts",positive,2,positive,True,0.99821556,0.00042640758,0.0013580733,0.99821556
subprime weakness may be behind cdo spurt report,negative,0,negative,True,0.8088127,0.8088127,0.09837058,0.09281674
user-generated web sites in clicks-to-cash dilemma,neutral,1,neutral,True,0.57932496,0.4184298,0.57932496,0.0022452597
ti quarterly profit rises,positive,2,positive,True,0.9989039,0.00036955564,0.0007265363,0.9989039
fda oks wide sales of silicone breast implants,positive,2,negative,False,0.98554844,0.98554844,0.013881326,0.000570307
hancock files for chapter 11 bankruptcy,negative,0,negative,True,0.6652673,0.6652673,0.33274296,0.0019898142
aep profit falls on charge from plant sale,negative,0,negative,True,0.99937564,0.99937564,0.0004323633,0.00019208285
new century woes grow,negative,0,negative,True,0.8992004,0.8992004,0.09892537,0.0018743222
rim moves to prevent another blackberry outage,positive,2,neutral,False,0.9966492,0.0019282821,0.9966492,0.0014225143
time warner could spin aol stake this year ubs,positive,2,neutral,False,0.9982973,0.00075722864,0.9982973,0.0009455045
calpine posts narrower quarterly loss,positive,2,positive,True,0.9982526,0.0007616971,0.0009857464,0.9982526
moskow says fed must be vigilant on inflation,negative,0,neutral,False,0.99407405,0.0024074356,0.99407405,0.003518604
bmw group vehicle sales rise in february,positive,2,positive,True,0.9981718,0.0004849979,0.0013431446,0.9981718
clear channel sells assets as part of buyout plan,positive,2,neutral,False,0.99775225,0.0008497279,0.99775225,0.0013980654
usda 20 mln birds on farms may have had bad feed,negative,0,negative,True,0.9959805,0.9959805,0.0037478665,0.0002716765
delta valuation rises above us airways bid,positive,2,positive,True,0.7630131,0.007641039,0.22934589,0.7630131
home builder stocks rise on strong sales report,positive,2,positive,True,0.9982504,0.00048783686,0.0012617467,0.9982504
timberland may put itself up for sale source,positive,2,neutral,False,0.9944425,0.0045675235,0.9944425,0.0009899796
campbell profit beats views on strong soup sales,positive,2,positive,True,0.99846846,0.00048584002,0.001045724,0.99846846
lone star says seeking to sell two s.korea firms,neutral,1,neutral,True,0.9980363,0.00081367476,0.9980363,0.0011500415
top five subprime lenders asked to testify dodd,negative,0,neutral,False,0.99860543,0.00097041624,0.99860543,0.00042415902
"bloomberg not looking to buy reuters, dow jones",negative,0,neutral,False,0.9934087,0.0025825647,0.9934087,0.004008807
swisscom to bid $4.9 bln for italys fastweb,positive,2,neutral,False,0.99776936,0.0008612134,0.99776936,0.0013693519
liz claiborne posts lower quarterly profit,negative,0,negative,True,0.9993507,0.9993507,0.00042975735,0.00021951157
viacom lands video deal with joost,positive,2,neutral,False,0.99037254,0.0006847301,0.99037254,0.008942664
"xm satellite posts smaller loss, stock rises",positive,2,positive,True,0.99597,0.00069121475,0.0033388408,0.99597
ibm develops technology to check drug authenticity,positive,2,neutral,False,0.9978942,0.0006271043,0.9978942,0.0014786881
correcting your money mistakes,neutral,1,neutral,True,0.9982857,0.00084105815,0.9982857,0.0008732036
"sony says to recall 250,000 batteries for own pcs",negative,0,negative,True,0.9983859,0.9983859,0.0012530239,0.00036108395
dow ends up in best streak in 4 years alcoa gains,positive,2,positive,True,0.9980242,0.0013293106,0.0006465004,0.9980242
"motorola quarterly profit falls, margins disappoint",negative,0,negative,True,0.9994036,0.9994036,0.00035179738,0.00024464555
former banker relates wall st high jinks,neutral,1,neutral,True,0.99708813,0.0021026833,0.99708813,0.00080921256
apples jobs questioned by u.s. authorities reports,negative,0,negative,True,0.90897393,0.90897393,0.08983207,0.0011939778
american express earnings up 21 pct,positive,2,positive,True,0.9988644,0.0006081872,0.0005274607,0.9988644
best buy says testing cell phone only stores,neutral,1,neutral,True,0.9930576,0.0004833595,0.9930576,0.006459053
"applebees exploring options, including sale",positive,2,neutral,False,0.9981218,0.0008077884,0.9981218,0.0010703555
frances jcdecaux eyes clear channel outdoor,positive,2,neutral,False,0.9984445,0.00054720754,0.9984445,0.0010083437
astrazeneca near deal to buy medimmune report,positive,2,neutral,False,0.99592495,0.0006084348,0.99592495,0.0034665964
novell posts a profit but outlook disappoints,negative,0,negative,True,0.9813504,0.9813504,0.017053777,0.0015958317
defense in black trial slams witness on payments,negative,0,neutral,False,0.9957587,0.0035070048,0.9957587,0.00073425466
merck profit rises as new drugs fill void,positive,2,positive,True,0.99845934,0.00029029578,0.0012503555,0.99845934
american airlines ramps up competition in new york,positive,2,neutral,False,0.9880007,0.0032063543,0.9880007,0.008792862
us stocks-dow at record as exxon rises oracle hits tech,positive,2,negative,False,0.9704239,0.9704239,0.0030857376,0.02649033
ups shares fall on 07 outlook,negative,0,negative,True,0.99942005,0.99942005,0.00037032485,0.00020965416
wal-mart adds 11 more states to $4 generics plan,positive,2,neutral,False,0.9942093,0.00041402536,0.9942093,0.005376775
stocks set to open down heading into holiday,negative,0,negative,True,0.91098475,0.91098475,0.08707273,0.0019425085
inflation main risk facing economy feds lacker,negative,0,negative,True,0.9980147,0.9980147,0.0015757759,0.00040953982
u.s. investor heyman reveals 8.8 pct lse stake,positive,2,neutral,False,0.99648225,0.0024186198,0.99648225,0.0010992013
sainsbury family sinks $20 billion bid hopes,negative,0,neutral,False,0.99463046,0.004340795,0.99463046,0.0010286917
toll profit down but says worst may be over,neutral,1,negative,False,0.99273795,0.99273795,0.0047964617,0.002465555
china says poses no threat to global energy security,positive,2,neutral,False,0.9743662,0.001780343,0.9743662,0.023853432
high-end wireless vulnerable to apple iphone,negative,0,negative,True,0.93023777,0.93023777,0.067893215,0.0018689964
"update 3-disney cfo sees improvements in studios, parks",positive,2,neutral,False,0.98657495,0.00047018938,0.98657495,0.012954864
clear channel delays vote on $19 bln buyout deal,negative,0,neutral,False,0.9741582,0.024219917,0.9741582,0.0016218228
anheuser-busch to expand china production,positive,2,positive,True,0.9152819,0.000728689,0.08398937,0.9152819
new products could boost adobe shares barrons,positive,2,positive,True,0.9539037,0.0010579025,0.04503841,0.9539037
fortress to buy railamerica for $640 million,positive,2,neutral,False,0.9981142,0.0006693143,0.9981142,0.0012164796
"honda to recall 166,000 accord, other cars in u.s",negative,0,negative,True,0.9978987,0.9978987,0.0017127628,0.0003885043
boeing plane orders surge in february,positive,2,positive,True,0.99736494,0.00090342446,0.0017316329,0.99736494
star cruises to withdraw from singapore casino,negative,0,neutral,False,0.9960043,0.0030961786,0.9960043,0.00089952693
"american, southwest post profits as airfares rise",positive,2,positive,True,0.9844052,0.010239152,0.005355669,0.9844052
michelin wins 10-year $1.7 billion us military contract,positive,2,positive,True,0.982771,0.00094539684,0.016283588,0.982771
wrigley to raise prices by an average 10 percent,positive,2,positive,True,0.66053486,0.014478099,0.32498705,0.66053486
delta bondholders form group to support us air bid,positive,2,neutral,False,0.99646074,0.0016244169,0.99646074,0.0019148097
univar says brenntag has rival bid for chemcentral,positive,2,neutral,False,0.99781394,0.0008596039,0.99781394,0.0013263841
corporate crisis go on the attack,neutral,1,negative,False,0.99610597,0.99610597,0.0036246758,0.0002692974
"microsoft, novell reach agreement on linux source",positive,2,neutral,False,0.94995725,0.0010175309,0.94995725,0.04902525
chubb to pay $17 mln in commission settlement,negative,0,positive,False,0.9968382,0.00043441117,0.0027273386,0.9968382
ba considers 1 bln stg bid for rival bmi paper,positive,2,neutral,False,0.99803025,0.0006790495,0.99803025,0.001290647
biovail stock up on dividend hike,positive,2,positive,True,0.99825174,0.0004519686,0.0012962511,0.99825174
costly fuel cools americans love for cars,negative,0,neutral,False,0.99029225,0.0010923513,0.99029225,0.008615414
ppr pounces on puma with takeover bid,positive,2,neutral,False,0.9973225,0.0009917894,0.9973225,0.0016857814
"belarus resumes russian oil flow, ending 3-day halt",positive,2,positive,True,0.96846807,0.0052071526,0.02632478,0.96846807
"visa, morgan stanley settle antitrust dispute ft",positive,2,positive,True,0.9902022,0.0004957689,0.009301964,0.9902022
g7 drive to boost imf econ policy role loses speed,negative,0,negative,True,0.54432565,0.54432565,0.45306116,0.0026132176
wal-mart adds 12 states to $4 generic drug plan,positive,2,neutral,False,0.98557913,0.00052965066,0.98557913,0.013891179
regulators probe unusual dow jones trading,negative,0,negative,True,0.99792707,0.99792707,0.0016433363,0.00042957652
news corp set to launch myspace.com china venture,positive,2,neutral,False,0.9980989,0.00052457646,0.9980989,0.0013764933
dont look for quick results from china trip paulson,neutral,1,neutral,True,0.9986557,0.00071974105,0.9986557,0.00062450004
probe of valero refinery fire begins in texas,negative,0,negative,True,0.5656902,0.5656902,0.42934144,0.004968351
"u.s. industry struggles, jobless lines lengthen",negative,0,negative,True,0.99864596,0.99864596,0.00096936227,0.00038460255
northwest air quarterly net loss narrows,positive,2,positive,True,0.9984627,0.0008206392,0.0007167404,0.9984627
australias macquarie raises offer for alinta,positive,2,neutral,False,0.9957753,0.000944232,0.9957753,0.0032805286
levi strauss quarterly net profit doubles,positive,2,positive,True,0.9982545,0.0005704102,0.0011751587,0.9982545
teva gets fda nod for generic version of dostinex,positive,2,neutral,False,0.633009,0.0026060375,0.633009,0.3643849
"countrywide ceo gets $43 mln pay, $79 mln gain",neutral,1,positive,False,0.91060936,0.0017750305,0.087615654,0.91060936
airline partners says will not raise qantas offer,negative,0,neutral,False,0.9933907,0.005610214,0.9933907,0.000999133
bridgestone to buy bandag,positive,2,neutral,False,0.9892532,0.00089838967,0.9892532,0.009848411
"alcoa deal talk, oils rebound drive stocks rally",positive,2,positive,True,0.9962682,0.001152634,0.0025792182,0.9962682
emi set to reject permira offer,negative,0,neutral,False,0.99601704,0.0020510308,0.99601704,0.0019319279
indexes rise on mergers,positive,2,positive,True,0.98566324,0.00088481465,0.01345203,0.98566324
vornado team makes $21.6 bln bid for equity office,positive,2,neutral,False,0.9983645,0.0006234086,0.9983645,0.0010121414
justice dept. probing past kb home options,negative,0,neutral,False,0.9985667,0.000716112,0.9985667,0.0007172281
harman to be bought for about $8 billion,positive,2,neutral,False,0.9981425,0.00057372253,0.9981425,0.0012837698
office depot posts higher profit,positive,2,positive,True,0.99822897,0.0002531102,0.0015179032,0.99822897
whirlpool to sell hoover to techtronic,neutral,1,neutral,True,0.99718374,0.0006964837,0.99718374,0.002119738
fortune brands names chief operating officer,neutral,1,neutral,True,0.99885714,0.0004291209,0.99885714,0.00071370485
jones apparel forecasts q4 net loss of $2.48/shr,negative,0,negative,True,0.99743736,0.99743736,0.0018969806,0.0006656082
factbox-u.s. auto sales fall in march,negative,0,negative,True,0.9990534,0.9990534,0.000659965,0.00028667928
alumina says no information on alcoa bid rumours,neutral,1,neutral,True,0.99869126,0.00048918655,0.99869126,0.00081950676
eu backs u.s. air pact with 5-month delay,neutral,1,neutral,True,0.99560934,0.0015059381,0.99560934,0.0028847905
unitedhealth posts $1.2 billion quarterly profit,positive,2,positive,True,0.9666585,0.001147592,0.03219398,0.9666585
roche sees lower 2007 pandemic tamiflu sales,negative,0,negative,True,0.9993106,0.9993106,0.00048989203,0.0001995801
update 4-hilton sees profit up 16-22 pct per year through 09,positive,2,positive,True,0.99876404,0.000520816,0.00071517396,0.99876404
kerkorian offers $4.5 bln to buy chrysler,positive,2,neutral,False,0.9979322,0.00070997427,0.9979322,0.0013577908
nissan q2 operating profit dips,negative,0,negative,True,0.9993801,0.9993801,0.0003671552,0.00025272873
coke reorganizes n america beverages into 3 units,neutral,1,neutral,True,0.9984124,0.0008188022,0.9984124,0.00076879683
merck to pay $2.9 billion to settle u.s. tax claims,negative,0,positive,False,0.99744797,0.00038147232,0.002170586,0.99744797
two bids submitted for clear channel sources,positive,2,neutral,False,0.99864274,0.00045506077,0.99864274,0.00090219633
blockbuster reports wider loss,negative,0,negative,True,0.99883443,0.99883443,0.00093561545,0.00022987073
factory orders fell 4.7 percent,negative,0,negative,True,0.99936503,0.99936503,0.00037679,0.0002581936
allion healthcare says to restate certain 2005 results,negative,0,negative,True,0.96313196,0.96313196,0.035938133,0.00092983077
"goodyear, union negotiators to meet tuesday",neutral,1,neutral,True,0.9979177,0.0010134031,0.9979177,0.0010688739
big airlines get boost from jet fuel drop,positive,2,positive,True,0.8921408,0.006520291,0.10133894,0.8921408
producer prices fell 0.6 percent in january,positive,2,negative,False,0.999201,0.999201,0.0005510817,0.00024793108
tokyo bourse to tie up with lse report,positive,2,neutral,False,0.9960866,0.0018334661,0.9960866,0.0020799453
"corrected murdochs dow deal may up asia clout, but not china",positive,2,neutral,False,0.9973143,0.0008631776,0.9973143,0.0018226068
australias coles sale plan not impacting revamp,neutral,1,neutral,True,0.99833256,0.0005981215,0.99833256,0.0010693341
govt drops 5 ex-nyse specialist cases,positive,2,neutral,False,0.9963021,0.0025985907,0.9963021,0.0010993741
sca says to buy pg european tissue unit,positive,2,neutral,False,0.99421567,0.0007514279,0.99421567,0.0050329333
first conviction in hp board leak scandal case,negative,0,neutral,False,0.98419327,0.011884851,0.98419327,0.003921765
nokia reorganizes north american operations,neutral,1,neutral,True,0.99865675,0.000555864,0.99865675,0.00078735343
celanese first quarter earnings rise 72 pct,positive,2,positive,True,0.9989091,0.00041647293,0.0006744382,0.9989091
cellcom ipo underwriters reject option to buy shares,negative,0,neutral,False,0.9849849,0.011485379,0.9849849,0.0035297603
lilly encouraged off-label zyprexa use paper,negative,0,neutral,False,0.9965173,0.00080538547,0.9965173,0.0026773214
pfizer shares plunge after cholesterol drug fails,negative,0,negative,True,0.9994455,0.9994455,0.00036511,0.00018943218
malaysian fly asian in $2.75 bln airbus deal report,positive,2,neutral,False,0.8784652,0.0015195453,0.8784652,0.12001529
factbox-major auto parts deals this year,neutral,1,neutral,True,0.99905926,0.00035634628,0.99905926,0.0005844129
reckson asks icahn group to provide data on bid,neutral,1,neutral,True,0.9987105,0.000498259,0.9987105,0.00079126004
"conocophillips raises share buyback plan, dividend",positive,2,positive,True,0.98136544,0.00043796486,0.018196607,0.98136544
"netflix launches 1,000-title online movie feature",positive,2,neutral,False,0.99740016,0.0004539884,0.99740016,0.0021459481
readers digest accepts $1.6 billion takeover bid,positive,2,neutral,False,0.9977489,0.00062906917,0.9977489,0.0016219661
fda panel urges limits on sanofi antibiotic,negative,0,neutral,False,0.9727693,0.021722263,0.9727693,0.005508504
u.s. defense stocks take hit after election results,negative,0,negative,True,0.99925,0.99925,0.0005308095,0.0002191531
u.s. airlines raise fares to offset high fuel cost,positive,2,neutral,False,0.65999895,0.02194706,0.65999895,0.318054
bojs haru says yen weakness positive for economy,positive,2,positive,True,0.99345726,0.0024095902,0.0041331765,0.99345726
delphi delays filing quarterly report,negative,0,neutral,False,0.92895985,0.06972559,0.92895985,0.0013145172
bae in final talks to buy armor holdings paper,positive,2,neutral,False,0.99810994,0.0006436297,0.99810994,0.001246517
wal-mart stake of helen walton goes to charity,neutral,1,neutral,True,0.9976882,0.001347531,0.9976882,0.00096429005
mgm mirage in talks to build hotels in china,positive,2,neutral,False,0.997593,0.0005331622,0.997593,0.0018738828
starbucks first quarter profit up 18 percent,positive,2,positive,True,0.9990107,0.00039007832,0.0005992663,0.9990107
"nissan profit down on weak u.s. sales, cuts forecast",negative,0,negative,True,0.9994398,0.9994398,0.00030755886,0.0002526448
disney studios ends year with $3.26 billion box office,positive,2,positive,True,0.61285704,0.0056364457,0.38150656,0.61285704
oil rises on cold u.s. weather forecasts,positive,2,positive,True,0.99773514,0.00062037946,0.0016444091,0.99773514
nyse/nasd regulation merger challenged by broker,negative,0,negative,True,0.8956565,0.8956565,0.103050165,0.001293261
charles schwab earnings could hit $1 billion,positive,2,positive,True,0.9970214,0.0008902441,0.0020883353,0.9970214
s.korea issues warrant to detain two lone star execs,negative,0,neutral,False,0.99387723,0.004860665,0.99387723,0.0012622011
chrysler to target $1000 per vehicle cost cuts,positive,2,positive,True,0.82009375,0.004443859,0.17546241,0.82009375
apple rolls out much-anticipated iphone,positive,2,neutral,False,0.9956078,0.00095694076,0.9956078,0.0034352792
"ge should spin off nbc, other units citigroup",positive,2,neutral,False,0.9982102,0.00047689019,0.9982102,0.0013128602
update 3-intuit to buy digital insight for $1.35 billion,positive,2,neutral,False,0.9939638,0.00089031993,0.9939638,0.005145842
goldman seeks more middle-market deals,positive,2,neutral,False,0.99645257,0.00063377526,0.99645257,0.002913704
deals push dow to its fifth record in a row,positive,2,positive,True,0.9949356,0.00065368577,0.004410804,0.9949356
no need for u.s. or japan rate rises for now oecd,positive,2,neutral,False,0.99710685,0.0013045616,0.99710685,0.0015885965
kodak launches printer to compete with hp,positive,2,neutral,False,0.9921306,0.0010476243,0.9921306,0.006821756
factbox-projects backed by russias investment fund,neutral,1,neutral,True,0.99887675,0.00044447108,0.99887675,0.0006786721
hp sues acer for patent breach,negative,0,negative,True,0.9977673,0.9977673,0.0016842703,0.00054840895
"abn gets new lasalle bid for $24.5 bln, to hold vote",positive,2,neutral,False,0.99766505,0.0005453207,0.99766505,0.0017896652
warner music shares up after analyst note,positive,2,positive,True,0.99882513,0.00036176632,0.0008131367,0.99882513
"hyundai steel in talks with thyssenkrupp, jfe",positive,2,neutral,False,0.9909087,0.00083914545,0.9909087,0.008252124
lse shares signal nasdaq bid may fail analysts,negative,0,negative,True,0.99623376,0.99623376,0.0032902593,0.00047595007
citigroup to buy pandits old lane hedge fund,positive,2,neutral,False,0.9967434,0.000956001,0.9967434,0.0023006506
sony looks for profits elsewhere to offset ps3,positive,2,neutral,False,0.9812712,0.015390772,0.9812712,0.003338072
indexes fall as investors sell aprils stars,negative,0,negative,True,0.9992415,0.9992415,0.00047910688,0.00027942113
blackstone raising $10 billion as property funds go big,positive,2,neutral,False,0.9840073,0.002523356,0.9840073,0.013469385
cvc seeks friendly boehler-uddeholm takeover,positive,2,neutral,False,0.99857247,0.0005554432,0.99857247,0.00087202707
wal-mart ceo says cautious as fuel prices rise,negative,0,neutral,False,0.839826,0.1487528,0.839826,0.011421207
ge to close 273 japan consumer credit locations,negative,0,negative,True,0.9924367,0.9924367,0.007223102,0.00034017043
gm gives out stock bonuses for first time since 2003,positive,2,neutral,False,0.97215533,0.00079381745,0.97215533,0.027050767
anheuser-busch profit misses view,negative,0,negative,True,0.9992367,0.9992367,0.0004515466,0.00031175572
"sun microsystems revenue misses, shares fall",negative,0,negative,True,0.9994462,0.9994462,0.00034118767,0.00021251015
matsushita to mass-produce heatproof batteries,positive,2,neutral,False,0.9833957,0.0009757735,0.9833957,0.015628478
delta air lines wont seek white knight,negative,0,neutral,False,0.99806756,0.0009020886,0.99806756,0.0010303876
uaw to begin gm contract talks in july,neutral,1,neutral,True,0.99787545,0.00058393256,0.99787545,0.0015405539
subprime lenders made record exceptions analysts,negative,0,neutral,False,0.91885996,0.006399559,0.91885996,0.074740514
inflation pressures fell in february ecri,positive,2,positive,True,0.99235755,0.0038827253,0.0037597527,0.99235755
wal-mart could announce new ad agency report,neutral,1,neutral,True,0.99870515,0.00035304727,0.99870515,0.0009418313
"ntl drops itv bid, takes bskyb to regulators",negative,0,neutral,False,0.93861836,0.05948983,0.93861836,0.0018917902
"update 4-cigna earnings rise, shares up after 07 forecast",positive,2,positive,True,0.99874413,0.00072014506,0.00053570815,0.99874413
"oil steadies, yen rises on boj remarks",neutral,1,neutral,True,0.6011772,0.09418495,0.6011772,0.3046379
ex-black manager tells trial fees were legal,positive,2,neutral,False,0.9978119,0.0010402997,0.9978119,0.0011476811
universal electronics has growing niche barrons,positive,2,neutral,False,0.9927326,0.0007658219,0.9927326,0.0065016258
txu says it does not expect superior takeover bid,negative,0,neutral,False,0.9916443,0.0043022493,0.9916443,0.0040534316
stocks mark worst drop in months,negative,0,negative,True,0.999295,0.999295,0.00034756958,0.00035733488
american apparel close to being bought wsj,positive,2,neutral,False,0.9652235,0.0012811051,0.9652235,0.033495314
"u.s. firms may take stake in reliance comm unit, newspaper says",positive,2,neutral,False,0.99703646,0.0006933847,0.99703646,0.0022701349
"cooper tire breezes past estimates, shares jump",positive,2,positive,True,0.9987029,0.00063425925,0.000662791,0.9987029
caterpillar profit tops estimates,positive,2,positive,True,0.9985581,0.00064481125,0.0007970304,0.9985581
vw works council head wants piech to stay on board,neutral,1,neutral,True,0.99719363,0.0011067155,0.99719363,0.0016996717
reuters shares rise on consolidation talk traders,positive,2,positive,True,0.9980868,0.00038323752,0.0015299887,0.9980868
home depot discloses errors tied to stock options,negative,0,negative,True,0.83268255,0.83268255,0.16584119,0.00147621
paulson strong dollar in u.s. interest,positive,2,negative,False,0.53440064,0.53440064,0.373855,0.09174437
japan banks to give credit in citis nikko bid-paper,positive,2,neutral,False,0.9963296,0.0015798945,0.9963296,0.0020904725
fcc chair open to expanded airwave auction plan,neutral,1,neutral,True,0.9974348,0.00047647342,0.9974348,0.0020888294
"best buy to open 130 stores in u.s., china, canada",positive,2,neutral,False,0.992417,0.00038250006,0.992417,0.0072005168
stocks drop as more home loans go bad micron warns,negative,0,negative,True,0.9993742,0.9993742,0.0004043761,0.00022152024
home depot to buy big stake in chinas homeway,positive,2,neutral,False,0.9963703,0.0013912126,0.9963703,0.0022384801
rim forecasts growth sec upgrades options probe,neutral,1,neutral,True,0.9917081,0.0039156196,0.9917081,0.0043762536
infineon confident as phone-chip unit narrows loss,positive,2,positive,True,0.9981681,0.00037524317,0.0014566182,0.9981681
goodyear union votes on new contract,neutral,1,neutral,True,0.99530727,0.0015317184,0.99530727,0.0031609128
ford plans to secure $18 bln in financing,positive,2,neutral,False,0.99574465,0.0014033942,0.99574465,0.0028518795
"cnh global profit tops street view, shares surge",positive,2,positive,True,0.9982584,0.0010164102,0.00072517287,0.9982584
shell drops gulf lng port,negative,0,neutral,False,0.99772125,0.0015018663,0.99772125,0.000776926
kronos to be taken private in $1.8 billion deal,positive,2,neutral,False,0.99807405,0.0011107302,0.99807405,0.000815294
"bmo to cut 1,000 jobs",negative,0,negative,True,0.99909735,0.99909735,0.0006108294,0.00029180988
shareholder challenges buffetts petrochina stake,negative,0,negative,True,0.9830185,0.9830185,0.016523844,0.00045761163
blackstone among suitors for gms allison sources,positive,2,neutral,False,0.99846494,0.0004689635,0.99846494,0.0010661153
"ual turns profit, but fuel concerns hit stock",negative,0,negative,True,0.6755724,0.6755724,0.28419474,0.040232837
merck says fda rejects arcoxia drug,negative,0,negative,True,0.9390392,0.9390392,0.059734218,0.0012265258
fcc chief seeks to end att-bellsouth stalemate,positive,2,neutral,False,0.99816704,0.0007746379,0.99816704,0.0010582585
wal-mart clarifies healthcare figures,neutral,1,neutral,True,0.9987715,0.0006815899,0.9987715,0.0005468128
gm blasts proposed change in u.s. fuel economy rules,negative,0,neutral,False,0.9976058,0.0015255392,0.9976058,0.0008685859
coventry health quarterly profit rises,positive,2,positive,True,0.9988393,0.00033575477,0.0008249867,0.9988393
"buffett likes railroads, outlook not sensational",neutral,1,neutral,True,0.9928681,0.0010495741,0.9928681,0.0060822074
tech data posts higher quarterly net profit,positive,2,positive,True,0.998744,0.00045914034,0.00079686055,0.998744
china sets up task force on illegal share activity,negative,0,neutral,False,0.981341,0.015315164,0.981341,0.0033437484
"inbev, anheuser-busch shares rise on merger report",positive,2,positive,True,0.99809295,0.0002882255,0.0016188067,0.99809295
novelis in sale talks india group said interested,positive,2,neutral,False,0.9983736,0.00042255459,0.9983736,0.0012037877
us airways sees slight profit for first quarter,positive,2,positive,True,0.58582515,0.036817715,0.37735713,0.58582515
inflation expectations key to policy fed,neutral,1,neutral,True,0.9980926,0.0010945178,0.9980926,0.0008128728
daimlerchrysler hires ex-fbi head freeh amid probe,negative,0,neutral,False,0.9960836,0.0030853653,0.9960836,0.0008310059
dow jones seeks to buy but says valuations too high,neutral,1,neutral,True,0.98548096,0.008741408,0.98548096,0.005777536
home loan demand rises despite higher rates,positive,2,positive,True,0.9633708,0.004524565,0.032104664,0.9633708
world economy switches engines as us shudders oecd,neutral,1,neutral,True,0.8731212,0.11947381,0.8731212,0.007404926
sallie deal sets precedent for financial firm lbos,positive,2,neutral,False,0.9972778,0.0006403657,0.9972778,0.0020818799
u.s. prosecutors reviewing rim options grants,negative,0,neutral,False,0.9968946,0.0017571198,0.9968946,0.001348271
"express scripts profit jumps, raises 2007 view",positive,2,positive,True,0.9986602,0.00058747997,0.00075234263,0.9986602
s.koreas posco jumps on news of buffett stake buy,positive,2,positive,True,0.9950572,0.0013667339,0.0035760687,0.9950572
holiday sales seen modestly higher survey,positive,2,positive,True,0.9936753,0.0036232332,0.0027015053,0.9936753
tyson foods to resume beef exports to s.korea,positive,2,neutral,False,0.5415326,0.0023952306,0.5415326,0.45607218
dow and nasdaq inch up with techs,positive,2,positive,True,0.99847704,0.0005795691,0.0009434328,0.99847704
u.s. judge rules barclays back in enron lawsuit,negative,0,neutral,False,0.79790103,0.013358657,0.79790103,0.1887403
anheuser-busch 4th-qtr profit up,positive,2,positive,True,0.99882203,0.00057948765,0.00059842103,0.99882203
"wal-mart reorganizes merchandising, marketing",neutral,1,neutral,True,0.99760556,0.001339605,0.99760556,0.0010548085
motorola tried to work with icahn on board member,neutral,1,neutral,True,0.99607086,0.0006148075,0.99607086,0.0033142723
wal-mart fights back over firings report,negative,0,neutral,False,0.9390391,0.05644628,0.9390391,0.0045146644
asia markets to feel bite of u.s. subprime woes,negative,0,negative,True,0.9957522,0.9957522,0.003873473,0.00037431924
j.c. penney profit better than expected,positive,2,positive,True,0.9987356,0.00053959835,0.00072479225,0.9987356
loews quarterly profit up nearly six-fold,positive,2,positive,True,0.998823,0.00056882267,0.00060822,0.998823
economy stronger than first thought in third quarter,positive,2,positive,True,0.996278,0.0013759547,0.0023459936,0.996278
audi sees record revenue and earnings in 2006,positive,2,positive,True,0.99469674,0.0003467815,0.0049564396,0.99469674
"lawmakers question us air, delta on merger impact",negative,0,neutral,False,0.99816847,0.001149435,0.99816847,0.0006820667
correctedamd sees q4 rev below analysts estimates,negative,0,negative,True,0.9989753,0.9989753,0.0003914687,0.00063336483
cvc drops plan to bid for uks sainsbury,negative,0,neutral,False,0.9979559,0.0009349788,0.9979559,0.0011091349
pier 1 december same-store sales down 10.7 percent,negative,0,negative,True,0.9994134,0.9994134,0.00033185573,0.00025488366
oxy slows plan to build lng terminal in texas,negative,0,neutral,False,0.9976553,0.00092372,0.9976553,0.0014210047
tyco quarterly profit down on charges,negative,0,negative,True,0.99943787,0.99943787,0.00033299442,0.00022907968
u.s. oks first anti-subsidy probe vs china since 91,negative,0,negative,True,0.9897049,0.9897049,0.0074681803,0.002826984
update 4-russian oil supplies to poland and germany halted,negative,0,positive,False,0.9245485,0.03948677,0.03596474,0.9245485
update 2-slims america movil swallows its holding company,positive,2,neutral,False,0.9802326,0.01890816,0.9802326,0.0008592036
"lg.philips says investigated by s.korea, japan, u.s.",negative,0,neutral,False,0.9130039,0.08382837,0.9130039,0.0031677827
"corrected harley-davidson profit, sales hit by strike",negative,0,negative,True,0.9991737,0.9991737,0.0005564172,0.00026994804
pw eagle to be bought by j-m manufacturing,positive,2,neutral,False,0.9967789,0.0014623778,0.9967789,0.0017587045
longs drug stores december same-store us sales up 1 pct,positive,2,positive,True,0.9983713,0.00095766434,0.00067100895,0.9983713
dow down as oil nears $61,negative,0,negative,True,0.99940217,0.99940217,0.0003387159,0.00025910206
gm says subprime maelstrom caused shortfall,negative,0,negative,True,0.9945962,0.9945962,0.0047358433,0.000667952
ping an shares jump 51 percent,positive,2,positive,True,0.99882656,0.0005470036,0.000626438,0.99882656
"adidas says 2006 sales jump on world cup, reebok",positive,2,positive,True,0.9983878,0.0003531457,0.0012590814,0.9983878
morgan stanley to spin off discover,positive,2,neutral,False,0.9980574,0.00039818164,0.9980574,0.0015442779
rio tinto h2 profit up on high prices,positive,2,positive,True,0.9986331,0.00068528147,0.00068162393,0.9986331
update 3-berkshire hathaway profit nearly quintuples,positive,2,positive,True,0.99563366,0.0027566142,0.0016097578,0.99563366
unitedhealth to buy sierra health for $2.4 bln,positive,2,neutral,False,0.997191,0.0007077298,0.997191,0.0021012602
"dow, sp fall on inflation worries, hp results",negative,0,negative,True,0.9993575,0.9993575,0.00037464235,0.00026786205
medtronic says to appeal patent ruling,negative,0,neutral,False,0.6123216,0.3739032,0.6123216,0.013775235
j.c. penney fires chief operating officer,negative,0,neutral,False,0.8541007,0.14451733,0.8541007,0.0013819742
alberto-culver to name kraft exec as cfo,neutral,1,neutral,True,0.9986739,0.00056874915,0.9986739,0.0007573586
paulson defends yen value despite european worries,neutral,1,neutral,True,0.875933,0.08937605,0.875933,0.034690898
matsushita may reinvest in jvc after sale paper,neutral,1,neutral,True,0.99674904,0.0004396839,0.99674904,0.0028113604
"dell hires new managers, restructures product group",neutral,1,neutral,True,0.9976458,0.00063206855,0.9976458,0.0017220338
"txu agrees to kkr, texas pacific buyout report",positive,2,neutral,False,0.9885084,0.00096729485,0.9885084,0.010524287
venezuelas oil nationalization could crimp output iea,negative,0,negative,True,0.9987087,0.9987087,0.00094081403,0.00035050546
daimlerchrysler warns of n. american layoffs,negative,0,negative,True,0.999009,0.999009,0.00072627165,0.00026479297
"global markets-rates outlook saps dollar, yen stocks ease",negative,0,negative,True,0.99564505,0.99564505,0.0031622027,0.001192695
abn lifts standstill for rbs group due diligence,positive,2,neutral,False,0.9940241,0.0015266271,0.9940241,0.004449372
sony to sell worlds lightest notebook pc in dec,positive,2,neutral,False,0.9905319,0.0006791177,0.9905319,0.008788922
dissident shareholders win control at take-two,positive,2,neutral,False,0.9945686,0.0034265376,0.9945686,0.0020048784
update 4-shell ceo in moscow in search of gazprom deal,positive,2,neutral,False,0.9983144,0.00086011575,0.9983144,0.0008256076
celgene says barr seeking generic of thalidomide,negative,0,neutral,False,0.99464345,0.001206339,0.99464345,0.0041502626
suits join greens to ride renewables wave,positive,2,neutral,False,0.99360955,0.0011947945,0.99360955,0.0051957374
"doubleclick eyes sale, talks with microsoft report",positive,2,neutral,False,0.9985195,0.0005153663,0.9985195,0.00096507464
"citigroup to slash 17,000 jobs, cut $4.6 bln costs",negative,0,negative,True,0.9991725,0.9991725,0.0005713213,0.00025603562
e.w. scripps shines among floundering group-barrons,positive,2,neutral,False,0.996639,0.0010254029,0.996639,0.0023355219
lone star to sell stake in tokyo star sources,neutral,1,neutral,True,0.99798536,0.0010247495,0.99798536,0.0009898053
late support revives qantas bid buyout group,positive,2,neutral,False,0.7664703,0.00860798,0.7664703,0.2249217
palm sees overseas growth,positive,2,positive,True,0.98495436,0.00042897696,0.014616644,0.98495436
"nyse, others buy 20 pct stake in indias nse bourse",positive,2,neutral,False,0.9942748,0.0022205906,0.9942748,0.0035046397
qualcomm posts higher q1 profit,positive,2,positive,True,0.9987326,0.0003203469,0.0009470456,0.9987326
huntington to buy sky financial for $3.6 bln,positive,2,neutral,False,0.99694866,0.00091215246,0.99694866,0.0021392372
feds stern lauds benefits of inflation targets,neutral,1,neutral,True,0.9954744,0.0013588177,0.9954744,0.0031668695
weight watchers shares fall on disappointing outlook,negative,0,negative,True,0.99943966,0.99943966,0.00031250826,0.0002478156
business says carbon trading market must be global,neutral,1,neutral,True,0.99652267,0.0008369722,0.99652267,0.0026403256
ex-minerva ceo in joint venture with goldman sachs fund report,positive,2,neutral,False,0.99695086,0.00049735187,0.99695086,0.0025517426
wall street hurt by mortgage worries,negative,0,negative,True,0.99720997,0.99720997,0.0025089008,0.0002811487
handheld entertainment buys yourdailymedia.com,positive,2,neutral,False,0.99781716,0.000681446,0.99781716,0.0015013261
"mcdonalds quarterly net rises, expanding in asia",positive,2,positive,True,0.99878997,0.0005262056,0.0006838129,0.99878997
blackstone to sell some properties to macklowe - source,neutral,1,neutral,True,0.9983165,0.00086224184,0.9983165,0.0008212553
micron sees falling margins for some memory chips,negative,0,negative,True,0.99932694,0.99932694,0.00042164171,0.00025152127
"nintendo 06/07 sales, profit beat forecasts on ds",positive,2,positive,True,0.998741,0.00068310706,0.00057591806,0.998741
shell to pay $353 million in overbooking settlement,negative,0,positive,False,0.99393684,0.00067240524,0.005390748,0.99393684
motorola to use 3g chips from texas instruments,positive,2,neutral,False,0.9974431,0.0007421704,0.9974431,0.0018147489
stocks slip on concerns about jobs and profits,negative,0,negative,True,0.999416,0.999416,0.00036591574,0.00021818177
couche-tard expands in florida,positive,2,neutral,False,0.9186583,0.0013384582,0.9186583,0.08000318
russia rejects expansion of chevron oil link paper,negative,0,neutral,False,0.9974421,0.0012373631,0.9974421,0.0013205652
adam smith gets orourke alternative,neutral,1,neutral,True,0.99803597,0.0010260473,0.99803597,0.0009379467
flextronics posts higher quarterly profit,positive,2,positive,True,0.99864787,0.00027056065,0.0010816132,0.99864787
univar buys u.s. chemical distributor for $600 mln,positive,2,neutral,False,0.9966672,0.0005174651,0.9966672,0.002815421
ford ceo says ahead of schedule on buyouts report,positive,2,neutral,False,0.9920345,0.000593861,0.9920345,0.007371569
"m comes to nyse, as macys, not microsoft",neutral,1,neutral,True,0.9978947,0.00053960073,0.9978947,0.0015657826
microsoft profit rises 11 percent,positive,2,positive,True,0.9989128,0.00037940888,0.0007078222,0.9989128
icahn says may not get motorola board seat,negative,0,neutral,False,0.9962825,0.0028215135,0.9962825,0.0008959412
sabmiller considers $12.8bln bid for brewer sn paper,positive,2,neutral,False,0.9984395,0.0005173635,0.9984395,0.0010431114
schering-plough sees limited organon job losses,positive,2,positive,True,0.85854673,0.12735534,0.014097954,0.85854673
stocks gain on takeovers,positive,2,positive,True,0.9982973,0.00059418957,0.0011086041,0.9982973
bank of america awards ceo lewis $11.07 mln stock,neutral,1,neutral,True,0.9923908,0.0010647794,0.9923908,0.0065443376
morgan stanley ceo awarded $40 mln bonus,neutral,1,neutral,True,0.82975054,0.0013765063,0.82975054,0.168873
att pulls out of t.italia talks media,negative,0,neutral,False,0.9952661,0.0042449594,0.9952661,0.00048888696
"oil drops 3.4 percent, saudi says dont panic",negative,0,negative,True,0.99931705,0.99931705,0.00040734952,0.0002756746
shell may struggle to recoup sakhalin-2 costs,negative,0,negative,True,0.9979972,0.9979972,0.0018178261,0.00018491231
"wall street seen opening flat, eyes on data",neutral,1,neutral,True,0.9975231,0.0016800549,0.9975231,0.0007968363
"nasdaq issues weak forecast, shares plunge",negative,0,negative,True,0.9994771,0.9994771,0.00027640272,0.00024649219
wal-mart cuts prices on food ahead of holidays,negative,0,neutral,False,0.8732859,0.10001779,0.8732859,0.026696298
yahoo expands mobile web search deals,positive,2,neutral,False,0.7965854,0.00081948494,0.7965854,0.20259511
"macklowe leaves icahn alone on reckson bid, source says",negative,0,neutral,False,0.9979359,0.00057412835,0.9979359,0.0014900557
2006 trade gap widens to record,negative,0,negative,True,0.9966594,0.9966594,0.0020148314,0.0013257753
update 3-monster says overstated 97-05 profit by $271.9 mln,negative,0,neutral,False,0.46585163,0.44812807,0.46585163,0.08602027
"itt profit beats wall st, raises forecast",positive,2,positive,True,0.99856156,0.0007512789,0.00068721455,0.99856156
private equity firms bidding for sabre source,positive,2,neutral,False,0.99864274,0.00058035,0.99864274,0.0007768656
stocks end flat as fed stance questioned,neutral,1,negative,False,0.9748887,0.9748887,0.023886107,0.0012252846
yahoo to provide music services for sandisk player,positive,2,neutral,False,0.9963599,0.00041723374,0.9963599,0.003222858
cingular launches u.s. mobile banking,positive,2,neutral,False,0.9970011,0.0004979857,0.9970011,0.002500829
"teck cominco profit up, plans share split",positive,2,positive,True,0.99283034,0.00047648852,0.006693183,0.99283034
united rentals to sell traffic control unit,neutral,1,neutral,True,0.9982765,0.0007042958,0.9982765,0.0010192158
jj bladder drug needs stronger caution fda staff,negative,0,neutral,False,0.987194,0.011089036,0.987194,0.0017170113
seven-eleven japan to offer cheaper soft drinks,negative,0,neutral,False,0.99687517,0.0010440637,0.99687517,0.0020806582
u.s. settles with darden restaurants over gift cards,negative,0,positive,False,0.59598947,0.0039404198,0.40007013,0.59598947
posco denies report arcelor mittal eyeing bid,negative,0,neutral,False,0.99739,0.0007609834,0.99739,0.001849113
local shopping center vacancy rises,negative,0,negative,True,0.8259459,0.8259459,0.17008168,0.003972342
update 3-buyout firms sued over club deals,negative,0,negative,True,0.9955433,0.9955433,0.003959384,0.0004973767
big oil bids for giant uae gas project,positive,2,neutral,False,0.9978808,0.0005795606,0.9978808,0.0015396345
feds moskow still focused on inflation risks,negative,0,neutral,False,0.99538285,0.0035014008,0.99538285,0.0011157496
"stocks to watch bad home loans, cpi",negative,0,neutral,False,0.9984469,0.00074411626,0.9984469,0.0008089679
fico score provider fair isaac sinks,negative,0,negative,True,0.99897885,0.99897885,0.0008067126,0.00021445924
"gap ads spur customer interest, but what of sales",neutral,1,neutral,True,0.9973272,0.00061326986,0.9973272,0.0020596017
eddie bauer says waiting period under hart-scott-rodino expires,positive,2,neutral,False,0.9972566,0.00066527433,0.9972566,0.0020782172
"oil falls on warmer u.s. weather, opec",negative,0,negative,True,0.9988298,0.9988298,0.00085948507,0.0003107213
"lafarge q3 net up 32 pct, ahead of forecasts",positive,2,positive,True,0.9984946,0.0009509709,0.0005543495,0.9984946
"juniper profit falls, shares down on outlook",negative,0,negative,True,0.99946946,0.99946946,0.00030594468,0.0002245587
u.s. existing home sales slip in december,negative,0,negative,True,0.99910825,0.99910825,0.00059602206,0.0002957638
cemex offers to buy rinker for $12.8 billion,positive,2,neutral,False,0.9979463,0.00060099544,0.9979463,0.0014527178
bid for harrahs expected to be raised to $87 paper,positive,2,neutral,False,0.6412644,0.0027268745,0.6412644,0.3560088
el paso pipeline explosion in wyoming kills 1,negative,0,neutral,False,0.984616,0.014022041,0.984616,0.0013619983
"hershey open to combination, cadbury eyed report",positive,2,neutral,False,0.99654156,0.000515681,0.99654156,0.002942685
update 2-wal-mart sees improvment in health plan enrollment,positive,2,neutral,False,0.9582104,0.023205826,0.9582104,0.01858384
corrected boeing profit up on jet deliveries,positive,2,positive,True,0.99858934,0.0007352389,0.00067544123,0.99858934
us stocks-stocks climb on higher profit forecasts,positive,2,positive,True,0.9987987,0.0005316408,0.0006696328,0.9987987
itt could continue strong growth barrons,positive,2,positive,True,0.98683167,0.0005489353,0.012619379,0.98683167
marvel entertainment posts lower quarterly profit,negative,0,negative,True,0.9993777,0.9993777,0.00039896322,0.00022322865
northrop may not bid in air tanker contract paper,negative,0,neutral,False,0.9976343,0.0012218003,0.9976343,0.0011438543
kodak says in license agreement with sony,positive,2,positive,True,0.54924995,0.0011903378,0.44955972,0.54924995
apple ex-cfo links jobs to backdated options,negative,0,neutral,False,0.9958247,0.0024913785,0.9958247,0.0016838759
valassis to buy advo at lower price suits dropped,positive,2,positive,True,0.73212373,0.008730705,0.25914553,0.73212373
"blackberry e-mail outage upsets white house, wall st",negative,0,negative,True,0.95906335,0.95906335,0.0402336,0.0007029761
clear channel outdoor posts higher profit,positive,2,positive,True,0.99800044,0.00025132397,0.0017481616,0.99800044
job growth surprisingly strong in december,positive,2,positive,True,0.9983413,0.0007667216,0.0008919444,0.9983413
stocks rebound on bernanke assurance,positive,2,positive,True,0.9978346,0.0009948841,0.0011704565,0.9978346
karstadt sees mytravel integrated in 24 months,neutral,1,neutral,True,0.99855095,0.00063715916,0.99855095,0.0008118873
time warner to sell magazines to bonnier report,neutral,1,neutral,True,0.9972025,0.00095505366,0.9972025,0.0018424509
"gm, ford shares rise on brokerage upgrade",positive,2,positive,True,0.99880517,0.00038418084,0.0008106544,0.99880517
cenveo to buy cadmus,positive,2,neutral,False,0.9855898,0.0012762735,0.9855898,0.013133872
microsoft hires ex-apprentice star as judge,neutral,1,neutral,True,0.99846315,0.0005951708,0.99846315,0.00094178267
anadarko sells part of k2 gulf of mexico field,neutral,1,neutral,True,0.99838865,0.0006419505,0.99838865,0.00096937636
googles youtube signing smaller partnerships paper,positive,2,neutral,False,0.99740297,0.0008039086,0.99740297,0.0017931565
court rejects class action against banks ny times,positive,2,positive,True,0.88452244,0.008059084,0.10741848,0.88452244
news corp. makes $5 billion bid for dow jones,positive,2,neutral,False,0.9978568,0.00079640065,0.9978568,0.0013468136
canon profit to rise for another record year,positive,2,positive,True,0.9989483,0.00048476015,0.0005670248,0.9989483
"chinas economy surges, more tightening seen",positive,2,positive,True,0.9810447,0.0060302312,0.012925101,0.9810447
corrected official toyota q3 beats expectations,positive,2,positive,True,0.99720156,0.0010739776,0.0017244585,0.99720156
wall street seen down before key economic data,negative,0,negative,True,0.9342921,0.9342921,0.06466671,0.0010411852
home depot investors try to halt ex-ceo exit pay,negative,0,neutral,False,0.92597145,0.071859084,0.92597145,0.0021693425
gm u.s. october sales up 22 pct,positive,2,positive,True,0.9987092,0.00055699295,0.00073383184,0.9987092
"banks shares push stocks up, easing mortgage woes",positive,2,positive,True,0.9958566,0.0013898835,0.0027535195,0.9958566
man ceo plays down chance of raised bid report,negative,0,neutral,False,0.99737597,0.0014888624,0.99737597,0.0011352034
instant view 3-michael dell returns as dell inc. ceo,positive,2,neutral,False,0.9987746,0.0005052189,0.9987746,0.00072020676
south korea picks boeing for surveillance planes,positive,2,neutral,False,0.9973884,0.00048708013,0.9973884,0.0021244616
"nasdaq, omx talked, but deal not imminent report",neutral,1,neutral,True,0.9971902,0.0009994755,0.9971902,0.0018103713
monsanto beats expectations with results,positive,2,positive,True,0.9973538,0.00031214822,0.0023340248,0.9973538
"nissan will consider us automakers assets, plants",positive,2,neutral,False,0.998669,0.0003282219,0.998669,0.0010028142
"dow jones to cut field office jobs, add others",negative,0,neutral,False,0.9034699,0.07895582,0.9034699,0.017574249
big oil firms expand in unconventional oil sector,positive,2,neutral,False,0.8536212,0.002824976,0.8536212,0.14355387
abn receives approaches from several banks sources,positive,2,neutral,False,0.99602216,0.0005231861,0.99602216,0.0034546833
factbox abn amro gets rival approach that tops agreed bid,positive,2,neutral,False,0.99699616,0.0010057748,0.99699616,0.0019980741
singapore oil storage caverns delayed,negative,0,neutral,False,0.99276793,0.0028950712,0.99276793,0.004336912
goodrich to sell $10 bln in components to airbus,positive,2,neutral,False,0.99701357,0.0008697852,0.99701357,0.0021166806
oil field delays mean higher 2010 crude price eia,positive,2,positive,True,0.89702815,0.06711103,0.03586082,0.89702815
txu bidders pledge no sale for 5 years wsj,neutral,1,neutral,True,0.99810314,0.0010079652,0.99810314,0.0008888737
boeing poised to receive $10 billion in orders wsj,positive,2,positive,True,0.996951,0.00072797167,0.0023210428,0.996951
cisco profit and outlook beat expectations,positive,2,positive,True,0.99890506,0.00047220066,0.00062272145,0.99890506
jj new stent device fails in study,negative,0,negative,True,0.8489559,0.8489559,0.14836001,0.0026841597
china firm denies role in pet deaths food scare,negative,0,neutral,False,0.991087,0.006888576,0.991087,0.0020244983
home depot says buys chinas the home way,positive,2,neutral,False,0.99815506,0.000636562,0.99815506,0.0012083075
gap hires goldman sachs shares surge,positive,2,positive,True,0.9955915,0.0008187305,0.0035897666,0.9955915
research firm hunts for clues in insider sales,neutral,1,neutral,True,0.99840134,0.0010460695,0.99840134,0.00055265747
japan july-september gdp growth tops forecasts,positive,2,positive,True,0.9931787,0.004436334,0.002384944,0.9931787
nintendo shares hit record high ahead of wii debut,positive,2,positive,True,0.99783665,0.0007387449,0.0014246817,0.99783665
u.s.-based airtran raises offer for midwest air,positive,2,neutral,False,0.99407494,0.0007433269,0.99407494,0.005181719
northwest airlines details reorganization plan,neutral,1,neutral,True,0.9985311,0.0004454943,0.9985311,0.0010232946
wal-mart makes two executive appointments in u.s,neutral,1,neutral,True,0.9988931,0.00038389582,0.9988931,0.00072309206
"hedge fund risks worst since 98 crisis, fed says",negative,0,negative,True,0.9978682,0.9978682,0.001687139,0.00044468083
corrected judge grants partial stay in vonage patent case,positive,2,positive,True,0.9093351,0.008849652,0.081815265,0.9093351
"borgwarner profit off 36 percent, misses forecasts",negative,0,negative,True,0.9993411,0.9993411,0.00028233996,0.00037662563
"barclays deal for abn-amro looms, boa to buy lasalle",positive,2,neutral,False,0.9961981,0.00068426103,0.9961981,0.0031175592
daewoo elec lenders to vote on videocon bid source,neutral,1,neutral,True,0.99774396,0.0007249322,0.99774396,0.0015311693
timberland quarterly profit falls forecast weak,negative,0,negative,True,0.99937385,0.99937385,0.00036299776,0.0002632228
oracle shows no momentum in linux effort,negative,0,neutral,False,0.7382032,0.25965536,0.7382032,0.002141374
fedex beats views but outlook is weak,negative,0,neutral,False,0.59976345,0.13961357,0.59976345,0.26062304
union says to start intensive talks with delphi,neutral,1,neutral,True,0.9768826,0.0027999817,0.9768826,0.020317424
ford says november retail sales down disappointing 7 pct,negative,0,negative,True,0.99939,0.99939,0.0003582062,0.00025171906
home depot set to announce china deal,positive,2,neutral,False,0.9983993,0.0003577112,0.9983993,0.0012428911
nintendo wii u.s. sales top sonys ps3 npd,positive,2,positive,True,0.99748284,0.0009924031,0.0015247375,0.99748284
medimmune sees 1st-quarter profit nearly tripling,positive,2,positive,True,0.998841,0.00054707465,0.00061197387,0.998841
goldman raises $6.5 billion infrastructure fund,positive,2,neutral,False,0.99621505,0.0007189231,0.99621505,0.0030659854
dollar weakness poses growth risk oecd chief,negative,0,negative,True,0.9981793,0.9981793,0.0014720883,0.00034870458
imf warns financial market risks have increased,negative,0,negative,True,0.9991097,0.9991097,0.00060483156,0.00028548046
fomc keeps rates steady,neutral,1,neutral,True,0.9958332,0.002603746,0.9958332,0.0015630502
limiteds november same-store sales jump 12 pct,positive,2,positive,True,0.9988004,0.00056601217,0.00063360436,0.9988004
tribune re-evaluating restructuring report,neutral,1,neutral,True,0.9980996,0.0010189983,0.9980996,0.00088138564
"stocks end day, week down on housing and chip woes",negative,0,negative,True,0.9994698,0.9994698,0.00031714045,0.00021302608
zell has $13 billion proposal for tribune,positive,2,neutral,False,0.9982621,0.00051792903,0.9982621,0.0012200479
asia central banks unlikely to follow thailand,neutral,1,neutral,True,0.99616456,0.0025424794,0.99616456,0.0012930093
weight watchers posts higher 4th-qtr profit,positive,2,positive,True,0.9987074,0.00050719024,0.00078545045,0.9987074
coast guard drops lockheed and northrop,negative,0,neutral,False,0.9947805,0.0024887684,0.9947805,0.0027306678
sungards third-quarter revenues rise,positive,2,positive,True,0.99851495,0.0005809322,0.0009040651,0.99851495
productivity gains sharply in 4th quarter,positive,2,positive,True,0.99828607,0.00090520584,0.0008087316,0.99828607
gm product chief targets growth in downsized suvs,positive,2,neutral,False,0.95510805,0.001606017,0.95510805,0.043285996
microsoft files new antitrust documents with eu,negative,0,neutral,False,0.9968829,0.0019225556,0.9968829,0.0011945317
best buy quarterly profit rises,positive,2,positive,True,0.9985952,0.0006646399,0.00074017845,0.9985952
apples itunes music sales collapses in h1 survey,negative,0,negative,True,0.99938893,0.99938893,0.0003750252,0.00023602092
changes in trust policy beyond absurd ci ceo,negative,0,neutral,False,0.9961056,0.0010972611,0.9961056,0.0027971002
"siemens, nokia reiterate jv to close this quarter",positive,2,neutral,False,0.9940784,0.002044399,0.9940784,0.0038772037
ford enters credit agreement for over $18 bln,positive,2,neutral,False,0.69981056,0.0049113724,0.69981056,0.29527807
blackberry outage analysis to take more time -rim,negative,0,neutral,False,0.9970186,0.002233682,0.9970186,0.00074768113
baidu quarterly profit soars,positive,2,positive,True,0.99847907,0.00056093896,0.0009599815,0.99847907
update 2-realnetworks reports leap in quarterly earnings,positive,2,positive,True,0.99872357,0.00046933696,0.0008071324,0.99872357
texas puc proposes 6-month review of txu buyout,negative,0,neutral,False,0.9977315,0.0010631776,0.9977315,0.0012052994
corrected apple says intel to supply iphone cpu story withdrawn,neutral,1,neutral,True,0.99176604,0.00606248,0.99176604,0.002171514
"bank of new york tops views, net quadruples",positive,2,positive,True,0.9903909,0.0014892168,0.008119826,0.9903909
update 3-american apparel to be bought by endeavor,positive,2,neutral,False,0.9987514,0.00036687404,0.9987514,0.000881812
verizon to sign asian cable agreement paper,positive,2,neutral,False,0.8641136,0.00092795154,0.8641136,0.13495842
dow chemicals avoiding bhopal tragedy activists,negative,0,neutral,False,0.9970361,0.0016907433,0.9970361,0.0012731347
virgin america again seeks u.s. approval to fly,positive,2,neutral,False,0.9982185,0.00067476166,0.9982185,0.0011067478
electrolux shares soar as q4 beats forecasts,positive,2,positive,True,0.99887305,0.0005032281,0.0006237071,0.99887305
lone star may scrap keb deal,negative,0,neutral,False,0.9926287,0.0066199414,0.9926287,0.0007513996
update 3-casino firm melco pbl raises $1.14 bln in u.s. ipo,positive,2,neutral,False,0.9893994,0.0025480757,0.9893994,0.008052475
panel urges repeal of 30s era antitrust law,neutral,1,neutral,True,0.99497664,0.0018835322,0.99497664,0.0031398118
microsoft says vista sales doubling windows xp pace,positive,2,positive,True,0.9971392,0.0007537306,0.0021070237,0.9971392
"microsoft, novell reach agreement on linux",positive,2,neutral,False,0.8707201,0.0014829205,0.8707201,0.12779692
business jets sales lift bombardier profit,positive,2,positive,True,0.99646145,0.0004260126,0.0031125566,0.99646145
world stocks at record levels as economy pleases,positive,2,positive,True,0.99780184,0.0010845113,0.0011136916,0.99780184
gm urges china to lead by embracing wto spirit,positive,2,neutral,False,0.99550146,0.00084084395,0.99550146,0.0036577564
best buy to buy voice and data services provider,positive,2,neutral,False,0.99607086,0.00029808845,0.99607086,0.003631146
consumer confidence dips in december,negative,0,negative,True,0.9992435,0.9992435,0.00046677352,0.0002896838
sportingbet says louisiana drops charges,positive,2,neutral,False,0.98039186,0.0047751325,0.98039186,0.014832982
"storms, housing hit retail sales report",negative,0,negative,True,0.9989868,0.9989868,0.0007328478,0.00028032344
time warner cable sees revenue growth,positive,2,positive,True,0.9979399,0.00036169344,0.0016983704,0.9979399
buffett says berkshire set for big takeovers paper,positive,2,neutral,False,0.9977399,0.00046957165,0.9977399,0.0017904831
durable goods orders slid 8.3 pct in oct,negative,0,negative,True,0.9993286,0.9993286,0.0003527765,0.00031867813
nikko investors seen likely to sell to citigroup,positive,2,neutral,False,0.5548214,0.4389902,0.5548214,0.006188416
bids expected for putnam investments this week-wsj,positive,2,neutral,False,0.9977316,0.0005827645,0.9977316,0.0016855742
"european shares up in thin volume on ma, earnings",positive,2,positive,True,0.9833118,0.0017097892,0.014978463,0.9833118
more solid earnings may keep rally going,positive,2,positive,True,0.9977024,0.00062167103,0.0016759231,0.9977024
volkswagen leaves options open in man-scania deal,neutral,1,neutral,True,0.99728537,0.00042180123,0.99728537,0.0022928857
"rite aid up as target price raised, results loom",positive,2,positive,True,0.9899386,0.0018973441,0.008164066,0.9899386
clear channel mulls raised bid vote date changed,positive,2,neutral,False,0.99816126,0.0009725917,0.99816126,0.00086608634
weak home building drags down economic growth,negative,0,negative,True,0.99909115,0.99909115,0.0006167484,0.00029219652
"cme profit up, shares slip",neutral,1,neutral,True,0.97769517,0.017527895,0.97769517,0.0047769193
"fed holds rates steady, sees housing stabilizing",positive,2,neutral,False,0.9123584,0.014125843,0.9123584,0.073515825
lear shares jump on prospects of better deal,positive,2,positive,True,0.99802077,0.0004130708,0.0015662162,0.99802077
"rbs group threatens hostile offer, abn opens books",positive,2,neutral,False,0.99450845,0.004463215,0.99450845,0.0010282933
mccormick tribune foundation reviewing tribune stake,neutral,1,neutral,True,0.9987282,0.0006310317,0.9987282,0.0006408217
news corp joins chandlers bid for tribune,positive,2,neutral,False,0.9982634,0.000635652,0.9982634,0.0011008878
"generic norvasc seen soon, as decision hits pfizer",negative,0,neutral,False,0.99617505,0.0006979357,0.99617505,0.0031270375
payless shoesource to buy collective international,positive,2,neutral,False,0.9953135,0.0016058751,0.9953135,0.0030806714
autoshow-porsche more upbeat on 2006/07 outlook,positive,2,positive,True,0.99524397,0.00029196215,0.0044641015,0.99524397
continental airlines would consider merger,positive,2,neutral,False,0.9984646,0.00055763696,0.9984646,0.000977852
emi and apple agree to music catalog deal,positive,2,neutral,False,0.980739,0.0007310338,0.980739,0.018529898
foreign firms bow to bolivia energy nationalization,negative,0,neutral,False,0.99681795,0.0016579663,0.99681795,0.0015240735
judge refuses harsh sentence for ex-healthsouth cfo,positive,2,neutral,False,0.9905343,0.0047825202,0.9905343,0.0046832133
"u.s. venture investors betting on energy, web 2.0",positive,2,neutral,False,0.99565446,0.0013807073,0.99565446,0.0029648126
home depot to sell $5 bln in 3-part debt sale,neutral,1,neutral,True,0.996051,0.0030146365,0.996051,0.00093437417
panel finds safety issues at all bps u.s. refineries,negative,0,negative,True,0.9906827,0.9906827,0.0089845145,0.00033282928
british brides say i do to green weddings,neutral,1,neutral,True,0.9984218,0.00057141157,0.9984218,0.0010068086
"bae systems, abu dhabi mull aerospace business",positive,2,neutral,False,0.99781466,0.0005737866,0.99781466,0.0016115349
expressjet earnings slip on expenses,negative,0,negative,True,0.99931455,0.99931455,0.00046579744,0.00021972688
ebay partners with tom in china shift,positive,2,neutral,False,0.9963458,0.0008179622,0.9963458,0.0028361748
"european shares fall as energy, bank stocks weigh",negative,0,negative,True,0.9994111,0.9994111,0.00041570072,0.00017322405
shopkeepers protest as wal-mart checks out india,negative,0,neutral,False,0.8756151,0.12263842,0.8756151,0.0017465333
retail pump prices to hit $3.01 this summer eia,negative,0,negative,True,0.6354411,0.6354411,0.1621918,0.20236705
"us air pitches takeover offer to delta, creditors",positive,2,neutral,False,0.9982728,0.000834903,0.9982728,0.0008922447
cardinal health in $11 mln settlement with spitzer,negative,0,positive,False,0.98620194,0.0009954805,0.012802542,0.98620194
"glaxo speaks to uk about bird flu vaccine, paper says",positive,2,neutral,False,0.99837095,0.0004375088,0.99837095,0.0011915417
corrected mergertalk hedge funds muscle in on bankruptcies,neutral,1,neutral,True,0.9655123,0.029026078,0.9655123,0.005461682
total says govt control may hurt venezuela project,negative,0,negative,True,0.5124464,0.5124464,0.48560742,0.001946157
falling dollar may benefit some firms,positive,2,positive,True,0.98917514,0.0018657566,0.008959134,0.98917514
greenspan warns subprime woes could spread,negative,0,negative,True,0.9988142,0.9988142,0.0009274192,0.00025839926
"consumer confidence ebbs, boosts rate hopes",neutral,1,negative,False,0.99651873,0.99651873,0.0023958716,0.0010853787
station casinos to go private in $5.4 bln deal,positive,2,neutral,False,0.9980459,0.0009750545,0.9980459,0.0009791004
finance canada statement on income trust taxation,neutral,1,neutral,True,0.9990891,0.0005054021,0.9990891,0.00040549345
zell wins bidding for tribune wsj,positive,2,neutral,False,0.989363,0.0004158217,0.989363,0.010221139
wanxiang in talks with ford over parts arm ft,positive,2,neutral,False,0.9928048,0.0015547542,0.9928048,0.005640414
"accounting firms want company accounts revamp, paper says",neutral,1,neutral,True,0.9963264,0.0009192678,0.9963264,0.002754296
brazils csn bids $9.6 bln for corus,positive,2,neutral,False,0.99572587,0.0010615773,0.99572587,0.0032125977
update 2-swedens meda buys 3m european pharma unit,positive,2,neutral,False,0.9969785,0.0008160332,0.9969785,0.00220553
luxury retailer saks sees strong spring season,positive,2,positive,True,0.97444564,0.0009461595,0.024608154,0.97444564
jobless claims drop suggests solid economy,positive,2,positive,True,0.9975019,0.0011889931,0.0013090642,0.9975019
apple says iphone models to cost $499 and $599,neutral,1,neutral,True,0.99603313,0.0014377064,0.99603313,0.0025291871
"delta to sell 38 boeing planes, orders 10 more",neutral,1,positive,False,0.94165975,0.0019923218,0.056347996,0.94165975
"goodyear posts loss, raises cost-cutting targets",negative,0,neutral,False,0.58274746,0.09522728,0.58274746,0.32202527
ibm to buy privately held software maker vallent,positive,2,neutral,False,0.99641466,0.00085835427,0.99641466,0.0027269858
gauge of u.s. economy rose in latest week ecri,positive,2,positive,True,0.9957379,0.002163564,0.0020985757,0.9957379
dollar slides to 1-1/2-year low vs euro,negative,0,negative,True,0.99925417,0.99925417,0.0004550501,0.00029074922
"longs, rite aid agree to store swap",positive,2,neutral,False,0.9938943,0.0008347758,0.9938943,0.005270868
"airline industry needs consolidation, ual chief says",neutral,1,neutral,True,0.99458706,0.0043390724,0.99458706,0.0010738181
"sabre deal with texas pacific, silver lake seen",positive,2,neutral,False,0.9954607,0.0013181838,0.9954607,0.0032211044
"gm contemplates the living, breathing hummer",neutral,1,neutral,True,0.99821883,0.0007776697,0.99821883,0.00100349
"wrapup 1-u.s. oct producer prices, retail sales down",negative,0,negative,True,0.9989942,0.9989942,0.00068732543,0.00031845606
"cisco shares rise after strong results, broker upgrades",positive,2,positive,True,0.9989484,0.00041172403,0.00063991465,0.9989484
sun micro confirms will use some intel chips,positive,2,neutral,False,0.997951,0.0007685419,0.997951,0.001280541
victorias secret president joins lord and taylor,negative,0,neutral,False,0.99858487,0.00065808237,0.99858487,0.00075710437
work shift causes minor delays at northwest air,negative,0,negative,True,0.67469203,0.67469203,0.32247066,0.0028373522
pepsico profit up on frito-lay gatorade sales down,neutral,1,positive,False,0.9411995,0.009390284,0.049410254,0.9411995
indexes flat though dow ekes out record high,positive,2,neutral,False,0.94037324,0.0285248,0.94037324,0.031101935
service sector stronger than expected,positive,2,positive,True,0.9979075,0.0008416412,0.0012509028,0.9979075
strong jobs growth deepens productivity mystery,neutral,1,positive,False,0.7144294,0.101346985,0.18422365,0.7144294
november housing starts up,positive,2,neutral,False,0.97449887,0.0046555493,0.97449887,0.020845594
"poor french mobile, music sales dent vivendi q3",negative,0,negative,True,0.99925417,0.99925417,0.00044574254,0.00030002234
"for stocks, earnings may trump fed and jobs",positive,2,neutral,False,0.9925103,0.0016410642,0.9925103,0.005848622
nigerian oil minister says no decision on opec meeting,neutral,1,neutral,True,0.9979862,0.00091734243,0.9979862,0.001096398
kellogg earnings beat street on strong sales,positive,2,positive,True,0.9988249,0.00047774782,0.0006973303,0.9988249
january consumer sentiment jumps to 3-year high,positive,2,positive,True,0.9982291,0.0010467282,0.0007242244,0.9982291
super-rich population surges in 2006 survey,positive,2,neutral,False,0.7531035,0.0162658,0.7531035,0.23063071
jobs data raise hopes for payrolls boost,positive,2,positive,True,0.99776137,0.00096872816,0.0012699139,0.99776137
rim says most blackberry service restored,positive,2,neutral,False,0.8816325,0.0026317306,0.8816325,0.11573567
bp ceo browne to retire earlier than planned,negative,0,neutral,False,0.9974504,0.0009569976,0.9974504,0.0015925999
chinas economy seen growing in 07,positive,2,positive,True,0.99738866,0.00071566046,0.0018957531,0.99738866
slowdown ahead for u.s. manufacturers study,negative,0,negative,True,0.9683035,0.9683035,0.030122433,0.0015740343
u.s. private equity firms invest in uk biofuels,positive,2,neutral,False,0.99565613,0.00084405474,0.99565613,0.0034998013
uaw not ready to concede chrysler will be sold,negative,0,neutral,False,0.9982292,0.0007753939,0.9982292,0.0009954157
"gazprom, gdf to sign major deal on tuesday",positive,2,neutral,False,0.91645956,0.0009953426,0.91645956,0.082545035
small brokers hope to block nyse-nasd linkup,negative,0,neutral,False,0.9640601,0.032960247,0.9640601,0.002979671
feds bernanke inflation risks to the upside,negative,0,positive,False,0.8110732,0.048951663,0.13997515,0.8110732
march manufacturing growth weaker than feb ism,negative,0,negative,True,0.9992593,0.9992593,0.000445826,0.00029480003
jarden set to buy k2 for $1.2 bln wsj,positive,2,neutral,False,0.9960542,0.0005769512,0.9960542,0.0033688364
education finance in $2.5 mln new york settlement,negative,0,positive,False,0.9601577,0.0016688715,0.038173407,0.9601577
ford cash in focus as clock ticks on turnaround,negative,0,neutral,False,0.99732333,0.0008102718,0.99732333,0.0018664631
blackstone in talks to buy china plastics firm,positive,2,neutral,False,0.9978713,0.00053092145,0.9978713,0.0015978301
rim gets inquiry from sec over options review,negative,0,neutral,False,0.9894071,0.009139757,0.9894071,0.0014531065
"bank of america profit up 5 pct, card losses rise",neutral,1,positive,False,0.95316017,0.02254308,0.024296774,0.95316017
alltel 1st-qtr net off subscribers beat estimates,neutral,1,positive,False,0.9962406,0.0015431694,0.0022162453,0.9962406
puma q4 earnings fall,negative,0,negative,True,0.9993586,0.9993586,0.00039623407,0.0002452124
u.s. bancorp to buy montanas united financial,positive,2,neutral,False,0.9972542,0.0010022094,0.9972542,0.0017436423
ford u.s. december sales down 13 pct,negative,0,negative,True,0.9994148,0.9994148,0.00036851328,0.00021668519
charges push beazer homes to quarterly loss,negative,0,negative,True,0.9989926,0.9989926,0.00071519584,0.00029216995
star witness radler details deals at black trial,negative,0,neutral,False,0.99860495,0.00083066383,0.99860495,0.0005644316
"oil, bernanke to sway stocks",neutral,1,neutral,True,0.9026228,0.006068435,0.9026228,0.09130867
corrected - dubai-led fund confirms eads investment interest,positive,2,positive,True,0.9779392,0.0009526955,0.021108136,0.9779392
oil supply row worsens russias reputation in eu,negative,0,negative,True,0.9929745,0.9929745,0.0062809796,0.00074455293
"sec, treasury to share money laundering info",neutral,1,neutral,True,0.99754286,0.0015579689,0.99754286,0.0008992885
citigroup ceo says sees no more management changes,neutral,1,neutral,True,0.9985297,0.00065443123,0.9985297,0.0008158829
fleetwood 3rd-quarter revenue down 25 pct,negative,0,negative,True,0.9994413,0.9994413,0.00031243396,0.00024621811
zetsche steps back into chrysler spotlight,neutral,1,neutral,True,0.9986432,0.00049596245,0.9986432,0.0008608024
reliant energy names new chief executive,neutral,1,neutral,True,0.99876815,0.00052353245,0.99876815,0.00070833863
opec keeps oil output curbs wary on economy,negative,0,neutral,False,0.5712423,0.26792216,0.5712423,0.16083562
dow sets record close,positive,2,positive,True,0.995948,0.0017958042,0.0022562162,0.995948
boyd gaming quarterly profit more than doubles,positive,2,positive,True,0.99844533,0.0005614736,0.0009932205,0.99844533
u.s. broadcast group takes swipe at cable industry,negative,0,neutral,False,0.9552389,0.0424057,0.9552389,0.0023553898
chrysler workers in bullseye hope for reprieve,negative,0,neutral,False,0.89687145,0.086867444,0.89687145,0.016261103
lehman is sued for alleged stock option backdating,negative,0,negative,True,0.9979594,0.9979594,0.0015448495,0.00049572164
u.s. facing serious long-term fiscal risks bernanke,negative,0,negative,True,0.9914881,0.9914881,0.007710035,0.0008018575
kohls quarterly profit rises 45 percent,positive,2,positive,True,0.9989454,0.00043526862,0.0006193428,0.9989454
wrigley goes beyond family for first time for ceo,neutral,1,neutral,True,0.9983606,0.0005756998,0.9983606,0.0010637372
trust moves could rattle more than canadian taxes,negative,0,neutral,False,0.99816066,0.0009853587,0.99816066,0.0008539768
"traffic down, spending up in holiday retail debut",neutral,1,neutral,True,0.9778439,0.008526384,0.9778439,0.013629704
"wpp, u.s. equity firm to bid for sportfive, paper says",positive,2,neutral,False,0.99829227,0.00053863664,0.99829227,0.0011690768
goldman cfo says hedge fund woes could hit 1st-qtr,negative,0,negative,True,0.99923456,0.99923456,0.00053162023,0.00023383182
disney plans major expansions to walt disney world,positive,2,neutral,False,0.9528909,0.00052508654,0.9528909,0.04658394
walgreen ceo set to add chairman role in july,neutral,1,neutral,True,0.998692,0.00049374916,0.998692,0.0008143059
time warner cable says it becomes a public company,positive,2,neutral,False,0.9982358,0.0009880014,0.9982358,0.0007761064
google confident digital liability law protects it,positive,2,neutral,False,0.9682719,0.0017427339,0.9682719,0.029985437
"lockheed, utx protest boeing helicopter deal",negative,0,neutral,False,0.9934495,0.005545126,0.9934495,0.0010053228
japans cup noodle king dies aged 96,neutral,1,neutral,True,0.9978275,0.0011260938,0.9978275,0.0010464438
corrected alcoa-alcan deal aims to forge aluminum powerhouse,positive,2,neutral,False,0.9205585,0.0012111359,0.9205585,0.07823045
chrysler expects restructuring plan by february,neutral,1,neutral,True,0.99833894,0.0009098023,0.99833894,0.0007512365
"update 2-patterson quarterly profit rises, shares jump",positive,2,positive,True,0.99885416,0.00051718036,0.00062868645,0.99885416
november producer prices jump 2 pct,negative,0,negative,True,0.974464,0.974464,0.00291818,0.022617823
oil tumbles below $59,negative,0,negative,True,0.99947375,0.99947375,0.00027350098,0.00025267364
youtube founders split $650 mln in google payday,neutral,1,neutral,True,0.9982595,0.0008148406,0.9982595,0.0009257425
factbox-bank of america acquisitions under kenneth lewis,neutral,1,neutral,True,0.99909365,0.00041706685,0.99909365,0.00048924127
frances gdf/suez utility merger hit by legal blow,negative,0,negative,True,0.994783,0.994783,0.0048822854,0.0003348117
"wall street set to open lower, eyes on exchanges",negative,0,negative,True,0.99857414,0.99857414,0.0011656234,0.00026027445
rockwell automation workers may have breached law,negative,0,negative,True,0.9351001,0.9351001,0.06276727,0.002132654
dollar thrifty in merger talks with vanguard nyt,positive,2,neutral,False,0.99790764,0.0005941259,0.99790764,0.0014983038
bp submits revised spill plan for prudhoe bay,positive,2,neutral,False,0.99826413,0.00084037805,0.99826413,0.00089554116
goldman raises $6.5 bln for infrastructure fund paper,positive,2,neutral,False,0.99545765,0.0013214309,0.99545765,0.0032208993
earnings to lift stocks,positive,2,positive,True,0.99836,0.00044837847,0.0011916127,0.99836
new century stock falls,negative,0,negative,True,0.9993457,0.9993457,0.000355943,0.0002982468
icahn seeks motorola to return cash to shareholders,positive,2,neutral,False,0.9984946,0.0007424163,0.9984946,0.00076295465
hilton hotels posts higher 4th-quarter profit,positive,2,positive,True,0.9987801,0.00037516878,0.0008447838,0.9987801
"u.s. probes ford escape, mazda tribute over fires",negative,0,neutral,False,0.98223823,0.016686266,0.98223823,0.0010755335
