text,gold_label,labels,prediction,correct,confidence,prob_negative,prob_neutral,prob_positive
"U.S. Stocks Higher After Economic Data, Monsanto Outlook",positive,2,positive,True,0.99827826,0.00054410216,0.0011775988,0.99827826
Stock Market Outlook 2024: Rare Bullish Signal Says S&P 500 Will Soar 20%,positive,2,positive,True,0.99847394,0.00082295376,0.0007031123,0.99847394
Federal Reserve Rate Hike Odds Grow As Bank-Crisis Fears Ebb; S&P 500 Rises,positive,2,positive,True,0.46320727,0.12099944,0.4157933,0.46320727
"US Stock Market Closing: Dow Jones, S&P 500 Retreat As Traders Assess Fed Meeting Minutes, Nasdaq Plunges 1.2",negative,0,negative,True,0.9977907,0.9977907,0.0016960158,0.0005132712
"Deutsche Bank: S&P 500 13% Overvalued, Recession Coming",negative,0,negative,True,0.9953054,0.9953054,0.0027245278,0.0019701172
Wall Street strategists’ bull and bear scenarios for 2024.,neutral,1,neutral,True,0.995175,0.003255396,0.995175,0.0015695535
European stocks stable before US jobs data,neutral,1,neutral,True,0.9983121,0.0007994032,0.9983121,0.0008885147
"Business News, Strategy, Finance and Corporate Insight",neutral,1,neutral,True,0.99902844,0.0004290832,0.99902844,0.0005424368
S&P 500 to Finish Year Modestly Higher: Invesco's Hooper,positive,2,positive,True,0.9971783,0.0014356372,0.0013860003,0.9971783
Low Oil Demand Weighing On Helmerich & Payne Stock,negative,0,negative,True,0.9976387,0.9976387,0.001727434,0.00063383504
Wall Street's 'Magnificent Seven' face moment of truth as earnings season arrives,neutral,1,neutral,True,0.99822587,0.0010537112,0.99822587,0.00072037417
S&P 500 valuations rise on hopes of fairy tale end to inflation fight,positive,2,positive,True,0.90818787,0.031275082,0.060537104,0.90818787
"Stock Market Today: Dow, S&P Live Updates for July 4",neutral,1,neutral,True,0.9990466,0.00040945457,0.9990466,0.0005439624
"Wall St ends higher as bank contagion fears ease, Fed eyed",positive,2,positive,True,0.9984421,0.00057787757,0.00097998,0.9984421
S&P 500 Gains and Losses Today: NetApp and GM Rise; Hormel and Las Vegas Sands Fall,neutral,1,neutral,True,0.994054,0.0044526327,0.994054,0.0014932887
The S&P 500 is up almost 8% in the first 100 trading days of the year. That bodes well for the rest of 2023,positive,2,positive,True,0.99868876,0.00043874924,0.0008724921,0.99868876
SDOG Maintains Significant Lead Over S&P 500,positive,2,positive,True,0.9840389,0.0018771632,0.014083888,0.9840389
Happiness at work: Why money isn’t the only thing that matters,neutral,1,neutral,True,0.99866176,0.0006335464,0.99866176,0.00070469396
These S&P 500 Stocks Got Cut in Half in 2017,negative,0,negative,True,0.96955836,0.96955836,0.028216192,0.002225551
"US Market Opening: Dow Jones, S&P 500 fall as investors await inflation results",negative,0,negative,True,0.9991943,0.9991943,0.0005933564,0.00021233644
S&P 500 Forward P/E Ratio Rises Above 20.0 as EPS Estimates Continue to Fall,negative,0,negative,True,0.9961337,0.9961337,0.0009085288,0.002957769
Investors shown to be actively pursuing passive funds,neutral,1,neutral,True,0.98525476,0.003242299,0.98525476,0.011502943
Wall Street rallies to record-breaking end of turbulent week,positive,2,positive,True,0.9975884,0.001542865,0.00086872606,0.9975884
Stocks Hit a Record as Investors See Progress Toward a Spending Deal (Published 2021),positive,2,positive,True,0.99147964,0.004733613,0.0037867157,0.99147964
S&P 500 Gains and Losses Today: 3M Shares Tumble Following Weak 2024 Outlook,negative,0,negative,True,0.9991842,0.9991842,0.0005742079,0.0002416035
"Down $20 Billion, Boeing Stuffs Pension Fund With Its Own Shares",negative,0,neutral,False,0.98878133,0.009384839,0.98878133,0.0018338165
Rampaging Stock Bears Slowed at Key S&P 500 Technical Level,neutral,1,positive,False,0.9359207,0.06120604,0.0028732647,0.9359207
Where's the Fear? VIX Keeps Sliding as Big Events Fail to Lift Volatility | Market Insights,positive,2,positive,True,0.92774767,0.03523958,0.03701276,0.92774767
"World markets today: US stocks gain, S&P 500 hits record high | Mint",positive,2,positive,True,0.99858785,0.00041546382,0.0009967595,0.99858785
S&P 500 Loser: GE Tries To Put Investors Out Of Their Misery,negative,0,neutral,False,0.50366706,0.44660935,0.50366706,0.049723607
The Volume of Short Positions in the Shanghai Composite Index (SHA:000001) Hits All-Time High at ¥80 Billion Following the S&P 500 (SPX)...,negative,0,negative,True,0.86040235,0.86040235,0.016213704,0.123383954
"Wall Street ends lower, Dow confirms bear market",negative,0,negative,True,0.99935454,0.99935454,0.000374463,0.00027102337
Consumer confidence versus SP500 from BlackRock Larry Fink,neutral,1,positive,False,0.7848102,0.14168061,0.07350915,0.7848102
Guess What Statistic Has The Highest Correlation With The S&P 500?,neutral,1,neutral,True,0.99843234,0.0005489367,0.99843234,0.0010186909
Bank of America: S&P 500 will soar to 5000 in 2024,positive,2,positive,True,0.9980805,0.00030202226,0.0016174902,0.9980805
Stock Market Outlook: 17% Downside As Stocks' Inflation Hedge Fades,negative,0,negative,True,0.998803,0.998803,0.00059166586,0.0006053155
"Dow closes more than 200 points lower Tuesday, major averages end February with losses: Live updates",negative,0,negative,True,0.99942136,0.99942136,0.00036336278,0.0002153182
Strong corporate earnings are helping the US avoid a recession - but there are 2 big risks facing markets and the ...,neutral,1,positive,False,0.8098988,0.036578353,0.15352282,0.8098988
Why Trump's Stock Market Cheering Is Dangerous,negative,0,negative,True,0.7190349,0.7190349,0.25886235,0.022102732
Cramer explains the magic of compounding,neutral,1,neutral,True,0.99868506,0.0005681898,0.99868506,0.0007467307
Gold vs. S&P 500 Comes Full Circle | Gold News,neutral,1,positive,False,0.9913809,0.0034997456,0.005119321,0.9913809
"S&P 500: Don't Let Valuations, New Record Worry You",positive,2,neutral,False,0.9957526,0.0009415496,0.9957526,0.003305934
Women-led companies perform three times better than the S&P 500,positive,2,positive,True,0.6360833,0.0014680607,0.36244866,0.6360833
US Markets Open the Week Higher on Corporate Headlines,positive,2,positive,True,0.99842995,0.0004584441,0.0011116356,0.99842995
"1 Magnificent S&P 500 Dividend Stock Returning 1,280% Since 2002 to Buy Right Now",positive,2,neutral,False,0.9938783,0.0007775463,0.9938783,0.0053441525
"Stock Market Today: Dow, S&P Live Updates for December 20",neutral,1,neutral,True,0.9990503,0.000406565,0.9990503,0.0005430395
These Are the 7 Biggest Hedge Fund Disasters of 2016,negative,0,neutral,False,0.9979704,0.0013853523,0.9979704,0.00064418965
"After 374-point tumble in the Dow, U.S. stock futures rise before Powell talk",positive,2,positive,True,0.99122435,0.006160706,0.002614884,0.99122435
Wall Street faces profit recession as earnings season begins – EMTV Online,negative,0,negative,True,0.9994056,0.9994056,0.00036456395,0.00022978359
S&P 500 and the U.S. Presidential Election,neutral,1,neutral,True,0.9986738,0.00049606507,0.9986738,0.0008301873
Democrats Vs. Republicans: Who Is Better For The Stock Market?,neutral,1,neutral,True,0.99878854,0.0005011934,0.99878854,0.0007103087
Two Stocks Dominate The Market More Than IBM Did In The '80s,neutral,1,neutral,True,0.88274044,0.0030410192,0.88274044,0.11421848
U.S. Stocks Snap Back Amid Hopes Of AIG Rescue,positive,2,positive,True,0.6382612,0.114462756,0.24727602,0.6382612
"Stocks Return to Earth, With the S&P 500 Nearing a Bear Market",negative,0,negative,True,0.99040365,0.99040365,0.0056290026,0.0039673974
"Stock Market Today: Dow, S&P Live Updates for July 28",neutral,1,neutral,True,0.99906284,0.00041292366,0.99906284,0.00052426074
"News updates from November 9: S&P 500 snaps win streak, Ransomware attack disrupts Chinese lender ICBC",negative,0,positive,False,0.94537425,0.006423558,0.048202265,0.94537425
Goldman Sachs ups its near-term S&P 500 target due to brighter economic picture. But here's what the bank's strategists say could knock 25% off stocks.,negative,0,positive,False,0.96587425,0.0073662223,0.026759546,0.96587425
S&P 500 closes at historic peak after Fed adopts easy-money posture,positive,2,positive,True,0.99673444,0.0017503805,0.0015151429,0.99673444
S&P 500 Notches Another Record Closing High,positive,2,positive,True,0.99737024,0.0013673063,0.0012624357,0.99737024
SPX: S&P 500 Drops 0.8% After Data Shows US Labor Market is Still Hot,negative,0,negative,True,0.99934226,0.99934226,0.00035661046,0.00030111257
"Stock market could plunge another 24% next year, Bank of America warns",negative,0,negative,True,0.9993056,0.9993056,0.00032456673,0.00036976018
"S&P 500 E-Mini Bears Want Double Top Test of 4,500",negative,0,neutral,False,0.9702828,0.008825615,0.9702828,0.020891566
10 S&P Stocks with the Highest PEG Ratios,neutral,1,neutral,True,0.9985838,0.0007635399,0.9985838,0.00065265107
S&P 500 Weekly Price Forecast – The Stock Market Continues to Plummet,negative,0,negative,True,0.99903464,0.99903464,0.0004876166,0.0004778274
The new CFO: How being chief financial officer can be the launchpad to the head office,neutral,1,neutral,True,0.9989104,0.00043280816,0.9989104,0.0006566999
Berkshire seen failing Warren Buffett's 5-year test for the first time,negative,0,negative,True,0.95204896,0.95204896,0.0439549,0.003996172
Why Stocks Are Better Than Leprechaun Gold on St. Patrick's Day,positive,2,neutral,False,0.9983146,0.0005279331,0.9983146,0.0011575015
Uber Is Riding Into the S&P 500: Here's Why Its Stock Could Soar Higher,positive,2,positive,True,0.99824715,0.0007967988,0.0009561016,0.99824715
S&P 500 Circles New 2022 Lows Following Latest Fed Rate Hike: Is A Recession Inevitable? - SPDR S&P 500 (,negative,0,negative,True,0.99577254,0.99577254,0.0035372572,0.0006901357
11 stocks in the S&P 500 expected to form an exclusive growth club for investors,positive,2,neutral,False,0.9988055,0.00036657386,0.9988055,0.00082787336
New Push to Protect Au Pairs as U.S. Program Is Reviewed,neutral,1,neutral,True,0.9969441,0.0009870423,0.9969441,0.0020688053
Record dollar strength ravages stocks with most overseas exposure,negative,0,negative,True,0.99711204,0.99711204,0.00196764,0.00092024764
Wall Street’s worst day since before Trump’s election,negative,0,negative,True,0.99894315,0.99894315,0.0005777528,0.0004790641
This Legal Way To Dodge Taxes Is Working Again This Year,neutral,1,neutral,True,0.9309252,0.002833805,0.9309252,0.06624095
How Frequently Do New S&P 500 Highs Stick?,neutral,1,neutral,True,0.99874806,0.0006544339,0.99874806,0.0005974109
Why the Stock Market Makes You Feel Bad All the Time,negative,0,negative,True,0.9902699,0.9902699,0.008589721,0.0011403542
This Day In Market History: American Market Speculator Jesse Livermore Is Born,neutral,1,neutral,True,0.99852896,0.00060495466,0.99852896,0.00086608075
Here's How This Stock Sets Up Wyckoff Accumulation For The Next Big Move,positive,2,neutral,False,0.99660754,0.00037364152,0.99660754,0.0030188519
3 Questions to Ask About the 200-day Moving Average,neutral,1,neutral,True,0.99872786,0.0004932196,0.99872786,0.00077888445
How to Read the S&P 500's Key Technical Signals,neutral,1,neutral,True,0.9988757,0.00050709187,0.9988757,0.0006172061
"Wyoming Ranch Asks $175 Million, Believed to Be Highest for U.S. Ranch | Private Properties",neutral,1,neutral,True,0.99183285,0.0007391793,0.99183285,0.0074278815
The S&P 500 will tumble another 9% in 2022 even as the bear-market rally propelled a rebound in sentiment on Wall ...,negative,0,negative,True,0.9992017,0.9992017,0.00034393364,0.0004544
Power failure: Why did SolarEdge’s value plummet by $11 billion in a year?,negative,0,negative,True,0.9982323,0.9982323,0.0015737643,0.00019396299
Analysts Making Larger Cuts Than Average to EPS Estimates for S&P 500 Companies for Q1,negative,0,negative,True,0.9985551,0.9985551,0.0007699622,0.00067493
U.S. Stocks Little Changed Amid Global Rally as Commodities Drop,neutral,1,neutral,True,0.9524055,0.043476302,0.9524055,0.0041181245
Markets Plunge as a Global Recession Appears Almost Inevitable (Published 2020),negative,0,negative,True,0.9990833,0.9990833,0.00057849113,0.00033821783
"S&P 500 rallies, closes just shy of its record closing high",positive,2,positive,True,0.9978332,0.0012490025,0.0009177495,0.9978332
S&P 500 Weekly Price Forecast – Stock Market Has a Tough Week Again,negative,0,negative,True,0.9992781,0.9992781,0.00045563767,0.00026620794
"Monster Beverage (MNST) Stock Up 107,060% Over 20 Years; Top Performer in SPX",positive,2,positive,True,0.99870944,0.000631796,0.00065875106,0.99870944
"NightDragon, Diligent Report Finds Gap in Cyber Experience in S&P500 Board Rooms",negative,0,negative,True,0.7423837,0.7423837,0.24943823,0.008178052
Last-minute giving made easier with Facebook Gifts,neutral,1,neutral,True,0.9969559,0.0006038438,0.9969559,0.002440295
The S&P 500 looks eerily similar to right before the 1987 crash,negative,0,negative,True,0.9910438,0.9910438,0.007361778,0.0015944681
"Pfizer Moves Up In Market Cap Rank, Passing IBM",positive,2,positive,True,0.99006546,0.00066174916,0.0092727635,0.99006546
Cash gains an edge over S&P 500 dividend yields,negative,0,positive,False,0.9045554,0.0078694085,0.08757524,0.9045554
S&P 500 ends higher as oil stocks rally; Tesla tumbles,positive,2,positive,True,0.9984475,0.00048364504,0.0010689035,0.9984475
TSX higher as traders doubt Greek referendum,positive,2,positive,True,0.9975471,0.0007851592,0.0016677029,0.9975471
The Dow Is Sputtering - But One Core Stock Just Got a Major Upgrade,neutral,1,negative,False,0.5560202,0.5560202,0.20909236,0.2348875
Generac stock charges higher to pace the S&P 500 gainers after reports of widespread power outages,positive,2,positive,True,0.99654585,0.0011767637,0.002277339,0.99654585
US metal tariffs re-ignite trade war fears as global markets tumble,negative,0,negative,True,0.99906033,0.99906033,0.0005666726,0.00037307045
S&P 500 Index: Forward P/E Ratio - The Big Picture,neutral,1,neutral,True,0.9984865,0.0007926179,0.9984865,0.00072084076
U.S. stocks open lower as S&P 500’s winning streak threatened ahead of Fed minutes,negative,0,negative,True,0.99939287,0.99939287,0.00040262012,0.00020458331
5 Restaurants That Outperformed the S&P 500 in the Past 6 Months,positive,2,positive,True,0.60431486,0.0030120022,0.39267313,0.60431486
Investor Bill Miller takes on S&P 500 with new ETF,neutral,1,neutral,True,0.9985734,0.00059239595,0.9985734,0.00083424663
Warren Buffett's Egregious Hypocrisy On Index Funds,negative,0,neutral,False,0.9978102,0.0012871061,0.9978102,0.0009027027
US Election 2016: Markets meltdown fails to materialise,positive,2,positive,True,0.82641435,0.024861863,0.14872383,0.82641435
Why Do Many Once-great Companies Ultimately Stumble?,negative,0,neutral,False,0.9811624,0.01800044,0.9811624,0.00083709444
VOO vs VTI: Vanguard's S&P 500 and Total Stock Market ETFs Compared,neutral,1,neutral,True,0.9895549,0.0028156568,0.9895549,0.007629467
S&P 500 hits record high as Nvidia's blowout earnings keeps bulls marching on,positive,2,positive,True,0.99871325,0.00063513283,0.0006515966,0.99871325
BofA's Savita Subramanian: Stocks Are in for a Volatile Year,negative,0,negative,True,0.67059445,0.67059445,0.17982166,0.14958389
Fund of Women-Run Firms Is Beating the S&P 500 Since Launching,positive,2,neutral,False,0.5566301,0.0036117402,0.5566301,0.43975815
Google And Microsoft Top The Most Popular Mutual Fund Stocks,neutral,1,neutral,True,0.9968802,0.00041104128,0.9968802,0.002708832
"S&P closes at more than two-month high on retail, energy lift",positive,2,positive,True,0.9972269,0.0019670983,0.00080598117,0.9972269
Growth and momentum strategies led S&P 500 gains in July,positive,2,positive,True,0.99412847,0.00091634854,0.0049552266,0.99412847
The Stock Market Hasn't Had a Selloff Like This One in Over 75 Years,negative,0,negative,True,0.99698836,0.99698836,0.0010304451,0.0019812481
Stock Screen Finds These Growth Stocks Outperforming The S&P 500,positive,2,neutral,False,0.9904783,0.0035353824,0.9904783,0.005986356
"NASDAQ 100, Dow Jones, S&P 500: Optimism Surrounds U.S. Debt Ceiling Talks as Stocks Rise",positive,2,positive,True,0.996912,0.0012789468,0.0018089932,0.996912
Stocks: Stellar year ends on a high note,positive,2,positive,True,0.88440996,0.002080414,0.11350965,0.88440996
"S&P 500, NAS 100 Runs into Resistance, Can the Rally Continue?",neutral,1,negative,False,0.97185475,0.97185475,0.026263913,0.0018813974
2020 Could See Slower But Continued Stock Gains Say Analysts,positive,2,neutral,False,0.4978819,0.03208339,0.4978819,0.47003472
"'Few are priced for an upcrash.' The S&P 500 could reach 4,600 this year, thanks to pessimism, says RBC.",positive,2,positive,True,0.8292652,0.12655601,0.04417883,0.8292652
The S&P 500 Rallies 10% When It Goes a Year Without Record High,positive,2,positive,True,0.9733912,0.022968475,0.0036403297,0.9733912
The Market May Be Hitting the Dreaded 'Triple Top'—a Red Flag to Investors,negative,0,negative,True,0.98442703,0.98442703,0.007807574,0.0077653653
"Shares rise in thin post-holiday trade; oil, natural gas slip",positive,2,neutral,False,0.9888642,0.0068579917,0.9888642,0.0042778533
Dow closes up 250 points; financials surge after Trump election upset,positive,2,positive,True,0.998321,0.0007681713,0.0009107782,0.998321
How the Unemployment Rate Predicts Stock Market Crashes | DailyWealth,negative,0,neutral,False,0.9787305,0.013546728,0.9787305,0.007722717
AP Explains: What resignation of New Zealand's leader means,neutral,1,neutral,True,0.99889153,0.0006491977,0.99889153,0.00045933013
"S&P 500 ends Tuesday down after notching a fresh bear market low, Dow slips more than 100 points",negative,0,negative,True,0.99943084,0.99943084,0.00029587257,0.00027332935
Why a 15% Sell-Off Could Prolong the Bull Market,neutral,1,negative,False,0.9976319,0.9976319,0.0009103032,0.0014577634
"Market Report - Sep. 15, 2011 - CNNMoney",neutral,1,neutral,True,0.9989398,0.0005985179,0.9989398,0.000461667
Stifel Stock Chief Warns of 0% Returns Over the Next Decade,negative,0,negative,True,0.88205403,0.88205403,0.1150507,0.0028952828
Jim Cramer Agrees With Bank Of America's Prediction For S&P 500 To Hit 5K By 2024: 'But Other Than Sentiment ...,positive,2,positive,True,0.7931109,0.016461888,0.19042718,0.7931109
"Fear gauge decouples from S&P 500 amid sell-off, confounding market",negative,0,negative,True,0.9977233,0.9977233,0.0016468691,0.00062984537
"Nasdaq ends higher as yields fall, Boeing curbs gains on Dow",positive,2,positive,True,0.9608727,0.01040613,0.028721124,0.9608727
"Stock market: United Airlines, Delta stocks rise but S&P 500 falls",negative,0,neutral,False,0.9972639,0.0012879266,0.9972639,0.001448161
"Dow Jones, Nasdaq, S&P 500 weekly preview: Q4 earnings season is here",neutral,1,neutral,True,0.9982424,0.00058670435,0.9982424,0.0011709002
"Industry Analysts Still Predict the S&P 500 Price Will Close Above 5,000 in the Next 12 Months",positive,2,positive,True,0.9548151,0.026028452,0.019156456,0.9548151
The Potential Value of U.S. Equity Allocation to Chinese Investors,neutral,1,neutral,True,0.9982919,0.0009201218,0.9982919,0.00078798196
"Stock market news today: Stocks rally as Salesforce's 11% gain lifts Dow while S&P, Nasdaq reverse early losses",positive,2,positive,True,0.9979626,0.0008022682,0.0012351,0.9979626
"S&P 500, Nasdaq end sharply lower as Alphabet disappoints, Treasury yields bounce",negative,0,negative,True,0.99943274,0.99943274,0.00034103604,0.00022620353
"Sell In May And Go Away, Except In Year With An Election",neutral,1,neutral,True,0.99709415,0.0013969676,0.99709415,0.0015087917
Enthusiasm for Tech Stocks and Optimism About Fed Rate Hikes Lift Markets,positive,2,positive,True,0.9790932,0.0022428546,0.018663969,0.9790932
"YSU investment fund club outperforms S&P 500 index, Youngstown -",positive,2,positive,True,0.99190044,0.0004833387,0.007616237,0.99190044
Regression to Trend: A Perspective on Long-Term Market Performance,neutral,1,neutral,True,0.9984958,0.00076590624,0.9984958,0.0007382575
Sector Views March 2023: GICS Change Adds Growth to Financials,positive,2,positive,True,0.93224114,0.0017346265,0.06602417,0.93224114
Your smartphone could replace hotel keys,neutral,1,neutral,True,0.99683774,0.000559866,0.99683774,0.0026024757
Can the S&P 500 Maintain Its July Momentum?,neutral,1,neutral,True,0.99814725,0.0011836679,0.99814725,0.0006690327
Aerospace-Defense Outperforms S&P 500 YTD: 4 Stocks to Buy,positive,2,positive,True,0.9467208,0.0010763974,0.05220277,0.9467208
Salesforce breaks ranks with 4-1 stock split,neutral,1,neutral,True,0.9977049,0.000670998,0.9977049,0.0016241109
"SPX: S&P 500 Futures Dip Ahead of Shortened Week, Nvidia Earnings on Deck",negative,0,negative,True,0.9991404,0.9991404,0.00051357056,0.0003460362
Wall St dips as Treasury yields rise after auction,negative,0,negative,True,0.99898845,0.99898845,0.0007527571,0.0002588042
"S&P 500 sheds 2.6% in February as inflation, interest rate worries persist",negative,0,negative,True,0.9993309,0.9993309,0.00036808808,0.00030101064
"NASDAQ 100, Dow Jones, S&P 500: Mixed Trade Following Last Week’s Surge as Oil Prices Jump",neutral,1,negative,False,0.721402,0.721402,0.24926957,0.0293284
4 Vanguard Funds With a Record of Beating the S&P 500,positive,2,neutral,False,0.9933693,0.00082094513,0.9933693,0.0058097974
"Stocks rally to record highs, Nasdaq closes above 13,000 for the first time",positive,2,positive,True,0.99832803,0.0007964515,0.0008755509,0.99832803
"Markets News, Oct. 13, 2023: Dow Gains, Nasdaq Sinks as Investors Flock to Safe Havens",negative,0,negative,True,0.8537515,0.8537515,0.14437567,0.0018728881
S&P 500 Gains and Losses Today: Index Falls as Fed Holds Interest Rates Steady,negative,0,negative,True,0.98813605,0.98813605,0.011056766,0.0008072364
S&P 500 Enters Bear Market With Help From the Fed,negative,0,negative,True,0.96649677,0.96649677,0.01587044,0.017632788
Increased market volatility seems to be a myth,positive,2,neutral,False,0.9822068,0.0074750143,0.9822068,0.010318148
"Why stock market bulls are applauding the S&P 500's close above 4,231",positive,2,positive,True,0.9985007,0.00066970347,0.0008295852,0.9985007
"Stock market news live updates: Stocks fall for back-to-back sessions, S&P 500 posts weekly loss of more than 1%",negative,0,negative,True,0.99939036,0.99939036,0.0003729834,0.00023662076
Why GameStop Stock Is Outperforming the S&P 500 In 2022,positive,2,positive,True,0.9975412,0.001138049,0.0013208317,0.9975412
Nasdaq notches first record high close since 2021,positive,2,positive,True,0.9960426,0.001724875,0.0022325702,0.9960426
Want Stock Market Gains but Hate Risk? Buffer Annuities May Be for You,neutral,1,neutral,True,0.99709845,0.000795482,0.99709845,0.002106159
Biggest ESG Funds Are Outpacing the S&P 500,positive,2,positive,True,0.59913987,0.017010655,0.3838495,0.59913987
Stock Market Outlook: Dismal October Points to 6-Month Rally in S&P 500,positive,2,positive,True,0.8199596,0.16318119,0.016859194,0.8199596
"Tesla shares suffer New Year's hangover on demand worries, delivery issues",negative,0,negative,True,0.9992968,0.9992968,0.0004943904,0.00020881464
"Stocks Rise To Kick Off Big Week of Earnings, Fed Decision",positive,2,positive,True,0.67856354,0.0055492227,0.3158872,0.67856354
"Two Factors That Actually Predict S&P 500 Performance, And What They Show Today",neutral,1,neutral,True,0.9989182,0.00052754564,0.9989182,0.0005543
"Utilities stocks 'decimated' by rising rates fall into uncommon trading territory, Bespoke chart shows",negative,0,negative,True,0.9986714,0.9986714,0.00080875057,0.00051984726
Tesla hits $500 billion mark after soaring 547% this year,positive,2,positive,True,0.99816895,0.00086683256,0.0009641817,0.99816895
S&P 500 Forecast: Stocks Face Peril as Day of Reckoning Looms,negative,0,negative,True,0.99938035,0.99938035,0.00036186542,0.0002577798
"S&P 500: Three Stocks Turn $10,000 To $25,265 In Just 3 Months",positive,2,neutral,False,0.7316603,0.055090923,0.7316603,0.21324873
Decade-Long S&P 500 Bull Surge Is Running Into a Valuation Wall,negative,0,negative,True,0.9919912,0.9919912,0.0040611383,0.0039476864
Markets Should Prepare For An Ugly September,negative,0,negative,True,0.9990575,0.9990575,0.00048551222,0.00045700697
European shares rise as S&P 500 hits record high as earnings thrill,positive,2,positive,True,0.9987696,0.00058276183,0.00064765057,0.9987696
"Stock Market Today: Dow, S&P Live Updates for February 14",neutral,1,neutral,True,0.99904126,0.00040968126,0.99904126,0.0005490586
What Can Insider Trading Activity Tell Us?,neutral,1,neutral,True,0.9990349,0.0004742924,0.9990349,0.00049088144
"Weather hurt earnings of 15% of S&P 500 companies, disclosures show",negative,0,negative,True,0.999231,0.999231,0.0005929488,0.0001760953
"Markets News, Aug. 25, 2023: S&P 500, Nasdaq Rebound From Powell Comments to Close Winning Week",positive,2,positive,True,0.99654156,0.0007056264,0.0027528065,0.99654156
Europe's GRANOLAS are still beating the S&P 500,positive,2,positive,True,0.9973513,0.00038735432,0.0022613592,0.9973513
"Strategy Webinar: DXY, EUR/USD, USD/CAD, S&P 500 & Gold Technicals",neutral,1,neutral,True,0.9987999,0.0005406734,0.9987999,0.00065937074
"Wells Fargo Investment Institute bets on rate cuts, lifts 2024 S&P 500 target",positive,2,positive,True,0.96608824,0.003819197,0.03009259,0.96608824
"S&P 500 doubles from its pandemic bottom, marking the fastest bull market rally since WWII",positive,2,positive,True,0.99709034,0.00221737,0.00069227815,0.99709034
"Fundstrat's Tom Lee raises S&P 500 target, sees all-time high before year-end",positive,2,positive,True,0.99460703,0.000948268,0.00444474,0.99460703
High Shareholder Opposition to Pay in 2022: Major Reasons and Examples,neutral,1,neutral,True,0.9387753,0.059785627,0.9387753,0.0014390133
Dow soars nearly 500 points as new data shows inflation continues to cool,positive,2,positive,True,0.998041,0.0013932596,0.0005657366,0.998041
"Facebook, Google refer suicidal people to help lines",neutral,1,neutral,True,0.99583614,0.0025648668,0.99583614,0.0015989578
Where Have All The 'Low Priced' Stocks Gone?,neutral,1,neutral,True,0.9981516,0.001161162,0.9981516,0.00068716315
$300 a Month in These 3 Stocks Could Make You a Millionaire by Retirement,positive,2,neutral,False,0.9985158,0.000317541,0.9985158,0.0011666191
"Dow gains, S&P 500 ends lower as market weighs Fed rate hikes",negative,0,neutral,False,0.9911033,0.0075416993,0.9911033,0.0013550386
Stocks for the Long Run: Honeywell vs. the S&P 500,neutral,1,neutral,True,0.9963831,0.0011186616,0.9963831,0.0024982337
What Is The VIX Volatility Index? – Forbes Advisor Australia,neutral,1,neutral,True,0.9983808,0.0009881336,0.9983808,0.00063101645
Why a trend divergence in the S&P 500 and the VIX may spell trouble for stocks,negative,0,negative,True,0.9989017,0.9989017,0.00068857,0.0004097352
"S&P 500's P/E Is Actually Lower Than Official Number, BofA Says | Chief Investment Officer",positive,2,positive,True,0.73093516,0.015056773,0.2540081,0.73093516
U.S. stocks reach new high ahead of record bull market,positive,2,positive,True,0.99823064,0.0010534002,0.000716044,0.99823064
Oil tycoon’s ex accepts $975 million after all,neutral,1,neutral,True,0.99799514,0.0008140878,0.99799514,0.0011907887
"Nasdaq 100, Dow Jones, S&P 500: Weaker-Than-Expected Private Payrolls Data Raises Recession Concerns",negative,0,negative,True,0.99869907,0.99869907,0.00078560197,0.0005152841
Why Exxon Mobil Stock Is Not A Good Energy Sector Pick,negative,0,negative,True,0.98583513,0.98583513,0.0104739675,0.0036909492
Wall Street's dirty secret: It's terrible at forecasting stocks,negative,0,neutral,False,0.75944906,0.23645921,0.75944906,0.0040916647
"Stock Market News for September 30, 2016",neutral,1,neutral,True,0.99911505,0.00041818718,0.99911505,0.00046672087
"Stock Market Today: Dow Jones, S&P 500 Opens Lower On Hawkish Fed Remarks; Tilray Up On Strong Earnings",negative,0,negative,True,0.99830973,0.99830973,0.0013566805,0.0003336345
History shows stocks can weather rate hike cycle,positive,2,neutral,False,0.7808637,0.0046572685,0.7808637,0.21447898
Goldman's Top Strategist Sets His S&P 500 Target For 2012,neutral,1,neutral,True,0.99825686,0.00060188293,0.99825686,0.0011412738
US stock market: Wall Street ends higher as Nvidia sparks rush for AI stocks,positive,2,positive,True,0.99872404,0.00034720637,0.00092872645,0.99872404
Dow Jones Today: Index Drops on Consumer Concern,negative,0,negative,True,0.999345,0.999345,0.0003525664,0.0003024511
Nancy Pelosi's Portfolio Plunged 20% in 2022 Stock Market Crash,negative,0,negative,True,0.8274181,0.8274181,0.16980676,0.0027751147
S&P 500's Risk-Adjusted Return Was Close to World-Best in 2017,positive,2,positive,True,0.95979947,0.010518981,0.029681545,0.95979947
"Dow, S&P 500 and Nasdaq eke out gains, but close below session highs after July's inflation report",positive,2,negative,False,0.81928587,0.81928587,0.1726849,0.008029292
Defensive Equities Are Leading the S&P 500 to Its Record Highs,positive,2,positive,True,0.90076584,0.07283552,0.02639868,0.90076584
Credit Calculus Turns Against Stocks With Yield Edge Over Bonds Vanishing,negative,0,neutral,False,0.6003878,0.36675116,0.6003878,0.032861046
"W. R. Berkley Stock Has Outperformed S&P500 Over The Last Month, Is It A Buy?",positive,2,neutral,False,0.9354308,0.004147963,0.9354308,0.060421277
"SolarEdge, Insulet, and Dollar General Lead S&P 500 Q3 Losses",negative,0,negative,True,0.9991242,0.9991242,0.0005984842,0.00027727522
Polish Holocaust Survivor Founded Electronics Firm - WSJ,neutral,1,neutral,True,0.99859875,0.00066437933,0.99859875,0.00073684484
Why Are Investors Allocating to Equal-Weight RSP Now?,neutral,1,neutral,True,0.9979724,0.0010076938,0.9979724,0.0010199154
"S&P 500 posts biggest decline in nearly two months, Dow drops 250 points to kick off December",negative,0,negative,True,0.99934846,0.99934846,0.00034039546,0.00031118107
S&P 500: Did We Just Experience a Capitulation Bottom?,neutral,1,neutral,True,0.99145234,0.007851812,0.99145234,0.0006958292
"Nasdaq Index, Dow Jones, S&P 500 News: Futures Dip Amid Record Highs, Inflation Data Anticipation",negative,0,negative,True,0.99913067,0.99913067,0.00050514896,0.00036424975
Ben & Jerry's says Unilever froze directors' salaries over Israel,negative,0,negative,True,0.98699796,0.98699796,0.012682328,0.00031965863
Default risk rises across most US sectors in Q1,negative,0,negative,True,0.9987545,0.9987545,0.0008804353,0.0003650596
"'Twice as cheap': These stocks' discount to the S&P 500 is double its average, Ritholtz's Brown says",positive,2,neutral,False,0.58353764,0.37439078,0.58353764,0.042071663
S&P 500 ends higher as jobs data fuels rate-hike optimism,positive,2,positive,True,0.9986351,0.00065851165,0.00070633163,0.9986351
Markets Gain at Midday Amid Expectations Fed Might Not Hike Rates at Next Meeting,positive,2,positive,True,0.99143994,0.0035580618,0.005001993,0.99143994
‘Pay up or die’: Thousands of Australians receive death threat text message,neutral,1,negative,False,0.54601914,0.54601914,0.45147792,0.0025029506
Stocks advance as earnings pick up; Dow notches 8th day of gains,positive,2,positive,True,0.99865794,0.0005352564,0.0008068261,0.99865794
Stocks With the Highest Dividend Yields in the S&P 500,neutral,1,neutral,True,0.9975714,0.0010616449,0.9975714,0.0013670103
5 Stocks Routinely Outperform During 'Wild' Month Of March,positive,2,neutral,False,0.99450123,0.0011730145,0.99450123,0.004325836
"SPDR S&P 500 ETF Trust (SPY) Bounces Back, Halving Last Week's Losses",positive,2,positive,True,0.98887306,0.008795399,0.0023315256,0.98887306
"Wall St inches higher, Treasury yields gain as S&P 500 inches closer to record high",positive,2,positive,True,0.99388015,0.0036617294,0.0024580865,0.99388015
VIX and Biotech ETFs Invigorated Amid Pfizer COVID Pill News,positive,2,neutral,False,0.9230347,0.0053200196,0.9230347,0.07164524
S&P 500 Gains and Losses Today: Index Advances as GDP Growth Beats Expectations,positive,2,positive,True,0.99320763,0.0018172921,0.004975023,0.99320763
What's Powering the Strongest Bull Market Since WWII?,positive,2,neutral,False,0.997315,0.0007436663,0.997315,0.0019413548
Biggest Gainers: The S&P 1500's Biggest Gainers Since The March 2009 Low,positive,2,neutral,False,0.8926209,0.024979346,0.8926209,0.082399696
"50-year gold price vs stocks chart shows bullion fair value above $2,500 - MINING.COM",neutral,1,positive,False,0.9822235,0.0117531195,0.0060234014,0.9822235
S&P 500 Records Worst One Day Decline Since 1987 | Market Insights,negative,0,negative,True,0.99887127,0.99887127,0.00046622803,0.0006625369
S&P 500 ends Tuesday little changed as earnings season picks up steam: Live updates,neutral,1,neutral,True,0.9985411,0.0007492458,0.9985411,0.0007097303
Grab a Slice of the Discounted Small-Cap Pie,positive,2,neutral,False,0.9976544,0.0012430925,0.9976544,0.0011025942
"NASDAQ 100, Dow Jones, S&P 500 News: Inflation Fears Ease, Retail Sales Surge",positive,2,positive,True,0.9965777,0.0011543477,0.0022679947,0.9965777
"S&P 500 closes at a record, rises for a fourth-straight week on strong tech earnings: Live updates",positive,2,positive,True,0.9987973,0.0004738338,0.00072883774,0.9987973
B Of A Upped Its Forecast For Stocks — Just Not The Ones You Think,positive,2,positive,True,0.8074942,0.010080912,0.18242483,0.8074942
"2024 Outlook: 9 Views on What to Watch Across S&P 500 Earnings, AI, Banks, and More",neutral,1,neutral,True,0.9987539,0.00033522904,0.9987539,0.00091085036
"US STOCKS-S&P 500, Nasdaq up as tech stocks rise after J&J vaccine pause",positive,2,positive,True,0.9986084,0.00034291024,0.0010486641,0.9986084
A Conservative ETF That Boycotts Liberal Companies Is Beating the S&P 500,positive,2,neutral,False,0.892345,0.01104158,0.892345,0.09661335
BMO says bull case scenario of S&P 500 at 5050 'becoming more likely',positive,2,positive,True,0.9974147,0.0015843604,0.0010009255,0.9974147
Better Buy: Berkshire Hathaway or Vanguard 500 Index Fund?,neutral,1,neutral,True,0.9985896,0.00050282315,0.9985896,0.00090753153
Stock Market Returns In Years Ending In 5,neutral,1,neutral,True,0.9538499,0.022649094,0.9538499,0.023501005
"S&P 500, Nasdaq climb as chips, megacaps jump",positive,2,positive,True,0.9988464,0.000391251,0.0007623584,0.9988464
"ISM Manufacturing PMI Misses Expectations, S&P 500 Tests New Lows",negative,0,negative,True,0.99898106,0.99898106,0.00051873596,0.000500149
Ventas to be major ShelbyHurst office tenant,neutral,1,neutral,True,0.9979031,0.0004692247,0.9979031,0.0016276685
Seagate Added To S&P 500 Stock Index; Shrs Rally,positive,2,positive,True,0.99418074,0.0022314661,0.0035877766,0.99418074
"Li Auto Stock Was Up 8% Last Week, Is There More Upside?",positive,2,positive,True,0.9476864,0.0027635691,0.04955008,0.9476864
Hexcel Corporation Stock Has 25% Upside In The Near Term,positive,2,positive,True,0.9965803,0.0009266578,0.0024929896,0.9965803
"Dow drops to start Q4, but there's a historical case to remain bullish on stocks in final trading quarter",neutral,1,negative,False,0.9845576,0.9845576,0.010342009,0.005100399
Monthly Covered Call Commentary – Global X ETFs,neutral,1,neutral,True,0.9990301,0.00039072277,0.9990301,0.00057916576
SPDJI: The importance of sector selection over stock picking,neutral,1,neutral,True,0.99875927,0.0004817055,0.99875927,0.00075905287
"Stock market news live updates: S&P 500 tops 4000 for the first time, Nasdaq gains more than 1%",positive,2,positive,True,0.9982949,0.00043549653,0.0012695744,0.9982949
Analysts see over 7% upside in S&P 500 amid small-cap rally,positive,2,positive,True,0.9980275,0.0009108456,0.001061595,0.9980275
The S&P 493 is finally joining the S&P 500's rally: Morning Brief,positive,2,positive,True,0.9967981,0.0010398207,0.0021620858,0.9967981
Just 5 Trading Days Accounted for 94% of the S&P 500's Decline in 2022,negative,0,negative,True,0.9021545,0.9021545,0.09130029,0.006545211
Fintech-friendly banks lead best-performing US bank stocks in January,positive,2,neutral,False,0.5654848,0.103075385,0.5654848,0.3314398
Getting a Technical Perspective on S&P 500,neutral,1,neutral,True,0.99867696,0.00071487576,0.99867696,0.0006081044
S&P 500 poised to hit record high; Alcoa gains,positive,2,positive,True,0.9982039,0.00080463017,0.0009915183,0.9982039
"Stock market today: S&P 500 and Nasdaq hit fresh highs, Nvidia tops $2 trillion as rally rages",positive,2,positive,True,0.99837494,0.0005153925,0.001109615,0.99837494
Report: 15-year-olds in Asia are better problem solvers than in the U.S.,neutral,1,neutral,True,0.99470115,0.0008524921,0.99470115,0.0044464767
S&P 500 Ceilings And Floors | investing.com,neutral,1,neutral,True,0.9987962,0.00051709806,0.9987962,0.0006867006
Infographic: The Best and Worst Performing Sectors of 2020,neutral,1,neutral,True,0.998844,0.00038655347,0.998844,0.00076939695
Why Tesla took so long to get into the S&P 500 — and what that means for other companies,neutral,1,neutral,True,0.99411243,0.0046661855,0.99411243,0.0012213088
"Nasdaq sets record high, S&P positive for 2020 as investors double down on recovery",positive,2,positive,True,0.99853766,0.00077628065,0.0006861189,0.99853766
"Super Micro, Deckers Outdoor Rise on S&P 500 Inclusion",positive,2,positive,True,0.92644995,0.0017021319,0.071847916,0.92644995
FINANCIAL CRASH WARNING: Signs major stock markets could be about to IMPLODE,negative,0,negative,True,0.99912447,0.99912447,0.000481611,0.0003939161
S&P 500 Weekly Price Forecast – S&P 500 Continues to See Upward Pressure,positive,2,negative,False,0.9975418,0.9975418,0.001227952,0.0012303608
This Day In Market History: Peak Tulip Mania,neutral,1,neutral,True,0.9748736,0.0038599982,0.9748736,0.021266399
US close: Dow and S&P 500 hit fresh highs after GDP beat,positive,2,positive,True,0.9985153,0.00074656954,0.000738173,0.9985153
Markets Drop on Renewed Concerns About Rate Hikes,negative,0,negative,True,0.99850273,0.99850273,0.0012399806,0.00025735798
China Pushes S&P 500 to New All-Time High,positive,2,positive,True,0.99724233,0.0012667731,0.0014909364,0.99724233
How a Single ETF Could Help You Retire a Millionaire,positive,2,neutral,False,0.99812526,0.00036844515,0.99812526,0.0015062338
Equal-Weight S&P 500 ETFs to Consider as Big Tech Struggles,neutral,1,neutral,True,0.9980217,0.0013149973,0.9980217,0.00066330674
"Warren Buffett, Berkshire Hathaway vs. S&P 500",neutral,1,neutral,True,0.9925863,0.0021614437,0.9925863,0.005252246
Why Markets Bounced Back So Quickly After the Russian Invasion of Ukraine,positive,2,positive,True,0.98398757,0.0058157505,0.01019668,0.98398757
"'First five days' indicator, which has a solid track record at predicting year, off to good start",positive,2,positive,True,0.9963146,0.00085896894,0.0028264115,0.9963146
"Market Wrap, March 26: Here's all that happened in the markets today",neutral,1,neutral,True,0.99901664,0.00040372985,0.99901664,0.0005795829
"Dow Jones, Nasdaq futures indicate a weak start on Wall Street today after Putins speech",negative,0,negative,True,0.99919087,0.99919087,0.00059153844,0.00021767836
How Investors Are Preparing Now For The Coming Tech-Stock Crash,negative,0,neutral,False,0.62678134,0.36556748,0.62678134,0.0076512448
Highest Forward 12-Month P/E Ratio for S&P 500 Since 2002,negative,0,neutral,False,0.59969234,0.19702946,0.59969234,0.20327814
Campbell Soup Leads S&P 500 Gains as Higher Prices Help Profit Beat Estimates,positive,2,positive,True,0.9982059,0.00080351136,0.000990593,0.9982059
Stocks fall as Wall Street ends a winning streak,negative,0,negative,True,0.9994018,0.9994018,0.00037424112,0.00022403891
Slow Slog in Stocks Is Now a Steamroller Crushing Every Naysayer,positive,2,neutral,False,0.9694519,0.01000924,0.9694519,0.020538954
S&P 500 hits 5000 in intraday: Stocks that saw record highs,positive,2,positive,True,0.9975375,0.00083875505,0.001623765,0.9975375
S&P 500 share index notches up record-breaking winning streak,positive,2,positive,True,0.9984554,0.0007656036,0.0007789602,0.9984554
Keeping a legacy alive: CEO puts her stamp on the family business,neutral,1,neutral,True,0.9987116,0.00052827003,0.9987116,0.00076014415
"Stock market news today: Stocks snap 9-week win streak as Dow, S&P 500 have worst start since 2016",negative,0,negative,True,0.9981061,0.9981061,0.0010927465,0.00080109027
The Dow just fell by more than 1100 points,negative,0,negative,True,0.99938726,0.99938726,0.00037739356,0.00023523495
15 Undervalued S&P 500 Stocks Billionaires Are Loading Up On,positive,2,neutral,False,0.9985923,0.0005738653,0.9985923,0.00083378673
S&P 500 in 2021: These Were the Year's 10 Worst-Performing Stocks,negative,0,neutral,False,0.50896764,0.4881121,0.50896764,0.002920284
7 Stocks Generate An Astounding 25% Of The S&P 500's Profit,positive,2,neutral,False,0.997207,0.0007728791,0.997207,0.002020025
Equity markets signal it is time to diversify,neutral,1,neutral,True,0.8788135,0.11304991,0.8788135,0.008136623
"Stock Market Today: Dow, S&P Live Updates for April 4",neutral,1,neutral,True,0.99904925,0.00041017242,0.99904925,0.00054062816
How to Use Fibonacci Extensions to Isolate Turning Points in ETFs,neutral,1,neutral,True,0.9984328,0.0007378744,0.9984328,0.0008293453
"Stock Market Today: Dow, S&P Live Updates for June 2",neutral,1,neutral,True,0.99904245,0.00040150632,0.99904245,0.0005560349
Retail Investors are Underperforming the Market,negative,0,negative,True,0.9432798,0.9432798,0.022717286,0.034002952
Stock market news today: Stocks soar as investors look ahead to inflation data,positive,2,positive,True,0.9957825,0.0009134053,0.0033040864,0.9957825
Minimize Risk by Hedging With Derivatives,neutral,1,neutral,True,0.9950964,0.0023116416,0.9950964,0.0025919082
S&P 500 Q2 2023 earnings beat Wall Street expectations,positive,2,positive,True,0.9986583,0.00075300876,0.00058868463,0.9986583
Will 50DMA Support Stocks for the 10th Time in 2021 - ALPHA PROFIT,neutral,1,positive,False,0.62340057,0.08201094,0.2945885,0.62340057
"Like Steve Jobs, Apple’s Tim Cook replies to fans’ e-mails",neutral,1,neutral,True,0.9988096,0.0004544266,0.9988096,0.0007359448
The Equity Bear Market Won't Be Over Before Recession Begins,negative,0,negative,True,0.9812432,0.9812432,0.012750555,0.006006259
U.S. stocks can climb a lot higher in 2024,positive,2,positive,True,0.9988098,0.000347317,0.0008428647,0.9988098
Nasdaq enters a correction as tech shares lead U.S. stocks lower,negative,0,negative,True,0.9993806,0.9993806,0.00030322434,0.00031620436
"Stocks end slightly higher as S&P 500, Nasdaq book 5th straight monthly gain",positive,2,positive,True,0.9986773,0.00048787706,0.000834834,0.9986773
Court bans Samsung tablet from sale in Europe,negative,0,negative,True,0.9891565,0.9891565,0.010442694,0.00040076158
S&P 500 Reporting Lowest Net Profit Margin Since 2009,negative,0,negative,True,0.9938558,0.9938558,0.0033083912,0.0028358996
Wall Street rises as financials recover after Citi results,positive,2,positive,True,0.9988018,0.0004648196,0.0007333839,0.9988018
15 Stocks Billionaire Investors Agree It's Smart To Buy Now,positive,2,neutral,False,0.9982772,0.00042374994,0.9982772,0.001299068
Fundstrat's Tom Lee explains why he sees an all-time high in the S&P 500 this year,positive,2,positive,True,0.9923143,0.0016685755,0.006017209,0.9923143
SPDR S&P 500 ETF Trust and the Joe Biden Phenomenon,neutral,1,neutral,True,0.9989504,0.00042261003,0.9989504,0.00062697346
Ikea finds horse meat in Russian hotdogs,neutral,1,neutral,True,0.99735034,0.0014008019,0.99735034,0.0012488005
"Markets News, Dec. 13, 2023: Dow Jumps 500 Points to Record High After Fed Forecasts 3 Rate Cuts in 2024",positive,2,positive,True,0.99788684,0.00087815284,0.0012350586,0.99788684
U.S. Stocks End Mostly Lower; Nasdaq Claims Positive Turf,negative,0,negative,True,0.9965565,0.9965565,0.0028753986,0.000568133
Stock market news live updates: Stocks surge as Wall Street crawls out of a brutal September,positive,2,positive,True,0.99756694,0.0012609031,0.0011721405,0.99756694
"VOO: 4 ""Strong Buy"" ETFs that Pay Dividends",positive,2,neutral,False,0.99850696,0.00042648835,0.99850696,0.0010665345
These stocks have been shunned for years. Now investors love them,positive,2,neutral,False,0.6094523,0.0073418696,0.6094523,0.38320577
Historical Fact: March Triple Witching Sends S&P 500 Lower,negative,0,negative,True,0.9993832,0.9993832,0.00035883987,0.00025791285
The S&P 500 finally hit a new record after multiple tries this month. Here's what could happen next,positive,2,positive,True,0.973242,0.0014889039,0.025269127,0.973242
Bank of America CEO gets 17% bump to $14 million,neutral,1,neutral,True,0.55745023,0.0025655266,0.55745023,0.43998423
State Street S&P 500 ETF doubles to $10bn since fee cut,positive,2,neutral,False,0.6775444,0.016930914,0.6775444,0.3055247
Africa’s super telescopes ‘will inspire science boom’,neutral,1,neutral,True,0.99147594,0.00046079798,0.99147594,0.008063263
Google: Self-driving cars are mastering city streets,neutral,1,neutral,True,0.9631383,0.00072667067,0.9631383,0.03613506
Rush Limbaugh: Tech bloggers ‘hate’ Apple,negative,0,neutral,False,0.9903768,0.00848334,0.9903768,0.0011398594
McDonald’s breakthrough: Weird places to find the golden arches,neutral,1,neutral,True,0.9983664,0.0003531821,0.9983664,0.0012803827
"Stock market live Thursday: Dow tanks 2,300 in worst day since Black Monday, S&P 500 bear market",negative,0,negative,True,0.99939406,0.99939406,0.00033057667,0.00027538103
Stock Market Outlook: S&P 500 on Track for 28% Gain This Year,positive,2,positive,True,0.99863106,0.00055420503,0.00081470486,0.99863106
Olympus Chairman to step down amid public row,negative,0,neutral,False,0.9980209,0.0014760486,0.9980209,0.00050305657
Index Fund Investment Strategy: Michael Burry Warns of Bubble,negative,0,neutral,False,0.76223356,0.23429222,0.76223356,0.00347424
Energy giant struggles to contain offshore gas leak,negative,0,neutral,False,0.5379542,0.4596801,0.5379542,0.002365634
"Nvidia and Big Tech are still the driving forces for the market, bringing S&P 500 back to record levels",positive,2,positive,True,0.9952094,0.0003670652,0.004423524,0.9952094
"Stock Market Today: Dow, S&P Live Updates for July 26",neutral,1,neutral,True,0.99905604,0.00041413505,0.99905604,0.00052985
Investing Club mailbag: How to use Jim Cramer's trusted S&P Oscillator to interpret market swings before investing,neutral,1,neutral,True,0.99881786,0.00047744368,0.99881786,0.0007046002
Friday Fun Fact: The Birth of Stock Index Futures,neutral,1,neutral,True,0.99888414,0.00057417754,0.99888414,0.00054173707
A strategy to outsmart the S&P 500 ‘bubble’,neutral,1,neutral,True,0.9965178,0.001206517,0.9965178,0.0022756914
"Market Report - Oct. 31, 2011 - CNNMoney",neutral,1,neutral,True,0.99886036,0.0006889448,0.99886036,0.000450666
TSX drops as worries deepen about EU debt crisis,negative,0,negative,True,0.99935764,0.99935764,0.00045654786,0.00018585662
Brooklyn Brewery: How a journalist became the king of beer,neutral,1,neutral,True,0.99850214,0.00042322825,0.99850214,0.0010746042
"What's the Difference Between the Dow, S&P 500, and Nasdaq?",neutral,1,neutral,True,0.99893874,0.0005716323,0.99893874,0.0004897029
Wall Street ekes out modest gains as S&P 500 hovers near all-time closing high,positive,2,negative,False,0.8982455,0.8982455,0.081057146,0.020697376
"Wall Street ends higher on technology, energy boost",positive,2,positive,True,0.99878806,0.0004677153,0.00074428075,0.99878806
Tech sector contributed all of the stock market gains so far in 2018,positive,2,neutral,False,0.68925166,0.0012655831,0.68925166,0.30948275
Explained: Can market concentration determine future returns? Take a look at S&P 500's past,neutral,1,neutral,True,0.9989956,0.0005335489,0.9989956,0.00047087608
Warning signs suggest this year’s stock market rally is on shaky legs,negative,0,negative,True,0.99939156,0.99939156,0.00032690688,0.0002815231
‘Fear Rick’s Vest’: Santorum’s sweaters go viral,neutral,1,neutral,True,0.99805945,0.0010317474,0.99805945,0.0009087386
Aggressive demand falters in S&P 500: Will a shakeout follow? [Video],negative,0,negative,True,0.99869776,0.99869776,0.0010887203,0.00021345734
"S&P 500 and Nasdaq 100 Make Gains, While CAC40 Struggles",positive,2,positive,True,0.9735224,0.0014765926,0.025001023,0.9735224
U.S. Stocks Cut Losses In The Wake Of AIG Disclosure,negative,0,positive,False,0.97129905,0.016166864,0.012534063,0.97129905
"The Bull Market in Stocks Is on Track to Push S&P 500 to 5,000 by 2024",positive,2,positive,True,0.99653625,0.0022017465,0.001261945,0.99653625
Wall Street ends sharply higher on sign of cooling inflation,positive,2,positive,True,0.9986217,0.000793801,0.0005845245,0.9986217
Where will the S&P 500 go in 2020? Here are the most bullish and bearish strategists,neutral,1,neutral,True,0.99900573,0.00030243205,0.99900573,0.0006917698
"Markets News, Feb. 9, 2024: S&P 500 Tops 5K, Nasdaq Approaches 16K Amid Tech Rally",positive,2,positive,True,0.9942502,0.0017177094,0.004032156,0.9942502
The Stock Market Doesn't Care About Violence. Here's How It's Performed During Major U.S. Protests And Tragedies,neutral,1,neutral,True,0.9532689,0.0030418541,0.9532689,0.043689284
Japan stock index hits 33-year high as investors warm to Tokyo story,positive,2,positive,True,0.9983134,0.00092100195,0.00076561153,0.9983134
Tesla's stock market value accelerates past $500 billion,positive,2,positive,True,0.99742585,0.0008854414,0.0016886354,0.99742585
Warren Buffett Boldly Loads Up On 4 Of His Best Stocks,positive,2,neutral,False,0.9986675,0.00050990813,0.9986675,0.00082264753
Stock pain: 15% of S&P 500 down 20% in 2015,negative,0,negative,True,0.99944884,0.99944884,0.0003051583,0.00024607393
Earnings revision breadth at highest rate in six years,positive,2,negative,False,0.57684785,0.57684785,0.030897314,0.39225486
"ChartIQ Joins S&P Global, Enhances Capital IQ Pro Platform",positive,2,neutral,False,0.9937056,0.00032778352,0.9937056,0.0059666955
The strong January in stocks could be a positive sign for the year,positive,2,positive,True,0.99842924,0.00081999216,0.0007507883,0.99842924
Wells Fargo Investment Institute 2023 Midyear Outlook: Navigating end-of-cycle turbulence,neutral,1,neutral,True,0.9764489,0.020275341,0.9764489,0.0032757227
How Will the GICS Sector Changes Affect Sector ETFs in the U.S.?,neutral,1,neutral,True,0.9989655,0.00045148566,0.9989655,0.00058302627
S&P 500 Seasonality Turns Negative In Late September,negative,0,negative,True,0.9991092,0.9991092,0.00042439037,0.0004664492
"The S&P 500’s record-setting holiday run appears likely to continue in 2020, analysts say",positive,2,positive,True,0.9972806,0.00057012966,0.002149241,0.9972806
How Apple Stock Continues To Impressively Outperform,positive,2,positive,True,0.99850816,0.0005259467,0.0009658275,0.99850816
"S&P 500, Nasdaq snap longest winning streak in 2 years after Powell remarks, weak bond auction",negative,0,positive,False,0.6721322,0.30641726,0.021450602,0.6721322
"S&P 500, Nasdaq eke out 3rd day of gains, but November rally hits speed bump",positive,2,negative,False,0.5983435,0.5983435,0.26434442,0.13731205
8 Charts That Tell The Stock Market Story Of 2021,neutral,1,neutral,True,0.9990263,0.00048380406,0.9990263,0.0004899736
Look and feel good: How tech could save the fashion industry,neutral,1,neutral,True,0.99624914,0.00038254503,0.99624914,0.0033683619
Corporate America's revenues are roaring back,positive,2,positive,True,0.99743515,0.0005018576,0.002063032,0.99743515
"Stock Market Today: Dow, S&P Live Updates for November 29",neutral,1,neutral,True,0.99905914,0.0004270731,0.99905914,0.00051382766
"S&P 500 closes above 5,000 for first time as US inflation cools",positive,2,positive,True,0.99761474,0.0015590576,0.0008262738,0.99761474
Investing in S&P 500 from the UK – What to Know,neutral,1,neutral,True,0.99851435,0.00053413346,0.99851435,0.00095158076
"10-Year Treasury Yield Dives On Government Funding Plan, ADP Jobs Data; S&P 500 Falls",negative,0,negative,True,0.91810584,0.91810584,0.02635375,0.055540394
"Best Mutual Funds 2022 Topping Their Categories And Beat Benchmarks Over 1, 3, 5 & 10 Years",positive,2,neutral,False,0.96223724,0.00051758747,0.96223724,0.037245188
CalPERS Equity Portfolio Edges Out S&P 500 Returns in Q4 2022 | Chief Investment Officer,positive,2,neutral,False,0.94300365,0.015537111,0.94300365,0.04145925
"S&P 500 Earnings Season Update: August 4, 2023",neutral,1,neutral,True,0.9990351,0.00045571505,0.9990351,0.00050909887
‘Augmented-reality’ windshields and the future of driving,neutral,1,neutral,True,0.99859065,0.00046504033,0.99859065,0.0009442769
Inflation Data Eats Into the Stock Market's Bull Run,negative,0,positive,False,0.60975534,0.32166585,0.06857877,0.60975534
"Nasdaq grabs new record, S&P turns positive for 2020",positive,2,positive,True,0.9986475,0.0005277039,0.0008248586,0.9986475
Stocks shake off Israel-Gaza war fears to end higher after remarks by Fed officials,positive,2,positive,True,0.99545324,0.0018440076,0.00270274,0.99545324
Rise of the US mega-caps creates shaky 'top-heavy' market,negative,0,negative,True,0.98896,0.98896,0.00967938,0.0013606625
High-Frequency Cross-Market Trading and Market Volatility - Liberty Street Economics,neutral,1,neutral,True,0.9915523,0.0076452275,0.9915523,0.00080243306
3 Charts That Show Why the Dow Could Keep Underperforming the S&P 500 and Nasdaq in 2022,neutral,1,negative,False,0.9884494,0.9884494,0.0072365026,0.0043140864
Wall Street sheds gains as oil slide weighs,negative,0,negative,True,0.9994079,0.9994079,0.00034263404,0.0002495232
Tesla getting trounced by S&P 500 after three years,negative,0,positive,False,0.63175166,0.30076417,0.067484155,0.63175166
"Dow surges 1,086 points for biggest point gain in history",positive,2,positive,True,0.9984351,0.0009988736,0.0005659816,0.9984351
Report: Profits for Media and Entertainment Sector Remain High Despite Downturn,positive,2,positive,True,0.9886348,0.0023463788,0.009018799,0.9886348
Market 'freak out': Stocks rebound from scary plunge,positive,2,positive,True,0.99551046,0.003527353,0.000962188,0.99551046
Are European Stocks Cheap or is the U.S. Expensive?,neutral,1,neutral,True,0.9988883,0.00046798956,0.9988883,0.00064375304
Stocks close sharply down after Powell says rates will rise more than expected,negative,0,negative,True,0.9992118,0.9992118,0.00057998556,0.00020823651
"How Stocks Behave After S&P 500, VIX Returns Are Positive",neutral,1,neutral,True,0.99689984,0.00059645774,0.99689984,0.002503714
Meet Elizabeth: The heart and soul of ‘BioShock Infinite’,neutral,1,neutral,True,0.9989832,0.0005287658,0.9989832,0.00048804464
China protests at India cotton export ban,negative,0,neutral,False,0.5606745,0.43249255,0.5606745,0.0068330285
4 Insurance Stocks That Have Outperformed S&P 500 in a Year,positive,2,neutral,False,0.9887638,0.0010176809,0.9887638,0.010218457
Limit Your Downside Risk During a Bear Market,neutral,1,neutral,True,0.98933893,0.006727706,0.98933893,0.0039333445
Junk Bonds Are Sending An Important Message To The Markets (JNK),neutral,1,neutral,True,0.9888437,0.0074699656,0.9888437,0.0036863098
Tesla (TSLA) Stock Price Forecast Gap Is Widest in S&P500,neutral,1,negative,False,0.96887946,0.96887946,0.013114327,0.018006131
Digital Transformation Is Racing Ahead and No Industry Is Immune - SPONSOR CONTENT FROM DXC TECHNOLOGY,neutral,1,neutral,True,0.97730356,0.0020293193,0.97730356,0.0206671
U.S. Stocks Erase Losses Amid Hopes Of AIG Rescue,positive,2,positive,True,0.95904386,0.02702282,0.013933307,0.95904386
How Sustainable Is Johnson & Johnson’s Dividend?,neutral,1,neutral,True,0.9989951,0.00049674325,0.9989951,0.0005081801
Smart-Beta ETFs That Lived Up to Their Nickname,positive,2,neutral,False,0.9986909,0.00061746605,0.9986909,0.00069166103
"Unstoppable Action: S&P 500 Hits Record High, Dow Soars 350 Points!",positive,2,positive,True,0.99820185,0.0008342591,0.0009638379,0.99820185
‘NBA 2K15’ face scans create mutant horrors,neutral,1,neutral,True,0.9904593,0.008101714,0.9904593,0.0014389076
These 19 large-cap stocks have now dropped at least 60% from their 52-week highs,negative,0,negative,True,0.999435,0.999435,0.00032354405,0.000241414
It's Been One Of The Top 5 Worst Starts To A Year For Stocks And Bonds,negative,0,negative,True,0.97345895,0.97345895,0.023466635,0.0030743622
"US Stock Market: New Highs For Dow, S&P 500, And Nasdaq After Fed's Decision",positive,2,positive,True,0.99452305,0.00066712906,0.004809788,0.99452305
"Stocks Edge Higher On Deals, Commodities Prices - CBS Los Angeles",positive,2,positive,True,0.9968238,0.0008676166,0.0023085508,0.9968238
"US Indices Beginning to Look Vulnerable; S&P 500, Nasdaq, Dow Price Setups",negative,0,negative,True,0.99897075,0.99897075,0.000680397,0.00034896575
8 Beaten Down Blue Chips with Upside as S&P 500 Nears Record,positive,2,positive,True,0.9757957,0.0035242748,0.020680074,0.9757957
"Stock market drop over debt ceiling could begin within days, experts said",negative,0,negative,True,0.9966899,0.9966899,0.0027413534,0.0005686536
What Happens to Stocks Added to the Nasdaq-100?,neutral,1,neutral,True,0.9989868,0.00057922956,0.9989868,0.00043396468
LIVE MARKETS S&P 500 valuations starting to look not half bad,positive,2,positive,True,0.9931665,0.0010176902,0.0058158673,0.9931665
Research suggests female CEOs outearn their male peers—but it's not that simple,neutral,1,neutral,True,0.986783,0.0008284087,0.986783,0.012388593
Wall Street ends sharply lower as chipmakers and megacaps slide,negative,0,negative,True,0.9994869,0.9994869,0.0002857782,0.00022718155
U.S. stocks snap 4-day winning streak as Treasury yields climb after inflation data,negative,0,negative,True,0.99701846,0.99701846,0.0007259798,0.002255602
All Correlations Go to 1 in a Crisis: Cattle Crush Spread during COVID-19 - PAER Report,neutral,1,negative,False,0.97819793,0.97819793,0.020533735,0.0012682971
‘Capital Factory’ spurs startups in Austin,neutral,1,neutral,True,0.98739153,0.000985736,0.98739153,0.011622627
CBOE Introduces 10 Options-Based Strategy Performance Benchmark Indexes,neutral,1,neutral,True,0.9988971,0.00043724914,0.9988971,0.0006656148
S&P 500 Price Forecast – S&P 500 Continues to Threaten a Breakout,positive,2,negative,False,0.99490947,0.99490947,0.0018085407,0.0032819174
LIVE MARKETS 2021 saw a lot less volatility in the S&P 500,positive,2,positive,True,0.8137245,0.008960805,0.17731471,0.8137245
University Of California's Hedge Fund Investments Plagued By High Fees,negative,0,negative,True,0.8968902,0.8968902,0.09752993,0.0055798185
"Dow flips higher as S&P 500, Nasdaq remain at fresh 2023 high ahead of Fed policy decision",positive,2,positive,True,0.9986185,0.0005424935,0.00083905365,0.9986185
What you need to know about the stock market's circuit breakers,neutral,1,neutral,True,0.9990189,0.00039103805,0.9990189,0.00059004565
Warren Buffett's Advice: Forget Get-Rich-Quick. Here's How to Get Rich Slowly,neutral,1,neutral,True,0.9979463,0.0006426717,0.9979463,0.0014109818
Dow Futures Higher After Monday's Trillion Dollar Wipeout As Coronavirus Concerns Linger,positive,2,positive,True,0.99731016,0.0018152756,0.00087460777,0.99731016
Stock Market Gains Could Be Supercharged in 2024 If 'January Trifecta',positive,2,positive,True,0.9968714,0.0007851955,0.0023434097,0.9968714
"S&P 500 falls again on Thursday, inching closer to bear market territory",negative,0,negative,True,0.9992944,0.9992944,0.00037464837,0.0003309806
Equal-Weight Indexers Didn't Suck Wind For A Decade,positive,2,neutral,False,0.51292187,0.15502456,0.51292187,0.33205354
S&P 500 Weekly Price Forecast – Stock Markets Continue Slow Grind,neutral,1,negative,False,0.99514836,0.99514836,0.0038680611,0.0009835544
"Why people share murder, rape on Facebook",neutral,1,neutral,True,0.9975235,0.0017784958,0.9975235,0.0006980618
"Five years on, millions still dig ‘FarmVille’",neutral,1,neutral,True,0.9971129,0.0007343612,0.9971129,0.002152777
TD Ameritrade Investor Movement Index: IMX Score Increases as 2023 Begins,positive,2,positive,True,0.73763126,0.009315217,0.25305358,0.73763126
"SocGen equity strategists upbeat on S&P 500 near-term, cautious into 2024",positive,2,neutral,False,0.974488,0.008060657,0.974488,0.017451331
"Up Over 32% This Year, Is Ark Innovation ETF a Better Investment in 2023 Than the S&P 500?",positive,2,neutral,False,0.9970289,0.00036549315,0.9970289,0.002605642
Taco Bell pulls beef from UK outlets after horse meat discovery,negative,0,negative,True,0.9948526,0.9948526,0.0049115047,0.00023587928
S&P 500 Gains and Losses Today: Solar Stocks Soar After Fed Signals Rate Cuts Next Year,positive,2,positive,True,0.9733194,0.010034834,0.016645713,0.9733194
Top 10 Names in S&P 500 Responsible for 90% of Q1 Gains,neutral,1,neutral,True,0.99605703,0.00088144396,0.99605703,0.0030615767
Facebook gets dumped from an S&P index that tracks socially responsible companies,negative,0,negative,True,0.83279794,0.83279794,0.16553694,0.0016650922
"S&P 500 Gains and Losses Today: Gen Digital's Customers, Revenue Advance",positive,2,positive,True,0.9815076,0.0011838485,0.017308561,0.9815076
"Should You Buy the Vanguard S&P 500 ETF? 3 Pros, 2 Cons",neutral,1,neutral,True,0.9988721,0.0003938829,0.9988721,0.0007340341
Stocks Wobble as a Bumpy Week on Wall St. Comes to a Close (Published 2018),negative,0,negative,True,0.90819377,0.90819377,0.0116006965,0.080205545
"Stock Market Today: Dow, S&P Live Updates for May 25",neutral,1,neutral,True,0.9990513,0.00040484907,0.9990513,0.0005439128
The 100 Largest Low-Wage Employers Have Spent $341 Billion on Stock Buybacks Since 2020,neutral,1,neutral,True,0.99114156,0.00058990903,0.99114156,0.008268525
"Tech giants drive fifth day of gains for Nasdaq, S&P 500",positive,2,positive,True,0.99797803,0.0004897711,0.0015321946,0.99797803
"Now is an 'ideal' time for young people to start building wealth, says investing expert",positive,2,neutral,False,0.9934604,0.00043300027,0.9934604,0.0061065797
Stocks gain as European central bank says it's ready to act,positive,2,positive,True,0.9937132,0.0010317113,0.005255068,0.9937132
Wall St closes higher on eve of Fed decision; investors assess earnings,positive,2,positive,True,0.9956921,0.00055325613,0.0037546305,0.9956921
Bangladesh risks losing EU market access,negative,0,negative,True,0.99694985,0.99694985,0.002841942,0.00020825471
Elon Musk overtakes Bill Gates to become world's second richest person,neutral,1,neutral,True,0.9749146,0.0008693819,0.9749146,0.02421597
"S&P 500 Ready to Join Bear Market, Says Morgan Stanley",negative,0,negative,True,0.99894387,0.99894387,0.0004813481,0.00057487463
This chart shows that oil is going to $75: Technical analyst,neutral,1,positive,False,0.98898137,0.0043976507,0.00662104,0.98898137
Study finds crypto is ‘fool’s gold’ when it comes to hedging,negative,0,neutral,False,0.9881672,0.0048982664,0.9881672,0.0069344607
A brutal April knocked the S&P 500 into its second stock-market correction of 2022,negative,0,negative,True,0.9993267,0.9993267,0.00033644424,0.00033684296
ProPicks: Beat the S&P 500 with our cutting-edge AI-powered stock selection,positive,2,positive,True,0.5680519,0.00070245645,0.43124565,0.5680519
S&P 500 Will Likely Report Earnings Growth in Q2 2019,positive,2,positive,True,0.9983607,0.0004557261,0.0011836017,0.9983607
Why Google's split will change the S&P 500 forever,neutral,1,neutral,True,0.99779886,0.001195171,0.99779886,0.0010059032
Hedge funds have lost $43 billion trying to short the market as the S&P 500 eyes its best month in over a year,positive,2,negative,False,0.9978504,0.9978504,0.0010123227,0.001137277
Here's How Stocks Performed After The Fed Stopped Hiking Rates In The Past,neutral,1,neutral,True,0.9987507,0.0005570817,0.9987507,0.0006922191
Goldman Sees Bull Market In 2019 Despite Investor Pessimism,positive,2,positive,True,0.9864053,0.0046650684,0.008929621,0.9864053
Health care stocks rebound despite fight over Obamacare,positive,2,positive,True,0.99670273,0.0006504803,0.0026468274,0.99670273
"Wall Street ignores these 'orphan' stocks, but they've beaten the S&P 500 over 20 years",positive,2,positive,True,0.74161077,0.004620038,0.25376922,0.74161077
Hedgeye Risk Management | S&P Sector Scorecard: Everything You Need to Know About the U.S. Economy,neutral,1,neutral,True,0.9988255,0.0004797598,0.9988255,0.00069477415
The stock market usually bounces from Thanksgiving to Christmas,positive,2,positive,True,0.98453194,0.0027193741,0.012748727,0.98453194
'From Bambi to Godzilla.' Strategist David Rosenberg skewers the Federal Reserve as he sees a 30% hit to home prices and the S&P 500 returning to an early 2020 low,negative,0,negative,True,0.99674785,0.99674785,0.0028945308,0.00035769946
Prudence pays as cash-rich US companies outperform peers in 2020,positive,2,positive,True,0.98830557,0.0009276106,0.010766857,0.98830557
S&P 500 generates double-digit gains for third consecutive year,positive,2,positive,True,0.9985154,0.0007921613,0.000692366,0.9985154
‘The mother of all crises.’ A US debt default would ricochet around the world,negative,0,negative,True,0.98766565,0.98766565,0.011563433,0.0007709242
The FIRE Lunatics With 8% Return Assumptions,neutral,1,neutral,True,0.99814606,0.0009956033,0.99814606,0.0008583496
What Does It Mean That The Stock Market Is A Leading Economic Indicator?,neutral,1,neutral,True,0.9986676,0.0005294334,0.9986676,0.000802969
'Big Short' Legend Michael Burry Hints Stock Market Crash Is Underway,negative,0,negative,True,0.99852604,0.99852604,0.0009580333,0.00051605044
Dollars and Sense: Hot stocks and housing bubbles,neutral,1,neutral,True,0.99795145,0.0006928122,0.99795145,0.0013557253
Goldman Sachs thinks the economy will actually pull off a soft landing—but adds the S&P will stay flat for a whole year,neutral,1,positive,False,0.73315245,0.17296064,0.09388688,0.73315245
"Stocks log worst week since 2008: March 20, 2020",negative,0,negative,True,0.9992132,0.9992132,0.00044361153,0.00034317162
Tesla Stock Plummets Over 21%. How Much Further Can It Drop?,negative,0,negative,True,0.98940337,0.98940337,0.0038973284,0.0066993823
Companies Are Dropping Like Flies (And 10 Are Most At Risk Now),negative,0,negative,True,0.9364501,0.9364501,0.06276805,0.0007817449
"Dow jumps 417 as stocks rally, oil hits $102",positive,2,positive,True,0.99880826,0.00059941976,0.00059231883,0.99880826
Cathie Wood slams Tesla's removal from S&P 500 ESG index: 'Ridiculous',negative,0,neutral,False,0.9879479,0.010608472,0.9879479,0.0014436375
20 Percent of TSP C Fund Invested in FAANG Stocks,neutral,1,neutral,True,0.9976042,0.0007239771,0.9976042,0.0016717921
Twitter Caps Nine Years of Largely Unfulfilled Promise on NYSE,negative,0,negative,True,0.92213917,0.92213917,0.07350951,0.0043512103
S&P 500 on Track to Hit Fresh Record Highs,positive,2,positive,True,0.9977908,0.0010343683,0.0011747876,0.9977908
"Dow Jones, S&P 500 Forecast – Approaching Long-term Support as Panic Sets In",negative,0,positive,False,0.97312015,0.02406411,0.0028157905,0.97312015
"As Stocks Fall, Economic Fears Rise, Along With Inflation",negative,0,negative,True,0.9968064,0.9968064,0.0021234506,0.0010701439
Analyst sounds the alarm on the 'most crowded trade in investing history',negative,0,negative,True,0.99075,0.99075,0.007678787,0.0015711455
S&P 500 Gains and Losses Today: Stocks Lose Ground as Hiring Slows,negative,0,negative,True,0.98725593,0.98725593,0.011236843,0.0015072121
"US stocks end higher as Citi, others report strong earnings",positive,2,positive,True,0.9988392,0.00041204784,0.00074880925,0.9988392
S&P 500 ends up slightly with boost from financials; Netflix up late,positive,2,positive,True,0.99776506,0.0005711768,0.0016638038,0.99776506
Out of the Woods? The S&P 500 Recovers 50% of Year's Drawdown,positive,2,neutral,False,0.5285984,0.018771755,0.5285984,0.4526298
S&P 500 & Nasdaq Rebound from Key Support; How Much More Upside?,positive,2,positive,True,0.98177814,0.0041525853,0.014069212,0.98177814
11 Stocks Hold Up Best During Corrections (And 2 Even Gain),positive,2,neutral,False,0.99761873,0.0004042146,0.99761873,0.0019770311
‘Fatal Attraction’ was in theaters the last time the S&P 500 did this well in January,positive,2,neutral,False,0.9873511,0.0048834416,0.9873511,0.0077654836
Women Hold a Third of S&P 500 Boards Seats With Gains in June,neutral,1,positive,False,0.8108161,0.009003498,0.18018036,0.8108161
S&P 500 takes a pause ahead of U.S inflation data,neutral,1,negative,False,0.7347979,0.7347979,0.26160517,0.0035969287
"Stock Market Today: Dow, S&P Live Updates for April 21",neutral,1,neutral,True,0.99904627,0.00040672257,0.99904627,0.0005470525
4 Magnificent ETFs to Buy Now That Are Proven Moneymakers,positive,2,neutral,False,0.99799526,0.0004289494,0.99799526,0.0015757481
12 of the worst predictions about the global economy that intelligent people have ever made,negative,0,neutral,False,0.94020975,0.058285136,0.94020975,0.0015050974
SPDR S&P 500 ETF Trust (SPY) News and Forecast: Turnaround Tuesday or pump and dump?,neutral,1,neutral,True,0.99861145,0.00072978035,0.99861145,0.00065874204
"Stock Market (SPX) Keep Rallying, Defying Doom Scenarios",positive,2,positive,True,0.99814856,0.000824481,0.0010269748,0.99814856
S&P 500 Gains and Losses Today: Index Slips After Downward Revision to GDP Growth,negative,0,negative,True,0.9985928,0.9985928,0.00086328696,0.00054389506
"Nasdaq 100 & S&P 500 Hold Support, while Nikkei 225 Remains Above the 200-day Moving Average",positive,2,positive,True,0.93221897,0.009748435,0.058032557,0.93221897
AI-darling Nvidia's bumper results push S&P 500 to record high,positive,2,positive,True,0.99841344,0.00071138743,0.0008751121,0.99841344
The Lernstift smartpen checks your spelling as you write,neutral,1,neutral,True,0.9985877,0.00049169693,0.9985877,0.0009206849
The Best and Worst Ways to Trade SPY Options Each Week,neutral,1,neutral,True,0.99890554,0.0004173621,0.99890554,0.00067711296
Oppenheimer Says S&P 500 Could Rise Another 12% by Year-End — and These Stocks Could Follow,positive,2,positive,True,0.9970938,0.0004928413,0.0024132982,0.9970938
Nelson Peltz: Disney board has underperformed the S&P 500 'on every measure',negative,0,negative,True,0.99272126,0.99272126,0.005443452,0.0018352142
This Chart Shows the Secret to Never Losing Money in the Stock Market,neutral,1,neutral,True,0.9974771,0.0009423496,0.9974771,0.0015804776
"Barclays predicts shares of AMD, one of the market's hottest stocks, will plunge 35%",negative,0,negative,True,0.9994597,0.9994597,0.00026918683,0.00027113874
A Bull Market Is Coming: History Says the S&P 500 Could Soar 24% in the Next Year,positive,2,positive,True,0.9979672,0.0011827622,0.000850052,0.9979672
"Stocks have never bottomed before a recession hits, but there's still a chance the market rallies in 2023 despite ...",positive,2,positive,True,0.580636,0.21999173,0.19937226,0.580636
Paris Terror Attacks: The Economic Fallout,negative,0,neutral,False,0.96643084,0.032648906,0.96643084,0.00092029764
S&P 500 Weekly Price Forecast – Attempt to Break Out but Failed,negative,0,negative,True,0.9379921,0.9379921,0.03969788,0.022310013
SPDR S&P 500 ETF tops record $500 bln in assets as Nvidia soars,positive,2,positive,True,0.87573797,0.00755212,0.116709895,0.87573797
CME upgrade soothes critics who viewed prior system as unfair| Gulf Times,positive,2,positive,True,0.96932304,0.001005503,0.029671425,0.96932304
"Stock Market Today: Dow, S&P Live Updates for March 29",neutral,1,neutral,True,0.99905366,0.000425769,0.99905366,0.00052061764
"Markets News, Aug. 24, 2023: Nvidia Boost Fizzles; Nasdaq, S&P 500 Fall in Worst Session in Weeks",negative,0,negative,True,0.99919146,0.99919146,0.00048114886,0.00032741923
Stocks Break to New Highs While VIX Drops to New Low,positive,2,positive,True,0.542906,0.06379097,0.39330298,0.542906
"S&P 500 Climbs as US Dollar, Rates Decline: Will the 5,000 Gap Fill Hold?",positive,2,positive,True,0.9870543,0.00493381,0.008011912,0.9870543
Indie RIAs say they're taking clients from brokers,neutral,1,neutral,True,0.99303305,0.0043559917,0.99303305,0.0026109247
Dow scores best week since October 2022 as stocks rise after soft jobs report,positive,2,positive,True,0.9982047,0.0010047081,0.00079053437,0.9982047
Big stock rally could be followed by 'big collapse': Bank of America,negative,0,negative,True,0.99350065,0.99350065,0.0061287703,0.00037055957
Five reasons why U.S. stocks soared in 2016,positive,2,positive,True,0.998226,0.00041026418,0.001363745,0.998226
International Wide Moat Stocks Ready to Shine,positive,2,neutral,False,0.9918051,0.0005557079,0.9918051,0.007639213
S&P 500 Gains and Losses Today: Solar Power Stocks Sink After SolarEdge Warning,negative,0,negative,True,0.9964612,0.9964612,0.0025560625,0.0009826795
"S&P 500 forms 'doji' pattern, a bearish sign for stock-market investors",negative,0,negative,True,0.99880636,0.99880636,0.00043518166,0.00075840845
US Stocks are Forecast to Have Less Pain but No Gain in 2023,neutral,1,neutral,True,0.58921623,0.2871136,0.58921623,0.123670205
Dow loses more than 200 points Thursday to snap historic 13-day rally: Live updates,negative,0,negative,True,0.9992786,0.9992786,0.0004357598,0.00028559956
It's been a while since the S&P 500 had a big pullback—and that could mean rocky times ahead,negative,0,negative,True,0.99914646,0.99914646,0.00055407616,0.0002994352
S&P 500 closes slightly red as weak corporate guidance fuels recession fears,negative,0,negative,True,0.9993507,0.9993507,0.00036247706,0.0002867818
Global markets update: US stocks dip despite GDP growth | Mint,negative,0,negative,True,0.9992424,0.9992424,0.000514988,0.00024260166
"Is Macy's, Inc. (M) a Profitable Pick for Value Investors?",neutral,1,neutral,True,0.99902654,0.00044556867,0.99902654,0.0005278946
S&P 500 ends higher as investors bet on lower rates,positive,2,positive,True,0.99789363,0.00094778946,0.0011585932,0.99789363
Dollar-Cost Averaging: How It Works and When It Pays Off – 2020 Analysis,neutral,1,neutral,True,0.9986118,0.00051898166,0.9986118,0.00086917874
US healthcare stocks roiled by investor tug of war over economy,negative,0,negative,True,0.99773324,0.99773324,0.0017947091,0.0004720767
We Asked ChatGPT For Stock Picks — Here's What It Said,neutral,1,neutral,True,0.99879575,0.00038007097,0.99879575,0.0008241456
YouTube’s most popular video of 2014 was…,neutral,1,neutral,True,0.9973508,0.0003154009,0.9973508,0.002333803
4 Reasons Why Inverse ETFs Are Broken & Here's A Better Solution,neutral,1,neutral,True,0.9875382,0.010130306,0.9875382,0.0023313647
Why more Amber alerts will be waking you up,neutral,1,neutral,True,0.983493,0.0028989438,0.983493,0.013608057
S&P 500 CAPE vs S&P 500 12-mth forward returns,neutral,1,negative,False,0.6568841,0.6568841,0.10892226,0.23419365
"US STOCKS Dow, S&P 500 close higher, but pro-Trump protests weigh on gains",positive,2,positive,True,0.9922759,0.0007734572,0.0069506243,0.9922759
"Investors Were Expecting A Rebound From Tuesday's Plunge In The S&P 500. Based On History, It Was A Lot Less ...",neutral,1,neutral,True,0.4824087,0.45110372,0.4824087,0.066487536
"3 Stock Market Predictions for 2024: The S&P 500 Gains, Apple Falls Behind Microsoft, and Cybersecurity and Artificial ...",positive,2,neutral,False,0.9971379,0.0013563965,0.9971379,0.0015057042
"The 10 Biggest Single-Day Declines for the Dow, Nasdaq, and S&P 500",negative,0,negative,True,0.9481247,0.9481247,0.050305884,0.0015695036
Nalini Nadkarni: The tree-climbing scientist who brings plants to prison,neutral,1,neutral,True,0.9986247,0.0007428179,0.9986247,0.0006325445
Tesla gives up 16% pop to close negative in wild speculative trading,negative,0,negative,True,0.9993222,0.9993222,0.00034476575,0.0003330314
Ken Griffin's Hedge Fund Reportedly Crushed S&P 500 in January,positive,2,negative,False,0.83955723,0.83955723,0.14207254,0.018370286
Silver Vs. SPX: Ratios At Historic Lows | investing.com,neutral,1,negative,False,0.52766025,0.52766025,0.4536519,0.01868781
"2015 All-America Research Team: Equity-Linked Strategies, No. 1: Marko Kolanovic & team",neutral,1,neutral,True,0.9984933,0.00028305603,0.9984933,0.0012236484
S&P 500 to rise 30% over next two years: Strategist,positive,2,positive,True,0.99866223,0.0006872563,0.000650487,0.99866223
Two More Reasons This Bear Market Isn't Over,negative,0,negative,True,0.97911537,0.97911537,0.01256772,0.008316937
S&P 500 to end 2023 up 17% but little gains seen between now and year end: Reuters poll,positive,2,positive,True,0.88852376,0.022794621,0.088681564,0.88852376
Wabtec to replace Goodyear Tire on S&P 500 Feb. 27,neutral,1,neutral,True,0.9947003,0.000718749,0.9947003,0.0045809736
Wall Street thinks stocks have room to run even higher than originally thought,positive,2,positive,True,0.9986191,0.000530163,0.0008507159,0.9986191
All else being equal: Making the case for equal-weight ETFs,neutral,1,neutral,True,0.99805236,0.00062843226,0.99805236,0.001319235
"Oscar de la Renta: The man who could sell a $12,000 dress",neutral,1,neutral,True,0.99836844,0.00043929022,0.99836844,0.0011923378
Stocks rise but pare gains in first trading day of 2017,positive,2,neutral,False,0.9904204,0.007888319,0.9904204,0.0016913097
"S&P 500, Nasdaq 100 Break Series of Lower Highs",positive,2,positive,True,0.5032644,0.44361398,0.053121574,0.5032644
"Nasdaq, S&P 500 aim for longest winning streaks in roughly 2 years as QQQs challenge important trend line",positive,2,positive,True,0.8137084,0.15509203,0.031199535,0.8137084
Sprint falls to last in Consumer Reports rankings,negative,0,negative,True,0.99906856,0.99906856,0.0007089251,0.00022255491
A death cross for the S&P 500 highlights a stock market in tatters,negative,0,negative,True,0.9993839,0.9993839,0.00038744515,0.00022857412
Looming Debt Crisis Might Turbocharge VXX,negative,0,negative,True,0.91859233,0.91859233,0.07114923,0.010258373
Why this ‘anti-momentum’ ETF is back in favor with investors,neutral,1,positive,False,0.84176016,0.0024580988,0.15578172,0.84176016
"Macro Asset: Bitcoin Trounces Gold, S&P 500, & More In 2021 | Bitcoinist.com",neutral,1,positive,False,0.9299895,0.013456179,0.056554276,0.9299895
"Charts suggest the S&P 500 is nearing a ‘decisive’ moment, Jim Cramer says",neutral,1,positive,False,0.97387344,0.0039404724,0.022186128,0.97387344
S&P 500 Bearish Triangle May Lead To Additional 8% Decline!,negative,0,negative,True,0.9988432,0.9988432,0.00047159244,0.00068516214
Markets Throw a Welcome Party of Sorts for Biden (Published 2020),positive,2,neutral,False,0.9983224,0.0006211584,0.9983224,0.0010564944
"Most-shorted S&P 500 stock of 2020 surges, putting squeeze on short sellers",positive,2,positive,True,0.9057757,0.045839638,0.048384663,0.9057757
World stocks slide on weaker U.S. earnings outlook,negative,0,negative,True,0.9994242,0.9994242,0.00033838674,0.00023746927
Why Wall Street analysts almost never put 'sell' ratings on stocks they cover,neutral,1,neutral,True,0.9905143,0.008236953,0.9905143,0.0012488436
Discovery CEO David Zaslav Earned $33.3 Million In 2013,neutral,1,neutral,True,0.99782205,0.00049765245,0.99782205,0.0016802307
The Best American Funds for 401(k) Retirement Savers,neutral,1,neutral,True,0.99856657,0.00032583866,0.99856657,0.0011076365
Why It's a Surprise the S&P 500 Is 8% Higher Now Than Before Fed Hikes,positive,2,positive,True,0.9979221,0.0010563548,0.0010214979,0.9979221
Stock Market News Today: S&P 500 on Track to End Six-Session Win Streak,negative,0,positive,False,0.99611276,0.0013516288,0.002535681,0.99611276
How Turkey turned from emerging star to economic mess,negative,0,negative,True,0.98429215,0.98429215,0.014761573,0.0009463388
"Stocks close higher Friday, Nasdaq notches best quarter since 2020: Live updates",positive,2,positive,True,0.9983771,0.0005049697,0.0011179465,0.9983771
"As Crazy as It Sounds, the Stock Market Will Hit New Record Highs This Year: Analyst",positive,2,positive,True,0.99581474,0.0023057323,0.0018795145,0.99581474
NASDAQ Composite Outperforms Dow and S&P 500 as Markets Rally on Credit Suisse Assurance,positive,2,positive,True,0.9982206,0.00070852507,0.0010708547,0.9982206
"S&P 500 rally is showing signs of a bubble, selloff is coming - JPM",negative,0,negative,True,0.99856204,0.99856204,0.00087670924,0.0005613149
Steve Jobs’ yacht impounded over pay dispute,negative,0,negative,True,0.56401175,0.56401175,0.43411234,0.0018759172
Nasdaq is poised to underperform S&P 500 for first time since 2016 as investors shun tech stocks,negative,0,negative,True,0.99915385,0.99915385,0.00037770884,0.00046840805
"Bitcoin Underperforms S&P 500 as Stocks Have Overshot Fundamentals, Crypto Trading Firm QCP Says",negative,0,positive,False,0.989828,0.0026711735,0.0075008348,0.989828
S&P 500 may need better breadth to tackle all-time high as six stocks deliver 88% of market cap gains in 2023 ...,neutral,1,neutral,True,0.98120844,0.012427844,0.98120844,0.006363696
A Look Inside Bill Gates' Stock Portfolio Reveals His Big Winners,positive,2,neutral,False,0.998789,0.0003547889,0.998789,0.0008561657
STOCKS NEWS US-Symantec option volume swells. calls active,positive,2,neutral,False,0.5957596,0.037825216,0.5957596,0.36641517
Why Has Trading Volume On The S&P Dropped?,negative,0,neutral,False,0.82733464,0.16970782,0.82733464,0.0029575566
Dillons to add cash-related financial services,neutral,1,neutral,True,0.9894621,0.0004237601,0.9894621,0.010114168
How dependent is Europe on Russia for gas?,neutral,1,neutral,True,0.998892,0.00059650233,0.998892,0.0005115616
Investing in Champagne: 8 Expensive Bottles Worth Splurging On,neutral,1,neutral,True,0.99849534,0.0004690483,0.99849534,0.0010355588
"S&P 500 notches fourth straight positive week, touches highest level since August: Live updates",positive,2,positive,True,0.9981736,0.0009625508,0.00086389296,0.9981736
Asian shares rise as S&P 500 records longest win streak in two years,positive,2,positive,True,0.9988341,0.00053175644,0.000634217,0.9988341
Wild stock market reversals put dip-buyers on pace for historic year,positive,2,positive,True,0.80511165,0.09407879,0.10080957,0.80511165
Stocks just delivered a reminder about October’s reputation for volatility,negative,0,neutral,False,0.87308913,0.12464562,0.87308913,0.0022653355
Apparently This Matters: Baby Baird’s tapir,neutral,1,neutral,True,0.9989278,0.00037170984,0.9989278,0.00070053607
How to Identify a Stock Market Bottom? Look for These Signals,neutral,1,neutral,True,0.88366675,0.11491195,0.88366675,0.0014212946
"Nasdaq 100, Dow Jones, S&P 500 News: Investor Eyes on Nvidia, Fed Minutes for Market Insight",neutral,1,neutral,True,0.99850297,0.00038628877,0.99850297,0.0011108144
Global shares rally on hopes for Greek deal; U.S. yields rise,positive,2,positive,True,0.99091196,0.0045390017,0.0045490377,0.99091196
"S&P 500 Price Forecast – S&P 500 Continues to Stagnate, Looking For Momentum",negative,0,negative,True,0.9471495,0.9471495,0.04403909,0.0088114375
"Stocks end mostly lower, extending losing streak for S&P 500",negative,0,negative,True,0.99918836,0.99918836,0.0004672691,0.00034436083
Starting with Futures: S&P 500 E-minis | Market Insights,neutral,1,neutral,True,0.9987244,0.000651282,0.9987244,0.00062432326
Mothers reveal all: The secrets to raising a successful child,neutral,1,neutral,True,0.9987105,0.0004820689,0.9987105,0.0008073894
Dickerson: Etsy is disrupting global supply chains,neutral,1,negative,False,0.9042533,0.9042533,0.093733266,0.0020133543
10 Stocks Consistently Shower Investors With Big Gains In April,positive,2,neutral,False,0.92864907,0.008878266,0.92864907,0.062472567
Two New Elements Added to Chemistry's Periodic Table,neutral,1,neutral,True,0.99854904,0.000495667,0.99854904,0.0009552195
"Stock Market Today: Dow, S&P Live Updates for April 12",neutral,1,neutral,True,0.9990582,0.0004106644,0.9990582,0.0005311248
‘Incredible shrinking car’ drives sideways to park in tiny spaces,neutral,1,neutral,True,0.9975909,0.0013743567,0.9975909,0.001034714
Salespeople Need a Strategy for Selling to CEOs,neutral,1,neutral,True,0.9985561,0.00069133553,0.9985561,0.0007525163
Stock market books worst day of 2023 as rising yields contribute to 'perfect storm',negative,0,negative,True,0.99907565,0.99907565,0.00044765856,0.00047661868
"Stocks spike 2%, log 2nd best gains of 2013 amid debt deal hopes; Dow skyrockets 300 points",positive,2,positive,True,0.99837995,0.0009421866,0.00067782856,0.99837995
"Wall Street closes 2013 at records; best year in 16 for S&P, 18 for Dow",positive,2,positive,True,0.997883,0.00046797228,0.0016489914,0.997883
Overview: What stretched valuations mean for investors,neutral,1,neutral,True,0.9973465,0.002156485,0.9973465,0.00049701554
Hope City: ‘Africa’s tallest building’ planned at $10 billion tech hub,neutral,1,neutral,True,0.9965372,0.0006492824,0.9965372,0.002813462
"Nikkei 225, FTSE 100 and S&P 500 Continue to Free Fall",negative,0,negative,True,0.99904984,0.99904984,0.0005148716,0.00043527802
CHART OF THE DAY: AOL's Sleepy First Day Of Trading,neutral,1,neutral,True,0.95300215,0.020107197,0.95300215,0.026890585
Nasdaq leads Wall St to higher close as CPI report lifts sentiment,positive,2,positive,True,0.99871445,0.00059854815,0.0006869993,0.99871445
Study Says Birkin Bag Is a Better Investment Than Stocks and Gold,neutral,1,neutral,True,0.99686325,0.0012691976,0.99686325,0.0018676689
"NASDAQ 100, Dow Jones, S&P 500: Futures Rise; Penn Entertainment, Lyft Steal Spotlight",positive,2,positive,True,0.9657048,0.020068925,0.014226333,0.9657048
"S&P 500, Nasdaq end lower as Treasury yields rise on Fed rate hike expectations",negative,0,negative,True,0.9993278,0.9993278,0.0004498504,0.0002224361
What if the S&P 500 fumbles its bear-market exit? What strategists think of the role of tech in this rally.,neutral,1,negative,False,0.9862069,0.9862069,0.013471368,0.00032166508
"Stocks mostly fall on bank ratings, FedEx warning",negative,0,negative,True,0.9993218,0.9993218,0.0004931294,0.00018514112
10 years to extinction: S&P 500 companies,negative,0,neutral,False,0.9961713,0.0033337178,0.9961713,0.0004949958
"Stocks tumble on Friday, Nasdaq snaps eight-week winning streak: Live updates",negative,0,negative,True,0.9992632,0.9992632,0.0005235095,0.0002132123
The Recession Debate Pits CEOs and Economists Against Equity Analysts and Investors,negative,0,neutral,False,0.9860475,0.012182612,0.9860475,0.0017698983
"Facing criticism, PBMs may be downplaying profit margins",negative,0,negative,True,0.8834902,0.8834902,0.111966394,0.004543368
"Stock market live Monday: Market finishes at session high, Dow up 580, S&P 500 goes positive for June",positive,2,positive,True,0.99861,0.0004154297,0.0009745347,0.99861
The S&P 500's hidden $828 billion annual expenses,negative,0,neutral,False,0.9757834,0.02318287,0.9757834,0.0010337604
Surge in real-estate stocks propels sector to best-performing in S&P 500 as bond yields fall,positive,2,positive,True,0.9911049,0.0020762824,0.0068188068,0.9911049
"Markets News, Nov. 14, 2023: Nasdaq Surges to 3-Month High, Bond Yields Sink on Easing Inflation",positive,2,positive,True,0.9864893,0.009085551,0.004425175,0.9864893
"Utilities, energy outperform other S&P 500 sectors in March",positive,2,positive,True,0.99806327,0.0004620656,0.001474624,0.99806327
"Dow plunges more than 900 points for its worst day since 2020, falls for a fourth straight week",negative,0,negative,True,0.9993837,0.9993837,0.0002727015,0.00034355553
"Stock Market News Today: Dow, S&P 500 Rise on Coronavirus Stimulus",positive,2,positive,True,0.99862003,0.0005964087,0.00078356237,0.99862003
GLOBAL MARKETS-Wall St dips; Greece negotiating team rejig boosts Europe,neutral,1,negative,False,0.9978138,0.9978138,0.0019896945,0.00019654162
LIVE MARKETS S&P 500 year-end 2022 target 5100 - Goldman,positive,2,neutral,False,0.7260321,0.011895921,0.7260321,0.26207203
"The S&P 500 is up 8% this year, but most stocks are down—here's what it means for your money",negative,0,neutral,False,0.9347602,0.06404427,0.9347602,0.0011955656
The odds are stacked against stock pickers,negative,0,negative,True,0.9130794,0.9130794,0.074910104,0.012010572
Big Restaurants' Cash May Only Last This Many Months,negative,0,neutral,False,0.9645939,0.03147041,0.9645939,0.0039357077
Dow Jones Industrial Average and the S&P 500,neutral,1,neutral,True,0.99800557,0.0010386342,0.99800557,0.00095583295
60% Of This Year's Top Stocks Are In This Sector (It's Not Tech),neutral,1,neutral,True,0.9985139,0.00038969034,0.9985139,0.0010964541
"S&P 500, Dow, Nasdaq rise with vote expected to yield split government",positive,2,positive,True,0.99806136,0.00039887876,0.0015398104,0.99806136
"NASDAQ 100, Dow Jones, S&P 500: Futures Slide as Investors Brace for Inflation Data, Earnings Season",negative,0,negative,True,0.99928963,0.99928963,0.00039489887,0.00031549306
"Dow Jones at All-Time Highs; S&P 500, Nasdaq Bears Fail to Reverse Bull Trend",positive,2,positive,True,0.8919691,0.013647653,0.0943833,0.8919691
NFO Alert: Axis Mutual Fund launches Axis S&P 500 ETF Fund of Fund; all you need to know | Mint,neutral,1,neutral,True,0.99868494,0.0003279684,0.99868494,0.0009871237
Warren Buffett blasts hedge funds and high fees in annual letter,negative,0,neutral,False,0.9983284,0.0010061013,0.9983284,0.0006655255
"Bill Miller to step down as fund manager - Nov. 17, 2011",neutral,1,neutral,True,0.9980075,0.0012347682,0.9980075,0.00075773435
"Dow Jones, S&P 500 Pullback May Accelerate as Retail Traders Become Bullish",negative,0,positive,False,0.83769864,0.14984737,0.012453951,0.83769864
"Insider trading charges dismissed against Michael Steinberg, 6 others",neutral,1,positive,False,0.958201,0.002053444,0.03974555,0.958201
"When Performance Matters: Nasdaq-100® vs. S&P 500, Second Quarter '22",neutral,1,neutral,True,0.9906635,0.0036675564,0.9906635,0.005668869
"Stock market news live: Coronavirus jitters send Dow swooning to worst-ever point loss, closes at near 3-year low",negative,0,negative,True,0.99935263,0.99935263,0.00036299427,0.0002843428
"SHARE BAZAR LIVE: Axis Bank results weaker than expected, S&P 500 closes at new record high",neutral,1,negative,False,0.999037,0.999037,0.00072418037,0.00023875949
February stock market trends | Active Trader Commentary,neutral,1,neutral,True,0.9990681,0.00040314172,0.9990681,0.00052874815
Why the 200-Day Moving Average Matters in Today’s Market,neutral,1,neutral,True,0.99837166,0.00079093646,0.99837166,0.00083744305
"US Stock Market News: Dow Jones jumps 383 pts, Nasdaq, S&P 500 follow suit as bank contagion fears ease",positive,2,positive,True,0.9982863,0.00073164765,0.0009820218,0.9982863
Nvidia Climbs Into The Top Five S&P 500 Weightings,positive,2,positive,True,0.9823658,0.0012279203,0.016406344,0.9823658
Side effect of larger smartphones: More data usage,neutral,1,neutral,True,0.98011506,0.010047031,0.98011506,0.00983786
Stocks Hit Correction Territory as the West Announces Russia Sanctions,negative,0,negative,True,0.9959311,0.9959311,0.0030075242,0.0010613896
Ether ($ETH USD) Correlation With US Stocks Reaches Record: Chart,neutral,1,negative,False,0.6700897,0.6700897,0.16293813,0.16697213
Forget Godzilla: Facebook rolls out its own dinosaur,neutral,1,neutral,True,0.9977398,0.0006536971,0.9977398,0.0016064907
Red Alert For 2nd Crash Downwave | investing.com,negative,0,negative,True,0.99876535,0.99876535,0.0009469466,0.00028774218
"Wall St. powered higher by tech, Amazon results",positive,2,positive,True,0.9988707,0.00035218484,0.0007770999,0.9988707
"Stocks close out 2023 with a 24% gain, buoyed by a resilient economy",positive,2,positive,True,0.99774617,0.00041838444,0.0018354623,0.99774617
7 Safe ETFs to Shield Your Portfolio From Market Turmoil,neutral,1,neutral,True,0.9976037,0.0015855789,0.9976037,0.0008107591
Read This Before You Buy the SPDR S&P 500 ETF,neutral,1,neutral,True,0.99786633,0.0007949502,0.99786633,0.0013387525
"These stocks have gained 1,000%+ during bull run",positive,2,positive,True,0.97507465,0.00934307,0.015582263,0.97507465
Cathie Wood Warns Against Extreme Fear Of Innovation Gripping The Market,negative,0,neutral,False,0.9941929,0.003968896,0.9941929,0.001838253
'Night effect' ETFs to shut down with overnight stock returns elusive,negative,0,neutral,False,0.60979,0.38630614,0.60979,0.0039039196
Britain’s pound is beating every other major currency this year,positive,2,positive,True,0.9949004,0.0012179768,0.003881618,0.9949004
"Markets Week Ahead: Gold, EUR/USD, S&P 500 Break Out as USD Tanks; Tesla Earnings Eyed",positive,2,positive,True,0.8677167,0.056383237,0.07590004,0.8677167
Only Two S&P 500 Sectors Have A Rising ROIC Through 3Q20,positive,2,neutral,False,0.8508632,0.010894897,0.8508632,0.1382419
The stock market rarely produces average returns: Morning Brief,neutral,1,negative,False,0.9739993,0.9739993,0.025389522,0.00061116595
Fitbit recalls activity tracker due to skin rashes,negative,0,negative,True,0.9955036,0.9955036,0.0041511664,0.00034517766
"Bitcoin S&P 500 Correlation Means It Should Cost $18K, Says Analyst",neutral,1,neutral,True,0.86816484,0.08943778,0.86816484,0.042397354
"Markets News, Aug. 11, 2023: S&P 500, Nasdaq Fall for Second Straight Week; Chevron Lifts the Dow",negative,0,negative,True,0.99844724,0.99844724,0.0012936636,0.00025909036
"As S&P 500 hits 2023 highs, it’s all systems go for stock market bulls",positive,2,positive,True,0.99183935,0.001155682,0.0070050186,0.99183935
5 Must-See Stock Correction and Bear Market Statistics That'll Put Your Mind at Ease,neutral,1,neutral,True,0.99747735,0.0016532446,0.99747735,0.00086948054
"S&P 500's Record High Fueled by a Few, With Most Still Below Peak",negative,0,negative,True,0.3778532,0.3778532,0.3740282,0.24811862
E-mini S&P 500 Index (ES) Futures Technical Analysis – Chart Pattern Indicates Heightened Volatility,neutral,1,negative,False,0.9786028,0.9786028,0.016323248,0.005073914
"Discover Financial Stock Is Up 65% In 2 Months, But What's Next?",positive,2,positive,True,0.9484009,0.0021838997,0.049415197,0.9484009
Stocks - Wall Street Mixed as Trade Tensions Linger,negative,0,neutral,False,0.98167694,0.01682603,0.98167694,0.0014971247
How Investors Should Brace for the Coming Earnings Recession,negative,0,negative,True,0.8153011,0.8153011,0.18255994,0.0021388694
Stocks Rally as Trump and Business Leaders Pledge Support (Published 2020),positive,2,positive,True,0.9143068,0.002620317,0.08307285,0.9143068
Back to the Future: Marty McFly could have gotten rich off these stocks,positive,2,neutral,False,0.99656653,0.00038887543,0.99656653,0.0030445808
'Hindenburg Omen' looms over S&P 500 as stocks stall,negative,0,negative,True,0.9985738,0.9985738,0.0010273735,0.00039874724
Federal Realty Investment Trust Stock Can Still Grow By 40%,positive,2,positive,True,0.99396634,0.0009929236,0.005040744,0.99396634
Facebook parent company Meta is now the worst performer in the S&P 500 this year,negative,0,negative,True,0.9993012,0.9993012,0.0004547917,0.00024400817
Strategists Predict Trouble for U.S. Stocks After Massive U-Turn,negative,0,negative,True,0.9980129,0.9980129,0.0012749467,0.00071218284
"Asia markets rise as S&P 500 hits new 2023 high, China's producer price index falls",positive,2,positive,True,0.9983364,0.0005393513,0.0011242499,0.9983364
S&P 500 Earnings May See First Double-Digit Drop in Decade,negative,0,negative,True,0.9992932,0.9992932,0.00032407924,0.00038273737
NBA says it expects to give 2019 All-Star Game to Charlotte,neutral,1,neutral,True,0.9983493,0.00054704555,0.9983493,0.0011036183
"The S&P 500 could fall another 5% and test a critical support level that has previously marked the bottom, Bank of ...",negative,0,negative,True,0.9992512,0.9992512,0.00042083804,0.00032798413
The Battle of the Indices (NDX vs. SPX) for Options Traders,neutral,1,neutral,True,0.9980263,0.00076732744,0.9980263,0.0012062801
S&P 500 Forecast: Index gains 1.2% as positive earnings usher in buyers,positive,2,positive,True,0.99856573,0.00082848483,0.00060583715,0.99856573
"S&P Global (SPGI) Q4 Earnings & Revenues Beat Mark, Rise Y/Y",positive,2,positive,True,0.9987864,0.00058077817,0.0006328322,0.9987864
"Dow ends up more than 500 points, recovers from slump Monday",positive,2,positive,True,0.9977174,0.0016245975,0.0006579859,0.9977174
Is It Safer to Pull Your Money Out of the Stock Market or Keep Investing for Now?,neutral,1,neutral,True,0.9986424,0.0006687788,0.9986424,0.000688829
Morgan Stanley's Wilson: S&P 500 Could Fall About 20%,negative,0,negative,True,0.9992823,0.9992823,0.00035379716,0.0003639125
Biden's Stock Market Is Crushing Trump's,positive,2,neutral,False,0.9790629,0.005859533,0.9790629,0.015077616
Stocks Gain Ground As PCE Price Index Reports Show That Inflation Is Under Control,positive,2,positive,True,0.9952147,0.0024157094,0.0023696292,0.9952147
"Microsoft, Google parent Alphabet, and nearly a fifth of S&P 500 hits 52-week lows",negative,0,negative,True,0.9993505,0.9993505,0.00038543477,0.00026413752
Queen Elizabeth II is getting a 78% raise from the government,neutral,1,neutral,True,0.7112599,0.001550132,0.7112599,0.28718993
U.S. Stocks Fall On Economic Woes; Amazon Outlook Weighs,negative,0,negative,True,0.9990324,0.9990324,0.00072544615,0.00024224969
"S&P 500 Market Outlook: The Good, The Bad, and The Ugly",neutral,1,neutral,True,0.99830604,0.0010175178,0.99830604,0.0006764752
Dow Jones Futures Rise After S&P 500 Undercuts Low; Tesla Forges New Buy Point,neutral,1,positive,False,0.99656564,0.0022761044,0.0011582793,0.99656564
"AI Is Overhyped, S&P 500 at Risk If 'Magnificent 7' Stocks Fall: Smead",negative,0,negative,True,0.9972657,0.9972657,0.0020473548,0.0006868636
Wall St lower; cuts losses as oil prices reverse course,negative,0,negative,True,0.9980502,0.9980502,0.0014684516,0.0004813295
Stock Market Crash: The Battle Between Retail Traders And Smart Money,negative,0,neutral,False,0.79019856,0.20672058,0.79019856,0.0030808607
Stop this Stock Market Ride! I Want to Get Off!,negative,0,neutral,False,0.8360214,0.13873635,0.8360214,0.025242204
Morgan Stanley's Mike Wilson admits he 'was wrong' about the S&P 500 as the index is close to erasing 2022's plunge,positive,2,positive,True,0.7517854,0.14992438,0.09829027,0.7517854
Analyzing Market Breadth: Kickin’ It With Old-School Indicators,neutral,1,neutral,True,0.9988538,0.00049407885,0.9988538,0.0006521654
S&P 500 (VIX) dips in pre market session for another blood bath ahead,negative,0,positive,False,0.7379472,0.07513062,0.18692213,0.7379472
Another rip-off: Leveraged and inverse ETFs,negative,0,neutral,False,0.9926801,0.0056043644,0.9926801,0.0017155864
Morgan Stanley's Slimmon on joining the S&P 500 and Nasdaq rally,positive,2,neutral,False,0.8917539,0.0015661697,0.8917539,0.106679864
Sugru: A gripping tale of struggle and success,neutral,1,neutral,True,0.9984983,0.00079193735,0.9984983,0.0007097757
Skeptical on Buying the S&P 500 Dip? Check Out This ETF,neutral,1,neutral,True,0.9965963,0.0023551926,0.9965963,0.0010485551
25 US Companies With The Highest Profit Margins,positive,2,neutral,False,0.9976255,0.00043327594,0.9976255,0.0019412324
"Fed tightening 'always breaks something': S&P 500 will drop to 3,800 by March, warn Bank of America strategists",negative,0,negative,True,0.99859506,0.99859506,0.0010701526,0.00033474286
"Women's Gains on S&P 500 Boards Slow, Delaying Parity Progress",negative,0,negative,True,0.9978241,0.9978241,0.0014364821,0.00073954486
S&P 500 rises at the start of big week but bearish technicals cast shadow,negative,0,positive,False,0.86998016,0.020745076,0.1092747,0.86998016
"Stock-Market Outlook: UBS Lifts S&P 500 Target, Trumpets Soft Landing",positive,2,positive,True,0.86880285,0.014718936,0.116478235,0.86880285
"Europe higher, Asia mixed ahead of Fed decision",neutral,1,neutral,True,0.87880796,0.0018373907,0.87880796,0.11935458
Finding Balance in US Equities as Macro Threats Mount,neutral,1,neutral,True,0.93074983,0.061655287,0.93074983,0.007594964
Market reactions to past virus scares show stocks may have more to lose,negative,0,negative,True,0.9986759,0.9986759,0.0009937488,0.00033034262
"Nasdaq and S&P 500 close at record highs, Ford jumps 8% as strong earnings boost stocks",positive,2,positive,True,0.9985092,0.0005451821,0.0009455764,0.9985092
US stocks: Wall Street returns to highest level in more than a year,positive,2,positive,True,0.998133,0.0010123231,0.0008546538,0.998133
Profiting From Trash: 3 Waste Management Stocks to Consider,neutral,1,neutral,True,0.9988726,0.00038707376,0.9988726,0.00074029586
Here Are the Best and Worst Performing Assets of 2016,neutral,1,neutral,True,0.99864334,0.0006892866,0.99864334,0.0006673628
"Not Even A Riot At The Capitol Can Keep Stocks Down As Dow, S&P 500 And NASDAQ Hit Record Highs—Again",positive,2,neutral,False,0.5583805,0.07878542,0.5583805,0.36283404
"US stock market today: Dow Jones, S&P 500 hold on to the green; Nasdaq boosted by Intel, Microsoft, App...",positive,2,neutral,False,0.83557516,0.0008352122,0.83557516,0.1635896
This Day In Market History: Robert Brennan Fined For Securities Fraud,negative,0,negative,True,0.96778864,0.96778864,0.031072948,0.001138475
"US STOCKS-S&P 500, Nasdaq to open lower as Tesla, Netflix slump",negative,0,negative,True,0.9994312,0.9994312,0.0003616334,0.00020714797
"US stock market: Dow Jones, Nasdaq slip after First Republic Bank takeover",negative,0,negative,True,0.9991872,0.9991872,0.00059888937,0.00021393847
Introducing the world’s next tallest building – which also cleans the air,neutral,1,neutral,True,0.9980872,0.0003118117,0.9980872,0.0016008712
"Stock Market Today: Dow, S&P Live Updates for September 22",neutral,1,neutral,True,0.9990559,0.0004104209,0.9990559,0.0005337177
"S&P 500 (SPX), Dow Jones (DJI), Nasdaq Composite (IXIC) Daily Technical Outlook: Tech Woes Stir Markets, Industrial Average Teeters",negative,0,negative,True,0.9985337,0.9985337,0.00094793,0.00051833736
S&P 500 hits record as technology rally pushes stocks higher,positive,2,positive,True,0.9985209,0.0005943022,0.00088478,0.9985209
Bristol-Myers Stock May Rebound 9% Short Term,positive,2,positive,True,0.96532357,0.023449311,0.011227098,0.96532357
"S&P 500 Cracks 5,000 Points, but Stellar Returns May Not Continue",negative,0,negative,True,0.99549234,0.99549234,0.002541326,0.0019662844
Wall Street flat as earnings fail to excite investors,negative,0,negative,True,0.99726546,0.99726546,0.0024810089,0.0002535933
"For Signs Of Relief Rally, Watch the S&P 500 versus Retail Stocks",neutral,1,neutral,True,0.98966706,0.004784337,0.98966706,0.005548578
VIX Fell Into a Death Cross. That's Usually Good for the S&P 500,positive,2,negative,False,0.99717027,0.99717027,0.0016720517,0.0011577382
Mazda hit by anti-Japan protests in China,negative,0,negative,True,0.99908423,0.99908423,0.00072718965,0.00018858266
The 8 Most Profitable U.S. Companies Practically Print Money,positive,2,neutral,False,0.99889034,0.00040565143,0.99889034,0.0007039923
S&P 500 Forward P/E Ratio Falls Below Five-Year Average for First Time Since Q2 2020,negative,0,negative,True,0.9951735,0.9951735,0.0021103546,0.0027161704
U.S. stocks rise as Treasury yields fall on hopes of end to Fed rate hikes,positive,2,positive,True,0.9966809,0.00069768075,0.0026213918,0.9966809
Microsoft to sell $399 Xbox One without Kinect,neutral,1,neutral,True,0.9777393,0.020232618,0.9777393,0.0020280404
COVID-19 Stock Market Crash: Why I Always Prefer The S&P 500 Over The Straits Times Index,neutral,1,neutral,True,0.5791741,0.4144069,0.5791741,0.0064190216
BofA's Savita Subramanian explains why she's neutral on the S&P 500,neutral,1,neutral,True,0.65293044,0.34349987,0.65293044,0.0035697115
"Motoring: Tesla's profit sets up S&P 500 entry, while Musk pushes for growth",positive,2,neutral,False,0.68163645,0.0041270657,0.68163645,0.31423646
Markets Drop for Second-Straight Day on Fed Hike Fears,negative,0,negative,True,0.9989127,0.9989127,0.000841828,0.00024559366
These 'Perfect 10' Stocks Drive 87% Of World's Stock Gains,neutral,1,neutral,True,0.99516135,0.00060407724,0.99516135,0.0042346087
President Obama made one of history's greatest stock market calls in March 2009,neutral,1,neutral,True,0.9984285,0.00049871363,0.9984285,0.001072743
"NASDAQ 100, Dow Jones, S&P 500: Dow Jones Surges Over 350 Points, S&P 500 Hits 13-Month High",positive,2,positive,True,0.99788874,0.0008823646,0.0012289296,0.99788874
S&P 500 (SPY) ETF: What's on the Horizon? - TipRanks.com,neutral,1,neutral,True,0.9989324,0.00047465347,0.9989324,0.00059285504
"Wall Street marks a milestone as the S&P 500 closes above 5,000 for the first time",positive,2,positive,True,0.99737895,0.0007570051,0.001864092,0.99737895
Wall St Week Ahead Relentless U.S. stock rally faces Fed test,negative,0,neutral,False,0.9527197,0.04029793,0.9527197,0.006982354
5 Dividend ETFs That Beat S&P 500 in 2023,positive,2,neutral,False,0.9964148,0.0004764344,0.9964148,0.0031087638
Rare stock-market event? Here's how many times the S&P 500 has seen a 9-day winning streak in the last 95 years.,neutral,1,neutral,True,0.9377831,0.004714943,0.9377831,0.057501934
US stocks join global rally amid COVID treatment hopes,positive,2,positive,True,0.99848014,0.00046517514,0.0010546418,0.99848014
U.S. Stocks Plunge as Coronavirus Crisis Spreads,negative,0,negative,True,0.99894077,0.99894077,0.00071587524,0.0003432613
Spotify founder: I’m not music industry’s savior,neutral,1,neutral,True,0.99730265,0.0021446715,0.99730265,0.00055266987
Tame CPI Inflation In October Puts Rally Back In Gear,positive,2,positive,True,0.98136455,0.012320237,0.006315238,0.98136455
"S&P 500 Is Almost At New Record High, Will The Uptrend Continue?",positive,2,positive,True,0.7020346,0.0045465296,0.29341885,0.7020346
What Is The Great Recession? – Forbes Advisor,neutral,1,neutral,True,0.9846031,0.014785803,0.9846031,0.00061106513
Financial firm with 500 workers in metro Denver rebrands as S&P Global,neutral,1,neutral,True,0.9980361,0.0010492596,0.9980361,0.00091466965
These seven stocks have done the worst in the 10-year bull market,negative,0,negative,True,0.9844067,0.9844067,0.014988665,0.0006045717
Are investors ignoring the Federal Reserve’s warning?,negative,0,neutral,False,0.9893594,0.009614015,0.9893594,0.0010266143
Here's How Long It Takes For Stocks To Recover From Bear Markets,neutral,1,neutral,True,0.98317266,0.0137377605,0.98317266,0.003089652
Trump Tax Plan Seen More Wash Than Windfall for S&P 500 Earnings,neutral,1,neutral,True,0.8617389,0.122990884,0.8617389,0.015270252
S&P 500 has bottomed says indicator with a perfect track record,positive,2,positive,True,0.99200505,0.0038203825,0.004174528,0.99200505
"Gold Prices May Be Topping, SPX 500 Locked in Trading Range",neutral,1,positive,False,0.94268787,0.015978703,0.04133339,0.94268787
"Nasdaq 100, Dow Jones, S&P 500 News: Wall Street Indexes Dip Ahead of Inflation Data",negative,0,negative,True,0.99933136,0.99933136,0.00040645973,0.00026220648
"FTSE 100, S&P 500 and Russell 2000 Hover Above Support Ahead of US NFP",neutral,1,positive,False,0.9915353,0.0034011113,0.005063617,0.9915353
"U.S. stocks price in recession risk more than other assets, says Citi",negative,0,neutral,False,0.9244457,0.06545984,0.9244457,0.010094397
S&P 500 futures edge higher after hot inflation sell-off,positive,2,positive,True,0.9972606,0.0019688653,0.00077050226,0.9972606
Should you feel guilty for buying your iPhone?,neutral,1,neutral,True,0.9988612,0.0006387586,0.9988612,0.00050006295
Tesla underperforms S&P 500 since joining index in 2020,negative,0,negative,True,0.99708956,0.99708956,0.0010646585,0.0018458272
Stock Market Closes More Than 7.5% Down in Worst Day on Wall Street Since 2008,negative,0,negative,True,0.99940324,0.99940324,0.00026436974,0.00033237404
Wall St hits fresh 2023 highs after inflation data; Fed on deck,positive,2,positive,True,0.9974131,0.0010191787,0.0015677942,0.9974131
"Bitcoin Is Leading Indicator for S&P 500, Past Data Shows",neutral,1,positive,False,0.6328333,0.009993683,0.35717297,0.6328333
There's A New World Order As 4 Big Stocks Like Tesla Fall To Pieces,negative,0,neutral,False,0.9696036,0.028940646,0.9696036,0.0014558423
BofA Quants Say a Winning Stock Signal Is Bad Omen for Bulls,negative,0,negative,True,0.9232231,0.9232231,0.062769525,0.014007343
Sell in May and Go Away? Sure. Just Not These Stocks,neutral,1,neutral,True,0.9956404,0.002729349,0.9956404,0.0016302384
S&P 500; 6-months divergence continues here!,neutral,1,negative,False,0.9576803,0.9576803,0.031148946,0.011170712
S&P 500 Poised for Short-Term Gains but Long-Term Challenges Loom,neutral,1,positive,False,0.9567404,0.012769938,0.030489655,0.9567404
How to avoid the world's second biggest economy in your portfolio,neutral,1,neutral,True,0.9985654,0.00045994797,0.9985654,0.0009747258
"S&P 500 hovers near 5,000-mark with earnings, jobs data in focus",neutral,1,positive,False,0.54009324,0.023777112,0.4361297,0.54009324
"Markets News, Oct. 30, 2023: Stocks Rise; Dow Notches Best Day Since June To Kick Off Earnings, Fed Week",positive,2,positive,True,0.9968766,0.0008418713,0.0022815347,0.9968766
Fundstrat's Tom Lee predicts S&P 500 rising to 5000 next year in first look at 2022,positive,2,positive,True,0.99615073,0.00041555607,0.0034337153,0.99615073
Stock Market Outlook: Why the S&P 500 Keeps Crushing Record Highs,positive,2,positive,True,0.99079,0.0043813745,0.0048285546,0.99079
"Citi strategists upbeat on US stocks in 2024, fueled by earnings",positive,2,positive,True,0.9984169,0.00061407196,0.0009690725,0.9984169
Dow and US stocks plunge again: Live updates,negative,0,negative,True,0.9993851,0.9993851,0.0003715716,0.00024325214
Stock market news today: Stocks finish mixed as Powell wraps up testimony amid continued jobs strength,neutral,1,neutral,True,0.99640745,0.0029646193,0.99640745,0.00062793354
"Investor Daily: Deckers finds its footing with Uggs - Aug. 19, 2009",neutral,1,neutral,True,0.83000135,0.0010761839,0.83000135,0.16892238
"S&P 500, Nasdaq Futures Move Higher After Weekly Wins",positive,2,positive,True,0.99847084,0.0008638247,0.0006653387,0.99847084
S&P 500 posts longest weekly winning streak since 2017; finishes flat on day,positive,2,neutral,False,0.965689,0.024234563,0.965689,0.010076462
The ‘czar’ who rates your favorite players on ‘Madden’,neutral,1,neutral,True,0.99887305,0.0003475921,0.99887305,0.000779325
Capped vs. Uncapped Indexed Annuity Strategies,neutral,1,neutral,True,0.99843377,0.0007565933,0.99843377,0.00080964185
Why FANG & Biotech Are Not As Expensive As You Think,neutral,1,neutral,True,0.7910044,0.023903765,0.7910044,0.18509178
"Dow closes more than 350 points higher, Nasdaq jumps 1% in rebound from Fed Day sell-off: Live updates",positive,2,positive,True,0.9984871,0.0008867745,0.00062604836,0.9984871
"AI Frenzy Accounts for All of S&P 500 Gain in 2023, SocGen Says",neutral,1,positive,False,0.5039382,0.031583816,0.464478,0.5039382
Buttercup the duck gets a 3-D printed foot,neutral,1,neutral,True,0.99829656,0.0007788938,0.99829656,0.00092461886
US stocks retreat from records ahead of tax bill vote,negative,0,negative,True,0.9990115,0.9990115,0.00074870145,0.00023974091
Citigroup raises S&P 500 target for 2023 on increased chances of ‘soft landing’,positive,2,positive,True,0.9943446,0.0003996051,0.0052558375,0.9943446
"Stock Market Today: Dow, S&P Live Updates for Sept. 2",neutral,1,neutral,True,0.99904245,0.0004025062,0.99904245,0.0005549783
Survey: 70% of teens hide online behavior from parents,neutral,1,neutral,True,0.9964051,0.0028114584,0.9964051,0.0007834359
Dow Rebounds 90 Points After Yesterday's Plunge,positive,2,positive,True,0.99636143,0.0029200232,0.000718527,0.99636143
How Does Inflation Affect The Stock Market? – Forbes Advisor,neutral,1,neutral,True,0.99875164,0.0008328118,0.99875164,0.00041551792
America's CEOs made 324 times more than you last year,neutral,1,neutral,True,0.9973621,0.00055686664,0.9973621,0.0020810114
2018 Stock Market Cycles Outlook: New Highs... After A Dip,positive,2,positive,True,0.9535586,0.010367922,0.03607341,0.9535586
Goldman Sachs Says Investors Are Underestimating the Chance of a COVID-19 Vaccine in 2020,positive,2,positive,True,0.71554255,0.066313066,0.21814437,0.71554255
Should Invesco S&P 500 High Dividend Low Volatility ETF (SPHD) Be on Your Investing Radar?,neutral,1,neutral,True,0.9989027,0.00036946204,0.9989027,0.0007278372
Tesla got booted from S&P 500 ESG index and Musk is mad,negative,0,negative,True,0.9015529,0.9015529,0.0965032,0.0019438816
S&P 500 ends holiday-shortened week up nearly 3 percent,positive,2,positive,True,0.9986558,0.00071733,0.0006268355,0.9986558
VIX ETFs Surge Over 6% as Stocks Fall and Volatility Expands,negative,0,positive,False,0.58647054,0.3603003,0.05322916,0.58647054
Motilal Oswal MSCI EAFE Top 100 Select Index Fund Review,neutral,1,neutral,True,0.99892944,0.0003803144,0.99892944,0.0006901485
CBOE launches S&P 500 ESG Index Options - PA Future,neutral,1,neutral,True,0.9988387,0.00042489884,0.9988387,0.0007365097
S&P 500 Price Forecast – Stock Markets Run Into Brick Wall,negative,0,negative,True,0.9965849,0.9965849,0.0013986221,0.002016478
Oppenheimer’s Stoltzfus Sees Record High for S&P 500 in 2024,positive,2,positive,True,0.96089625,0.009046028,0.030057754,0.96089625
Stocks Poised for Bull Run in April Despite Monday Sell-Off,positive,2,positive,True,0.99376583,0.0031720554,0.0030620883,0.99376583
Nasdaq ends sharply higher as Alphabet and AMD fuel AI surge,positive,2,positive,True,0.9988092,0.0004302364,0.00076053425,0.9988092
"Wall St falls after mixed earnings, downbeat manufacturing data",negative,0,negative,True,0.99942786,0.99942786,0.00036892443,0.00020313622
US Dollar Likely to Strengthen versus Canadian Dollar,positive,2,positive,True,0.8023856,0.100759506,0.0968549,0.8023856
This Wall Street legend has lived through every bear market since the 1950s. He says the one coming could hit the S&P 500 with a 30% loss,negative,0,negative,True,0.9990651,0.9990651,0.00061859994,0.0003162647
Wall Street Says the S&P 500 Is Headed Higher: 2 Unique Growth Stocks to Buy Now and Hold,positive,2,positive,True,0.8543787,0.0025941331,0.14302716,0.8543787
"This week on ‘The Next List’: Jad Abumrad, the certifiable ‘genius’ from Radiolab",neutral,1,neutral,True,0.9984785,0.00030886126,0.9984785,0.0012127053
Dow Jumps 500 Points As Apple Surges And Bank Stocks Rally—But Risk Of Market Accident Lingers,positive,2,positive,True,0.9967205,0.0019654215,0.0013140878,0.9967205
Analyst who forecast the S&P 500 correction has a new price target,neutral,1,neutral,True,0.7291231,0.24713974,0.7291231,0.023737228
Jeremy Grantham Bets 10 Stocks Will Protect Him From 'Superbubble',neutral,1,neutral,True,0.99865615,0.0006147872,0.99865615,0.00072903605
Lennar Stock Leads S&P 500 On Earnings Beat As Homebuyers Accept 'New Normal',positive,2,positive,True,0.99744284,0.0004110073,0.0021461882,0.99744284
Wall Street ends higher after Ukraine concerns ease,positive,2,positive,True,0.998703,0.00049668533,0.0008002453,0.998703
"Markets News, Dec. 18, 2023: Stocks Gain; Oil Rises as Conflict Disrupts Red Sea Shipping",positive,2,positive,True,0.98295754,0.0032884253,0.013753996,0.98295754
Stock Market Falls as Investors Fret About Tech Growth,negative,0,negative,True,0.9994216,0.9994216,0.00032308025,0.0002553076
Does the S&P 500 Need to Touch this Line? See the Technical History,neutral,1,neutral,True,0.9983852,0.0006955452,0.9983852,0.00091926527
History Says the S&P 500 Will Move Higher This Year: 1 Remarkable Growth Stock to Buy Now Before the Holiday Rally,positive,2,neutral,False,0.65645313,0.0025994626,0.65645313,0.34094736
"Dow slides 206 points, S&P 500 closes back below key 2,800 level",negative,0,negative,True,0.99939096,0.99939096,0.000350132,0.00025883244
Sell-Everything Markets Are Serving Up Healthier Doses of Panic,negative,0,negative,True,0.9924378,0.9924378,0.005755531,0.0018067353
6 Stocks Outperforming the S&P 500 Index,positive,2,neutral,False,0.5887789,0.40651378,0.5887789,0.0047072647
Bank of America boosts pay of CEO Brian Moynihan,positive,2,positive,True,0.771036,0.0012518162,0.22771218,0.771036
3 Best Performing Securities by Asset Class in the Last Decade,positive,2,neutral,False,0.99641645,0.0004458458,0.99641645,0.0031376907
S&P 500 & Sectors: Price-To-Economic Book Value Ratio Is Flat In 2Q23,neutral,1,positive,False,0.5979058,0.04260167,0.35949248,0.5979058
Stock market highs mask economic inequality in US: Deutsche Bank,negative,0,neutral,False,0.8947422,0.021642104,0.8947422,0.08361575
"FIS Shares Plummet on Spinoff Plan, Outlook",negative,0,negative,True,0.99931,0.99931,0.00047062806,0.00021930426
3 Reasons to Invest in an S&P 500 ETF Right Now,neutral,1,neutral,True,0.9984256,0.00047568546,0.9984256,0.0010987112
10 Best Performing S&P 500 Stocks Since 2000. You'll Never Guess No. 1,positive,2,neutral,False,0.9988319,0.0003655645,0.9988319,0.0008025215
S&P 500 nears bear-market exit. Will Big Tech's rally finally spread to the broader stock market?,neutral,1,neutral,True,0.976108,0.017943796,0.976108,0.0059481906
"With the Stock Market Up 3% in 2023, Is It Safe to Invest Right Now?",neutral,1,neutral,True,0.99533856,0.0013642894,0.99533856,0.0032971932
Trump leaves office with a good — but not historically great — stock market record,positive,2,neutral,False,0.99738616,0.001258555,0.99738616,0.0013552703
Should You Buy Stocks When There is Blood in the Streets?,neutral,1,neutral,True,0.99896395,0.0005296741,0.99896395,0.0005063225
Why I've stopped reinvesting dividends: Blodget,neutral,1,negative,False,0.9008697,0.9008697,0.09750446,0.0016258555
"iShares, ProShares ETFs among the index funds with the worst returns of the decade",negative,0,negative,True,0.9982248,0.9982248,0.0013447148,0.00043048483
S&P 500 Forward P/E Ratio Rises Above 20.0 For First Time in 2 Years,neutral,1,negative,False,0.87594754,0.87594754,0.012172964,0.11187942
U.S. Stocks Revisit Negative Territory; Energy Has The Gains,negative,0,positive,False,0.46625924,0.40382144,0.12991928,0.46625924
Stock market outlook: S&P 500 could crash 20% as recession hits in 2023,negative,0,negative,True,0.9993337,0.9993337,0.0003687609,0.00029754828
Stifel strategists see S&P 500 struggling to gain much ground by mid 2024,negative,0,negative,True,0.99893063,0.99893063,0.0005864135,0.00048296992
Investing For Kids: Give The Gift Of Stock,neutral,1,neutral,True,0.99871886,0.0005861061,0.99871886,0.00069503026
"S&P ekes out record on healthcare gains, tax plan hopes",positive,2,positive,True,0.99200493,0.003691447,0.0043035755,0.99200493
Review: Google Maps puts Apple Maps to shame,neutral,1,neutral,True,0.88923854,0.001522349,0.88923854,0.10923904
Research: Women Score Higher Than Men in Most Leadership Skills,neutral,1,neutral,True,0.99598914,0.00074248994,0.99598914,0.0032682882
"After S&P 500's best month since 2020, analysts look for bear market's end",positive,2,positive,True,0.9331713,0.05261419,0.014214486,0.9331713
Lowest Net Profit Margin Projected for S&P 500 since Q4 2012,negative,0,negative,True,0.8522283,0.8522283,0.13022456,0.01754717
"Stock market live Thursday: Dow down 130 after sudden midday drop, gold 7-year high, E-Trade surges",negative,0,negative,True,0.9984553,0.9984553,0.0013137975,0.00023093043
Markets Mixed at Midday as Strong Earnings Reports Lift the Dow and S&P 500,positive,2,neutral,False,0.96532714,0.010918464,0.96532714,0.023754438
UBS pushes out S&P 500 mid-2024 target forecast to year-end,neutral,1,neutral,True,0.893467,0.046656072,0.893467,0.05987687
"S&P 500, Dow and Nasdaq Since Their 2000 Highs",neutral,1,positive,False,0.9946813,0.0025912349,0.002727421,0.9946813
Short bets against energy stocks rise to highest level since 2020,negative,0,negative,True,0.9960724,0.9960724,0.001893207,0.0020344006
"Dow, S&P 500 end lower after Fed’s Powell says back-to-back rate hikes aren’t ruled out",negative,0,negative,True,0.99934334,0.99934334,0.00044879,0.0002079323
U.S. stocks open higher as S&P 500 potentially extends longest stretch of gains since 2021,positive,2,positive,True,0.9987471,0.0005600289,0.00069285335,0.9987471
S&P 500 barely gains while Dow ends lower as Cisco and Walmart drag,negative,0,negative,True,0.9982736,0.9982736,0.0015217651,0.00020452226
Why stock bulls are sitting on their hands again: Morning Brief,neutral,1,positive,False,0.9892147,0.0014647396,0.0093205655,0.9892147
Fine-wine investors toast despite stock market tumble,neutral,1,neutral,True,0.5192517,0.13796681,0.5192517,0.34278142
Why the S&P 500 could gain another 10% from its previous high,positive,2,positive,True,0.99869317,0.00065755023,0.0006493165,0.99869317
Survey: Pros Expect Modest Rally In Stocks Despite Growing Recession Fears,positive,2,negative,False,0.7494776,0.7494776,0.092670985,0.15785134
Valero Energy Stock To Remain Below Its Pre-Covid Peak,negative,0,negative,True,0.9954513,0.9954513,0.002974895,0.0015739064
"Executive Paywatch: 1,000-to-1 Pay Ratio CEOs Furlough Workers",negative,0,neutral,False,0.99272,0.006387109,0.99272,0.00089290534
Reclusive Huawei CEO breaks media silence,neutral,1,neutral,True,0.99848145,0.0008323615,0.99848145,0.00068615226
S&P 500 ticks up on Tuesday to close at highest level in 2023: Live updates,positive,2,positive,True,0.9982582,0.0007502424,0.0009916129,0.9982582
"Stock Market Today: Dow, S&P Live Updates for February 26, 2020",neutral,1,neutral,True,0.99905974,0.00040754495,0.99905974,0.0005326725
"Marriott Opens StateView Hotel, Adds to Autograph Collection",neutral,1,neutral,True,0.9971836,0.00037620807,0.9971836,0.0024401755
CEO Succession Practices in the Russell 3000 and S&P 500,neutral,1,neutral,True,0.9988543,0.00037552227,0.9988543,0.00077016535
Wall St ends up but still down on week as volatility rules,negative,0,neutral,False,0.9730665,0.025148733,0.9730665,0.0017847467
"Markets News, Sept. 13, 2023: Dow Slips, Nasdaq Gains After Core Inflation Accelerated in August",neutral,1,negative,False,0.8565954,0.8565954,0.124207914,0.019196613
Economy Faces 'Tornado-Like Headwind' as Financial Markets Spiral (Published 2020),negative,0,negative,True,0.9988918,0.9988918,0.00073658244,0.000371633
5 Reasons S&P 500 Index Funds Are Perfect for New Investors,neutral,1,neutral,True,0.96412724,0.0014102736,0.96412724,0.034462526
Nvidia earnings toss S&P 500 to new high,positive,2,positive,True,0.9980393,0.00093831256,0.001022419,0.9980393
US Stocks Approach Crucial Test of How Far Bear Market Will Go,negative,0,neutral,False,0.92820686,0.06341804,0.92820686,0.008375164
"US Indices’ Upside Could be Capped: S&P 500, Nasdaq Price Setups",negative,0,neutral,False,0.9395722,0.017087806,0.9395722,0.043339975
"Stock market outlook: Why Nobel winner Robert Shiller's CAPE metric sees S&P 500 heading below 3,000",negative,0,negative,True,0.9989967,0.9989967,0.0007400532,0.00026330474
"IEEFA update: Oil and gas stocks place dead last in 2019, again, despite 30% price rise",negative,0,negative,True,0.96174455,0.96174455,0.033708017,0.004547468
Nobel Prize winner Thaler helps run a fund that’s nearly doubled the S&P since the bull market began,positive,2,positive,True,0.8878833,0.0033213296,0.10879532,0.8878833
"Equity Predictions for 2023 Look Negative, and Are Probably Correct",negative,0,negative,True,0.9918594,0.9918594,0.0028834431,0.005257141
Drop in oil sends Wall Street sliding – EMTV Online,negative,0,negative,True,0.99939704,0.99939704,0.00033132,0.00027167617
Security Benefit Enhances its Foundations Annuity With New Indices for Greater Diversification,positive,2,neutral,False,0.9885882,0.00081395387,0.9885882,0.010597783
"S&P 500 closes lower, notching six days of losses ahead of key inflation report",negative,0,negative,True,0.9994319,0.9994319,0.00032679352,0.000241225
"Dow jumps 200 points to a record on strong jobs report, S&P 500 notches 7th straight day of gains",positive,2,positive,True,0.9988164,0.0006466049,0.0005370513,0.9988164
College Tuition Growth Rate vs. Stock / Bond Investment Performance,neutral,1,neutral,True,0.9970855,0.0011355607,0.9970855,0.0017788545
"Nasdaq Index, Dow Jones, S&P 500 News: Fed’s Dovish Stance Spurs Market Surge",positive,2,positive,True,0.98878646,0.0038544547,0.0073590823,0.98878646
Why Campbell Soup Stock Gained 21% in June,positive,2,positive,True,0.9987984,0.00063449895,0.0005671316,0.9987984
The Biggest Companies That Don't Pay Dividends -- But May Be About To,neutral,1,neutral,True,0.9986619,0.00051400997,0.9986619,0.00082405086
"Bear-Market Rally Is Fooling Traders, Morgan Stanley Strategist Mike Wilson Says",negative,0,negative,True,0.99367696,0.99367696,0.0035286974,0.0027943712
S&P 500 Futures: Fade Bounces Into Price Resistance,negative,0,negative,True,0.9985039,0.9985039,0.00061100005,0.0008851578
"S&P 500 Gains and Losses Today: Index Advances, Shaking Off Rate Hike Concerns",positive,2,positive,True,0.92896515,0.009159555,0.061875302,0.92896515
"S&P 500 Won't Hit New High for Years, House Prices Will Fall: Cooperman",negative,0,negative,True,0.96447766,0.96447766,0.019101847,0.016420497
Companies Buying Back Their Stock At Pre-Pandemic Levels—A Sign Of Economic Optimism,positive,2,positive,True,0.9898539,0.0034889758,0.0066571375,0.9898539
U.S. freezes assets of top Japanese mafia boss,negative,0,neutral,False,0.9936313,0.004575023,0.9936313,0.0017936853
A social-media addict tries to disconnect,neutral,1,neutral,True,0.99586004,0.0031039617,0.99586004,0.0010359765
Peter Gabriel crowdsources new ‘Sledgehammer’ on Facebook,neutral,1,neutral,True,0.9976192,0.001555406,0.9976192,0.00082535687
Debt To Capital: Unscrubbed Data Creates Misleading Credit Ratings,negative,0,negative,True,0.7717888,0.7717888,0.22060007,0.0076111713
This Income ETF Is Good for These Turbulent Times,positive,2,neutral,False,0.9923896,0.0020209628,0.9923896,0.005589426
US STOCKS-Nasdaq climbs as tech shares rally after HP results,positive,2,positive,True,0.9987198,0.00038919548,0.0008910095,0.9987198
"S&P 500, Nasdaq 100 Clear Fibonacci Resistance and Break Out Higher. What’s Next?",positive,2,positive,True,0.97741,0.0027367456,0.019853186,0.97741
The 20% up rule — bull market vs bear rally,neutral,1,neutral,True,0.98584557,0.003956281,0.98584557,0.010198213
News Corp CEO Rupert Murdoch files for divorce,neutral,1,neutral,True,0.99663854,0.0023672027,0.99663854,0.0009941565
S&P 500 companies led by founders outperform their peers,positive,2,positive,True,0.9945241,0.00038177118,0.0050941706,0.9945241
27 giant profitable companies paid no taxes,negative,0,neutral,False,0.9985695,0.00084365736,0.9985695,0.0005868868
"Wall Street slips as investors eye Russia, Fed hikes, quarter-end",negative,0,negative,True,0.9986376,0.9986376,0.0011665806,0.0001958139
"NASDAQ 100, Dow Jones, S&P 500 News: Investors Brace for Turbulence Amid Yield Surge",negative,0,negative,True,0.9914937,0.9914937,0.006365937,0.0021403502
US Stocks Finish Higher as Tech Stock Gains Offset Weak Economic Data,positive,2,positive,True,0.99798596,0.00092658965,0.0010873826,0.99798596
Gold Finds Support as Key Inflation Rate Hits a 30-Year High,positive,2,positive,True,0.9316445,0.061557844,0.0067976858,0.9316445
House of the Day: A Private Pool in a Hong Kong High Rise,neutral,1,neutral,True,0.9988147,0.0005351281,0.9988147,0.000650269
"Hotel Stocks Decline, but News of Hersha Deal Softened Impact",negative,0,neutral,False,0.7032911,0.14139675,0.7032911,0.1553122
Tired of 'Mad Money' Picks? This ETF Shorts Jim Cramer,neutral,1,neutral,True,0.99552286,0.0022587336,0.99552286,0.0022184358
"Weekly Charts for the Dow, S&P 500 and Nasdaq Show Signs of a Bottom",positive,2,negative,False,0.998963,0.998963,0.0005686908,0.0004683208
Ukraine's surprising comeback could be giving markets a boost,positive,2,positive,True,0.9941338,0.00081586814,0.005050371,0.9941338
The Message in the S&P 500's 12-Month Winning Streak,positive,2,positive,True,0.7109322,0.0092354445,0.27983233,0.7109322
Which U.S. Companies are Most Exposed to Europe?,neutral,1,neutral,True,0.9988624,0.00037212353,0.9988624,0.00076553185
7 Index Funds to Buy to Retire a Millionaire,neutral,1,neutral,True,0.9987262,0.00039969393,0.9987262,0.00087414525
"BlackRock and the $15 trillion fund industry should be broken up, antimonopoly group says",negative,0,neutral,False,0.99678767,0.0018663985,0.99678767,0.0013459147
"History Says A September Stock Market Crash is Overdue, Even in 2020",negative,0,negative,True,0.7467739,0.7467739,0.13311647,0.120109625
Mean Reversion to the Rescue | Gold News,neutral,1,neutral,True,0.9950659,0.0036025394,0.9950659,0.0013314919
Barclays Suspends Sales For 30 iPath ETNs,negative,0,negative,True,0.56247157,0.56247157,0.43587172,0.0016566877
Stock-Market Selloff: S&P 500 Logs Longest Losing Streak of 2023,negative,0,negative,True,0.99916005,0.99916005,0.00034384683,0.0004961268
Have stocks been volatile this earnings season? Yes and no,neutral,1,neutral,True,0.9986833,0.0005170643,0.9986833,0.00079963525
Stock Market Today: S&P 500 posts highest close of 2023 as stocks book big weekly gains,positive,2,positive,True,0.99804616,0.00104426,0.00090961263,0.99804616
"Stocks dip, bonds fall as CPI keeps Fed on course",negative,0,negative,True,0.9987197,0.9987197,0.00094429223,0.00033613853
Nasdaq leads Wall Street gains as Microsoft hits record,positive,2,positive,True,0.99684346,0.00035656954,0.002800048,0.99684346
Stock Market Today: S&P 500 snaps 5-week win run as hotter inflation cools bulls By Investing.com,negative,0,positive,False,0.9961604,0.002071175,0.0017684042,0.9961604
Wall Street falls fourth straight day as recession worries nag,negative,0,negative,True,0.99944013,0.99944013,0.00033454597,0.0002253375
Chanel Handbags Skyrocket in Value - Investment Value of Chanel Purses,positive,2,positive,True,0.994524,0.0015773772,0.0038986253,0.994524
How the S&P 500 (SPY) Reacts to Unemployment Reports,neutral,1,neutral,True,0.9583461,0.040498264,0.9583461,0.0011555307
"Wall Street opens lower as Apple, Celgene weigh",negative,0,negative,True,0.9993783,0.9993783,0.00044526206,0.00017643817
Highest Number of S&P 500 Companies Issuing Negative EPS Guidance Since Q4 2019,negative,0,negative,True,0.99775416,0.99775416,0.0016051562,0.0006407663
Vanguard: You'll make a lot less money in the stock market in the next 10 years—here's what you can do,negative,0,negative,True,0.53397655,0.53397655,0.46416593,0.0018575903
Leveraging a Growing Segment of Nasdaq-100 Funds,neutral,1,neutral,True,0.9976914,0.00085650635,0.9976914,0.0014521175
"The Stock Market Will Soar to Record Highs in 2024, Mike Wilson Says",positive,2,positive,True,0.9979253,0.001158554,0.0009161927,0.9979253
"S&P 500, Nasdaq close first March session with record highs",positive,2,positive,True,0.99793744,0.0009050153,0.0011575933,0.99793744
"S&P 500 closes at record as yields rise, dollar retreats",positive,2,positive,True,0.9911998,0.0029212895,0.0058789,0.9911998
S&P 500 books biggest drop since April after U.S. loses AAA ratings for a second time,negative,0,negative,True,0.9993893,0.9993893,0.00033902598,0.00027168548
"'Buy-and-hold' strategy beats 'sell in May and go away' trading slogan, report claims",positive,2,positive,True,0.8199023,0.0021536392,0.17794411,0.8199023
"S&P 500 notches new high for 2023 Friday, on six-week hot streak after solid economic data: Live updates",positive,2,positive,True,0.9983348,0.00067347154,0.000991742,0.9983348
How Have The Best And Worst Stocks Of 2016 Performed In 2017?,neutral,1,neutral,True,0.9989027,0.00042152705,0.9989027,0.0006757279
Nasdaq closes 1% higher Wednesday after inflation data is cooler than anticipated: Live updates,positive,2,positive,True,0.99684286,0.0012156748,0.0019415102,0.99684286
Stocks just got some new competition from bonds as 10-year rate tops dividend yield,negative,0,neutral,False,0.9916986,0.0034455184,0.9916986,0.0048558377
Coty sinks to bottom of S&P 500 index in May,negative,0,negative,True,0.9990828,0.9990828,0.00061093475,0.00030625126
"Stock Market Today: Dow, S&P Live Updates for Nov. 24, 2020",neutral,1,neutral,True,0.999038,0.00038578798,0.999038,0.00057634595
"NASDAQ 100, Dow Jones, S&P 500: Futures Edge Higher Ahead of Inflation Data",positive,2,positive,True,0.9979534,0.0012154083,0.00083109696,0.9979534
"Stock market live Tuesday: S&P 500 hits another record, Apple drags down Dow, oil jumps to 5-month high",positive,2,positive,True,0.98555607,0.0008205455,0.013623389,0.98555607
"Wall Street Rally Goes up in Smoke, Indexes End Lower",negative,0,negative,True,0.9993598,0.9993598,0.00034546613,0.0002947349
RICHARD RUSSELL: Here Are 2 Reasons Why I'm Not Buying The Latest 'Dow Theory' Buy-Signal,negative,0,negative,True,0.97272676,0.97272676,0.024478186,0.0027950972
Earnings Season: Beating the Snot Out of Expectations,positive,2,positive,True,0.9945227,0.0007525504,0.004724782,0.9945227
Worst of Midterm Year 2018 Could Already Be Over,positive,2,positive,True,0.9532562,0.011648564,0.03509523,0.9532562
The growth imperative for medical-device companies,neutral,1,neutral,True,0.99824226,0.00046977826,0.99824226,0.0012879894
LNG Stock Chart: 3 Stocks Crushing the S&P 500,positive,2,neutral,False,0.99635136,0.0019493486,0.99635136,0.0016992957
South Korea spending $1.5 billion for ‘5G’ network,positive,2,neutral,False,0.9795799,0.0007868792,0.9795799,0.019633232
"Dow closes more than 200 points higher, S&P 500 rebounds to stave off September slide",positive,2,positive,True,0.9976519,0.0016031843,0.0007449892,0.9976519
"Dow jumps 480 points, S&P 500 closes at record as market shakes off coronavirus fears",positive,2,positive,True,0.9984127,0.0009729318,0.00061435584,0.9984127
Threat of military strike sends ripples through global oil market,negative,0,negative,True,0.99783856,0.99783856,0.0018764284,0.00028499603
"Computer Sciences To Join S&P 500, Stock Jumps",positive,2,positive,True,0.995998,0.0017621903,0.002239787,0.995998
"Stocks are down after a volatile year, but that's not the whole picture",negative,0,negative,True,0.9992199,0.9992199,0.0005341514,0.00024602367
"Stock picking has a terrible track record, and it’s getting worse",negative,0,negative,True,0.9985122,0.9985122,0.0009913271,0.0004965036
Stock Market Today: S&P 500 ends slightly lower but posts 24% 2023 gain,positive,2,negative,False,0.96305704,0.96305704,0.035297763,0.0016451656
S&P 500 Forecast 2021: Long-Term Looks Positive,positive,2,positive,True,0.9971457,0.0010730564,0.0017811832,0.9971457
Dow Jones posts back-to-back losses after U.S. job openings fall to 28-month low,negative,0,negative,True,0.9994142,0.9994142,0.00031626414,0.00026946276
"Stocks jump 2%, putting the S&P 500 on track for its best month since 1974",positive,2,positive,True,0.998696,0.00077494315,0.00052901544,0.998696
Is iShares S&P 500 Index K (WFSPX) a Strong Mutual Fund Pick Right Now?,neutral,1,neutral,True,0.9989189,0.00038402987,0.9989189,0.0006970654
"Wall Street soars, fueled by tech as Treasury yields calm",positive,2,positive,True,0.99838924,0.00084180466,0.0007689696,0.99838924
First ETF to Offer Protection Against 100% of Stock Losses Launches,neutral,1,neutral,True,0.995342,0.0022385325,0.995342,0.002419425
'Wild ride': Morgan Stanley's Mike Wilson predicts double-digit percentage drop will hit stocks in early 2023,negative,0,negative,True,0.99925405,0.99925405,0.00038780514,0.0003581197
Dow Jones: When will the stock market stop going down?,negative,0,negative,True,0.9886302,0.9886302,0.010600966,0.0007688676
The crazy stocks that correlate with Apple,neutral,1,neutral,True,0.9989454,0.00054254406,0.9989454,0.00051205023
S&P 500 rallies to fresh bull territory; oil rises,positive,2,positive,True,0.9980944,0.0013126036,0.0005930088,0.9980944
"Apple is now worth $3 trillion, boosted by the Nasdaq’s best start in 40 years",positive,2,positive,True,0.99855083,0.00036239807,0.0010867786,0.99855083
"5 Warren Buffett Stocks the Pope Would Love, Too",neutral,1,neutral,True,0.9988293,0.000365975,0.9988293,0.0008046752
"Afghan grandmother, mom and kids addicted to opium",neutral,1,neutral,True,0.9980229,0.0012183838,0.9980229,0.0007587356
"Major indexes fall 1%, focus shifts to upcoming Powell speech",negative,0,negative,True,0.9989574,0.9989574,0.0008834511,0.00015908126
Equal-Weight ETFs Are Still Smart Beta Winners,positive,2,neutral,False,0.9699083,0.0011196379,0.9699083,0.028971966
FTSE 100 firms trailing behind peers on sexual harassment policies,negative,0,negative,True,0.99782145,0.99782145,0.0018101445,0.0003683699
South Africa since apartheid: Boom or bust?,neutral,1,neutral,True,0.99879324,0.00071358,0.99879324,0.0004931658
"Dow Jones, S&P 500, Nasdaq 100 Sink after Fed, Powell, PacWest Woes Crush Sentiment",negative,0,negative,True,0.99932337,0.99932337,0.00038664474,0.00028994188
"US Markets: Dow, S&P 500, and Nasdaq End Higher Amid Volatility on Friday",positive,2,positive,True,0.99819773,0.00073455187,0.0010677204,0.99819773
"Facebook, Zuckerberg Selling 70 Million Shares In Secondary Offering",neutral,1,neutral,True,0.9948861,0.0032237922,0.9948861,0.0018900913
U.S. Stocks Down As Weak Earnings Trump Fed Cuts,negative,0,negative,True,0.9993259,0.9993259,0.00042062553,0.0002535034
Dollar or S&P 500: Which Faces the Biggest Post-CPI Reversal Risk?,neutral,1,neutral,True,0.9983726,0.0009676235,0.9983726,0.0006598686
Vivint Solar Names David Bywater Its Permanent CEO,neutral,1,neutral,True,0.99882907,0.0004671327,0.99882907,0.0007038381
Bear market confirmed as U.S. stocks' 2022 descent deepens,negative,0,negative,True,0.99903727,0.99903727,0.00048316337,0.00047958217
Stock Market Outlook: One-Year-Old Bull Rally Suggests More Upside Ahead,positive,2,positive,True,0.99614847,0.0019925912,0.0018589224,0.99614847
Warren Buffett's favorite indicator signals stocks are 'significantly overvalued',negative,0,neutral,False,0.9079838,0.08565221,0.9079838,0.006364012
Russell 2000 Drops to 200-Day Moving Average,negative,0,negative,True,0.9988949,0.9988949,0.0005839995,0.0005212507
Why global portfolio diversification still makes sense for the investors | Mint,neutral,1,neutral,True,0.9965887,0.00046822047,0.9965887,0.002943105
S&P 500 Notches Fresh 2-Year High: How 2023's Rally Compares To Recent Years,positive,2,positive,True,0.9912539,0.0027102213,0.0060358937,0.9912539
"S&P 500 Gains and Losses Today: Index Slips After Consumer Data, Tech Losses",negative,0,negative,True,0.99701536,0.99701536,0.0024204908,0.00056414393
Analyst who forecast the S&P 500's rally unveils new Nasdaq 100 outlook,neutral,1,neutral,True,0.9966319,0.00041967526,0.9966319,0.0029485016
"Wall Street climbs as Ukraine worries ease, data improves",positive,2,positive,True,0.9987016,0.0004561585,0.00084225147,0.9987016
Goldman Sachs raises its S&P 500 target on vaccine hopes,positive,2,positive,True,0.9975057,0.0005755498,0.0019188067,0.9975057
Charting a bull flag: S&P 500 digests two standard deviation breakout,positive,2,positive,True,0.9896471,0.0073929955,0.0029598942,0.9896471
S&P 500 Gains and Losses Today: Tesla Shares Tumble Amid Slowing China Sales,negative,0,negative,True,0.99926347,0.99926347,0.00048659006,0.00024990077
"S&P 500 is most likely going to correct back to 4,100, Mizuho warns market bulls",negative,0,positive,False,0.991384,0.0057541435,0.0028617799,0.991384
"Wall Street advances as bond yields fall, investors digest Fed minutes",positive,2,positive,True,0.99746597,0.0006610781,0.0018730073,0.99746597
Australian stocks fall on Greece and China,negative,0,negative,True,0.9992804,0.9992804,0.0005431565,0.00017644963
"Space weather: Fine, with a chance of solar flares",neutral,1,neutral,True,0.9956136,0.0005248311,0.9956136,0.0038616369
Ethereum Shows Even Closer Correlation with the S&P 500 Index than Bitcoin,neutral,1,neutral,True,0.9723785,0.011775725,0.9723785,0.015845805
Stocks for the Long Run: Johnson & Johnson vs. the S&P 500,neutral,1,neutral,True,0.99789596,0.0006569424,0.99789596,0.0014471841
U.S. stocks make gains as earnings roll in,positive,2,positive,True,0.99874324,0.00046954583,0.0007873034,0.99874324
Trump: Stock market winners and losers since the president took office,neutral,1,neutral,True,0.9989786,0.0004574837,0.9989786,0.00056383485
"Pharma, ride-share providers among most overbought S&P 500 stocks",negative,0,positive,False,0.7444755,0.007334221,0.24819033,0.7444755
Why Michael 'Big Short' Burry Is Feeling Greedy About a S&P 500 Rebound,positive,2,negative,False,0.9586597,0.9586597,0.037131183,0.0042091035
Warren Buffett's S&P 500 Housing Market Play Just Surprised Wall Street,positive,2,neutral,False,0.993895,0.0012105278,0.993895,0.0048945206
"Bitcoin [BTC] and S&P 500 part ways, where now for the king coin?",neutral,1,neutral,True,0.99097073,0.008341261,0.99097073,0.0006880592
Best And Worst S&P Sectors Over The Last 12 Months,neutral,1,neutral,True,0.9983992,0.0009593446,0.9983992,0.0006414974
US Stock Bulls Ignore 100 Years of Recessions at Their Peril,negative,0,positive,False,0.9286753,0.044872086,0.026452575,0.9286753
"News updates from March 1: Nvidia closes above $2tn valuation, Gunvor to plead guilty to US bribery charges",neutral,1,positive,False,0.8985275,0.001842603,0.09962988,0.8985275
US stock rally lifts Dow to first close above 26000 points,positive,2,positive,True,0.99804425,0.0011664169,0.000789341,0.99804425
UBS: How the S&P 500 will react to three Russia-Ukraine scenarios,neutral,1,neutral,True,0.9985821,0.0008094657,0.9985821,0.000608426
Short sellers avoid mega-cap stocks that drive market rally,positive,2,neutral,False,0.9724337,0.0170671,0.9724337,0.010499175
Dow loses more than 400 points and goes negative for 2023 as interest rates spike: Live updates,negative,0,negative,True,0.9993049,0.9993049,0.00040521007,0.00028978838
"Gold will outperform the S&P 500 and bitcoin in 2022, Gareth Soloway predicts",negative,0,positive,False,0.99837434,0.0004061181,0.0012195046,0.99837434
Tech gains push S&P 500 to another record high this week,positive,2,positive,True,0.998434,0.0007495374,0.000816409,0.998434
VOO vs. SPY vs. IVV: What’s The Best S&P 500 ETF In Singapore?,neutral,1,neutral,True,0.99884415,0.00037277493,0.99884415,0.00078300195
Buying this fashion status symbol is 'historically safer' than investing in the stock market,neutral,1,neutral,True,0.99573475,0.0008255331,0.99573475,0.003439715
Multiple Seasonal Patterns Converge at 6-8% Full Year Gains,positive,2,positive,True,0.96792835,0.020415204,0.011656425,0.96792835
Small cans lead to big sales for Coca-Cola,positive,2,positive,True,0.93885833,0.0008526797,0.060289007,0.93885833
