text,gold_label,labels,prediction,correct,confidence,prob_negative,prob_neutral,prob_positive
s.africa watchdog to probe gold fields bid report,negative,0,negative,True,0.99853337,0.99853337,0.0012280764,0.00023849672
new barbie girls sashay into view with mp-3,positive,2,neutral,False,0.9992078,0.00040021914,0.9992078,0.00039201177
"stocks await data, mergers and santa",neutral,1,neutral,True,0.99926764,0.00028329986,0.99926764,0.0004490989
canadian dollar falls to 9-mth lows vs u.s. dollar,negative,0,negative,True,0.9993218,0.9993218,0.00031074425,0.00036753155
"techs buckle under microsoft, wal-mart helps dow",negative,0,neutral,False,0.50922877,0.48870486,0.50922877,0.0020664195
jan factory orders fall 5.6 pct,negative,0,negative,True,0.9993339,0.9993339,0.000305683,0.00036039547
washington mutual commits $2 bln for subprime help,negative,0,neutral,False,0.99442965,0.0017795437,0.99442965,0.0037907471
google says using cash for merger spree unlikely,negative,0,neutral,False,0.99828523,0.0012165286,0.99828523,0.00049818476
u.s. automakers not jumping into hd radio,neutral,1,neutral,True,0.99812907,0.0011555394,0.99812907,0.00071539107
"ba shares fall on strike worries, weak market",negative,0,negative,True,0.99943477,0.99943477,0.0003268384,0.00023837124
london stock exchange says rejects nasdaq offer,negative,0,negative,True,0.8704431,0.8704431,0.12894078,0.00061612227
"bristol-myers profit falls, hurt by generic plavix",negative,0,negative,True,0.9993591,0.9993591,0.00028847007,0.0003524913
wall street ends steady ahead of fed meeting,neutral,1,neutral,True,0.9989178,0.0006284382,0.9989178,0.000453816
wal-mart sees weak sales as holiday season starts,negative,0,negative,True,0.9993759,0.9993759,0.0003155534,0.00030850683
news corp. participates in tribune bid - source,positive,2,neutral,False,0.99928147,0.00027487514,0.99928147,0.00044370868
gms february sales rise,positive,2,positive,True,0.9992322,0.00042073693,0.00034705453,0.9992322
construction spending falls more than expected,negative,0,negative,True,0.99906653,0.99906653,0.00068446,0.00024905146
"jittery gold hit again, seen recovering",neutral,1,negative,False,0.992667,0.992667,0.0065835575,0.0007493943
"airlines on rocky road, but recovery remains intact",neutral,1,neutral,True,0.99652916,0.0008710697,0.99652916,0.002599723
patterson-uti quarterly profit falls 27 percent,negative,0,negative,True,0.9993449,0.9993449,0.00027186723,0.00038328388
sec changes compensation disclosure rules,neutral,1,neutral,True,0.9989969,0.00038010016,0.9989969,0.0006229865
sec to resolve competing stock symbol plans,neutral,1,neutral,True,0.9991775,0.00026390297,0.9991775,0.00055847963
lenovos q2 seen slipping on global woes,negative,0,negative,True,0.9994116,0.9994116,0.00027978283,0.00030865145
whirlpool cuts outlook on u.s. slump,negative,0,negative,True,0.9993617,0.9993617,0.0003059823,0.00033243472
"monsanto sees new genes, new products in pipeline",positive,2,positive,True,0.98363566,0.00034623637,0.016018087,0.98363566
instant view-bernanke comments help us stocks,positive,2,positive,True,0.59968394,0.0005962358,0.39971977,0.59968394
nov factory orders up bit less than expected,neutral,1,negative,False,0.9992513,0.9992513,0.000363406,0.00038522456
oil jumps over $1 after opec agrees on output cuts,positive,2,positive,True,0.9991704,0.0005206936,0.00030892115,0.9991704
correction raytheon aims for big growth in sales,positive,2,positive,True,0.9990268,0.00031770114,0.00065549265,0.9990268
"dell delays 10-q, citing accounting probes",negative,0,negative,True,0.99761885,0.99761885,0.0021010896,0.00028003496
nasdaq could seek less than 100 pct of lse source,neutral,1,neutral,True,0.9985752,0.0007476417,0.9985752,0.00067711074
u.s. jury rules against freightliner in fraud case,negative,0,neutral,False,0.93329537,0.0329279,0.93329537,0.03377673
u.s. wants more s.korea beef steps before trade deal,negative,0,neutral,False,0.99827194,0.00060967787,0.99827194,0.0011184071
stocks seen up as citigroup and data eyed,positive,2,positive,True,0.99924004,0.00038844853,0.00037149692,0.99924004
australias coles sets sale details,neutral,1,neutral,True,0.9993284,0.00034754668,0.9993284,0.00032417598
gatehouse pays $70 mln for journal register papers,positive,2,neutral,False,0.9989396,0.00034707386,0.9989396,0.00071329146
bp investors hope ceo change will end share lag,positive,2,positive,True,0.9711246,0.0012883781,0.027587071,0.9711246
labor cost growth lower than expected,positive,2,positive,True,0.99285287,0.004821086,0.0023260226,0.99285287
"reuters soars on approach, thomson touted as bidder",positive,2,neutral,False,0.9950309,0.00028108282,0.9950309,0.0046879826
wells fargo exec sees more green home improvement,positive,2,neutral,False,0.89728653,0.00086516107,0.89728653,0.101848386
us airways offers to buy delta for $8 bln,positive,2,neutral,False,0.99868757,0.00029017887,0.99868757,0.0010222674
black decker shares rise,positive,2,positive,True,0.99921787,0.00037821842,0.00040393288,0.99921787
movie gallery sees $900 mln funding to refinance debt,negative,0,neutral,False,0.99777704,0.0009654908,0.99777704,0.0012574961
u.s. probe hammers online gaming shares,negative,0,negative,True,0.99924266,0.99924266,0.00038007152,0.0003772372
outgoing bp ceo says gets it on refinery safety,neutral,1,neutral,True,0.9990859,0.00044275244,0.9990859,0.00047135964
china takes in record $63 billion fdi in 2006,positive,2,positive,True,0.98341435,0.0012227966,0.0153629035,0.98341435
sears quarterly profit rises,positive,2,positive,True,0.9991449,0.0005232124,0.00033181533,0.9991449
"update 2-steelcase profit rises 72 pct, beats estimates",positive,2,positive,True,0.99919504,0.00047592178,0.0003289998,0.99919504
acs chairs knowledge of options questioned report,negative,0,neutral,False,0.9980919,0.001557535,0.9980919,0.000350498
"as 2007 starts, mild jobs may lift stocks",positive,2,positive,True,0.99926823,0.00036992936,0.0003618728,0.99926823
aig shares rise as quarterly net exceeds year ago earnings,positive,2,positive,True,0.99921644,0.00043375653,0.000349796,0.99921644
saudi electricity awards $973 mln contracts to ge,positive,2,neutral,False,0.5723254,0.0033923485,0.5723254,0.42428225
"factbox buffett on succession plans, acquisitions",neutral,1,neutral,True,0.99870324,0.0009789056,0.99870324,0.00031793158
buffett eyes $40 bln to $60 bln deals report,positive,2,neutral,False,0.9856231,0.00363753,0.9856231,0.010739375
japan tobacco buys gallaher shares in market,positive,2,positive,True,0.6097719,0.0013005742,0.38892755,0.6097719
nickel tycoon calls on russians to behave abroad,neutral,1,neutral,True,0.9992269,0.00042853164,0.9992269,0.00034452998
"airbus sticks to job cuts, mulls partner options",negative,0,neutral,False,0.52354527,0.47440806,0.52354527,0.0020466303
clear channel debt ratings may fall to junk,negative,0,negative,True,0.99908507,0.99908507,0.0005300198,0.00038494178
oil falls near $52 ahead of u.s .inventory data,negative,0,negative,True,0.999356,0.999356,0.00027212966,0.0003718908
judge grants partial stay in vonage patent case,positive,2,positive,True,0.8107326,0.0047405697,0.18452686,0.8107326
maguire to buy ex-eop property from blackstone,positive,2,neutral,False,0.9990827,0.00036976178,0.9990827,0.00054755574
conor acquisition seen bolstering jj in stent market,positive,2,neutral,False,0.9179945,0.0004718925,0.9179945,0.08153358
"xstrata profit surges on metal prices, acquisitions",positive,2,positive,True,0.99917513,0.0004690255,0.0003557811,0.99917513
"monsanto profit beats estimates, raises outlook",positive,2,positive,True,0.99918944,0.00047603826,0.00033458072,0.99918944
subprime mortgage sector rattles markets,negative,0,negative,True,0.9984836,0.9984836,0.0012151103,0.00030130806
gm requests sec extension for filing annual report,negative,0,neutral,False,0.99905103,0.0003042785,0.99905103,0.0006447144
microsoft targets vista sales in line with pc growth,positive,2,positive,True,0.9893048,0.0014273177,0.00926788,0.9893048
icahn said made offer for reckson properties,positive,2,neutral,False,0.9991443,0.0002931779,0.9991443,0.0005625573
saab planning hybrid based on gm system,positive,2,neutral,False,0.999019,0.0004413151,0.999019,0.00053955126
astrazeneca sees reduced share buyback in 2008,negative,0,negative,True,0.9981566,0.9981566,0.0014233118,0.00042001018
microsoft in talks to buy tellme networks sources,positive,2,neutral,False,0.99516857,0.00039891826,0.99516857,0.0044325246
metals stay down on china fears grains up,negative,0,neutral,False,0.96469724,0.017645111,0.96469724,0.01765754
"citigroup may cut or reassign over 26,000 jobs report",negative,0,negative,True,0.9991203,0.9991203,0.0005394876,0.0003401503
mbia says 4th-quarter profit falls,negative,0,negative,True,0.99934465,0.99934465,0.0002755881,0.0003797987
investors wait to see if busy stores mean profits,neutral,1,neutral,True,0.9984035,0.00037297042,0.9984035,0.0012235546
"qantas agrees to be bought, source says",positive,2,positive,True,0.6130808,0.0011876128,0.38573158,0.6130808
bristol-myers pulls $25 bln assets out of ireland,neutral,1,neutral,True,0.99372053,0.0054686563,0.99372053,0.000810824
tpg swoops on iberia with $4.5 bln approach,positive,2,neutral,False,0.9975867,0.00046403636,0.9975867,0.0019492889
"toyota developing plug-in hybrid, researching market",positive,2,neutral,False,0.9990565,0.00034742698,0.9990565,0.00059604377
triad hospitals accepts $4.7 bln bid to go private,positive,2,neutral,False,0.99920803,0.00031319805,0.99920803,0.000478812
affordable residential in talks to sell assets,neutral,1,neutral,True,0.9981534,0.0008136817,0.9981534,0.0010328912
cadbury to split sweets and drinks businesses,positive,2,neutral,False,0.9987826,0.0008521358,0.9987826,0.000365252
china considers developing large jets - sources,positive,2,neutral,False,0.99886847,0.0003678174,0.99886847,0.0007637004
avis announces restructuring of budget truck rental,neutral,1,neutral,True,0.99859387,0.0009585184,0.99859387,0.0004475536
venezuelas chavez sworn in for radical new term,negative,0,neutral,False,0.9991339,0.000373406,0.9991339,0.00049269357
"ameriquest parent closes call centers, loan center",negative,0,neutral,False,0.9281076,0.07115555,0.9281076,0.0007368681
lowes says mortgage woes could affect some markets,negative,0,negative,True,0.99908745,0.99908745,0.0006934865,0.00021899001
"lsi logic completes agere deal, eyes savings",positive,2,neutral,False,0.99913824,0.00023025685,0.99913824,0.00063148676
"batelco, pccw and verizon get saudi fixed-line okay",positive,2,positive,True,0.6388636,0.00238276,0.35875356,0.6388636
honda mulling plug-in vehicles,positive,2,neutral,False,0.99777895,0.0010302891,0.99777895,0.0011907187
sysco quarterly profit rises,positive,2,positive,True,0.99918824,0.0004664118,0.00034535938,0.99918824
texas ag files action over cvs customer records,negative,0,negative,True,0.99895144,0.99895144,0.0006246236,0.00042398926
unions vowing to fight chrysler sale report,negative,0,neutral,False,0.99581474,0.0025589275,0.99581474,0.0016263763
"falling oil, chavez hit latin america stocks",negative,0,negative,True,0.9993837,0.9993837,0.00027645385,0.00033986347
consumer sentiment weakens in early nov,negative,0,negative,True,0.9993099,0.9993099,0.00038070115,0.0003093337
"oil rises on cold weather forecasts, opec",positive,2,positive,True,0.99920756,0.00044013074,0.00035230716,0.99920756
hp settles with calif. ag over board-leak probe,negative,0,positive,False,0.99807465,0.00064700464,0.0012783799,0.99807465
google tops new list of worlds most valuable brands,positive,2,neutral,False,0.9945527,0.00021109745,0.9945527,0.0052362075
european banks hiding full pension obligations,negative,0,neutral,False,0.99730384,0.00230285,0.99730384,0.00039324348
dolans raise offer to take cablevision private,positive,2,neutral,False,0.9990747,0.00039780256,0.9990747,0.0005274671
n.y. fed manufacturing index falls in jan,negative,0,negative,True,0.9993962,0.9993962,0.00032119805,0.0002825344
"gap reviews two chains, cuts view after weak december",negative,0,negative,True,0.9974552,0.9974552,0.002234917,0.00030990213
sallie mae reaches legal settlement with new york,negative,0,positive,False,0.9966102,0.00049636664,0.0028933818,0.9966102
harley workers ok three-year pact ending strike,positive,2,positive,True,0.9966343,0.0008763675,0.002489371,0.9966343
creditors may cool on us airways delta bid wsj,negative,0,neutral,False,0.9873403,0.011747732,0.9873403,0.0009119629
neteller says working to free up seized u.s. funds,negative,0,neutral,False,0.998906,0.0007297569,0.998906,0.00036426133
sprint posts quarterly loss,negative,0,negative,True,0.99935573,0.99935573,0.0003546424,0.0002895799
judge delays caremark vote wants more details,negative,0,neutral,False,0.99821115,0.0013563265,0.99821115,0.0004324961
"linde sells forklift unit kion to goldman, kkr",neutral,1,neutral,True,0.9991486,0.0003628502,0.9991486,0.00048854126
harley davidson says shipments wont meet forecast,negative,0,negative,True,0.99913836,0.99913836,0.00054742023,0.00031417806
oil falls as warm u.s. weather cuts heating demand,negative,0,negative,True,0.9994203,0.9994203,0.0003096622,0.00027012435
oil sector and cpi hit stocks as rate-cut hopes ebb,negative,0,negative,True,0.99941885,0.99941885,0.00031333583,0.0002677881
"wall street gains hinge on deals, pre-announcements",positive,2,neutral,False,0.9988815,0.00023670064,0.9988815,0.0008817716
dow chemical denies buyout talk shares slip,negative,0,negative,True,0.9993599,0.9993599,0.00036171896,0.00027842107
conoco ceo says venezuela talks could last months,neutral,1,neutral,True,0.9980191,0.0011033039,0.9980191,0.0008775355
amazon pays ibm to settle patent litigation,negative,0,positive,False,0.9987116,0.00053668855,0.0007516892,0.9987116
bricklin says hes talking to 15 chinese carmakers,positive,2,neutral,False,0.99925894,0.00034938747,0.99925894,0.00039171134
adviser says ford to sell aston martin to investor group,neutral,1,neutral,True,0.99919254,0.00042200877,0.99919254,0.000385508
pier 1 november same-store sales fall 15.3 percent,negative,0,negative,True,0.9993369,0.9993369,0.00029287417,0.0003702029
corrected - macworld vs ces macworld emerges as victor-analysts,positive,2,neutral,False,0.99880373,0.0004992371,0.99880373,0.00069700234
google shares set for fall barrons,negative,0,negative,True,0.999423,0.999423,0.0002761159,0.00030080968
shell looks to buy out canada unit for c$7.7 billion,positive,2,neutral,False,0.99891424,0.00042790963,0.99891424,0.0006578702
att clears final hurdle to $86 billion bellsouth deal,positive,2,neutral,False,0.99716705,0.00025597902,0.99716705,0.0025770082
"shares fall on fed rate-hike hint, gasolines jump",negative,0,negative,True,0.9991646,0.9991646,0.0005947426,0.0002406982
bertelsmann says buys time interest in bookspan,positive,2,neutral,False,0.9983082,0.0002090163,0.9983082,0.0014828637
"mcgraw-hill quarterly profit, revenue rise",positive,2,positive,True,0.9992249,0.00041789768,0.00035724693,0.9992249
power confirms putnam talks but says no deal yet,neutral,1,neutral,True,0.99894625,0.00043166018,0.99894625,0.00062212255
nestle to buy baby food giant gerber,positive,2,neutral,False,0.99886864,0.0002549061,0.99886864,0.00087639777
travel firms tui and first choice agree to merge,positive,2,neutral,False,0.99918264,0.00036149964,0.99918264,0.0004558758
united surgical to be acquired in $1.8 billion deal,positive,2,neutral,False,0.99915147,0.0003618412,0.99915147,0.00048665918
commerzbank profit beats consensus,positive,2,positive,True,0.99919647,0.00044876468,0.00035479222,0.99919647
"fcc settles with clear channel, others on payola",negative,0,neutral,False,0.5134281,0.0056714895,0.5134281,0.48090047
euro zone inflation under control oecds cotis,positive,2,positive,True,0.96826786,0.0056372494,0.026094839,0.96826786
"jobless claims fell 34,000 last week",positive,2,positive,True,0.9989894,0.000673255,0.00033738068,0.9989894
japan aims to raise minimum wage to boost economy,positive,2,neutral,False,0.89665365,0.0020685748,0.89665365,0.10127786
gm/delphi workers deal may be done early 07 wsj,positive,2,neutral,False,0.9952844,0.0004295771,0.9952844,0.004286024
factbox outline of nasdaqs new bid for lse,positive,2,neutral,False,0.999374,0.00032177466,0.999374,0.0003042518
business jets taxiing toward take-off in asia,positive,2,neutral,False,0.99897265,0.0004048784,0.99897265,0.00062252185
will elections bring back stock bulls,neutral,1,positive,False,0.9852882,0.00030273505,0.014409052,0.9852882
"samsung posts weak q1 on chips, outlook tough",negative,0,negative,True,0.99936944,0.99936944,0.0002769423,0.00035358142
"gm raises some auto prices, cites commodities",positive,2,positive,True,0.9689118,0.0006614756,0.030426672,0.9689118
canadians prefer global equity funds in november,positive,2,neutral,False,0.99924386,0.00033349157,0.99924386,0.00042263197
"gallaher approached, japan tobacco likely bidder-source",positive,2,neutral,False,0.99909854,0.00041486623,0.99909854,0.00048659745
"ge targets y1 trln japan assets, eyes hk",positive,2,neutral,False,0.99860054,0.00069958676,0.99860054,0.00069981854
plosser fed should be committed to low inflation,positive,2,neutral,False,0.98865616,0.008798872,0.98865616,0.002545022
feds pianalto says keeping eye on inflation risks,negative,0,neutral,False,0.9972234,0.0022476912,0.9972234,0.0005288544
auto union may run some retiree benefits wsj,neutral,1,neutral,True,0.9989844,0.00036659234,0.9989844,0.00064900186
gas natural net profit rises 14.1 percent,positive,2,positive,True,0.99920577,0.00047886916,0.0003153965,0.99920577
kraft managers abroad win more power to deal report,positive,2,neutral,False,0.9993285,0.00027295965,0.9993285,0.00039861308
michael dell set to remain ceo for several years,neutral,1,neutral,True,0.99929607,0.0003178486,0.99929607,0.00038611738
indonesia awaits newmont pollution case verdict,negative,0,neutral,False,0.99894804,0.0006384213,0.99894804,0.00041362908
update 4-citi to halve investment spending increase in 07,positive,2,negative,False,0.9993253,0.9993253,0.0004510555,0.00022368552
healthy foods drive sainsburys 60 percent profit jump,positive,2,positive,True,0.9991659,0.00046379567,0.00037034258,0.9991659
konica and ge to jointly develop oled lights,positive,2,neutral,False,0.9990551,0.00027272964,0.9990551,0.0006721582
"att to push wireless, seek revenue in ads paper",positive,2,neutral,False,0.9991722,0.0004507551,0.9991722,0.0003770949
unions prepare to fight airbus job cuts,negative,0,neutral,False,0.9614209,0.0356872,0.9614209,0.0028918227
global interest rates locked in upward mode,negative,0,neutral,False,0.9130597,0.056299333,0.9130597,0.030641034
boeing deal off as india flyington signs with airbus,negative,0,neutral,False,0.9991259,0.0003607853,0.9991259,0.00051339564
family dollar quarterly profit up,positive,2,positive,True,0.99916935,0.0004972189,0.00033342477,0.99916935
millionaires lose optimism amid market upheaval,negative,0,negative,True,0.99936587,0.99936587,0.00034226678,0.0002918563
att open to italian partners in torn t.italia,neutral,1,neutral,True,0.9984586,0.00032469485,0.9984586,0.0012167207
caremark says it will review express scripts offer,neutral,1,neutral,True,0.9993192,0.0002824159,0.9993192,0.0003983215
"dynegy posts loss on charges, misses estimate",negative,0,negative,True,0.9992824,0.9992824,0.0003734841,0.0003441094
"lexmark qtr profit, outlook miss expectations",negative,0,negative,True,0.9993861,0.9993861,0.00031115243,0.00030275615
"securitas takes q4 charge, clears way for new ceo",negative,0,neutral,False,0.99913764,0.00041119225,0.99913764,0.00045121435
bmw sees best year ever in 2007,positive,2,positive,True,0.99898046,0.00042679498,0.00059272384,0.99898046
"neteller suspends shares, ex-directors held in u.s",negative,0,negative,True,0.9989901,0.9989901,0.0007271824,0.00028268257
former dow chemical exec sues company for libel,negative,0,negative,True,0.99663013,0.99663013,0.0027668502,0.00060301705
affiliated computer gets $5.9 bln cerberus bid,positive,2,neutral,False,0.9978662,0.00055534503,0.9978662,0.0015784213
spectra energy completes spinoff from duke energy,positive,2,neutral,False,0.99886024,0.00026905,0.99886024,0.0008706067
"sirius reaches 6 mln subscribers, free cash flow positive",positive,2,positive,True,0.99911755,0.00038930372,0.000493111,0.99911755
genzyme completes tender offer for anormed,positive,2,neutral,False,0.9990723,0.00028372137,0.9990723,0.000643914
highland offers rival $4.7 billion delphi deal,positive,2,neutral,False,0.9991302,0.00041307,0.9991302,0.0004568289
factbox-chinas new rules covering foreign banks,neutral,1,neutral,True,0.9974533,0.0021383667,0.9974533,0.0004082629
web sales down on black friday,negative,0,negative,True,0.99935216,0.99935216,0.00036561364,0.0002822537
bear stearns calms subprime jitters,positive,2,positive,True,0.9980751,0.0009040876,0.001020817,0.9980751
mcdonalds quarterly view beats analysts,positive,2,positive,True,0.99924135,0.00032836368,0.00043032382,0.99924135
"mazda q3 rises on yen, exports",positive,2,positive,True,0.99918896,0.00049997336,0.00031104832,0.99918896
"volvo to cut 1,000 staff at virginia plant",negative,0,negative,True,0.9986546,0.9986546,0.0010370187,0.0003083465
nike profit up but u.s. and margins disappoint,neutral,1,neutral,True,0.9930374,0.0011066485,0.9930374,0.005855943
cold weather lifts retailers sales,positive,2,positive,True,0.99892235,0.00035405142,0.00072358025,0.99892235
macquarie group to buy spirit finance for $1.6 bln,positive,2,neutral,False,0.998955,0.00039406648,0.998955,0.00065097003
skype to start charging for calls to phones again,positive,2,positive,True,0.6463405,0.0023452183,0.35131434,0.6463405
beazer homes may face new jersey fines,negative,0,negative,True,0.9935446,0.9935446,0.0059387875,0.00051668164
airbus to start restructuring talks next week,negative,0,neutral,False,0.9957236,0.0033480162,0.9957236,0.0009283903
mittal plant sale seen drawing big bidders wsj,positive,2,neutral,False,0.9991456,0.0003138114,0.9991456,0.00054052146
japans hoya to buy pentax in $770 mln deal,positive,2,neutral,False,0.99806637,0.00028906623,0.99806637,0.001644547
emc profit rises with software sales shares gain,positive,2,positive,True,0.9991479,0.00049900345,0.0003531004,0.9991479
pg eyes stronger growth and fewer distribution spots,positive,2,positive,True,0.9804223,0.0006768934,0.018900838,0.9804223
uk bank rbs eyes big u.s. deal paper,positive,2,neutral,False,0.93148786,0.06769256,0.93148786,0.0008196456
u.s. airline february on-time record worst in 6 years,negative,0,negative,True,0.99913293,0.99913293,0.0004967845,0.00037034485
nestle q1 sales surge ahead of price hikes,positive,2,positive,True,0.9991903,0.00039709255,0.00041262753,0.9991903
wagoner hopes gm profitable in 2007,positive,2,positive,True,0.9102131,0.002706342,0.08708051,0.9102131
wall st. rises on ma,positive,2,positive,True,0.9992675,0.00036235654,0.00037007997,0.9992675
loral to buy unit of bce for $2.6 bln paper,positive,2,neutral,False,0.9989837,0.00037546654,0.9989837,0.00064086553
"foot locker quashes buyout rumors, shares fall",negative,0,negative,True,0.9207017,0.9207017,0.07470289,0.004595402
"volvo recalls 360,000 cars for speed control bug",negative,0,negative,True,0.9991928,0.9991928,0.00048806716,0.00031908642
ex-comverse cfo pleads guilty in stock options case,negative,0,neutral,False,0.73966104,0.0054421653,0.73966104,0.25489688
"refile-bskyb h1 revenues meet forecasts, profits up",positive,2,positive,True,0.99924564,0.0003929397,0.00036140796,0.99924564
kkr ups alliance boots bid,positive,2,neutral,False,0.9939719,0.00021172318,0.9939719,0.0058163055
avon fourth-quarter results beat street view,positive,2,positive,True,0.9992238,0.00041680227,0.0003593624,0.9992238
union issues private equity warning,negative,0,negative,True,0.9846941,0.9846941,0.01499746,0.0003085145
dow jones aims to reduce reliance on print,neutral,1,neutral,True,0.9980494,0.0012983133,0.9980494,0.000652294
nintendos wii again no. 1 new game console,positive,2,neutral,False,0.9972735,0.0003919066,0.9972735,0.002334476
equity office still prefers blackstone offer,positive,2,neutral,False,0.9992367,0.0004152957,0.9992367,0.00034808164
halliburton says no longer working in iran,neutral,1,neutral,True,0.71199965,0.28576377,0.71199965,0.0022365944
clear channel pressure intensifies as vote nears,negative,0,neutral,False,0.9984328,0.0007256842,0.9984328,0.000841454
pepsico to start selling fruit chips,positive,2,neutral,False,0.998486,0.00037420428,0.998486,0.0011398445
bristol to seek ok for up to 3 cancer drugs in 07,positive,2,neutral,False,0.9986015,0.0002276571,0.9986015,0.0011709103
january housing starts down 14.3 percent,negative,0,negative,True,0.9992918,0.9992918,0.0003073043,0.0004008474
factbox trade between south korea and the u.s.,neutral,1,neutral,True,0.99890447,0.00058861193,0.99890447,0.0005069339
oil rises after u.s. crude stockpiles slip,positive,2,positive,True,0.99910754,0.0005424117,0.0003500439,0.99910754
gm expects rise in china minivan jvs sales,positive,2,positive,True,0.9991359,0.00038205466,0.0004820204,0.9991359
apple to drop computer from company name,neutral,1,neutral,True,0.99891937,0.0004730268,0.99891937,0.0006076479
"u.s. incomes, spending up in october",positive,2,positive,True,0.99699664,0.00066548603,0.0023379235,0.99699664
ceo parachute deals come to light in new filings,negative,0,neutral,False,0.9992472,0.0003664589,0.9992472,0.00038644474
ministers agree to resume wto talks,positive,2,neutral,False,0.99386877,0.00038838162,0.99386877,0.005742827
foreclosure brokers traffic in despair,negative,0,negative,True,0.740167,0.740167,0.25820953,0.0016234606
"incomes, spending rise in november",positive,2,positive,True,0.99748564,0.00032402258,0.0021903117,0.99748564
"wal-mart pulls bank petition, home depot still in",negative,0,neutral,False,0.64380217,0.3535707,0.64380217,0.002627191
cn rail says train conductors begin canada strike,negative,0,negative,True,0.9978738,0.9978738,0.0018196623,0.00030650437
sanofi tops forecasts but acomplia delay weighs,negative,0,positive,False,0.9887122,0.0004567156,0.010831063,0.9887122
"ge profit up, driven by infrastructure growth",positive,2,positive,True,0.9992255,0.00043048468,0.00034396022,0.9992255
"u.s. october auto sales up, chrysler loses ground",positive,2,positive,True,0.9860248,0.0004836743,0.013491544,0.9860248
xerox options trade surges on takeover speculation,positive,2,positive,True,0.99888736,0.0003455131,0.00076717575,0.99888736
hsbc finance sells $4.5 billion in five parts - source,neutral,1,neutral,True,0.9984855,0.0008653313,0.9984855,0.0006492323
"mergers hinge on us air bid, says jetblue ceo",neutral,1,neutral,True,0.99924904,0.00034856098,0.99924904,0.00040244395
jacuzzi shareholders approve takeover by apollo management,positive,2,neutral,False,0.99881774,0.00022310889,0.99881774,0.000959083
newell rubbermaid posts lower quarterly profit,negative,0,negative,True,0.9993467,0.9993467,0.0002996575,0.00035371707
royal dutch bid for shell canada low shareholder,negative,0,neutral,False,0.99887794,0.00073299016,0.99887794,0.00038898364
saudi says no need to panic over oil price drop,neutral,1,neutral,True,0.9833745,0.012094338,0.9833745,0.0045311577
att expands homezone service,positive,2,neutral,False,0.65466774,0.0010259881,0.65466774,0.34430623
writer quits marketwatch after investment conflict,negative,0,negative,True,0.9945649,0.9945649,0.005104003,0.0003310966
sallie mae to sell itself for $25 billion,positive,2,neutral,False,0.99875236,0.0006008568,0.99875236,0.00064670685
gap november same-store sales sag as traffic falls,negative,0,negative,True,0.99935263,0.99935263,0.00029456703,0.00035271738
conocophillips sees over 3 pct production growth,positive,2,positive,True,0.9991105,0.00056395313,0.0003254846,0.9991105
apollo-texas pacific look set on harrahs bid report,neutral,1,neutral,True,0.9984011,0.00040394563,0.9984011,0.0011949181
oil problems linked to russia-belarus row poland,negative,0,negative,True,0.99197704,0.99197704,0.0076585934,0.00036434026
mills to weigh offer from simon/farallon,neutral,1,neutral,True,0.9992324,0.0004119226,0.9992324,0.0003556512
fords land rover sees profitable 2007,positive,2,positive,True,0.99868995,0.0004316404,0.0008784248,0.99868995
durable goods orders rose 1.9 pct in nov,positive,2,positive,True,0.9991154,0.0005835338,0.00030106658,0.9991154
"opec looks to cut output, wants price over $60 iran",negative,0,neutral,False,0.6848815,0.25533277,0.6848815,0.059785698
swift agrees to $2.36 billion takeover offer,positive,2,neutral,False,0.9945253,0.00046570532,0.9945253,0.0050089704
"time warner beats on cable, aol",positive,2,neutral,False,0.98370355,0.00026316984,0.98370355,0.016033286
feds poole says doesnt see recession ahead,positive,2,positive,True,0.98885065,0.009486522,0.001662813,0.98885065
yahoo to offer bbc news video,neutral,1,neutral,True,0.9992587,0.0003530426,0.9992587,0.00038823098
bskyb and google to become broadband bedfellows,positive,2,neutral,False,0.9961111,0.00040221887,0.9961111,0.0034867772
"delta, pbgc deal on pilots pension gets court nod",positive,2,positive,True,0.86301035,0.00065429235,0.13633539,0.86301035
how to keep more of what you make,neutral,1,neutral,True,0.99903166,0.00027037438,0.99903166,0.0006980013
chrysler sees sales growth,positive,2,positive,True,0.9992378,0.00038891213,0.00037334065,0.9992378
"goldman profit almost doubles, but investors wary",positive,2,positive,True,0.9976399,0.00028471166,0.0020754351,0.9976399
morgan stanley upgrades china mobile to overweight,positive,2,positive,True,0.9981888,0.00024429275,0.0015668796,0.9981888
ex-coke aide found guilty in trade secrets case,negative,0,neutral,False,0.88063985,0.09791727,0.88063985,0.021442886
"consumer prices fall, industrial output soft",negative,0,negative,True,0.9992347,0.9992347,0.0004576051,0.00030771722
nyse euronext bids for outstanding euronext shares,neutral,1,neutral,True,0.9989943,0.00028894038,0.9989943,0.0007167695
slight softening in 1st-qtr job outlook manpower,negative,0,negative,True,0.99917597,0.99917597,0.00041062039,0.00041341406
"boeing, st engineering in $136 million conversion deal",positive,2,neutral,False,0.99874413,0.00028500153,0.99874413,0.0009708088
"execs face tough digital transition, diller says",negative,0,neutral,False,0.99727625,0.0022761975,0.99727625,0.0004476535
"stocks drop on drug worry, oil up aig up late",negative,0,negative,True,0.8047055,0.8047055,0.1923341,0.0029604447
australias asic rejects qantas bidder application,negative,0,neutral,False,0.9956863,0.003959112,0.9956863,0.00035469627
indexes slip as investors sell off aprils stars,negative,0,negative,True,0.99938655,0.99938655,0.0002818766,0.00033155075
qantas board rejects $8.6 billion takeover bid,negative,0,neutral,False,0.9815491,0.017660849,0.9815491,0.00079003937
fed debates setting soft inflation target wsj,neutral,1,neutral,True,0.99894434,0.0006720603,0.99894434,0.00038356488
"stocks rally on thai turnaround, euro strong",positive,2,positive,True,0.99921083,0.000408407,0.00038069027,0.99921083
"private sector adds 57,000 jobs in feb survey",positive,2,positive,True,0.99917716,0.00045251378,0.00037027363,0.99917716
"gap quarterly profit down, cuts full-year view",negative,0,negative,True,0.99929047,0.99929047,0.000285758,0.00042375212
microsoft to pay novell $348 million under linux pact,neutral,1,neutral,True,0.9903296,0.0009041176,0.9903296,0.008766265
goldman raises $6.5 bln for infrastructure fund,positive,2,neutral,False,0.99808013,0.00061222084,0.99808013,0.0013076258
milton friedman championed free-enterprise economics,neutral,1,neutral,True,0.9990735,0.00048153504,0.9990735,0.00044489838
kerkorian to cut gm stake to 4.95 pct,negative,0,negative,True,0.77080345,0.77080345,0.22736393,0.0018326065
ford to slip to no. 3 spot in 2007 report,negative,0,negative,True,0.8328201,0.8328201,0.16174321,0.005436693
factbox key facts about t.italia and telefonica,neutral,1,neutral,True,0.9993344,0.0003480221,0.9993344,0.00031758807
"china c.bank to control money, credit growth paper",neutral,1,neutral,True,0.9987153,0.00089696626,0.9987153,0.0003877232
"hp investors meet, spy case against dunn dismissed",positive,2,neutral,False,0.9942036,0.00021852493,0.9942036,0.0055778194
video gamers in full tilt ahead of console debuts,neutral,1,neutral,True,0.9991985,0.00028566518,0.9991985,0.00051592785
ambev to invest $2.4 billion in brazil over 5 years,positive,2,neutral,False,0.993922,0.0004910105,0.993922,0.0055870665
fda seeks more data on cancer vaccine,negative,0,neutral,False,0.99853396,0.0010187959,0.99853396,0.00044718458
exxon says no decision on appeal of alaska ruling,neutral,1,neutral,True,0.99817455,0.00096696394,0.99817455,0.0008584773
stocks end up on fed view,positive,2,positive,True,0.99148095,0.0020143483,0.006504681,0.99148095
factbox-biggest falls in the dow jones industrial average,negative,0,negative,True,0.99823195,0.99823195,0.0015790857,0.00018899605
bp reaches tentative settlement on ohio violations,positive,2,positive,True,0.99659157,0.00060423533,0.0028041916,0.99659157
wal-mart ceo sees holiday season sales improvement,positive,2,positive,True,0.9991737,0.00041713627,0.00040915317,0.9991737
monster ex-general counsel settles sec case,negative,0,positive,False,0.89131105,0.0012046087,0.10748429,0.89131105
"ford recalls 527,000 suvs after engine fires",negative,0,negative,True,0.9989035,0.9989035,0.0007245393,0.00037182347
bankruptcies fall to 10-year low,positive,2,positive,True,0.82549405,0.045231584,0.12927437,0.82549405
hitachi shores up u.s. unit with $1 bln,positive,2,neutral,False,0.9918105,0.0016545709,0.9918105,0.0065349643
fed spies signs of slower growth,negative,0,negative,True,0.9993948,0.9993948,0.00032359984,0.0002816529
dow ends at record on fed chiefs view and earnings,positive,2,positive,True,0.99910694,0.00041982115,0.0004732253,0.99910694
rocker gabriel wants youtube for human rights,neutral,1,neutral,True,0.9989115,0.0005299548,0.9989115,0.0005586593
take-two says sec launches formal options probe,negative,0,negative,True,0.9656984,0.9656984,0.033137295,0.0011642798
morgan stanley sued by former exec for age bias,negative,0,negative,True,0.99833196,0.99833196,0.0013153523,0.0003527424
cemex says offer fully values australias rinker,neutral,1,neutral,True,0.9988416,0.00036052323,0.9988416,0.00079793355
some delta creditors form separate group,neutral,1,neutral,True,0.9985964,0.001064352,0.9985964,0.00033924828
now online retailers black friday secrets,neutral,1,neutral,True,0.9991417,0.00054938457,0.9991417,0.0003088599
rbs still plans lasalle bid by deadline -sources,neutral,1,neutral,True,0.9988226,0.0007407419,0.9988226,0.00043656863
"sara lee to cut nearly 1,700 jobs, 3 pct of staff",negative,0,negative,True,0.9990508,0.9990508,0.00059339055,0.0003558512
"gap not for sale, chief tells employees report",neutral,1,neutral,True,0.9988997,0.00030517977,0.9988997,0.00079505396
buffett wants to buy huge business,positive,2,neutral,False,0.9945623,0.00037264352,0.9945623,0.005065067
bertelsmann buys rest of bookspan from time inc,positive,2,neutral,False,0.9991122,0.00028454998,0.9991122,0.0006032167
"lg elec posts loss on screens, outlook tough",negative,0,negative,True,0.9993655,0.9993655,0.00034385934,0.0002907317
"scania rebuffs man again, sees new payout prospect",positive,2,neutral,False,0.995713,0.000189316,0.995713,0.0040977267
"fda rejects antibiotic from replidyne, forest",negative,0,neutral,False,0.9822536,0.016385214,0.9822536,0.0013612427
update 2-alliance data to buy abacus for $435 mln,neutral,1,neutral,True,0.99813855,0.00027262056,0.99813855,0.001588862
"tyson foods posts another loss, but sees 07 profits",negative,0,neutral,False,0.97449523,0.02222129,0.97449523,0.0032834944
yum brands says new york rat incident isolated,neutral,1,neutral,True,0.99095917,0.00039426668,0.99095917,0.00864649
internet ad revenue rises to $4.2 billion in 3rd quarter,positive,2,positive,True,0.99885976,0.00043514933,0.00070511573,0.99885976
u.s. economy moving to sustainable growth nabe,positive,2,positive,True,0.99831045,0.00095692807,0.0007325709,0.99831045
chairman outlines double act plan to run hsbc,neutral,1,neutral,True,0.9994036,0.0002754782,0.9994036,0.0003209818
oil shocks no excuse for inflation feds poole,negative,0,neutral,False,0.9447385,0.04775935,0.9447385,0.0075021745
"factbox subprime lenders sold, closed or bankrupt",negative,0,neutral,False,0.98972535,0.00975174,0.98972535,0.00052291696
buffetts berkshire buys 1 million shares unitedhealth,positive,2,neutral,False,0.91820097,0.001029852,0.91820097,0.08076912
dec retail sales surprisingly strong,positive,2,positive,True,0.9990946,0.00049889693,0.00040649466,0.9990946
update 2-medtronic to spin off external defibrillator unit,neutral,1,neutral,True,0.99883217,0.0005082511,0.99883217,0.0006594801
schlumberger profit tops estimates shares rise,positive,2,positive,True,0.99915624,0.0005069432,0.0003368186,0.99915624
nasdaq down on intel apple waxes and wanes,negative,0,negative,True,0.99938333,0.99938333,0.00033815502,0.00027851042
level 3 posts smaller quarterly loss,positive,2,positive,True,0.9963169,0.001374594,0.0023084774,0.9963169
google says in dispute with sec on tax accounting,negative,0,negative,True,0.9981426,0.9981426,0.0013723787,0.00048499595
citigroup to sell nikko principal finance arm report,neutral,1,neutral,True,0.91943544,0.0791892,0.91943544,0.001375359
illumina to buy solexa for $600 million in stock,neutral,1,neutral,True,0.9969722,0.0003812082,0.9969722,0.0026465384
asian shares gain as dell earnings boost techs,positive,2,positive,True,0.9992331,0.0004036814,0.0003631998,0.9992331
"target earnings rise, but shares sink",negative,0,neutral,False,0.96861935,0.030476423,0.96861935,0.00090428285
electronic arts to buy stake in the9 report,neutral,1,neutral,True,0.9971366,0.0002165912,0.9971366,0.0026468765
"omi, paulson agree japan, u.s. economies firm",positive,2,positive,True,0.9947871,0.00094115455,0.0042716926,0.9947871
metlife sees $1.10-$1.20 4th-qtr operating earnings,neutral,1,positive,False,0.714422,0.06622981,0.21934819,0.714422
ford to miss u.s. retail sales goals in feburay and march,negative,0,negative,True,0.9980647,0.9980647,0.0017013827,0.00023387345
dell profit down sharply,negative,0,negative,True,0.9992866,0.9992866,0.00026736045,0.0004460737
paulson tells g7 let markets regulate hedge funds,neutral,1,neutral,True,0.99903476,0.000575501,0.99903476,0.000389775
"kimberly-clark profit higher, narrows view",positive,2,positive,True,0.9991973,0.00032774382,0.00047492562,0.9991973
"china, venezuela to cement ties with oil deals",positive,2,neutral,False,0.9763638,0.0003248765,0.9763638,0.023311412
"yahoo shares rise, investors eye faster growth",positive,2,positive,True,0.9992311,0.00041417166,0.00035476964,0.9992311
wrapup 3-u.s. retail sales send strong signal on growth,positive,2,positive,True,0.99894696,0.0007051998,0.00034788446,0.99894696
boardroom and factory feuds rage at airbus,negative,0,negative,True,0.9939996,0.9939996,0.00567309,0.0003273063
"falling oil, rising home sales spark rally",positive,2,positive,True,0.9984676,0.0005147546,0.001017581,0.9984676
cisco sues apple over iphone name,negative,0,negative,True,0.9988896,0.9988896,0.0005966363,0.000513723
gap february same-store sales fall,negative,0,negative,True,0.9993766,0.9993766,0.00030794824,0.00031549073
opec oil cut already tightening world market iea,negative,0,negative,True,0.5054864,0.5054864,0.086372286,0.40814131
menu foods says chemnutra statement wrong,negative,0,neutral,False,0.99862134,0.0008748286,0.99862134,0.0005037626
fiat auto raises 2006 profit goal,positive,2,positive,True,0.999226,0.00041853747,0.00035547718,0.999226
mortgage bond prepayments increase,neutral,1,neutral,True,0.98643607,0.0121494755,0.98643607,0.0014143774
motorola warns of q1 loss,negative,0,negative,True,0.99934024,0.99934024,0.00034459238,0.00031513616
yahoo to buy rest of right media for $680 mln,neutral,1,neutral,True,0.9986518,0.00028990573,0.9986518,0.0010583604
starwood first-quarter profit rises,positive,2,positive,True,0.99920803,0.0004412411,0.00035069458,0.99920803
chronology-airbus grapples with restructuring after a380 woes,negative,0,negative,True,0.9324986,0.9324986,0.06648799,0.0010134776
internet ad potential underestimated yahoo ceo,positive,2,neutral,False,0.99831176,0.000840951,0.99831176,0.0008473656
"u.s. economy moving upward, greenspan quoted as saying",positive,2,positive,True,0.999121,0.00039933826,0.00047966975,0.999121
toyota sees higher 2006/07 global sales,positive,2,positive,True,0.9991358,0.00048079866,0.00038339957,0.9991358
adm posts record quarterly profit,positive,2,positive,True,0.99912435,0.00050455553,0.00037106182,0.99912435
ice bid prompts questions on cboe exercise rights,neutral,1,neutral,True,0.99868125,0.0010406655,0.99868125,0.00027813754
abn amro says in exclusive merger talks with barclays,neutral,1,neutral,True,0.9991297,0.00021874526,0.9991297,0.00065148796
"continental, ual union says would defend rights",negative,0,neutral,False,0.9982293,0.0007045533,0.9982293,0.0010661547
chinas country garden eyes $1.66 bln hk ipo sources,neutral,1,neutral,True,0.9965559,0.00082588976,0.9965559,0.002618236
american greetings earns jump on gain,positive,2,positive,True,0.99907875,0.0003510283,0.00057024986,0.99907875
aramark posts lower profit,negative,0,negative,True,0.9993262,0.9993262,0.00030598717,0.0003677718
"subprime mortgage rap tars good consumers, economy",negative,0,negative,True,0.9988997,0.9988997,0.00079876423,0.0003015599
tata wants more profit from corus uk,positive,2,neutral,False,0.997919,0.00046546455,0.997919,0.0016155383
japan tobacco shares fall after gallaher deal,negative,0,negative,True,0.9993963,0.9993963,0.00031550933,0.00028820362
foundation blocks arcelor mittals sale of dofasco,negative,0,neutral,False,0.9992175,0.00035778194,0.9992175,0.00042463277
sallie mae restates nearly three years financials,negative,0,neutral,False,0.9992605,0.00049329345,0.9992605,0.00024619445
u.s. securities class-actions down sharply study,positive,2,positive,True,0.98257506,0.0115476465,0.0058772727,0.98257506
rollins departure ends partnership at top of dell,neutral,1,neutral,True,0.99898356,0.0005727455,0.99898356,0.00044372704
dec retail sales hurt by warm weather,negative,0,negative,True,0.99931824,0.99931824,0.00041770277,0.000264061
sandisk cuts jobs to counter falling prices,negative,0,negative,True,0.99879503,0.99879503,0.00090984866,0.00029509448
eu leaders urge others to make moves for doha deal,positive,2,neutral,False,0.9991861,0.00027172608,0.9991861,0.0005422294
apollo targeting countrywide source,neutral,1,neutral,True,0.998928,0.0005971027,0.998928,0.0004749115
venezuela threatens foreign oil takeover compensation,negative,0,negative,True,0.98315996,0.98315996,0.016395573,0.00044437175
blackstone plans to sell properties to beacon wsj,neutral,1,neutral,True,0.9991442,0.0004713242,0.9991442,0.00038446573
ford seen still in crisis but pessimism wanes,negative,0,neutral,False,0.61332494,0.23361191,0.61332494,0.15306316
"traders betting feb job gain short of 100,000",negative,0,negative,True,0.99911207,0.99911207,0.000542218,0.00034580205
home-builder stocks fall on sales data,negative,0,negative,True,0.9993975,0.9993975,0.0003021804,0.00030033648
"stock futures edge up, focus on ma",positive,2,positive,True,0.9991755,0.00038515418,0.00043934482,0.9991755
nintendo rides ds handheld to higher profits,positive,2,positive,True,0.9991571,0.0004213807,0.00042159573,0.9991571
british airways chooses boeing 777s over airbus,positive,2,neutral,False,0.9989335,0.00060460257,0.9989335,0.0004619574
"imf warns subprime woes may spread, dollar falls",negative,0,negative,True,0.9993092,0.9993092,0.00042753617,0.00026327933
nissan offers buyouts at 2 tennessee plants,negative,0,neutral,False,0.9919863,0.00029509596,0.9919863,0.0077187293
dicks sporting goods gets acquisition clearance,positive,2,neutral,False,0.9989159,0.00019498914,0.9989159,0.0008891868
lehman enters qatar to expand middle east push,positive,2,neutral,False,0.99901104,0.00033620745,0.99901104,0.0006527205
highland capital eyeing new delphi bid wsj,neutral,1,neutral,True,0.999223,0.000331617,0.999223,0.00044540942
striking gm opel workers to vote thursday,negative,0,neutral,False,0.9991744,0.000442036,0.9991744,0.00038355085
u.s. says virgin america cant fly as structured,negative,0,negative,True,0.95236844,0.95236844,0.0471466,0.00048494994
euro climbs as markets price in ecb march rate hike,positive,2,positive,True,0.99919146,0.00040786585,0.00040064048,0.99919146
"bmw says u.s. car sales up 16 pct to 33,417 cars",positive,2,positive,True,0.99916303,0.00048774068,0.0003493006,0.99916303
shell canada jumps 30 pct on royal dutch offer,positive,2,positive,True,0.99918777,0.00037206267,0.00044018796,0.99918777
nasdaq bids $3.3 bln for nordic peer omx report,neutral,1,neutral,True,0.9954847,0.000917649,0.9954847,0.003597627
citigroup agrees to buy uk wealth manager quilter,neutral,1,neutral,True,0.99598545,0.0002449583,0.99598545,0.0037695807
stocks end lower as fedex falls,negative,0,negative,True,0.99942553,0.99942553,0.0002602833,0.00031413886
navy orders lockheed to stop ship work for review,negative,0,negative,True,0.99056506,0.99056506,0.008938718,0.000496234
inbev q3 core profit rise beats expectations,positive,2,positive,True,0.99918073,0.0004912067,0.00032804577,0.99918073
pioneer n.american plasma tv revs to miss target,negative,0,negative,True,0.9993037,0.9993037,0.00044413086,0.0002522281
buffett says berkshire has halved hurricane risk,positive,2,positive,True,0.99011105,0.00046338345,0.009425612,0.99011105
daimlerchrysler says all options open for chrysler,neutral,1,neutral,True,0.998752,0.00050970505,0.998752,0.0007382526
viacom 4th-qtr profit rises on dreamworks purchase,positive,2,positive,True,0.9992261,0.00043521886,0.00033866975,0.9992261
constellation energy profit rises,positive,2,positive,True,0.99920183,0.00043439824,0.00036374544,0.99920183
cingular to offer myspace on cellphones,neutral,1,neutral,True,0.99917537,0.00042419633,0.99917537,0.00040039403
"stocks seen weaker, eyes on economic data",negative,0,negative,True,0.9992067,0.9992067,0.00061492505,0.00017846315
philly fed factory activity slumps in dec,negative,0,negative,True,0.99929464,0.99929464,0.00028603317,0.00041929237
"another investor to urge brinks to sell, barrons says",neutral,1,negative,False,0.98103595,0.98103595,0.018593382,0.00037063754
radioshack forecasts higher fourth-qtr net income,positive,2,positive,True,0.99922335,0.00041434114,0.00036225465,0.99922335
u.s. says pfizer unit pleads guilty to kickback,negative,0,neutral,False,0.8382684,0.06245867,0.8382684,0.09927291
tse says in tie-up talks with nyse,neutral,1,neutral,True,0.9991448,0.00031321825,0.9991448,0.00054194045
lowes to build california distribution center,positive,2,neutral,False,0.9990151,0.00036642115,0.9990151,0.0006184472
chrysler sale decision may take months,negative,0,neutral,False,0.9990969,0.00041934292,0.9990969,0.00048375703
"wall st. seen posting strong quarter, record year",positive,2,positive,True,0.9991658,0.0003974956,0.0004367149,0.9991658
caterpillar sees tough 07 faster growth beyond,negative,0,negative,True,0.9990526,0.9990526,0.00066936464,0.0002780871
factbox new century creditors named in bankruptcy filing,negative,0,neutral,False,0.92246604,0.076718464,0.92246604,0.0008155112
citigroup says to launch nikko bid on march 15,positive,2,neutral,False,0.9992041,0.00032318378,0.9992041,0.00047270925
nasdaq in talks to buy phila. stock exchange report,neutral,1,neutral,True,0.8255513,0.0007772154,0.8255513,0.17367156
sec to hold news conference on regulation merger,neutral,1,neutral,True,0.9993549,0.00029964538,0.9993549,0.00034550214
"starbucks falls, hp rises",neutral,1,neutral,True,0.70913523,0.28767443,0.70913523,0.0031903489
berkshire cuts ameriprise stake,negative,0,negative,True,0.9968156,0.9968156,0.0028608104,0.00032355924
dupont to sell coatings arm to switzerlands sika,neutral,1,neutral,True,0.9992286,0.00038723147,0.9992286,0.00038418628
texas lawmakers critical of txu buyout,negative,0,neutral,False,0.8257058,0.17333007,0.8257058,0.0009641347
"claires seeking buyer, hires goldman sachs report",neutral,1,neutral,True,0.9986481,0.00063150516,0.9986481,0.0007203429
dolans want to take cablevision private report,neutral,1,neutral,True,0.99830925,0.001149949,0.99830925,0.0005407807
"auto stability rule set, safety groups concerned",negative,0,neutral,False,0.9379979,0.061047174,0.9379979,0.0009549401
"colgate profit up, mark leaving ceo post in july",positive,2,positive,True,0.9992304,0.0003062848,0.00046332076,0.9992304
kddi to tie with jr east on fibre-optic broadband,positive,2,neutral,False,0.9983602,0.0006669615,0.9983602,0.00097279344
wal-mart watchdog group says negative view grew,negative,0,negative,True,0.9860875,0.9860875,0.013531001,0.00038145494
coke ceo sees strong growth despite n.america lag,positive,2,positive,True,0.99907386,0.0003309243,0.00059519697,0.99907386
united airlines raises fares in some markets,positive,2,positive,True,0.955187,0.0013568351,0.04345611,0.955187
citigroup in talks to buy pandits old lane sources,neutral,1,neutral,True,0.99603796,0.0003323104,0.99603796,0.0036296374
mac fans buzzing about expected apple iphone,positive,2,positive,True,0.9457805,0.0008858215,0.05333364,0.9457805
nasdaq appoints new management for china,neutral,1,neutral,True,0.9990396,0.00038249683,0.9990396,0.0005777979
hill could visit north korea if agreements met report,neutral,1,neutral,True,0.98874414,0.00027904144,0.98874414,0.0109769385
uk retail sales drop to lowest level since march cbi,negative,0,negative,True,0.9993519,0.9993519,0.00034142088,0.00030663423
bernanke makes no remarks on economic outlook,neutral,1,neutral,True,0.99878913,0.0007802474,0.99878913,0.0004306524
volkswagen on track to hit goals after strong q3,positive,2,positive,True,0.9982168,0.0005383689,0.0012447574,0.9982168
cit places student-loan unit executives on leave,negative,0,neutral,False,0.98773617,0.011682556,0.98773617,0.0005812948
panel says wide use of drug-coated stents risky,negative,0,neutral,False,0.9924638,0.00668089,0.9924638,0.0008552933
johnson controls earnings up 27.2 percent,positive,2,positive,True,0.99923015,0.00041224787,0.00035760587,0.99923015
ups says to cancel order for 10 airbus a380s,negative,0,negative,True,0.994712,0.994712,0.0050191805,0.0002687726
"kerkorian cuts gm stake, shares slide",negative,0,negative,True,0.99939966,0.99939966,0.000307958,0.0002923403
stryker net up on sales,positive,2,positive,True,0.9991629,0.0004965709,0.00034050498,0.9991629
uaw says no opinion on possible gm-chrysler deal,neutral,1,neutral,True,0.99922967,0.0003572108,0.99922967,0.00041308335
investors hope data will extend recovery,positive,2,positive,True,0.9990822,0.00044773662,0.00047003277,0.9990822
ford executive gives up use of jet after criticism,negative,0,neutral,False,0.9987631,0.0010009728,0.9987631,0.00023602793
investor group sets offer for rest of prosieben,neutral,1,neutral,True,0.9991792,0.00027410596,0.9991792,0.00054674654
factbox berkshire hathaway at a glance,neutral,1,neutral,True,0.99924785,0.0004690364,0.99924785,0.00028300288
alcatel and lucent complete merger,positive,2,neutral,False,0.99842143,0.00032208112,0.99842143,0.0012564735
"wall street set to open flat data, earnings eyed",neutral,1,neutral,True,0.99786925,0.0013734167,0.99786925,0.0007573256
congress approves offshore drilling bill,positive,2,neutral,False,0.9780241,0.0005783782,0.9780241,0.021397403
"update 2-capgemini ups 06 goals, margin plan on track",positive,2,positive,True,0.99902546,0.00026263017,0.0007119216,0.99902546
"nasdaq slams lse for not talking, says bid fair",negative,0,neutral,False,0.9987149,0.0004531528,0.9987149,0.0008319949
reckson tells icahn to pick up the pace,neutral,1,neutral,True,0.99403495,0.00048342632,0.99403495,0.0054815933
pg seeks buyer for japan adult diaper brand,neutral,1,neutral,True,0.99908185,0.00043352423,0.99908185,0.00048465116
nec cuts cellphone shipment forecast by 8 pct,negative,0,negative,True,0.9992687,0.9992687,0.00041070077,0.00032053198
noble energy profit slips on gas price drop,negative,0,negative,True,0.9993656,0.9993656,0.00026543418,0.00036901332
wikipedia founder remakes web publishing economics,neutral,1,neutral,True,0.9992021,0.0004165955,0.9992021,0.00038140698
stocks seen higher dell to boost tech shares,positive,2,positive,True,0.9992374,0.00040636008,0.00035625824,0.9992374
ritchie capital in talks to sell main fund,negative,0,neutral,False,0.999071,0.00062069495,0.999071,0.00030828218
hsbc warning ominous for u.s. lenders,negative,0,negative,True,0.99922824,0.99922824,0.00053882855,0.0002329265
chronology-bid approaches for the london stock exchange,neutral,1,neutral,True,0.9993938,0.00029301518,0.9993938,0.00031317264
dow closes at record high after fed,positive,2,positive,True,0.9990507,0.0006186017,0.000330704,0.9990507
aol signs napster as music subscription service,positive,2,neutral,False,0.9987161,0.00030480084,0.9987161,0.0009790956
feds poole says u.s. not heading into recession,positive,2,positive,True,0.99267673,0.0057673855,0.001555864,0.99267673
jobless claims rose in latest week,negative,0,negative,True,0.8207649,0.8207649,0.11748981,0.061745223
lenders initiate foreclosures at record pace,negative,0,negative,True,0.9835301,0.9835301,0.015728042,0.0007418076
client consent at center of citigroup insider case,negative,0,neutral,False,0.95998204,0.038586427,0.95998204,0.0014315431
td bank to pay $3.2 billion for rest of td banknorth,neutral,1,neutral,True,0.9982152,0.0012868103,0.9982152,0.00049798074
"raytheon profit up, sees 2007 below wall st",neutral,1,positive,False,0.99881786,0.00043631493,0.000745751,0.99881786
wall street banks walloped by mortgage worries,negative,0,negative,True,0.9917675,0.9917675,0.007860303,0.00037214998
u.s. auto sales slowing say forecasts report,negative,0,negative,True,0.9993291,0.9993291,0.00037329362,0.00029755602
alliance boots rejects kkrs $18.8 bln approach,negative,0,neutral,False,0.99651235,0.0027510202,0.99651235,0.0007365988
ford loses $1 bln a year on counterfeit auto parts,negative,0,negative,True,0.9924648,0.9924648,0.0069854395,0.0005497895
altria promises january details for kraft,neutral,1,neutral,True,0.99924505,0.00032403457,0.99924505,0.0004309636
aol launches search ad service with google,positive,2,neutral,False,0.99901474,0.00032148205,0.99901474,0.0006638256
delta plans to present us air bid to board soon,neutral,1,neutral,True,0.9993192,0.00024313336,0.9993192,0.00043771602
"keycorp sells champion mortgage to hsbc, fortress",neutral,1,neutral,True,0.9991972,0.00037224736,0.9991972,0.0004305704
"best buy, circuit city raise outlooks on dec sales",positive,2,positive,True,0.999223,0.00028411107,0.00049288233,0.999223
express scripts says ready to raise caremark bid,positive,2,neutral,False,0.9990889,0.00027002062,0.9990889,0.00064112496
"visa, nokia turn mobile phones into mobile wallets",positive,2,neutral,False,0.9988912,0.00042573988,0.9988912,0.00068308704
"buffett says may hire 4 cios, insurance to weaken",neutral,1,neutral,True,0.7965354,0.20082586,0.7965354,0.0026387689
apple and beatles settle trademark squabble,positive,2,positive,True,0.99239266,0.00034858074,0.007258758,0.99239266
corrected hr block delays filing quarterly report,negative,0,neutral,False,0.99800295,0.0015275313,0.99800295,0.00046943122
wal-mart not participating in february new york fashion week,neutral,1,neutral,True,0.98546535,0.014115789,0.98546535,0.000418914
daimlerchrysler says talks with chery on-going,neutral,1,neutral,True,0.9990018,0.00037662146,0.9990018,0.0006216104
delta board discusses us airways bid paper,neutral,1,neutral,True,0.999353,0.00035199267,0.999353,0.00029492806
icahn goes it alone with changed bid for reckson,neutral,1,neutral,True,0.99917656,0.00041946437,0.99917656,0.00040392778
apple unveils plans to go greener,positive,2,neutral,False,0.98125994,0.000387256,0.98125994,0.018352667
united air parent posts quarterly loss,negative,0,negative,True,0.99924135,0.99924135,0.0004587858,0.0002999083
"private sector adds 128,000 jobs in oct survey",positive,2,positive,True,0.99916184,0.00046626004,0.0003719239,0.99916184
deutsche boerse to buy ise for $2.8 billion,positive,2,neutral,False,0.99813217,0.00045368596,0.99813217,0.0014142084
"schlumberger profit rises, tops wall street view",positive,2,positive,True,0.999198,0.0004842695,0.00031767073,0.999198
emi concerns grow at warner music,negative,0,neutral,False,0.92189574,0.07590565,0.92189574,0.0021985925
"wal-mart ad account goes to interpublic, publicis cos",positive,2,neutral,False,0.9991757,0.00047186576,0.9991757,0.00035235338
oil up nearly $1 as u.s. fuel stocks fall,positive,2,positive,True,0.99917465,0.00045189922,0.00037346204,0.99917465
"molson coors quarterly profit beats view, shares jump",positive,2,positive,True,0.9991974,0.0004607068,0.00034191096,0.9991974
burger kings uk sales to be hurt by ad ban report,negative,0,negative,True,0.9993563,0.9993563,0.0003837879,0.0002598749
delta retired pilots to get $800 mln in claims,neutral,1,negative,False,0.9883818,0.9883818,0.009438485,0.002179702
global markets-u.s. jobs data fails to convince investors,negative,0,negative,True,0.9987342,0.9987342,0.0010426986,0.00022305659
chubb posts higher fourth-quarter earnings,positive,2,positive,True,0.99923,0.0003808546,0.00038907345,0.99923
china citic bank ipo draws keen overseas demand,positive,2,positive,True,0.9928718,0.0003402141,0.006787985,0.9928718
wendys third-quarter earnings fall slightly,negative,0,negative,True,0.99938095,0.99938095,0.00029537093,0.00032363395
economists cut gdp forecast for 2007,negative,0,negative,True,0.9993938,0.9993938,0.00031645715,0.00028972825
nj jury awards plaintiff $20 mln in vioxx case,negative,0,negative,True,0.6391147,0.6391147,0.20779486,0.15309046
citigroup settles with ex-wealth chief thomson,neutral,1,positive,False,0.9970938,0.00034650345,0.0025596842,0.9970938
"pirelli sells t.italia control to telefonica, banks",neutral,1,neutral,True,0.9990941,0.000504585,0.9990941,0.00040119598
instant view-u.s. q3 gdp growth weaker than expected,negative,0,negative,True,0.9993487,0.9993487,0.00033076602,0.0003205977
judge upholds jurys vioxx verdict,negative,0,neutral,False,0.9889509,0.0017415945,0.9889509,0.009307493
us airways says delta creditors evaluating offer,neutral,1,neutral,True,0.9989779,0.00071223127,0.9989779,0.0003098494
"abn amro to open books to rbs, fortis, santander",positive,2,neutral,False,0.9993205,0.00029573694,0.9993205,0.00038376462
"lazard earnings soar, shares jump",positive,2,positive,True,0.99915254,0.00046944874,0.00037800617,0.99915254
"economy outside housing, cars in good shape bies",positive,2,neutral,False,0.99654394,0.00039096127,0.99654394,0.003065085
"cigna profit falls, but beats wall street views",neutral,1,negative,False,0.9845088,0.9845088,0.010871568,0.00461959
media stocks jump on news corp.s dow jones bid,positive,2,positive,True,0.99922657,0.0003952085,0.00037827657,0.99922657
"dutch philips beats q1 profit forecast, sales slow",neutral,1,neutral,True,0.99099123,0.0009785667,0.99099123,0.008030229
factbox-global financial market movements since late february,neutral,1,neutral,True,0.9993678,0.00032269242,0.9993678,0.00030953283
lse plans price cuts to beat new platform -paper,negative,0,neutral,False,0.99748766,0.00059002626,0.99748766,0.0019223234
"gm, ford december u.s. sales down, toyota gains",negative,0,negative,True,0.99908733,0.99908733,0.0006523745,0.00026022698
shire sues andrx for patent infringement,negative,0,negative,True,0.9987534,0.9987534,0.000544506,0.0007021223
eli lillys zyprexa data didnt match paper,negative,0,negative,True,0.8869633,0.8869633,0.11030568,0.0027310557
state farm seeks louisiana pact on hurricane cases,neutral,1,neutral,True,0.9989512,0.00039275462,0.9989512,0.0006560068
google ceo denies rumor of youtube legal reserve,neutral,1,neutral,True,0.99846774,0.0005114224,0.99846774,0.001020791
euronext regulator committee okays nyse merger,positive,2,positive,True,0.8877333,0.0006371765,0.11162959,0.8877333
chrysler reassuring dealers after inventory crisis,negative,0,neutral,False,0.50882834,0.031967964,0.50882834,0.4592037
beazer facing widespread probe,negative,0,negative,True,0.93398744,0.93398744,0.062169284,0.0038433734
google shares fall despite analyst price upgrades,negative,0,negative,True,0.99936265,0.99936265,0.0003874129,0.00024988435
private equity groups form for tribune bid source,neutral,1,neutral,True,0.99937147,0.00031838074,0.99937147,0.00031021275
factbox-details on subprime mortgage loan market,neutral,1,neutral,True,0.9989956,0.0006872049,0.9989956,0.00031728213
pier 1 same-store sales slide holiday starts well,negative,0,negative,True,0.903579,0.903579,0.08874748,0.0076735425
update 6-bank of america buys schwabs us trust for $3.3bln,positive,2,neutral,False,0.999094,0.00048109645,0.999094,0.00042498944
broadband seen as big task for directv under malone,neutral,1,neutral,True,0.99639076,0.00267777,0.99639076,0.00093149464
cisco results show rising demand for internet video,positive,2,positive,True,0.9989827,0.000333671,0.00068354094,0.9989827
alcoa cleveland works uaw workers ratify contract,positive,2,neutral,False,0.99872357,0.00028611737,0.99872357,0.0009902628
japan govt body to unload 43 mln toyota shares,neutral,1,neutral,True,0.994001,0.005354537,0.994001,0.0006444773
drugs like pfizers to get more scrutiny fda,negative,0,neutral,False,0.99670106,0.002254531,0.99670106,0.0010444475
hovnanian sees loss bigger than previously thought,negative,0,negative,True,0.999199,0.999199,0.00047610156,0.0003248848
hk ooil shares surge on terminal sale,positive,2,positive,True,0.99926,0.00031304982,0.00042690465,0.99926
bad weather insurers tout profit protection,positive,2,neutral,False,0.9960861,0.0035680227,0.9960861,0.00034589352
australias suncorp says first half profit up,positive,2,positive,True,0.999204,0.00042759717,0.0003683883,0.999204
u.s. stocks rally on deals on day before elections,positive,2,positive,True,0.9988996,0.00025179525,0.00084863947,0.9988996
morgan stanley unit to pay $6.6 bln for cnl hotels,neutral,1,neutral,True,0.99900573,0.00046772195,0.99900573,0.0005265635
housing woes deepen in industrial heartland,negative,0,negative,True,0.9990004,0.9990004,0.0007954155,0.00020426731
star witness radler tied to black at trial,negative,0,neutral,False,0.99900275,0.0006008642,0.99900275,0.000396428
"indexes slip as hsbc, new century warn on bad loans",negative,0,negative,True,0.9994135,0.9994135,0.00029851825,0.0002879624
property buyouts seen good for small buyers survey,positive,2,positive,True,0.73177487,0.0009264065,0.26729873,0.73177487
oracle q2 profit rises,positive,2,positive,True,0.9992021,0.00042624137,0.0003716754,0.9992021
cablevision posts narrower loss,positive,2,positive,True,0.9972479,0.0013016125,0.0014504786,0.9972479
coast guard beefs up deepwater project oversight,neutral,1,neutral,True,0.9978108,0.0013068186,0.9978108,0.0008825106
home depots new chief has much repair work to do,negative,0,neutral,False,0.9986211,0.00088460644,0.9986211,0.0004942497
walgreen same-store sales up,positive,2,positive,True,0.99917006,0.0004425136,0.0003874236,0.99917006
maf bancorp sees charge due to balance sheet restructuring,negative,0,negative,True,0.998654,0.998654,0.0010608603,0.00028511093
"factbox-key facts about alcan, target of alcoa bid",neutral,1,neutral,True,0.99932766,0.00035928766,0.99932766,0.0003130874
"factory, spending data give conflicting signals",neutral,1,neutral,True,0.99138707,0.007880953,0.99138707,0.0007319331
alliance boots opens books after $20 bln approach,positive,2,neutral,False,0.9990706,0.00035846973,0.9990706,0.00057098846
"northrop grumman net up 37 pct, sees 2007 in line",positive,2,positive,True,0.9992842,0.00036663117,0.00034920542,0.9992842
"blue chips rise on earnings, dow record eyed",positive,2,positive,True,0.9992142,0.00046045103,0.00032530492,0.9992142
exxon plans 25 new projects in next three years,positive,2,positive,True,0.9926696,0.00027712848,0.007053277,0.9926696
anti-u.s. allies venezuela and iran seek opec oil cut,neutral,1,neutral,True,0.9977641,0.0014042262,0.9977641,0.00083170476
microsoft to pay universal for every zune sold,neutral,1,neutral,True,0.99804735,0.00047833816,0.99804735,0.0014743846
"clorox profit jumps, but current quarter pressured",neutral,1,neutral,True,0.99270016,0.0016063793,0.99270016,0.00569349
healthsouth in deal to sell rehabilitation division,positive,2,neutral,False,0.9991549,0.0002887169,0.9991549,0.0005564065
exchanges yet to set ford commemoration plans,neutral,1,neutral,True,0.9991073,0.00047003495,0.9991073,0.00042270037
"starbucks backs 2007 eps, sales views",positive,2,positive,True,0.99913305,0.00037996456,0.0004869694,0.99913305
nyse says experienced trading delays,negative,0,negative,True,0.9987533,0.9987533,0.00092710234,0.00031954676
gazprom plans to buy half of sakhalin-2 chairman,neutral,1,neutral,True,0.99715143,0.00022481868,0.99715143,0.0026238337
update 4-eads board split puts new airbus jet on hold,negative,0,neutral,False,0.9966608,0.0029853575,0.9966608,0.00035380482
dram demand for q1 2007 very strong samsung,positive,2,positive,True,0.99901235,0.0005371206,0.00045049607,0.99901235
bt says will consider all leverage options,neutral,1,neutral,True,0.9990883,0.0003393608,0.9990883,0.00057234685
capital one finishes $13.2 bln north fork purchase,neutral,1,neutral,True,0.9975689,0.0005063264,0.9975689,0.0019247587
la billionaires make bid for tribune source,neutral,1,neutral,True,0.9993598,0.00036330716,0.9993598,0.000276857
hp quarterly profit rises,positive,2,positive,True,0.99921453,0.00042935513,0.00035606365,0.99921453
"texas instruments profit, outlook beat forecasts",positive,2,positive,True,0.99918824,0.00047156488,0.0003402187,0.99918824
citigroup names american express crittenden cfo,neutral,1,neutral,True,0.99872476,0.00039707375,0.99872476,0.0008782204
strategies for your tax forms bottom line,neutral,1,neutral,True,0.9993598,0.00032951473,0.9993598,0.00031075635
boston globe cuts 6 pct of newsroom with buyouts,negative,0,negative,True,0.50004494,0.50004494,0.49835697,0.0015981016
directv and echostar face slower growth in 2007,negative,0,negative,True,0.99939036,0.99939036,0.00031904117,0.0002905388
"bank of america, wachovia profits soar on mergers",positive,2,positive,True,0.99917775,0.00031694016,0.0005053236,0.99917775
japan yamamoto says respects tse decision on nikko,neutral,1,neutral,True,0.99894863,0.00030512165,0.99894863,0.00074630463
marshall ilsley to spin off metavante -wsj,neutral,1,neutral,True,0.99876595,0.00025484516,0.99876595,0.0009792686
microsoft profit tops wall st view on vista sales,positive,2,positive,True,0.99909997,0.0005560687,0.00034404,0.99909997
hyundai sees 2007 us sales up more than 10 pct,positive,2,positive,True,0.9991147,0.00056061504,0.0003246725,0.9991147
"nov leading index up, 3rd straight month of gains",positive,2,positive,True,0.9992059,0.00041320175,0.00038090188,0.9992059
express tweaks caremark offer after setbacks,neutral,1,neutral,True,0.994919,0.0029649488,0.994919,0.0021160624
sun micro to use intel server chips as well as amd,neutral,1,neutral,True,0.99866104,0.00076919293,0.99866104,0.00056975917
china union says u.s. fast food chains broke wage law,negative,0,neutral,False,0.5993028,0.38511676,0.5993028,0.015580374
"payless, disney to collaborate on shoe design",positive,2,neutral,False,0.99924445,0.0003167247,0.99924445,0.00043878326
u.s. treasurys kimmitt declines dollar comment,neutral,1,neutral,True,0.99671054,0.0025834623,0.99671054,0.00070603413
teachers private capital and ccmp buy nz yellow pages,neutral,1,neutral,True,0.999158,0.00030666098,0.999158,0.0005352585
goldman plans indian mutual fund unit paper,positive,2,neutral,False,0.9991812,0.0004454497,0.9991812,0.00037331524
"coca-cola ceo got $7 mln in salary,performance pay",neutral,1,neutral,True,0.94969046,0.0010478724,0.94969046,0.049261678
countrywide failed subrime loans could be worst,negative,0,negative,True,0.99084246,0.99084246,0.008485407,0.00067208434
indexes recover as investors buy financials,positive,2,positive,True,0.9991265,0.0003605889,0.00051295373,0.9991265
sears to take charge for bond suit,negative,0,neutral,False,0.99745685,0.0019092541,0.99745685,0.000633835
"campbell beats view and raises outlook, shares jump",positive,2,positive,True,0.99920124,0.000444571,0.0003541516,0.99920124
eu considers new kind of microsoft antitrust action,negative,0,neutral,False,0.9361052,0.059018694,0.9361052,0.0048761354
house passes taxpayer protection bill,neutral,1,neutral,True,0.9969067,0.00032236072,0.9969067,0.0027709033
kkr in a$4 bln joint venture with australias seven,positive,2,neutral,False,0.9987331,0.00046880174,0.9987331,0.000798028
chinas truly rich seek expression in autos,neutral,1,neutral,True,0.9991721,0.00034206518,0.9991721,0.0004858197
"retailers get easter lift, but grim april looms",negative,0,neutral,False,0.9665936,0.028609632,0.9665936,0.0047967825
results for sp 500 companies seen up 5 percent,positive,2,positive,True,0.9992254,0.00039390422,0.00038076623,0.9992254
coca-cola to invest $250 mln in indian ops report,positive,2,neutral,False,0.98133415,0.0012206791,0.98133415,0.017445123
rim co-ceo drops chairman title,neutral,1,neutral,True,0.99878675,0.00090680056,0.99878675,0.00030642454
chinas baosteel revives new york listing plan,neutral,1,neutral,True,0.9990421,0.00033322844,0.9990421,0.0006246097
vodafone eyes hutchison india as reliance circles,neutral,1,neutral,True,0.99649733,0.002886981,0.99649733,0.0006157122
"general mills profit tops street, 07 view raised",positive,2,positive,True,0.99926883,0.00036637875,0.00036477036,0.99926883
"sonys ps3 has problems running ps, ps2 games",negative,0,negative,True,0.99887174,0.99887174,0.0006644284,0.0004638294
daimler mulls gm stake to pay for chrysler unit ft,neutral,1,neutral,True,0.99913687,0.0003654983,0.99913687,0.000497658
blackstone to keep private ways in going public,neutral,1,neutral,True,0.99908495,0.0005565806,0.99908495,0.00035851286
visteon posts quarterly net loss,negative,0,negative,True,0.9993025,0.9993025,0.00036385565,0.00033361485
g7 agrees fx statement,neutral,1,neutral,True,0.99919635,0.00039376924,0.99919635,0.00040982474
"oil falls a dollar, opec mulls new output cut",negative,0,negative,True,0.9993968,0.9993968,0.0003358965,0.00026732337
att closes $86 billion bellsouth deal,positive,2,neutral,False,0.99885094,0.00034317138,0.99885094,0.0008058327
credit agricole shares fall on profit slowdown,negative,0,negative,True,0.9994024,0.9994024,0.00027481088,0.00032279012
ap to buy rival pathmark for $678.6 million,positive,2,neutral,False,0.9985905,0.00030548152,0.9985905,0.0011040146
guess quarterly earnings rise,positive,2,positive,True,0.9989532,0.0002659907,0.0007807827,0.9989532
sony dropping playstation 3 chip,neutral,1,negative,False,0.9946306,0.9946306,0.0047889003,0.00058050983
itt hit over export of night-vision goggle parts,negative,0,negative,True,0.99836034,0.99836034,0.0013622763,0.00027739714
converium says in talks with white knight bidders,positive,2,neutral,False,0.9992601,0.00035648863,0.9992601,0.00038334608
uks cdc joins citigroup in $200 million africa venture,positive,2,neutral,False,0.99879056,0.00045676113,0.99879056,0.00075270777
sears sees higher 4th-qtr earnings shares rise,positive,2,positive,True,0.99918145,0.0004894808,0.00032902168,0.99918145
pge posts lower quarterly earnings,negative,0,negative,True,0.9993524,0.9993524,0.00031593442,0.00033165197
u.s. says hopes to sign russia wto deal next week,positive,2,neutral,False,0.9882935,0.00049499475,0.9882935,0.011211388
chilean mapuches in language row with microsoft,negative,0,neutral,False,0.998538,0.00072648434,0.998538,0.0007355349
aetna quarterly profit rises,positive,2,positive,True,0.99920315,0.00042699755,0.00036993137,0.99920315
genentech first-quarter profit rises 68 pct,positive,2,positive,True,0.9991448,0.0005220177,0.00033315847,0.9991448
triad agrees to $5.1 billion community health offer,positive,2,neutral,False,0.99887174,0.0003987546,0.99887174,0.0007294765
global stock markets battered as yen rises,negative,0,negative,True,0.9993825,0.9993825,0.00035362586,0.00026388766
housing mess risks recession unless fed cuts merrill,negative,0,negative,True,0.9992046,0.9992046,0.0005596764,0.00023576414
cerberus groups plan to buy delphi hits hurdle wsj,negative,0,neutral,False,0.9941969,0.004770982,0.9941969,0.0010320855
new century financial understated csfbmc debt,negative,0,neutral,False,0.9963558,0.0028932404,0.9963558,0.0007510071
fog halts ships on houston ship channel coast guard,negative,0,negative,True,0.9243207,0.9243207,0.074854136,0.000825155
"firstgroup ceo confident over unions, competition",positive,2,positive,True,0.9884785,0.000584948,0.010936539,0.9884785
update 2-lifepoint forecasts 2007 profit below street views,negative,0,negative,True,0.9994112,0.9994112,0.00027712955,0.0003116972
tjx card problem flags retail identify theft risk,negative,0,negative,True,0.992288,0.992288,0.0073484443,0.00036364913
"lufthansa ground, cabin staff get pay rise",neutral,1,positive,False,0.9915976,0.00047515088,0.0079273265,0.9915976
"ibm to set up development centers in india, china",positive,2,neutral,False,0.99886537,0.0003136788,0.99886537,0.0008209956
dell faces investor lawsuit over intel pact wsj,negative,0,negative,True,0.99913967,0.99913967,0.0004184648,0.00044189542
economy grew at strong clip in 4th quarter,positive,2,positive,True,0.99909675,0.0005203961,0.00038287637,0.99909675
whirlpool nears deal to sell hoover vacuum source,neutral,1,neutral,True,0.99911493,0.00028994452,0.99911493,0.00059520756
judge denies exxon request in alaska lease dispute,negative,0,neutral,False,0.9970463,0.0013830361,0.9970463,0.001570665
sprint sees first quarter postpaid net sub losses,negative,0,negative,True,0.99930155,0.99930155,0.00034106348,0.00035740485
"hp may be sued by reporters in probe, lawyers say",negative,0,negative,True,0.979807,0.979807,0.019507635,0.0006854268
oil falls after nigeria hostage release,negative,0,negative,True,0.99936825,0.99936825,0.0003474329,0.00028440743
broadcom says its inventories almost ideal,positive,2,positive,True,0.99882346,0.0005845099,0.0005920624,0.99882346
news corp in talks to take myspace to china wsj,positive,2,neutral,False,0.9993285,0.00033875005,0.9993285,0.00033269706
exxon ceo says evaluating next move in alaska,negative,0,neutral,False,0.9990859,0.00057046296,0.9990859,0.0003436076
ny attorney general cuomo slams verizon service,negative,0,neutral,False,0.8783167,0.120954044,0.8783167,0.0007292546
daimlerchrysler sees profitability gains to 09,positive,2,positive,True,0.999015,0.00051399507,0.00047099052,0.999015
nintendo to launch videogame business in russia paper,positive,2,neutral,False,0.9992644,0.00033709736,0.9992644,0.00039846252
top hedge fund managers salaries ballooned in 06,neutral,1,neutral,True,0.95183676,0.0014957201,0.95183676,0.046667524
dow ends short of record on profits ibm off late,positive,2,negative,False,0.9993693,0.9993693,0.00029915743,0.0003315485
vw brand head decision after jan meeting sources,neutral,1,neutral,True,0.9990841,0.00048118067,0.9990841,0.0004346649
"ford shakes up top team, names product chief",neutral,1,neutral,True,0.9989619,0.0006187284,0.9989619,0.00041934027
"icahn ups pressure on motorola, raises stake",neutral,1,neutral,True,0.92366916,0.0011274876,0.92366916,0.075203314
"red hat, ibm form mainframe partnership",positive,2,neutral,False,0.9991242,0.0003098079,0.9991242,0.00056595757
davita 1st-qtr profit rises 33 pct,positive,2,positive,True,0.9991387,0.00053678965,0.00032447415,0.9991387
interpublic says not in talks over sale of company,neutral,1,neutral,True,0.9988832,0.00051761826,0.9988832,0.0005991579
genzymes synvisc retains high reimbursement rate,positive,2,neutral,False,0.98943275,0.000393581,0.98943275,0.010173619
home depot cuts outlook amid housing downturn,negative,0,negative,True,0.99928325,0.99928325,0.00045457447,0.0002621376
jan consumer sentiment climbs to two-year high,positive,2,positive,True,0.99911374,0.00057344156,0.00031279124,0.99911374
"deltas comair, pilots extend talks",neutral,1,neutral,True,0.98657167,0.00044335917,0.98657167,0.01298494
motorola warning hits asian phone parts makers,negative,0,negative,True,0.99925584,0.99925584,0.00044125406,0.00030289052
dollar tree posts higher quarterly profit,positive,2,positive,True,0.99921227,0.0004136906,0.0003740442,0.99921227
japans softbank says to tie up with news corp,positive,2,neutral,False,0.99921715,0.00030314035,0.99921715,0.00047966625
oil extends slide to 15 percent this year,negative,0,negative,True,0.99933726,0.99933726,0.0002461298,0.0004166296
clear channel to sell tv group for $1.2 bln,neutral,1,neutral,True,0.9988427,0.0004374827,0.9988427,0.0007198069
northrop gets $1.45 billion for navy amphibious ship,positive,2,neutral,False,0.99843496,0.00029662225,0.99843496,0.0012684333
s.korea says lone star/keb deal illegal prosecutor,negative,0,neutral,False,0.9937543,0.0055447747,0.9937543,0.00070094224
pfizer to cut u.s. sales force by 20 percent,negative,0,negative,True,0.99912995,0.99912995,0.00052095915,0.00034908226
"chevron q4 liquid, natural gas production down",negative,0,negative,True,0.99932253,0.99932253,0.00036256987,0.00031488604
"qantas bidders say offer lapses, may bid afresh",negative,0,neutral,False,0.99913305,0.00049465545,0.99913305,0.00037230016
rolls-royce upbeat on aerospace industry prospects,positive,2,positive,True,0.99925226,0.0003895358,0.0003581723,0.99925226
s.koreas sk group to invest $7.5 billion in 2007,positive,2,neutral,False,0.9973079,0.00060054334,0.9973079,0.0020916301
russia tax office files suit vs pwc on yukos audit,negative,0,negative,True,0.9991429,0.9991429,0.00043095002,0.00042616494
google closes youtube deal,positive,2,neutral,False,0.99876773,0.0003296183,0.99876773,0.00090270163
att says received 1 mln inquiries on iphone,positive,2,neutral,False,0.9151868,0.0021457148,0.9151868,0.08266744
toll brothers quarterly profit falls sharply,negative,0,negative,True,0.99934465,0.99934465,0.00028176102,0.00037357112
toyota not among carmakers invited to white house,neutral,1,neutral,True,0.9992489,0.00042340465,0.9992489,0.00032774045
adidas sees reebok hitting $5 billion in sales,positive,2,positive,True,0.9982718,0.0008868653,0.0008412622,0.9982718
navistar to miss filing deadline,negative,0,neutral,False,0.9972677,0.0022644603,0.9972677,0.0004677997
radioshack posts higher quarterly profit,positive,2,positive,True,0.9992243,0.00041012242,0.00036559775,0.9992243
costco march same-store sales rise,positive,2,positive,True,0.99918884,0.000476554,0.00033457924,0.99918884
fed comments back view rates on hold for now,neutral,1,neutral,True,0.99161375,0.006622795,0.99161375,0.0017634783
salon operator regis reports quarterly profit,positive,2,neutral,False,0.99480385,0.0003071435,0.99480385,0.004889011
feds fisher sees dollar staying top world currency,neutral,1,neutral,True,0.9879589,0.0037782057,0.9879589,0.008262928
qantas bid group says considering alternatives,neutral,1,neutral,True,0.99924964,0.00047228564,0.99924964,0.0002780677
venezuela seizes operations from oil majors,negative,0,neutral,False,0.9975987,0.0008147751,0.9975987,0.0015865654
"consumer sentiment weakens, deficit narrows",negative,0,positive,False,0.90115476,0.036547914,0.062297348,0.90115476
update 6-gold ends softer as dollar rebounds after us gdp,negative,0,negative,True,0.99801385,0.99801385,0.0017579263,0.0002281846
magna confirms role in possible chrysler deal,neutral,1,neutral,True,0.9991984,0.00025161414,0.9991984,0.0005500365
sirius to charge less than $26/month post merger,neutral,1,neutral,True,0.9969478,0.0011914345,0.9969478,0.0018607796
ex-morgan stanley worker held on data theft charge,negative,0,neutral,False,0.73956287,0.25650713,0.73956287,0.0039299973
home depot says some option grants backdated,negative,0,neutral,False,0.9975102,0.0020671887,0.9975102,0.00042267036
wesfarmers launches $16 bln bid for retailer coles,positive,2,neutral,False,0.9984962,0.0005844162,0.9984962,0.0009193841
"update 2-autoshow-gm sees better results, eyes more cost cuts",positive,2,positive,True,0.9991671,0.00032021006,0.00051266694,0.9991671
ncr to spin off teradata software business,positive,2,neutral,False,0.9990828,0.0003677227,0.9990828,0.0005494656
u.s. charges 13 in insider trading,negative,0,negative,True,0.99761754,0.99761754,0.0014039354,0.0009785324
"chile spence mine to produce 180,000t copper in 07",positive,2,positive,True,0.5102555,0.006039406,0.48370507,0.5102555
"dow nears 13,000 on strong earnings",positive,2,positive,True,0.9991805,0.0005182254,0.00030131746,0.9991805
mylan raises 2007 earnings forecast,positive,2,positive,True,0.9991709,0.0004846199,0.0003444794,0.9991709
"cvs, rite aid post better-than-expected december sales",positive,2,positive,True,0.9991835,0.00046015592,0.00035636852,0.9991835
"gmac to get $1 bln from gm, cites subprime pressure",neutral,1,positive,False,0.9583562,0.00062634225,0.041017428,0.9583562
home loan demand slumps as refinancing plunges,negative,0,negative,True,0.9989931,0.9989931,0.0007075403,0.00029940438
merck says sirna deal clears antitrust hurdle,positive,2,positive,True,0.99864596,0.0002560271,0.0010980061,0.99864596
apollo working with banks on ipo source,neutral,1,neutral,True,0.9989648,0.00051506713,0.9989648,0.0005201438
delta air plans for stock to trade on nyse in may,positive,2,neutral,False,0.9993647,0.0002746402,0.9993647,0.0003607492
ny state settles with metlife for $19 million,negative,0,positive,False,0.9985084,0.000489998,0.0010016414,0.9985084
toyota takes early sales lead with no. 2 us spot,positive,2,positive,True,0.9704338,0.0010042744,0.02856199,0.9704338
nintendos wii still no. 1 new game console,positive,2,neutral,False,0.99625754,0.0007612151,0.99625754,0.0029811605
workers go on strike at rexam can plants,negative,0,negative,True,0.9979372,0.9979372,0.0016427755,0.00042010794
conocophillips profit rises on gains from sales,positive,2,positive,True,0.99918944,0.00049226166,0.00031824084,0.99918944
medimmune sees profit nearly tripling,positive,2,positive,True,0.99914825,0.0004700666,0.00038164656,0.99914825
mattels barbie to partner with cosmetics co. mac,neutral,1,neutral,True,0.99917763,0.00032538018,0.99917763,0.000496882
procter gamble to sell international unit to sca,neutral,1,neutral,True,0.9991503,0.00045356917,0.9991503,0.00039613788
"swift rejects $2.2bln buyout offer, stock rises",positive,2,positive,True,0.976081,0.00039649376,0.023522528,0.976081
fortune brands affirms full-yr target,positive,2,neutral,False,0.9988335,0.000474169,0.9988335,0.0006923373
citic pacific may book $231 mln from spinoff paper,positive,2,neutral,False,0.9922001,0.00029881345,0.9922001,0.007501191
update 5-citigroup cuts back japan consumer finance offices,negative,0,negative,True,0.99876463,0.99876463,0.001008061,0.0002272955
citigroup bids $10.8 bln for broker nikko cordial,positive,2,neutral,False,0.99879104,0.00047606404,0.99879104,0.00073291804
ford expects to keep doubling china sales,positive,2,positive,True,0.99901617,0.0003441879,0.00063959433,0.99901617
raytheon net up on military sales forecast backed,positive,2,positive,True,0.9991942,0.00047981626,0.00032594026,0.9991942
clear channel profit down but radio strong,negative,0,negative,True,0.9980427,0.9980427,0.0017189829,0.0002382586
berlin says france not blocking eads ownership deal,neutral,1,neutral,True,0.9976973,0.00022613206,0.9976973,0.0020766319
biogen quarterly profit rises on higher drug sales,positive,2,positive,True,0.9991738,0.0004944762,0.0003317221,0.9991738
cingular profit surges lifts att shares,positive,2,positive,True,0.99919313,0.0004641601,0.00034276172,0.99919313
nestle said to buy gerber business for $5 billion,neutral,1,neutral,True,0.99815506,0.00033723988,0.99815506,0.0015077096
abn gives early q1 numbers as merger talks intensify,neutral,1,neutral,True,0.99929273,0.00025137552,0.99929273,0.00045583694
advanced medical recalls contact lens solution,negative,0,negative,True,0.98282963,0.98282963,0.016518047,0.000652393
uaw calls chrysler restructuring devastating,negative,0,negative,True,0.9979662,0.9979662,0.0017854687,0.0002484147
prosecutors approach siemens ceo as part of probe-source,negative,0,neutral,False,0.9987833,0.0008325182,0.9987833,0.0003842144
f-35 fighter wraps up first test flight,positive,2,neutral,False,0.9991273,0.00039445006,0.9991273,0.00047815253
oil falls after big rise in u.s. crude stocks,negative,0,negative,True,0.9994436,0.9994436,0.00027640347,0.00028002672
boston scientific net falls on guidant costs,negative,0,negative,True,0.9993674,0.9993674,0.0003490006,0.00028367908
bellsouth earnings rise on wireless services,positive,2,positive,True,0.9991617,0.00048588394,0.00035244122,0.9991617
"stocks to eye inflation, retail",neutral,1,neutral,True,0.99787116,0.0012723657,0.99787116,0.0008564299
eu clears ges buy of two abbott diagnostics units,positive,2,neutral,False,0.9961591,0.00018304474,0.9961591,0.0036579324
lone star drops keb sale deal to kookmin,negative,0,neutral,False,0.9991953,0.0004939,0.9991953,0.00031092632
dell says gets non-compliance letter from nasdaq,negative,0,negative,True,0.998357,0.998357,0.0013145156,0.0003284362
factbox-russias fallen yukos - whats up for grabs,neutral,1,neutral,True,0.9992545,0.0003790435,0.9992545,0.0003664146
"fed to keep hawkish tone, hold rates steady",neutral,1,neutral,True,0.9958579,0.0027172985,0.9958579,0.0014248007
roche profits soar 34 percent yet outlook cautious,positive,2,positive,True,0.99894863,0.0003310861,0.00072024745,0.99894863
disney plans to cut some animation jobs,negative,0,negative,True,0.9989034,0.9989034,0.00076399156,0.00033264403
"hannover re drops scottish re bid, source says",neutral,1,neutral,True,0.9951054,0.00068399275,0.9951054,0.0042105685
key novartis drug faces delay,negative,0,neutral,False,0.9644393,0.032488126,0.9644393,0.0030725745
cvs hikes caremark bid again with bigger dividend,positive,2,positive,True,0.97738236,0.00037595636,0.022241633,0.97738236
nordstrom march same-store sales up,positive,2,positive,True,0.999119,0.00053886726,0.00034217897,0.999119
jj says improper payments made,negative,0,negative,True,0.82158136,0.82158136,0.17688392,0.0015346752
"u.s. housing, mortgage woes contagion feared",negative,0,negative,True,0.99887973,0.99887973,0.00086257287,0.0002577116
cme profit jumps on heavy derivatives trading,positive,2,positive,True,0.99917775,0.00045645674,0.00036571306,0.99917775
first american posts lower quarterly earnings,negative,0,negative,True,0.9993598,0.9993598,0.0002996617,0.0003405989
"barclays, abn to split top jobs, have dutch hq",neutral,1,neutral,True,0.99880075,0.00063367415,0.99880075,0.0005655362
ford u.s. march sales down 9 percent,negative,0,negative,True,0.999331,0.999331,0.00029341842,0.00037567478
ibm approves $4 bln more for buybacks,positive,2,positive,True,0.99892277,0.0003539773,0.0007232405,0.99892277
retailers warily eye wal-marts holiday cuts,negative,0,negative,True,0.9975666,0.9975666,0.0021903473,0.00024306505
ahold says to keep reviewing stores,neutral,1,neutral,True,0.99894243,0.0005778125,0.99894243,0.00047983127
paulson warns of rich/poor income gap in u.s.,negative,0,neutral,False,0.97015285,0.029346691,0.97015285,0.0005004701
"student loan firms hit by probes, reform calls",negative,0,negative,True,0.9988134,0.9988134,0.00092631223,0.00026031147
u.s. airports plan ground restrictions for a380,negative,0,neutral,False,0.98881054,0.010526917,0.98881054,0.00066256034
starbucks cuts trans fats in half of u.s. stores,positive,2,neutral,False,0.67114794,0.0044619874,0.67114794,0.32439005
"instant view q3 productivity, unit labor costs",neutral,1,neutral,True,0.99823123,0.000920139,0.99823123,0.0008486583
samsung says was raided in eu sram cartel probe,negative,0,negative,True,0.92644393,0.92644393,0.07103823,0.0025178134
samsung elec q4 chip margin up,positive,2,positive,True,0.9991817,0.0004190087,0.00039931145,0.9991817
ericsson paying steep price for redback analysts,negative,0,negative,True,0.97942895,0.97942895,0.020163596,0.00040745488
"sirius, xm see deal closing in 2007",positive,2,neutral,False,0.9977435,0.00056704326,0.9977435,0.0016895041
google ceo knocks viacom tactics in piracy suit,negative,0,negative,True,0.71342736,0.71342736,0.28423643,0.0023361503
u.s. jury orders vonage to pay $58 mln in patent case,negative,0,negative,True,0.9957503,0.9957503,0.002532241,0.0017173588
lear says waiting period for other bids has ended,neutral,1,neutral,True,0.99736816,0.00017387407,0.99736816,0.0024580944
gm ceo declines comment on chrysler,neutral,1,neutral,True,0.9989213,0.0007442147,0.9989213,0.0003345461
bnp paribas profit up concerns over french retail,positive,2,negative,False,0.998632,0.998632,0.00087474624,0.00049316423
ebay ceo making money off skype slower than hoped,negative,0,neutral,False,0.5597377,0.43763182,0.5597377,0.0026305253
tech stocks gain on dell dow rises with alcoa,positive,2,positive,True,0.9992093,0.0004160209,0.00037469433,0.9992093
"private sector adds 57,000 jobs in feb",negative,0,positive,False,0.9991491,0.00048825066,0.00036266656,0.9991491
hr block delays filing quarterly report,negative,0,neutral,False,0.9958438,0.0035911114,0.9958438,0.00056504057
third nikko investor pressures citi to raise offer,positive,2,neutral,False,0.99856406,0.00045406108,0.99856406,0.0009818946
boeing gets $5.5 billion korean air order,positive,2,positive,True,0.97243834,0.0008987518,0.0266629,0.97243834
mortgage reset may boost foreclosures study,negative,0,neutral,False,0.97493446,0.020065565,0.97493446,0.004999968
radioshack posts quarterly loss as costs rise,negative,0,negative,True,0.9993259,0.9993259,0.0003636676,0.00031049873
ford expects toyota to overtake it in u.s. paper,negative,0,positive,False,0.79804325,0.002085204,0.19987154,0.79804325
weinstein co. strikes tv production deal with rhi,neutral,1,neutral,True,0.998245,0.00019019548,0.998245,0.0015648942
"new york, tokyo exchanges close to agreement wsj",neutral,1,positive,False,0.90624577,0.0010003889,0.09275383,0.90624577
"alinta mulls macquarie, babcock bids sources",neutral,1,neutral,True,0.9987552,0.0007502045,0.9987552,0.0004945899
barnes noble finds misdated stock option grants,negative,0,neutral,False,0.996564,0.002921732,0.996564,0.0005142352
bausch lomb says nyse grants listing extension,neutral,1,neutral,True,0.73051244,0.0007355141,0.73051244,0.26875204
"sp, fitch may change their dow jones ratings",negative,0,negative,True,0.9961832,0.9961832,0.003377818,0.0004388681
indias tata steel wins corus with $12 bln offer,positive,2,neutral,False,0.9919756,0.00038457822,0.9919756,0.007639827
"wells fargo, us bancorp boost profits on fees",positive,2,positive,True,0.9923692,0.0002694212,0.0073614195,0.9923692
pfizer chief may cut jobs report,negative,0,negative,True,0.9990748,0.9990748,0.0006298013,0.00029531537
nissans ghosn drops u.s. duties amid earnings slump,negative,0,negative,True,0.9993631,0.9993631,0.000349828,0.00028709788
"mortgage applications up, housing signals mixed",neutral,1,neutral,True,0.82088995,0.0010402902,0.82088995,0.17806971
ipg troubles persist as wal-mart drops ad account,negative,0,negative,True,0.9992944,0.9992944,0.0003848681,0.00032062858
update 4-ge to buy abbott diagnostics units for $8.13 bln,neutral,1,neutral,True,0.9985274,0.00025586615,0.9985274,0.0012166264
aruba networks to test appetite for risky bets,neutral,1,neutral,True,0.9991774,0.0004162401,0.9991774,0.00040634288
"dow ends above 12,300 on oils slide, rate optimism",positive,2,positive,True,0.9990308,0.00052864244,0.00044048834,0.9990308
"mbishi ufj sec, matsui discuss capital tie",neutral,1,neutral,True,0.99915874,0.0005071137,0.99915874,0.00033409023
amd sees strong 2007 outlook for margins,positive,2,positive,True,0.99922264,0.00039191384,0.0003853946,0.99922264
boston scientific seeks to change company bylaws,neutral,1,neutral,True,0.9990779,0.0005664576,0.9990779,0.000355601
"united, continental in early merger talks sources",neutral,1,neutral,True,0.9991722,0.00037916427,0.9991722,0.0004487467
fire at calif. chevron refinery limited official,negative,0,neutral,False,0.98248315,0.016353346,0.98248315,0.0011634248
cvs finally wins caremark for $24 bln,positive,2,neutral,False,0.9971392,0.0003257601,0.9971392,0.0025349783
duke energy profit weaker than expected,negative,0,negative,True,0.999358,0.999358,0.00030175835,0.00034024537
corrected group eyes $50 billion bid for dow chem,neutral,1,neutral,True,0.9989556,0.00063112215,0.9989556,0.00041326933
dell delays earnings report,negative,0,negative,True,0.59845835,0.59845835,0.40034974,0.0011919001
"dow, sp and nasdaq up on benign inflation data",positive,2,positive,True,0.9992385,0.00043365586,0.00032791146,0.9992385
vw reformers future in doubt after ceo resigns,negative,0,neutral,False,0.9971317,0.002615676,0.9971317,0.0002525746
"eu, u.s. agree tentative open skies deal",positive,2,neutral,False,0.78503746,0.0010826291,0.78503746,0.21387987
factbox-five facts about canadian income trusts,neutral,1,neutral,True,0.99936885,0.0003682053,0.99936885,0.00026297485
im keen to root out any hint of sleaze oecd chief,negative,0,neutral,False,0.9992543,0.00039191314,0.9992543,0.0003538055
beckman coulter to buy biosite for $1.55 billion,positive,2,neutral,False,0.99822026,0.00027503085,0.99822026,0.0015047239
private equity buys txu in record deal,positive,2,neutral,False,0.99778724,0.0003882361,0.99778724,0.0018244801
pet food scare widens,negative,0,neutral,False,0.9165119,0.064185336,0.9165119,0.019302666
wal-mart workers lawyer seeks info on surveillance,negative,0,neutral,False,0.9978471,0.0017982739,0.9978471,0.00035458282
volvo shares rise on strong orders,positive,2,positive,True,0.99919134,0.00045320624,0.000355405,0.99919134
apple iphone on track to ship in late june cfo,positive,2,neutral,False,0.98843586,0.001969311,0.98843586,0.009594841
"gold, silver sink on fund sales",negative,0,negative,True,0.9993875,0.9993875,0.00034801703,0.00026442885
abn faces turmoil as dutch court to rule on lasalle,negative,0,negative,True,0.8946361,0.8946361,0.104324535,0.001039411
abn amro 2006 profit up,positive,2,positive,True,0.99919575,0.00042478755,0.00037948653,0.99919575
palm takeover expected this week report,neutral,1,neutral,True,0.99923074,0.00040443317,0.99923074,0.00036490327
caterpillar to buy back $7.5 billion in stock,positive,2,positive,True,0.8709904,0.0016921576,0.12731743,0.8709904
coles shares put on trading halt,negative,0,negative,True,0.9989767,0.9989767,0.00075484376,0.00026840068
"ge,wal-mart,shenzhen bank tie up on china credit card",positive,2,neutral,False,0.9985423,0.00097407424,0.9985423,0.00048361812
tourism sales dip for first time in four years,negative,0,negative,True,0.9993617,0.9993617,0.0003377883,0.00030058963
starbucks steams at starstrucks indian coffee chain,negative,0,neutral,False,0.9340862,0.0011378718,0.9340862,0.0647759
benn says wolfowitz controversy hurts world bank,negative,0,negative,True,0.6309804,0.6309804,0.36830023,0.00071947085
"navistar, ford to try to resolve engine dispute",negative,0,neutral,False,0.998689,0.00037061406,0.998689,0.0009404406
bank of america speeds up free online trading,positive,2,neutral,False,0.9977489,0.000257721,0.9977489,0.0019932953
factbox business interests of the seminole tribe of florida,neutral,1,neutral,True,0.99932754,0.00041536873,0.99932754,0.00025713423
jury selection begins in coke trade secrets case,negative,0,neutral,False,0.983718,0.014501001,0.983718,0.0017809323
berkshire hathaway profit rises 12 pct,positive,2,positive,True,0.9992111,0.0004520652,0.00033685187,0.9992111
thq profit up on strong sales of cars,positive,2,positive,True,0.9991503,0.0005043343,0.0003453687,0.9991503
ebay to buy ticketer stubhub for $310 million,neutral,1,neutral,True,0.99835134,0.00035829944,0.99835134,0.001290328
home loan refinancing surges as rates plunge,positive,2,neutral,False,0.985465,0.0071252473,0.985465,0.007409884
dean foods profit rises,positive,2,positive,True,0.9992423,0.00039255968,0.00036513843,0.9992423
pawn shops poised as britons run up debt,neutral,1,neutral,True,0.9985638,0.00092963845,0.9985638,0.0005065533
"update 4-wal-mart to slow u.s. expansion, spending growth",negative,0,negative,True,0.99930465,0.99930465,0.0004377289,0.0002577165
ex-qwest ceo to go on trial for insider trading,negative,0,negative,True,0.9476131,0.9476131,0.04961597,0.0027708607
wachovia to shut 200 branches before 2009,negative,0,negative,True,0.9987954,0.9987954,0.0008711855,0.00033342044
wal-mart sees october same-store sales up 0.5 percent,positive,2,positive,True,0.999201,0.00047305325,0.00032595676,0.999201
data show robust u.s. economy,positive,2,positive,True,0.9990922,0.0005300514,0.000377716,0.9990922
current account gap hits record,negative,0,negative,True,0.9938014,0.9938014,0.00530509,0.00089351146
st. mary land to acquire texas oil-gas properties,positive,2,neutral,False,0.9989496,0.00025889708,0.9989496,0.00079151324
"takeda 9-mth profit up, keeps forecasts",positive,2,positive,True,0.99923,0.00045431106,0.00031571893,0.99923
buyout firm blackstone may bid for chrysler source,neutral,1,neutral,True,0.9988174,0.00038312047,0.9988174,0.00079936517
abn faces new suit as takeover battle heats up,negative,0,negative,True,0.99833906,0.99833906,0.0011383402,0.0005225632
ibm/lehman in $180 mln china investment fund jv,positive,2,neutral,False,0.99852103,0.0006685655,0.99852103,0.00081037974
"medco profit beats street view, raises 2007 view",positive,2,positive,True,0.9991819,0.00050558604,0.00031253108,0.9991819
"honda to install xm satellite radio in 650,000 cars",positive,2,neutral,False,0.9965179,0.00043963877,0.9965179,0.0030423973
healthsouth to sell unit for $245 million,positive,2,neutral,False,0.9990497,0.00033513812,0.9990497,0.0006151847
homebuilder centex posts quarterly loss,negative,0,negative,True,0.9993548,0.9993548,0.00034651748,0.0002986158
wolfowitz hires lawyer to present his case,negative,0,neutral,False,0.9990765,0.0005879962,0.9990765,0.0003355542
myspace in talks to team up with ebay paper,neutral,1,neutral,True,0.9992223,0.00032430422,0.9992223,0.0004533465
wall st indexes flat as china news eclipses data,neutral,1,negative,False,0.6784673,0.6784673,0.32010484,0.0014279339
feds yellen says u.s. economic downturn possible,negative,0,negative,True,0.9993703,0.9993703,0.00034339153,0.0002864523
walgreen sued for discrimination,negative,0,negative,True,0.9989649,0.9989649,0.00050961244,0.0005255276
fed officials still wary on inflation,negative,0,neutral,False,0.9922857,0.0060802805,0.9922857,0.0016338826
countrywide eliminates 108 jobs,negative,0,negative,True,0.9990767,0.9990767,0.000570888,0.00035247408
carmax earnings rise 15 percent,positive,2,positive,True,0.99916697,0.0005003029,0.00033279558,0.99916697
google begins limited test of radio advertising,neutral,1,neutral,True,0.9990976,0.00028858028,0.9990976,0.0006139026
corrected alcoa quarterly profit up on higher metal prices,positive,2,positive,True,0.99921453,0.000477751,0.0003076896,0.99921453
egl agrees to $1.7 billion buyout by ceo-led group,positive,2,neutral,False,0.998591,0.00040262315,0.998591,0.0010063256
eu approves motorolas purchase of symbol,positive,2,neutral,False,0.99770385,0.00019335219,0.99770385,0.0021028223
"att to phase out cingular, reclaim wireless brand",neutral,1,neutral,True,0.99829894,0.00058869063,0.99829894,0.0011124064
avocent sees revenue missing forecasts,negative,0,negative,True,0.9993236,0.9993236,0.000315663,0.00036071645
sears profit jumps big investment gains,positive,2,positive,True,0.9991622,0.00045545975,0.00038230178,0.9991622
"toyota, isuzu announce tie-up, focus on emissions",positive,2,neutral,False,0.999196,0.0002463458,0.999196,0.0005576717
microsoft sues counterfeit software dealers,negative,0,negative,True,0.9980786,0.9980786,0.0010221322,0.0008992319
usda disputes claim that u.s. chicken unsafe,neutral,1,neutral,True,0.9587009,0.0015099341,0.9587009,0.039789196
financial firms warned of qaeda cyber attack,negative,0,negative,True,0.9989083,0.9989083,0.0008029691,0.00028873043
market can cope with russian oil disruption iea,neutral,1,neutral,True,0.99156415,0.0040951394,0.99156415,0.0043406826
"tokyo, london bourses agree to tie-up",positive,2,neutral,False,0.99658895,0.00034814997,0.99658895,0.0030630114
amaranth founder may start new business report,neutral,1,neutral,True,0.99928445,0.00029272196,0.99928445,0.00042289187
radioshack quarterly profit rises stock jumps,positive,2,positive,True,0.9991579,0.00050258875,0.00033948888,0.9991579
u.s. predicts bumper year in arms sales,positive,2,positive,True,0.9991917,0.00042063845,0.00038764134,0.9991917
virgin mulls option after thomas cook buys mytravel,neutral,1,neutral,True,0.99917245,0.00041538625,0.99917245,0.0004122854
wyeth maintains 2007 earnings forecast,positive,2,positive,True,0.9948972,0.00094451284,0.0041583423,0.9948972
"u.s., uk back berlins g8 hedge fund initiative paper",neutral,1,neutral,True,0.99895096,0.0006021119,0.99895096,0.00044691892
"mitsui, mbishi eye cash for sakhalin-2 sources",neutral,1,neutral,True,0.9991092,0.00044396147,0.9991092,0.00044675788
williams profit up on higher margins,positive,2,positive,True,0.99922454,0.000435841,0.00033962744,0.99922454
halliburton will likely agree to extend sec probe,negative,0,positive,False,0.98313993,0.00093221513,0.01592787,0.98313993
mcdonalds to return at least $10 bln to holders,positive,2,neutral,False,0.9989171,0.0004574485,0.9989171,0.00062538654
edp to buy $2.2 bln u.s. horizon wind energy,positive,2,positive,True,0.7650815,0.0012908374,0.23362759,0.7650815
medtronic to spin off external defibrillator business,neutral,1,neutral,True,0.99898726,0.0003134303,0.99898726,0.0006992378
factbox-comments on fed policy,neutral,1,neutral,True,0.99928457,0.0003838698,0.99928457,0.00033168323
decision over wolfowitz delayed until next week,negative,0,neutral,False,0.9985678,0.000697347,0.9985678,0.00073482277
"cvs, rite aid same-store sales trail walgreen",negative,0,neutral,False,0.99370474,0.00034598695,0.99370474,0.0059492127
jj handily beats forecast,positive,2,positive,True,0.9991667,0.00039731804,0.00043595463,0.9991667
interoil says finds big gas reserves in png,positive,2,positive,True,0.9876368,0.00058279745,0.011780379,0.9876368
"abn, rbs talks continue as lasalle deadline looms",neutral,1,neutral,True,0.99849796,0.00070213946,0.99849796,0.00079987576
daimlerchrysler inventory triggers u.s. plant halt paper,negative,0,negative,True,0.9991667,0.9991667,0.00055063306,0.00028267107
asia back online after quakes but access patchy,negative,0,neutral,False,0.99665064,0.0021857063,0.99665064,0.0011635785
"gm posts profit, but recovery looms",positive,2,negative,False,0.7269305,0.7269305,0.2563704,0.01669916
bidders jostle for indias hutchison essar,neutral,1,neutral,True,0.99914694,0.00041251598,0.99914694,0.00044059986
kimberly-clark optimistic on quarter,positive,2,positive,True,0.9992487,0.00037026557,0.00038100395,0.9992487
amateurs reach for high-end digital cameras,positive,2,neutral,False,0.99895406,0.00038200297,0.99895406,0.0006638637
eddie bauer agrees to be bought for $286 million,positive,2,neutral,False,0.99695146,0.0003308653,0.99695146,0.0027176987
new aranesp safety concerns seen in cancer trial,negative,0,negative,True,0.95239043,0.95239043,0.04603789,0.0015717865
"att, qwest, verizon win u.s. govt telecom contract",positive,2,positive,True,0.9968749,0.00033407036,0.0027909921,0.9968749
u.s. economy grew at strong clip in 4th quarter,positive,2,positive,True,0.9990995,0.00052121107,0.00037930647,0.9990995
burger king awards rights for restaurants in japan,positive,2,neutral,False,0.9973326,0.00024649163,0.9973326,0.002420933
dominos fourth-quarter earnings fall,negative,0,negative,True,0.9993543,0.9993543,0.0002914224,0.00035430724
jj quarterly profit rises on higher drug sales,positive,2,positive,True,0.99915874,0.0005177362,0.00032347126,0.99915874
agl says has made merger approach to origin,neutral,1,neutral,True,0.9992287,0.00025715146,0.9992287,0.0005141004
u.s. mortgage applications surge in latest week mba,positive,2,positive,True,0.9894767,0.001366011,0.0091573605,0.9894767
hsbc bad debts hit $10.6 billion,negative,0,negative,True,0.9991535,0.9991535,0.00041839277,0.00042803923
"gains hinge on deals, pre-announcements",neutral,1,neutral,True,0.99750465,0.00026429386,0.99750465,0.0022310275
merrill lynch gets russia brokerage license,positive,2,positive,True,0.8908442,0.00074287044,0.10841294,0.8908442
chinese pirates beat spider-man to the punch,negative,0,neutral,False,0.9962482,0.00034628468,0.9962482,0.0034054888
fed to keep rates steady amid subprime woes,neutral,1,neutral,True,0.9871515,0.010096729,0.9871515,0.0027517679
eads close to deal on airbus a350 launch,positive,2,neutral,False,0.99830616,0.00032519532,0.99830616,0.0013685542
merrill eyes $4 bln property financing in japan tie,positive,2,neutral,False,0.9981331,0.00080000143,0.9981331,0.0010669403
"gas club seeks more clout, but not yet an opec",neutral,1,neutral,True,0.99899536,0.0006128363,0.99899536,0.00039178415
"sabre on review for ratings cut by moodys, sp",negative,0,negative,True,0.99897027,0.99897027,0.0007757346,0.0002540067
amazon bulls have field day,positive,2,neutral,False,0.9103485,0.0014321811,0.9103485,0.08821937
nucor to buy harris steel in $1 billion deal,positive,2,neutral,False,0.99817324,0.0002946968,0.99817324,0.001532058
disney says not in talks on bahrain park,neutral,1,neutral,True,0.9988287,0.0006203877,0.9988287,0.0005509371
"wall st set for firmer start, microsoft, ford eyed",positive,2,positive,True,0.99879885,0.00040485876,0.00079623016,0.99879885
"oil fall dents stocks, emerging mkts, dlr strong",negative,0,negative,True,0.99935144,0.99935144,0.0003597589,0.00028879874
"berkshire adds to lowes, nike stakes",neutral,1,neutral,True,0.79463255,0.0016681663,0.79463255,0.20369925
microsoft profit expected to fall in pre-vista lull,negative,0,negative,True,0.99935395,0.99935395,0.00029331158,0.00035277722
standard life 2006 sales rise,positive,2,positive,True,0.99914074,0.00040227716,0.0004570041,0.99914074
stocks gain on robust job growth,positive,2,positive,True,0.9992092,0.0004540073,0.000336751,0.9992092
"ups profit falls due to aircraft, layoff charges",negative,0,negative,True,0.99932504,0.99932504,0.0003155846,0.00035937445
mercks vioxx did not cause womans death jury,positive,2,neutral,False,0.99783105,0.00072474766,0.99783105,0.0014441969
key banc says magna weighing chrysler bid,neutral,1,neutral,True,0.9990963,0.00044769506,0.9990963,0.00045602943
yahoo food asks what are you hungry for next,neutral,1,neutral,True,0.9992555,0.0002748892,0.9992555,0.0004696277
airtran not planning to increase midwest bid coo,neutral,1,neutral,True,0.99909806,0.00040536042,0.99909806,0.00049671147
airbus management must decide on overhaul germany,neutral,1,neutral,True,0.99836797,0.001115275,0.99836797,0.00051670836
schneider electric q4 sales beat forecasts,positive,2,positive,True,0.9992157,0.0004262155,0.0003580322,0.9992157
"wall street seen mixed on data, cisco to help techs",neutral,1,neutral,True,0.9941362,0.004937531,0.9941362,0.00092623214
"amazon raises 07 estimates, shares up",positive,2,positive,True,0.99917006,0.00048183926,0.00034816432,0.99917006
"lenovo, sanyo to recall 100,000 thinkpad batteries",negative,0,negative,True,0.99887437,0.99887437,0.00072108523,0.00040448812
"mcafee quarterly profit rises, shares up 6 pct",positive,2,positive,True,0.9991393,0.0005228943,0.00033780112,0.9991393
bbva builds u.s. muscle with $9.6 bln compass buy,positive,2,positive,True,0.9486579,0.00062739867,0.050714698,0.9486579
nyse says floor trading system now operational,positive,2,neutral,False,0.984746,0.00045278438,0.984746,0.014801282
auto woes take toll on u.s. advertising,negative,0,negative,True,0.9992995,0.9992995,0.00043313263,0.00026736673
verizon plans improved pacific network after quake,positive,2,neutral,False,0.9959831,0.00046767187,0.9959831,0.0035492317
u.s. gasoline prices rise to $2.61/gallon,negative,0,negative,True,0.9487501,0.9487501,0.033107057,0.018142883
daimlerchrysler in talks on chrysler ceo,neutral,1,neutral,True,0.99839693,0.00058731606,0.99839693,0.0010157574
corrected gap march same-store sales rise 6 percent,positive,2,positive,True,0.99915314,0.0005132647,0.00033356182,0.99915314
homebuilder shares drop after difficult outlook,negative,0,negative,True,0.9994351,0.9994351,0.00029114398,0.0002736691
tenet says no drop seen in drug-coated stents,positive,2,neutral,False,0.975758,0.0049976152,0.975758,0.019244375
monster revenue to miss forecast,negative,0,negative,True,0.9992719,0.9992719,0.00030902328,0.0004191251
new home sales rise 2.6 pct in march,positive,2,positive,True,0.9991429,0.00047760445,0.00037951022,0.9991429
motorola wins $1.6 billion china mobile phone order,positive,2,positive,True,0.9208807,0.0008494717,0.078269884,0.9208807
"qantas rejects $8.6 billion bid, shares fall",negative,0,negative,True,0.999356,0.999356,0.000404864,0.00023924859
automobile magazine names vw gti 2007 car of year,positive,2,neutral,False,0.9992442,0.00026171168,0.9992442,0.0004941244
newell rubbermaid profit lower but beats estimates,neutral,1,neutral,True,0.9131073,0.08484536,0.9131073,0.0020474216
us home loan demand rises as refinancing surges,positive,2,positive,True,0.83886296,0.005294069,0.15584297,0.83886296
"ge raises dividend, sets 2007 profit target",positive,2,positive,True,0.999193,0.00030038413,0.0005065941,0.999193
"airbus says 790 plane orders in 06, trails boeing",negative,0,neutral,False,0.97978026,0.00094582816,0.97978026,0.019273864
"wrigley profit rises, international strong",positive,2,positive,True,0.99921536,0.00042758248,0.00035704186,0.99921536
wrigley sees no change in communications policy,neutral,1,neutral,True,0.9988488,0.00057106646,0.9988488,0.00058010314
alcoa-alcan deal aims to forge aluminum powerhouse,positive,2,neutral,False,0.9982724,0.00037396286,0.9982724,0.0013536147
iberdrola to buy scottish power in $22.5 bln deal,positive,2,neutral,False,0.99788696,0.0003659557,0.99788696,0.0017470821
factbox-chrysler restructuring includes product initiatives,neutral,1,neutral,True,0.9902238,0.0073586553,0.9902238,0.00241751
att earnings rise on savings,positive,2,positive,True,0.99880636,0.00029513636,0.0008984666,0.99880636
"exxon, alabama to face off in state supreme court",negative,0,neutral,False,0.998961,0.0005047858,0.998961,0.000534209
"lennar posts loss, but outlook lifts shares",neutral,1,neutral,True,0.68700314,0.0014664014,0.68700314,0.31153053
polaris to sell 20 pct stake in ktm for 58.5 mln euros,neutral,1,neutral,True,0.9990741,0.0003666681,0.9990741,0.00055911037
semiconductors hit indexes after micron warning,negative,0,negative,True,0.9993389,0.9993389,0.00036913404,0.0002918345
general electric to sell $2.9 bln swiss re stake,neutral,1,neutral,True,0.99806195,0.0011219793,0.99806195,0.0008161103
table-gm feb u.s. vehicle sales up 3.9 percent,positive,2,positive,True,0.99917704,0.00047433213,0.00034864593,0.99917704
"reserve shift taps forex, emerging markets china",neutral,1,neutral,True,0.81281257,0.18352233,0.81281257,0.003665059
imf said to cut 07 u.s. growth forecast,negative,0,negative,True,0.9993814,0.9993814,0.00028591132,0.00033257954
"subprime loans boost late payments, foreclosures",negative,0,negative,True,0.9484186,0.9484186,0.05026125,0.0013201089
wal-mart says feb sales lower than expected,negative,0,negative,True,0.99938715,0.99938715,0.0003109214,0.0003019491
menu foods recalls additional pet food products,negative,0,negative,True,0.99858296,0.99858296,0.001159756,0.00025721965
sontra medical says to cease operations,negative,0,negative,True,0.9749628,0.9749628,0.024322066,0.0007151059
"hanover compressor, universal compression agree to merge",neutral,1,neutral,True,0.99866784,0.00034239958,0.99866784,0.0009898159
emi to buy out japans toshiba-emi stake,neutral,1,neutral,True,0.9987866,0.00027080503,0.9987866,0.0009425946
ravelston corp. puts off guilty plea in u.s. court,neutral,1,neutral,True,0.9987846,0.00063057675,0.9987846,0.0005849003
u.s. court rules against canon in flat-panel suit,negative,0,neutral,False,0.9887239,0.0025547985,0.9887239,0.00872136
"buffett to assess blowout year, look to future",positive,2,neutral,False,0.9990946,0.00037363515,0.9990946,0.00053175155
pennsylvanias 2 largest health insurers to merge,positive,2,neutral,False,0.999005,0.0006233277,0.999005,0.00037171305
mellon financial says will not abandon pittsburgh,neutral,1,neutral,True,0.9961461,0.00053099595,0.9961461,0.0033228707
metlife posts higher net beats estimates,positive,2,positive,True,0.99919647,0.00043022694,0.00037332895,0.99919647
yahoo jumps ahead of google on mobile phone search,positive,2,positive,True,0.9988844,0.00030807,0.0008076095,0.9988844
bernanke says inverted yield curve not economic threat,positive,2,neutral,False,0.96076375,0.01377359,0.96076375,0.025462633
instant view 3-us oct housing starts fall to lowest since 2000,negative,0,negative,True,0.9992673,0.9992673,0.00040952212,0.0003232307
united utilities set to announce vertex sale,neutral,1,neutral,True,0.9993445,0.00028751066,0.9993445,0.00036803764
verizons president babbio to retire in first quarter,neutral,1,neutral,True,0.99920064,0.00037087942,0.99920064,0.00042844392
top-20 selling vehicles in u.s. through march,neutral,1,neutral,True,0.99911517,0.00028731037,0.99911517,0.00059755973
nikkei ends flat before u.s. job data,neutral,1,neutral,True,0.99424416,0.004612095,0.99424416,0.0011437082
oil falls below $64 after iran frees britons,negative,0,negative,True,0.9993369,0.9993369,0.0003056364,0.00035741035
opec to take weak dollar into account,neutral,1,neutral,True,0.84522885,0.14903301,0.84522885,0.0057380996
altria sets kraft spinoff for march 30,neutral,1,neutral,True,0.99917585,0.00032142233,0.99917585,0.00050269347
shell bids heavily for alaska oil leases,positive,2,neutral,False,0.99847466,0.00036688673,0.99847466,0.0011584413
"private sector adds 158,000 jobs survey",positive,2,positive,True,0.99910647,0.00053569046,0.00035776594,0.99910647
reuters appoints new editor in chief,neutral,1,neutral,True,0.9993249,0.00035811742,0.9993249,0.0003169627
safeways fourth-quarter profit jumps 77 percent,positive,2,positive,True,0.99909675,0.00055044825,0.0003527865,0.99909675
cvs files registration statement for caremark deal,neutral,1,neutral,True,0.9991498,0.00030010348,0.9991498,0.00055000215
fidelity posts first profit decline in 4 years,negative,0,negative,True,0.9993249,0.9993249,0.00028998274,0.00038508428
accredited home lenders posts 4th-quarter loss,negative,0,negative,True,0.99933845,0.99933845,0.00036082868,0.00030073203
"nintendo aims to sell 300 mln wii, ds software units",positive,2,neutral,False,0.9787578,0.002336382,0.9787578,0.018905906
boston scientific may sell some units to pay debt,negative,0,neutral,False,0.9989544,0.00054056215,0.9989544,0.00050502975
la billionaires offer new tribune bid source,neutral,1,neutral,True,0.9993772,0.00029541287,0.9993772,0.00032739292
factbox-chinas ping an insurance lists in shanghai,neutral,1,neutral,True,0.99913776,0.000543606,0.99913776,0.00031860088
murdochs politics worry wall st journal employees,negative,0,neutral,False,0.97922486,0.020232264,0.97922486,0.0005428904
cheesecake corrects errors in financial statements,negative,0,neutral,False,0.99720997,0.0009307662,0.99720997,0.0018592615
frances areva wins $5 billion nuke deal,positive,2,positive,True,0.79344183,0.0010586167,0.20549956,0.79344183
wachovia to pay workers for entire military leave,neutral,1,neutral,True,0.8126447,0.0009536162,0.8126447,0.18640165
home depot considers sale of supply business,neutral,1,neutral,True,0.9991416,0.00039114404,0.9991416,0.00046722937
court blocks $40 billion class-action enron suit,positive,2,negative,False,0.8637033,0.8637033,0.08267705,0.053619612
icelands fl group buys stake in amr corp,positive,2,neutral,False,0.9987186,0.00025210183,0.9987186,0.0010293174
three companies join nasdaq 100 index in reshuffle,neutral,1,neutral,True,0.9990627,0.00043489275,0.9990627,0.0005023267
buffett buys into two other rails,positive,2,neutral,False,0.998359,0.0003223864,0.998359,0.0013184944
chrysler talk sends daimler to 5-1/2-year high,positive,2,positive,True,0.9990816,0.0005295085,0.00038888416,0.9990816
apollo makes $1.95 bln bid proposal to countrywide,neutral,1,neutral,True,0.99895513,0.00042323457,0.99895513,0.00062161195
comcast close to content deal with disney wsj,positive,2,neutral,False,0.99647874,0.0002654736,0.99647874,0.0032558234
"tokyo, chicago bourses to begin tie-up talks paper",neutral,1,neutral,True,0.99929416,0.00029811397,0.99929416,0.0004076962
"lufthansa orders airbus, boeing jets worth $6.9 billion",positive,2,neutral,False,0.9971507,0.00064251065,0.9971507,0.0022067702
"jgbs edge up on stocks dip, await boj rate clues",positive,2,positive,True,0.9937763,0.00040573027,0.005817998,0.9937763
"liberty media posts higher profit at starz, qvc",positive,2,positive,True,0.99918383,0.00035859793,0.00045751745,0.99918383
aol taps nbc universal tv veteran as ceo,neutral,1,neutral,True,0.99925226,0.0003276678,0.99925226,0.00041999476
siemens makes $3.5 billion software buy,positive,2,neutral,False,0.9110807,0.0011590235,0.9110807,0.087760314
lenovos q3 profit jumps,positive,2,positive,True,0.9991437,0.0004928573,0.0003634372,0.9991437
clayton to buy servicemaster report,neutral,1,neutral,True,0.99914193,0.00025033837,0.99914193,0.0006076549
"fresh del monte q1 earnings triple, shares soar",positive,2,positive,True,0.9992011,0.0004018482,0.00039706996,0.9992011
emc profit gains on higher systems sales,positive,2,positive,True,0.999175,0.00048341672,0.000341501,0.999175
best buy results could give clues on holiday sales,neutral,1,neutral,True,0.9989241,0.0002538567,0.9989241,0.00082203065
egyptian bank shareholders positive about uae bid,positive,2,neutral,False,0.6051937,0.00057428586,0.6051937,0.39423206
first data agrees to be sold to kkr for $29 bln,positive,2,neutral,False,0.9985808,0.00041442987,0.9985808,0.0010047661
"daimlerchrysler keeps 2006 outlook, chrysler weighs",negative,0,neutral,False,0.99659014,0.0014318659,0.99659014,0.001978083
express scripts launches offer for caremark,positive,2,neutral,False,0.99925786,0.00031937694,0.99925786,0.00042270438
jobless claims mount but labor market still fit,neutral,1,neutral,True,0.9873329,0.008727535,0.9873329,0.003939581
housing nightmare tarnishes the american dream,negative,0,neutral,False,0.50493586,0.49395528,0.50493586,0.0011087876
arcelor mittal eyes hostile bid for posco paper,neutral,1,neutral,True,0.9989569,0.00067199,0.9989569,0.00037106295
"gold lower, but weaker data seen supportive",negative,0,neutral,False,0.8823729,0.11367445,0.8823729,0.0039526597
"enel, acciona set to scupper e.ons endesa bid",negative,0,neutral,False,0.893906,0.104426004,0.893906,0.0016680092
espn-star wins international cricket tv rights,positive,2,positive,True,0.6370618,0.0011892265,0.36174896,0.6370618
china rules herald slow advance for foreign banks,neutral,1,negative,False,0.7308886,0.7308886,0.26723802,0.0018733662
boeing confirms ups order for 27 planes,positive,2,positive,True,0.76276773,0.0012673978,0.23596488,0.76276773
higher aluminum prices lift alcan profit,positive,2,positive,True,0.99918884,0.0004826016,0.0003285218,0.99918884
china sales of mazda3 to resume in january-mazda,positive,2,neutral,False,0.9978331,0.0004442913,0.9978331,0.0017225994
british airways reaches pension deal with unions,positive,2,neutral,False,0.9702555,0.0013062896,0.9702555,0.028438207
discovery to buy out cox communications stake,neutral,1,neutral,True,0.9988709,0.0002999439,0.9988709,0.00082914485
"charges, higher costs hit palm quarterly profit",negative,0,negative,True,0.9992687,0.9992687,0.00044324584,0.00028798822
factbox-inside the alleged insider trading,neutral,1,neutral,True,0.9976489,0.0017503212,0.9976489,0.0006007776
matsushita to spend $2.36 billion on display plant paper,positive,2,neutral,False,0.9983917,0.00042683783,0.9983917,0.0011814483
lockheed gets $1 billion us deal for f-22 fighters,positive,2,neutral,False,0.9967449,0.00032779516,0.9967449,0.0029273212
"media general to cut jobs at tampa tribune, wfla",negative,0,negative,True,0.997743,0.997743,0.001972042,0.00028492854
gm names new chief accounting officer,neutral,1,neutral,True,0.99928963,0.00031186597,0.99928963,0.00039846593
delta gets court ok to poll creditors on plan,positive,2,neutral,False,0.9978829,0.0004277781,0.9978829,0.0016893633
blockbuster sells game station for $150 mln,neutral,1,neutral,True,0.99887234,0.000399672,0.99887234,0.0007279977
google-doubleclick deal seen spurring web ad ma,positive,2,neutral,False,0.98439264,0.000590314,0.98439264,0.015017081
veda advantage board agrees to buyout offer,positive,2,neutral,False,0.99245536,0.0004780294,0.99245536,0.0070666126
yahoo runs mobile phone advertising in 18 nations,positive,2,neutral,False,0.99900913,0.0002513744,0.99900913,0.00073941547
news corp internet division president resigns,negative,0,neutral,False,0.99930155,0.00032799222,0.99930155,0.0003704512
rivals tune in as emi digital experiment starts,neutral,1,neutral,True,0.99916947,0.00027378296,0.99916947,0.0005566667
"apples jobs questioned by authorities, report says",negative,0,neutral,False,0.92956835,0.06900917,0.92956835,0.0014224986
icahn ends bid for reckson report,negative,0,neutral,False,0.9988809,0.00039684927,0.9988809,0.0007222101
feds beige book most areas grew only modestly,neutral,1,neutral,True,0.9474163,0.046789292,0.9474163,0.005794379
daimler ceo says chrysler wont be auctioned paper,neutral,1,neutral,True,0.9989862,0.00036747786,0.9989862,0.00064627954
ford to sell aston martin in $925 mln deal,neutral,1,neutral,True,0.99899036,0.0003597783,0.99899036,0.00064987404
navistar ceo signals openness to buyout offers,neutral,1,neutral,True,0.99882656,0.00024952012,0.99882656,0.00092384143
s.koreas lg.philips to boost lcd capacity,positive,2,neutral,False,0.9935464,0.000342581,0.9935464,0.0061109825
vonage says will appeal verdict in favor of verizon,negative,0,neutral,False,0.98020923,0.0033334293,0.98020923,0.016457368
gates foundation unloads home builder shares,negative,0,neutral,False,0.9611943,0.03802567,0.9611943,0.0007799173
wal-mart advertising chief leaves,negative,0,neutral,False,0.9992275,0.00044250916,0.9992275,0.00032994495
subsidy booster peterson to lead house farm panel,neutral,1,neutral,True,0.9993237,0.0002779822,0.9993237,0.00039837783
sohu shares jump as advertising revenue lifts profit,positive,2,positive,True,0.9991755,0.0004724037,0.00035209497,0.9991755
tribune deal would give zell broad powers,neutral,1,neutral,True,0.9972574,0.00048535623,0.9972574,0.002257227
"bp execs worried about cost cutting, safety paper",negative,0,negative,True,0.99160576,0.99160576,0.008097542,0.0002967624
delphi steering unit has $3.3 bln of new business,positive,2,positive,True,0.9980562,0.00042617254,0.0015177013,0.9980562
american express to buy harbor payments,neutral,1,neutral,True,0.9986811,0.00026315908,0.9986811,0.0010557403
judge approves ca ex-ceos $800 million restitution,neutral,1,neutral,True,0.8532957,0.10782975,0.8532957,0.038874667
dell hires solectrons cannon to head new division,neutral,1,neutral,True,0.99925166,0.000336626,0.99925166,0.00041166804
coca-cola raises quarterly dividend by 10 percent,positive,2,positive,True,0.999209,0.0003580231,0.00043298764,0.999209
everbright bank buying into prudential china fund jv,neutral,1,neutral,True,0.99071294,0.0005223506,0.99071294,0.0087647755
federal reserve to delay fomc minutes to january 3,neutral,1,neutral,True,0.9991716,0.0004647534,0.9991716,0.00036360664
bank of america paying $26 mln to settle sec case,negative,0,positive,False,0.99844813,0.0006761545,0.0008756726,0.99844813
nike to open 100 stores worldwide within 3 years,positive,2,neutral,False,0.9701332,0.0006337686,0.9701332,0.029233018
anntaylor november same-store sales fall 4.3 pct,negative,0,negative,True,0.9993486,0.9993486,0.00029200997,0.0003594038
"finance new year, new goals -- one step at a time",neutral,1,neutral,True,0.99916065,0.0003390118,0.99916065,0.0005004028
ticketmaster takes legal action against ebays stubhub,negative,0,negative,True,0.9990941,0.9990941,0.0003894522,0.00051646243
"vnu to cut 4,000 jobs, sell european unit to 3i",negative,0,negative,True,0.99904114,0.99904114,0.00063233904,0.00032638083
brokerage says essilor may buy cooper companies,positive,2,neutral,False,0.9978123,0.0003079977,0.9978123,0.0018797822
"bain, blackstone among ceridian bidders sources",neutral,1,neutral,True,0.9991365,0.00044400195,0.9991365,0.00041947633
delphi to get up to $3.4 billion investment,positive,2,neutral,False,0.9893245,0.0008891204,0.9893245,0.009786342
japan keeps view that economy is recovering,positive,2,positive,True,0.99867046,0.0007789792,0.0005505546,0.99867046
stock options of unitedhealth ceo frozen,negative,0,neutral,False,0.6817263,0.31672907,0.6817263,0.00154463
ex-tyco ceo kozlowski to sell colorado home for $10 mln,neutral,1,neutral,True,0.99910337,0.00041272465,0.99910337,0.00048391477
unitedhealth sees 2007 revenue about $79.5 bln,positive,2,positive,True,0.9537163,0.018704519,0.027579257,0.9537163
"march retail sales, without autos, gain modestly",positive,2,positive,True,0.990616,0.0014358916,0.007948107,0.990616
"chrysler says aims for 1,000 salaried cuts by june",negative,0,negative,True,0.9985133,0.9985133,0.001102111,0.0003846087
trade powers must agree on core wto deal soon-eu,neutral,1,neutral,True,0.9976566,0.0006510378,0.9976566,0.0016923855
"pay, stock price doomed hds nardelli analysts",negative,0,negative,True,0.9994223,0.9994223,0.00027652967,0.00030113923
commerce bancorp probed by u.s. regulators,negative,0,negative,True,0.9991054,0.9991054,0.00054346555,0.00035112858
gasoline prices edge lower to $2.18 per gallon,neutral,1,negative,False,0.99936134,0.99936134,0.00036902953,0.00026956393
wal-mart quarterly profit up,positive,2,positive,True,0.9991549,0.0005017207,0.00034340445,0.9991549
creditor group expects delta to weigh options,neutral,1,neutral,True,0.9991702,0.0005096586,0.9991702,0.00032015672
sec warns auditors firms may manipulate new rule,negative,0,negative,True,0.6602427,0.6602427,0.3385556,0.0012017423
alcoa shares up after strong earnings,positive,2,positive,True,0.9991768,0.00046839917,0.0003548255,0.9991768
u.s. drops royalty claims against chevron nytimes,positive,2,positive,True,0.97381806,0.000899941,0.02528198,0.97381806
amd sees challenging pricing through 2007,negative,0,negative,True,0.9991817,0.9991817,0.00057816424,0.00024010897
consumer prices rise on energy cost bounce,negative,0,negative,True,0.9965834,0.9965834,0.0014686235,0.0019479949
consumer confidence hits 8-month high,positive,2,positive,True,0.99887115,0.00076181407,0.0003670587,0.99887115
jobs growth modest in january,negative,0,negative,True,0.9960012,0.9960012,0.0034225315,0.0005761771
pending home sales index falls,negative,0,negative,True,0.9992887,0.9992887,0.00043790266,0.00027338305
yahoo opens panama ad system upgrade to newcomers,positive,2,neutral,False,0.9987691,0.00042392805,0.9987691,0.0008068944
private equity firms eyeing chrysler report,neutral,1,neutral,True,0.9985927,0.0004861832,0.9985927,0.0009211472
microsoft ceo touts company bet on web services,neutral,1,neutral,True,0.9992506,0.0002985385,0.9992506,0.0004508726
accredited shares up 30 pct on new financing deal,positive,2,positive,True,0.9992367,0.00033971982,0.00042355494,0.9992367
ford u.s. april sales fall 13 pct,negative,0,negative,True,0.9993305,0.9993305,0.00027078306,0.00039876465
update 4-u.s. arris bids $1.2 bln for norways tandberg tv,positive,2,neutral,False,0.9984909,0.0004747006,0.9984909,0.0010343462
sun-times reaches settlement with former president,neutral,1,positive,False,0.9962788,0.00045623034,0.003264914,0.9962788
u.s. march pending home sales index falls 4.9 pct,negative,0,negative,True,0.9993573,0.9993573,0.0003286004,0.00031420134
office depot posts higher fourth-quarter profit,positive,2,positive,True,0.9992204,0.0003770311,0.00040261436,0.9992204
fleetwood posts wider quarterly loss,negative,0,negative,True,0.99935097,0.99935097,0.00032857104,0.00032044377
"chrysler to recall over 489,000 vehicles",negative,0,negative,True,0.99891555,0.99891555,0.0007007671,0.00038367952
tuis travel unit to merge with first choice,positive,2,neutral,False,0.99934524,0.0003025562,0.99934524,0.00035212695
"march job growth strong, jobless rate falls",positive,2,positive,True,0.9991604,0.00042755404,0.00041204828,0.9991604
non-binding merck generics offers due mon source,neutral,1,neutral,True,0.9992531,0.000363315,0.9992531,0.0003835697
u.s.s paulson urges china to open financial markets,positive,2,neutral,False,0.9983005,0.00084412645,0.9983005,0.0008553908
google offers business software via subscription,positive,2,neutral,False,0.9991973,0.00036346258,0.9991973,0.0004392809
january durable goods orders tumble 7.8 percent,negative,0,negative,True,0.99932575,0.99932575,0.00026928837,0.00040501743
ba resumes union talks in bid to avert strike,neutral,1,neutral,True,0.99683183,0.0006162561,0.99683183,0.0025518867
wrigley posts higher profit,positive,2,positive,True,0.99919957,0.00043746707,0.00036296167,0.99919957
ny pension funds press big web companies on rights,negative,0,neutral,False,0.9992544,0.00032670994,0.9992544,0.00041881332
delta bondholders form group to back us air bid wsj,positive,2,neutral,False,0.9990403,0.00047875653,0.9990403,0.00048087334
monster us monthly online jobs index falls in dec,negative,0,negative,True,0.99936193,0.99936193,0.00033861215,0.00029947003
"french finmin says nyse, euronext must talk more on merger",neutral,1,neutral,True,0.9988807,0.00058644963,0.9988807,0.0005329098
lg.philips q1 beats forecast,positive,2,positive,True,0.9992324,0.0003561685,0.0004114189,0.9992324
"jamba, sunopta say smoothies may be contaminated",negative,0,negative,True,0.99847084,0.99847084,0.0012529728,0.00027611628
"nortel to slash 2,900 jobs in latest cost-cutting",negative,0,negative,True,0.9984718,0.9984718,0.0010990126,0.00042918845
oil surges on u.s. plan to boost emergency stockpile,positive,2,positive,True,0.9992212,0.00041061078,0.00036818528,0.9992212
"l-3 open to takeover approaches, paper says",positive,2,neutral,False,0.99906236,0.0003307198,0.99906236,0.00060686667
stocks eye earnings and services data,neutral,1,neutral,True,0.9989454,0.0004766924,0.9989454,0.0005779635
yahoo to run on millions of windows mobile phones,positive,2,neutral,False,0.99780566,0.0008855018,0.99780566,0.0013089048
"indexes dip for the day, but surge in 2006",neutral,1,neutral,True,0.99749446,0.00038283694,0.99749446,0.0021226592
"u.s. financial stocks investors what, me worry",neutral,1,neutral,True,0.9975326,0.0021754769,0.9975326,0.00029194224
ea warns on 2008 profit as spore delayed,negative,0,negative,True,0.99937505,0.99937505,0.0003193081,0.00030572095
nasdaq says no decisions made about lse stake,neutral,1,neutral,True,0.9991252,0.00037057497,0.9991252,0.0005042534
october retail sales disappoint after strong september,negative,0,negative,True,0.9994018,0.9994018,0.00032611898,0.00027211464
freeport-mcmoran stock up amid bhp bid speculation,positive,2,positive,True,0.9992513,0.00038253085,0.00036612962,0.9992513
lightstone buys blackstone-owned hotels group,neutral,1,neutral,True,0.99918026,0.00029061403,0.99918026,0.00052907463
consumer craze hits post-sanctions libya,positive,2,positive,True,0.68373966,0.0053320536,0.31092823,0.68373966
"blackstone, pai to buy united biscuits for $3 bln",positive,2,neutral,False,0.9992091,0.00029218028,0.9992091,0.00049868296
pending home sales rise narrowly,positive,2,positive,True,0.9902643,0.0006323349,0.00910343,0.9902643
usg makes final $3.05 bln payment to asbestos trust,positive,2,neutral,False,0.99874425,0.00051627646,0.99874425,0.0007394839
"yahoo reshuffles, cfo decker gets key role",neutral,1,neutral,True,0.99898666,0.00042657927,0.99898666,0.00058671134
power corp. to buy putnam report,positive,2,neutral,False,0.89677125,0.0005717535,0.89677125,0.102657
capital one fourth-quarter earnings rise,positive,2,positive,True,0.99921536,0.00045306305,0.0003315765,0.99921536
affordable residential to sell real estate unit,neutral,1,neutral,True,0.99921846,0.00031934486,0.99921846,0.00046214976
neteller quits u.s. after illegal gambling arrests,negative,0,neutral,False,0.8514182,0.14656277,0.8514182,0.0020189742
corrected pfizer to cut u.s. sales force by 20 percent,negative,0,negative,True,0.999203,0.999203,0.0004595702,0.00033743234
"update 2-becton profit up, 07 forecast tops wall street",positive,2,positive,True,0.9991978,0.000475093,0.0003271182,0.9991978
fcc chief questioning xm-sirius deal paper,negative,0,neutral,False,0.6732961,0.32562387,0.6732961,0.0010800428
kraft recommends rejection of trc mini-tender,neutral,1,negative,False,0.9957877,0.9957877,0.003896148,0.00031613334
instant view-citigroup names new coo,neutral,1,neutral,True,0.9982774,0.00025524505,0.9982774,0.0014673502
"tenet loss narrows, but admissions fall",negative,0,neutral,False,0.99702114,0.0018754207,0.99702114,0.0011034876
eads gives green light for a350 xwb,positive,2,positive,True,0.51904964,0.00088047556,0.48006994,0.51904964
sierra pacific posts higher quarterly profit,positive,2,positive,True,0.99921405,0.00043417723,0.00035173082,0.99921405
schwab net income more than doubles,positive,2,positive,True,0.99902666,0.00035223662,0.00062111684,0.99902666
sallie mae in talks with private equity reports,positive,2,neutral,False,0.99838173,0.0005990895,0.99838173,0.0010190856
goldman ceo reaped record $54.3 mln in pay in 2006,neutral,1,positive,False,0.9561262,0.0007842728,0.043089524,0.9561262
sanofis acomplia helps in type 2 diabetes study,positive,2,neutral,False,0.93292284,0.003095218,0.93292284,0.06398197
new century stops lending as lenders pull credit,negative,0,negative,True,0.99899966,0.99899966,0.0007413304,0.00025899033
qbe to buy winterthur for $1.2 bln,positive,2,neutral,False,0.9969607,0.0003114716,0.9969607,0.0027277519
producer prices up 1 percent in march,negative,0,positive,False,0.999171,0.00045412223,0.00037482937,0.999171
carlyle raising $15 bln u.s. buyout fund sources,positive,2,neutral,False,0.99854857,0.00045867174,0.99854857,0.0009928094
venezuelas chavez seeks control of gas,negative,0,neutral,False,0.99795663,0.0011399625,0.99795663,0.00090347
barclays deal for abn looms lasalle set for sale,positive,2,neutral,False,0.9992557,0.00031039346,0.9992557,0.0004338042
oracle ups bid for indias i-flex,positive,2,neutral,False,0.99801683,0.00027382572,0.99801683,0.0017092497
"google, yahoo gain share in u.s. web search market",positive,2,positive,True,0.98950595,0.00048063626,0.010013446,0.98950595
"shoppers go online for t.m.x. elmo, ps3",positive,2,neutral,False,0.9991726,0.00038210803,0.9991726,0.00044520778
reckson shareholders ok sl greens $4 bln takeover,positive,2,neutral,False,0.9974847,0.0013368081,0.9974847,0.0011785651
kimberly clark may be buyout target barrons,positive,2,neutral,False,0.9987589,0.00033506865,0.9987589,0.0009061114
general dynamics profit rises on higher sales,positive,2,positive,True,0.9991892,0.0004821172,0.00032866167,0.9991892
nymex quarterly profit rises,positive,2,positive,True,0.99920017,0.00044764174,0.00035220728,0.99920017
medical costs push up consumer prices,negative,0,negative,True,0.96563953,0.96563953,0.03250881,0.0018517314
yell says reiterates full-year guidance,positive,2,neutral,False,0.8716022,0.0053479727,0.8716022,0.12304987
sberbank postpones decision on $8.7 billion share issue,neutral,1,neutral,True,0.99862003,0.00072656444,0.99862003,0.00065338844
dell to pay $5 million to former ceo kevin rollins,neutral,1,neutral,True,0.99472743,0.0044374163,0.99472743,0.00083519757
novartis says will not pay more asthma royalties,neutral,1,neutral,True,0.9964855,0.0019499401,0.9964855,0.0015646027
emi shares up 8 pct on takeover approaches,positive,2,positive,True,0.9991904,0.00039549053,0.00041408374,0.9991904
"scor buys converium stake, has full bid rebuffed",neutral,1,neutral,True,0.9986387,0.0005475826,0.9986387,0.00081365433
time warner cable seen public this month analysts,neutral,1,neutral,True,0.99906045,0.0004434646,0.99906045,0.00049607264
ibm selling up to $85 mln in lenovo shares,neutral,1,negative,False,0.99889874,0.99889874,0.0006578346,0.00044339875
daimlerchrysler talks to 2 firms on small car paper,neutral,1,neutral,True,0.9992206,0.0004467508,0.9992206,0.00033259706
clorox quarterly profit rises,positive,2,positive,True,0.9991942,0.00043728386,0.00036852274,0.9991942
u.s. homeowners see steady home values survey,neutral,1,neutral,True,0.93369144,0.0022038447,0.93369144,0.06410467
nyse ceo sees tokyo link announcement next week,positive,2,neutral,False,0.99929416,0.00029592833,0.99929416,0.00040993292
sony says may lose some battery business on recall,negative,0,negative,True,0.99914336,0.99914336,0.0005365764,0.0003200944
xerox to buy global imaging systems for $1.5 bln,positive,2,neutral,False,0.9983071,0.00035318977,0.9983071,0.0013396639
blue chips rise sp logs best week since 03,positive,2,positive,True,0.9991399,0.0005527299,0.00030733467,0.9991399
"global investors eye bernanke, stocks keep gaining",positive,2,positive,True,0.99917895,0.000286618,0.0005344617,0.99917895
blackstone has takeover plan for equity office -wsj,positive,2,neutral,False,0.9992488,0.0002944876,0.9992488,0.00045674332
gap 4th-quarter net income drops 35 percent,negative,0,negative,True,0.9992818,0.9992818,0.00027551688,0.00044266778
intel names yahoo cfo to board,neutral,1,neutral,True,0.99904126,0.00023418556,0.99904126,0.00072451745
wynn 3rd-qtr profit up on macau rights sale,positive,2,positive,True,0.999212,0.00043452496,0.00035346847,0.999212
house approves say on pay for shareholders,positive,2,neutral,False,0.9990482,0.00033138477,0.9990482,0.0006203843
ny fed nov manufacturing index rises unexpectedly,positive,2,positive,True,0.99904853,0.0005091632,0.0004423263,0.99904853
"murdochs dow deal may up asia clout, but not china",positive,2,neutral,False,0.9990809,0.0004256044,0.9990809,0.0004933742
icahn company sells 4 nevada casinos to goldman,neutral,1,neutral,True,0.9991873,0.00033221918,0.9991873,0.0004805438
warner music buying majority stake in roadrunner,positive,2,neutral,False,0.9882615,0.00035938216,0.9882615,0.011378991
google talking to directv on tv advertising report,positive,2,neutral,False,0.99915075,0.00039944897,0.99915075,0.00044969647
att names suspected pretexters,negative,0,neutral,False,0.9993104,0.00036293684,0.9993104,0.00032664536
"subprime lenders, regulators face u.s. senate panel",negative,0,neutral,False,0.99791676,0.001741333,0.99791676,0.00034184917
feds stern subprime woes wont derail economy,positive,2,positive,True,0.5582819,0.24407864,0.19763948,0.5582819
sun microsystems swings to profit,positive,2,positive,True,0.99429893,0.0010670113,0.00463398,0.99429893
wellpoint profit jumps 23 percent,positive,2,positive,True,0.9991177,0.0005475177,0.0003348283,0.9991177
altadis rebuffs improved imperial approach,neutral,1,neutral,True,0.9984492,0.000870397,0.9984492,0.00068031944
focus for future amgen growth shifts to bone drug,positive,2,neutral,False,0.99914,0.0002647206,0.99914,0.0005952359
jj psoriasis drug posts mixed results in trial,neutral,1,neutral,True,0.79797155,0.19870366,0.79797155,0.0033248542
adobe to launch creative suite at end of q2 -ceo,positive,2,neutral,False,0.9993554,0.00031400003,0.9993554,0.00033054373
"kodak to cut more jobs, complete overhaul in 2007",negative,0,negative,True,0.9925075,0.9925075,0.0069606025,0.00053180166
existing home sales edge up,positive,2,positive,True,0.9991147,0.00045697016,0.00042833807,0.9991147
u.s. sept pending home sales index falls 1.1 pct,negative,0,negative,True,0.9992836,0.9992836,0.0003976026,0.0003187434
"dow 13,000 in focus with earnings on tap",positive,2,neutral,False,0.99334806,0.0024523602,0.99334806,0.004199511
"house bill would ban wal-mart, retailers banks",negative,0,negative,True,0.9988386,0.9988386,0.0008657654,0.00029566704
"gold falls 1 pct, focus on bernanke address",negative,0,negative,True,0.9993407,0.9993407,0.000394814,0.00026443842
qantas takeover offer seen as early as wednesday,neutral,1,neutral,True,0.998594,0.0004210105,0.998594,0.0009849144
morgan stanley wins reversal of $1.58 bln award,positive,2,positive,True,0.7678164,0.0015380526,0.23064555,0.7678164
"hyundai motor seen down on firm won, weak sales",negative,0,negative,True,0.9993772,0.9993772,0.0003440029,0.00027876967
factbox-u.s. fed policymakers recent comments,neutral,1,neutral,True,0.99930847,0.00041622683,0.99930847,0.0002753115
colombia may seek chiquita execs on militia payoffs,negative,0,neutral,False,0.9992387,0.00036007853,0.9992387,0.0004011596
"belarus says nears russian gas deal, gazprom denies",neutral,1,neutral,True,0.99575883,0.0002560638,0.99575883,0.003985174
total chief remains in custody until friday,negative,0,neutral,False,0.9984712,0.0009880567,0.9984712,0.00054071745
u.s. investigates options grant to apple ceo wsj,negative,0,neutral,False,0.9992805,0.0003472865,0.9992805,0.00037228072
g20 communique calls for inflation vigilance,neutral,1,neutral,True,0.9987644,0.00079422706,0.9987644,0.0004413446
illinois jury reaches verdict in merck vioxx case,neutral,1,neutral,True,0.98998064,0.0010831302,0.98998064,0.00893626
new century on bankruptcys doorstep,negative,0,neutral,False,0.9975501,0.0016663438,0.9975501,0.0007834939
"ceradyne profit doubles on armor sales, shares rise",positive,2,positive,True,0.9992144,0.00042559145,0.00035999084,0.9992144
general dynamics gets antitrust nod for snc deal,positive,2,positive,True,0.93978804,0.0010697868,0.059142243,0.93978804
officemax posts profit vs. loss,positive,2,positive,True,0.9976501,0.0005650148,0.0017848582,0.9976501
"vf corp. earnings top estimates, shares rise",positive,2,positive,True,0.99916625,0.00046769207,0.0003660738,0.99916625
"td banknorth to cut 400 jobs, shut 24 branches",negative,0,negative,True,0.99911934,0.99911934,0.000567787,0.00031288218
costco quarterly profit up,positive,2,positive,True,0.9991837,0.00046528145,0.00035093378,0.9991837
aol deal for swedish online ad firm is opposed,negative,0,neutral,False,0.9983381,0.0011959088,0.9983381,0.00046594717
"barclays, abn talks advance, some disposals seen",positive,2,neutral,False,0.998382,0.00033060208,0.998382,0.0012873653
alcoa execs see strong 2007 aluminum demand,positive,2,positive,True,0.9986442,0.0005849938,0.0007707887,0.9986442
qualcomm says upaid systems drops patent suits,positive,2,positive,True,0.99601907,0.00032663185,0.0036542783,0.99601907
wall street rises with bid for chrysler,positive,2,neutral,False,0.99602,0.0003313465,0.99602,0.0036486129
housing improves but durable orders fall,neutral,1,neutral,True,0.6695424,0.32697755,0.6695424,0.0034800484
classified ad sales lower newspaper results,negative,0,negative,True,0.9993192,0.9993192,0.00040211465,0.00027879098
daimlerchrysler supervisory board names bischoff chairman,neutral,1,neutral,True,0.9991697,0.00036417475,0.9991697,0.00046622637
"google, baidu eye online video business in china",positive,2,neutral,False,0.99896264,0.00029611553,0.99896264,0.00074116234
marshall ilsley to split into two public firms,neutral,1,neutral,True,0.99884903,0.00073397474,0.99884903,0.00041700172
indexes end higher as investors seek bargains,positive,2,positive,True,0.9992212,0.00039802789,0.00038070857,0.9992212
options scandal hits 153 companies us study,negative,0,negative,True,0.9987405,0.9987405,0.0010015403,0.00025804972
adidas cuts 2007 outlook due to reebok,negative,0,negative,True,0.99932635,0.99932635,0.0003271335,0.0003465309
"softbank, credit saison to issue credit cards",positive,2,neutral,False,0.99890196,0.00051139016,0.99890196,0.0005866109
delta loses $49 million in november,negative,0,negative,True,0.9992513,0.9992513,0.00034302333,0.00040555178
universal music sees settlement with myspace,positive,2,positive,True,0.9957307,0.00045038838,0.0038188498,0.9957307
"chrysler plans to cut 10,000 jobs report",negative,0,negative,True,0.9991768,0.9991768,0.00049894705,0.00032416423
great-west lifeco to buy u.s. health administrator,positive,2,neutral,False,0.99789363,0.00025534016,0.99789363,0.0018510534
us panel backs limiting sanofi antibiotic uses,negative,0,neutral,False,0.99802554,0.0014270358,0.99802554,0.00054743217
mcdonalds selling lattes and cappuccinos wsj,positive,2,neutral,False,0.99884427,0.0004018969,0.99884427,0.00075380213
probe finds cephalon used questionable tactics wsj,negative,0,neutral,False,0.84660625,0.15198763,0.84660625,0.0014062084
sanyo to share battery recall cost with lenovo,negative,0,neutral,False,0.9955426,0.003160492,0.9955426,0.0012969385
"update 2-higher prices, production lift barrick profit",positive,2,positive,True,0.99917835,0.00046862106,0.00035303575,0.99917835
ex-kbr employee sentenced for iraq kickbacks,negative,0,neutral,False,0.6108463,0.37515122,0.6108463,0.014002525
stocks end up in light trade,positive,2,negative,False,0.7130208,0.7130208,0.2852084,0.0017707595
jpmorgan wins dismissal of enron class-action case,positive,2,positive,True,0.9936015,0.0022897413,0.004108789,0.9936015
conrad black trial jurors scrutinized,neutral,1,neutral,True,0.9988601,0.00071834633,0.9988601,0.0004215187
r.h. donnelley reports rise in revenue,positive,2,positive,True,0.9992493,0.0003391696,0.00041151574,0.9992493
mcclatchy to sell star tribune for $530 mln,neutral,1,neutral,True,0.99903095,0.0003869928,0.99903095,0.00058217486
eus kroes sets microsoft software deadline paper,negative,0,neutral,False,0.99929154,0.00034946235,0.99929154,0.0003589675
"motorola posts quarterly loss, outlook disappoints",negative,0,negative,True,0.999406,0.999406,0.00030140008,0.0002926172
steel partners in bid to buy japan noodle maker,positive,2,neutral,False,0.9990619,0.00031805332,0.9990619,0.0006200158
"wall st week ahead stocks focus on earnings, inflation",neutral,1,neutral,True,0.9993166,0.000348732,0.9993166,0.00033478992
nasdaq launches $5.3 billion hostile bid for lse,neutral,1,negative,False,0.579527,0.579527,0.41784254,0.0026304517
chrysler revamp details to eclipse daimler results,negative,0,neutral,False,0.9986513,0.00052437105,0.9986513,0.0008243168
citigroup loses bid to end $10 bln parmalat suit,negative,0,negative,True,0.99842834,0.99842834,0.0011365815,0.00043512526
ford credit says restructuring to cost $290 mln,negative,0,negative,True,0.97765416,0.97765416,0.021318005,0.0010277699
"target beats forecasts, confident about holidays",positive,2,positive,True,0.999228,0.00039127676,0.0003807015,0.999228
"gamestop posts profit, shares up",positive,2,positive,True,0.99918,0.00045458783,0.00036531684,0.99918
reliance steel to acquire encore group,neutral,1,neutral,True,0.99916303,0.00032091618,0.99916303,0.0005160852
"australias coles up for sale, shares surge",positive,2,positive,True,0.9990575,0.00029408908,0.000648435,0.9990575
dealmakers optimistic despite global mergers lull,positive,2,positive,True,0.9990538,0.00032638432,0.0006198059,0.9990538
sallie mae in talks to go private report,neutral,1,neutral,True,0.99848586,0.001003187,0.99848586,0.0005110229
samsung exec pleads guilty in dram antitrust case,negative,0,positive,False,0.9898003,0.0014073487,0.008792306,0.9898003
"nasdaq mulls working with rival platform, papers say",neutral,1,neutral,True,0.9982192,0.0013129148,0.9982192,0.0004678969
u.s. job activity little changed in october labor,neutral,1,neutral,True,0.9926328,0.0039661084,0.9926328,0.003401126
american axle posts quarterly loss after charges,negative,0,negative,True,0.9992981,0.9992981,0.000336225,0.00036575325
former aig boss eyeing ny times takeover cnbc,neutral,1,neutral,True,0.99921954,0.00024278314,0.99921954,0.0005377156
wellpoint posts higher quarterly profit,positive,2,positive,True,0.9991522,0.0004958581,0.00035195533,0.9991522
abn rejects rival rbs lasalle offer,neutral,1,neutral,True,0.9990796,0.00031930872,0.9990796,0.0006010729
bausch lomb stock jumps on buyout rumor traders,positive,2,positive,True,0.99921906,0.00036387058,0.0004170277,0.99921906
japan tv vendor sues hp for compensation nikkei,negative,0,negative,True,0.99903893,0.99903893,0.0005384244,0.00042262065
vulcan materials to buy florida rock for $4.6 billion,neutral,1,neutral,True,0.9986957,0.00033245215,0.9986957,0.0009719182
paypal customers in europe number near 35 million,positive,2,positive,True,0.5705288,0.006907067,0.42256412,0.5705288
ppr in talks to buy puma stake reports,neutral,1,neutral,True,0.99545276,0.00052552985,0.99545276,0.0040216707
marshall ilsley to split off metavante unit,neutral,1,neutral,True,0.99900025,0.00063511723,0.99900025,0.00036466675
thyssenkrupp to definitely build u.s. steel mill,positive,2,neutral,False,0.9979365,0.00054586114,0.9979365,0.0015177053
"factbox-airbus statement details cost cuts, job losses",negative,0,negative,True,0.99694747,0.99694747,0.002743817,0.00030880113
"ups names coo, international chief",neutral,1,neutral,True,0.9992955,0.0003233573,0.9992955,0.00038125154
"nissan unveils plans for hybrids, other green cars",positive,2,neutral,False,0.9991715,0.00028084387,0.9991715,0.0005476109
starbucks schultz says memo wasnt criticism,neutral,1,neutral,True,0.978118,0.0005848465,0.978118,0.021297134
continental airlines loss narrows on higher fares,positive,2,positive,True,0.99765307,0.0017890242,0.00055792276,0.99765307
devon trims output forecast on canada drop,negative,0,negative,True,0.9993636,0.9993636,0.00029083123,0.0003456563
jobs and data set stocks year-end course,neutral,1,neutral,True,0.9989453,0.00046380452,0.9989453,0.0005909344
volvo to buy ingersoll-rand road unit for $1.3 billion,positive,2,neutral,False,0.99846834,0.000337809,0.99846834,0.001193793
amd shares rebound after results,positive,2,positive,True,0.99922395,0.00039791194,0.00037808515,0.99922395
applebees closing 24 company-owned restaurants,negative,0,negative,True,0.9980196,0.9980196,0.0016763797,0.00030404466
jeb bush joins board of tenet healthcare,neutral,1,neutral,True,0.9992793,0.0002524561,0.9992793,0.0004682636
wal-mart shipping web orders to stores for free,positive,2,neutral,False,0.9988784,0.0002721771,0.9988784,0.000849379
vista revenue forecasts too aggressive microsoft ceo,negative,0,negative,True,0.99550384,0.99550384,0.002868075,0.0016280268
fed sees inflation risk even as growth slows,negative,0,negative,True,0.9984869,0.9984869,0.0011894081,0.00032363224
ba ceo eyeing major plane order,positive,2,neutral,False,0.99909663,0.0003094946,0.99909663,0.00059380336
oil cost wont rise to $70/bbl anytime soon eia,neutral,1,neutral,True,0.8984725,0.066013046,0.8984725,0.035514522
ex-reagan budget director charged with fraud,negative,0,negative,True,0.76567274,0.76567274,0.22954975,0.004777516
bmw says group unit sales rise 0.5 pct in january,positive,2,positive,True,0.9991998,0.00044987685,0.00035037778,0.9991998
tata steel pays $12 billon for corus,neutral,1,neutral,True,0.9978917,0.0011905665,0.9978917,0.00091773324
lse beats record for ipo fund raising,positive,2,positive,True,0.694382,0.0010377738,0.30458027,0.694382
dow chemical earnings rise on strong sales,positive,2,positive,True,0.99918777,0.00048091772,0.00033133372,0.99918777
hyundai motor chairman sentenced to 3 yrs in jail,negative,0,negative,True,0.9940872,0.9940872,0.0047654267,0.0011474135
sainsbury family reportedly rejects bid,negative,0,neutral,False,0.9988232,0.00081617606,0.9988232,0.00036059105
harrahs accepts $17.1 billion private equity bid,positive,2,neutral,False,0.9989209,0.00039059157,0.9989209,0.00068854576
"morgan stanley unit, ashford to buy cnl hotels",neutral,1,neutral,True,0.9991449,0.0002999941,0.9991449,0.00055508176
tribune responds to 2 billionaires paper,neutral,1,neutral,True,0.99926454,0.0004283173,0.99926454,0.00030713654
stocks to track mortgage woes and cpi,negative,0,neutral,False,0.9992668,0.0003657673,0.9992668,0.0003673505
g7 warns markets against yen-shrinking bets,neutral,1,negative,False,0.998524,0.998524,0.0010782876,0.0003977215
"news corp sales rise on borat, x-men",positive,2,positive,True,0.9992174,0.0004336277,0.0003489419,0.9992174
fda staff questions sanofi bird flu vaccine,negative,0,negative,True,0.9969695,0.9969695,0.0027738397,0.00025666205
bill may not solve foreclosures woe key senator,negative,0,negative,True,0.9434693,0.9434693,0.05597396,0.00055677874
"jobless claims rise 3,000 in latest week",negative,0,negative,True,0.9845131,0.9845131,0.008909697,0.006577177
wal-mart japan unit sees return to profit in 2007,positive,2,positive,True,0.998738,0.0004887962,0.00077321497,0.998738
freddie macs portfolio grew 4.4 pct in january,positive,2,positive,True,0.9987937,0.00032171793,0.00088457845,0.9987937
"conocophillips profit dips on gas prices, refining",negative,0,negative,True,0.99936765,0.99936765,0.0003024112,0.0003299799
ameren settles missouri gas delivery rates,neutral,1,positive,False,0.9622126,0.0005307894,0.037256595,0.9622126
groups challenge shells alaska drilling plans,negative,0,negative,True,0.9796723,0.9796723,0.019817404,0.00051022094
chrysler sale could be wrapped up by may source,neutral,1,neutral,True,0.9990269,0.00027829723,0.9990269,0.0006947561
indices slide on oils drop microsoft up late,negative,0,negative,True,0.999426,0.999426,0.00029528284,0.00027882427
home depot investors seek more governance changes,negative,0,neutral,False,0.99516475,0.004069599,0.99516475,0.00076569885
"feds kohn-inflation has shifted down, risks remain",negative,0,positive,False,0.96200603,0.013961681,0.024032278,0.96200603
hp lifts outlook as shares rise,positive,2,positive,True,0.9992865,0.00036420723,0.0003493546,0.9992865
"china says to maintain rapid, stable growth in 2007",positive,2,positive,True,0.99864906,0.0005393113,0.0008116122,0.99864906
sonys father of playstation to step down,neutral,1,neutral,True,0.9990889,0.00040021713,0.9990889,0.00051096716
"risk assets near highs before central banks, g7",neutral,1,neutral,True,0.6589138,0.032805055,0.6589138,0.30828118
target trumps wal-mart again,positive,2,positive,True,0.99719465,0.00042319437,0.0023821364,0.99719465
apollo explores private sale of stake source,neutral,1,neutral,True,0.9991043,0.00039815996,0.9991043,0.0004974335
blackstone/carlyle team mulls rival txu bid source,neutral,1,neutral,True,0.9991536,0.00049786456,0.9991536,0.00034848016
"anntaylor results, forecast boost shares",positive,2,positive,True,0.99928856,0.00034025873,0.00037110562,0.99928856
lehman to acquire h.a. schupf,neutral,1,neutral,True,0.9989435,0.00031273492,0.9989435,0.00074382575
"wall st ends higher on chrysler bid, lower oil",positive,2,positive,True,0.99918526,0.0003371319,0.00047761376,0.99918526
citigroup profit tops forecasts,positive,2,positive,True,0.9991529,0.0004989931,0.00034807634,0.9991529
"first data deal sparks spat between kkr, jpmorgan",negative,0,negative,True,0.99847585,0.99847585,0.0012360121,0.00028815574
"calpers wants reform at marsh, lilly, 9 other companies",negative,0,neutral,False,0.9976228,0.0016220796,0.9976228,0.0007551807
clear channel agrees to be sold for $18.7 bln,positive,2,neutral,False,0.9980867,0.0004488163,0.9980867,0.0014645157
wsj editors knew of murdoch offer in advance report,neutral,1,neutral,True,0.99922967,0.00037836304,0.99922967,0.00039206503
electronic clearing house in pact with prosecutors,neutral,1,neutral,True,0.99909353,0.00034078944,0.99909353,0.000565672
feds yellen says economic downturn possible,negative,0,negative,True,0.9993686,0.9993686,0.00035141117,0.00027991866
"iac to tie together local info services, ceo says",neutral,1,neutral,True,0.99936503,0.0003436056,0.99936503,0.00029140382
citigroup denies cfo leaving but speculation lingers,neutral,1,neutral,True,0.99874854,0.0005786411,0.99874854,0.0006727759
regulators ok euronext/nyse merger,positive,2,negative,False,0.99678314,0.99678314,0.0027754125,0.00044148217
productivity growth stalls in third quarter,negative,0,negative,True,0.99933916,0.99933916,0.0003015545,0.00035932023
shares seen firm on cisco earnings hopes,positive,2,positive,True,0.9989728,0.00043687582,0.00059039163,0.9989728
"inflation too high, more work needed feds fisher",negative,0,neutral,False,0.97200835,0.025018364,0.97200835,0.0029732927
"update 3-qualcomm quarterly profit, revenue rise",positive,2,positive,True,0.9992385,0.00038441076,0.00037709065,0.9992385
boston scientific says crm business rebounding,positive,2,positive,True,0.9986817,0.0007609305,0.0005572834,0.9986817
bernanke light regulation of hedge funds works well,neutral,1,neutral,True,0.9839175,0.0013429312,0.9839175,0.014739604
bank of america says aims to guard legal rights,neutral,1,neutral,True,0.9992662,0.0004313159,0.9992662,0.00030240734
china to respond positively to paulson,positive,2,neutral,False,0.994238,0.0002542738,0.994238,0.0055077425
"bt pleases with q3 earnings, strong outlook",positive,2,positive,True,0.999158,0.00043171298,0.00041024623,0.999158
"pepsico looks to new products, acquisitions",positive,2,neutral,False,0.9990095,0.00037671148,0.9990095,0.00061378785
bernanke focus on skills to widen opportunity,neutral,1,neutral,True,0.9990707,0.00045315994,0.9990707,0.0004761826
"wall st down on oil, mortgage woes",negative,0,neutral,False,0.9715263,0.024002748,0.9715263,0.0044709193
celesio seeks to cut deal with kkr on boots paper,neutral,1,neutral,True,0.9990194,0.00049799663,0.9990194,0.0004825985
"stocks wait for ppi, mergers and santa",neutral,1,neutral,True,0.9992223,0.00036362527,0.9992223,0.00041406933
exxon sees spending of $20 billion a year through 2011,positive,2,positive,True,0.9448346,0.002844623,0.052320845,0.9448346
pepsi to double china workforce over 5 years,positive,2,positive,True,0.77612835,0.0019706732,0.22190101,0.77612835
"hershey to cut 1,500 jobs",negative,0,negative,True,0.99889106,0.99889106,0.0007063928,0.00040265248
"deere profit rises on farm, forest sales",positive,2,positive,True,0.9992066,0.0004299479,0.00036342334,0.9992066
brandes says to vote against icahn lear buyout,neutral,1,neutral,True,0.9986046,0.0008303387,0.9986046,0.00056503783
news corp. sees possible myspace china venture,positive,2,neutral,False,0.9989759,0.0003192588,0.9989759,0.0007048434
progress has slowed on att/bellsouth fcc chief,negative,0,neutral,False,0.68494123,0.31334087,0.68494123,0.0017179829
fairfax h1 says no takeover approaches,neutral,1,neutral,True,0.99889624,0.00052156847,0.99889624,0.00058217195
table-ford feb u.s. vehicle sales decrease 13.9 pct,negative,0,negative,True,0.999356,0.999356,0.00030930404,0.00033478555
yahoo net profit falls,negative,0,negative,True,0.99928266,0.99928266,0.00030929904,0.00040815288
u.s. may look to private sector to fund atc system,neutral,1,neutral,True,0.9982603,0.0013300434,0.9982603,0.00040965647
lower gas price brightens consumer mood,positive,2,positive,True,0.99872464,0.0005774084,0.00069791323,0.99872464
"brinks profit beats expectations, shares up",positive,2,positive,True,0.9991961,0.00045233857,0.00035155113,0.9991961
"google in video talks with dow jones, others nyt",neutral,1,neutral,True,0.9993413,0.0002780704,0.9993413,0.00038060767
monsanto reiterates fiscal 2007 earnings view,positive,2,positive,True,0.9896853,0.0012536298,0.009061134,0.9896853
"countrywide laying off more than 2,500 employees",negative,0,negative,True,0.9988728,0.9988728,0.0006357762,0.00049145584
"disney profit up on studio, revs short of wall st",neutral,1,positive,False,0.99888307,0.00039368856,0.0007232321,0.99888307
colgate profit rise meets view growth to continue,positive,2,positive,True,0.9992455,0.00045081935,0.00030364716,0.9992455
factbox-key facts about enrons skilling,neutral,1,neutral,True,0.98339707,0.015952079,0.98339707,0.0006508917
massachusetts subpoenas firms on subprime research,negative,0,negative,True,0.9849849,0.9849849,0.013564747,0.001450362
judge says enron suit can proceed,negative,0,neutral,False,0.9251687,0.056485657,0.9251687,0.018345637
fired wal-mart worker says he felt pressured report,negative,0,neutral,False,0.94567734,0.051804643,0.94567734,0.0025179668
"tankan sentiment dips slightly, boj seen on hold",negative,0,negative,True,0.99909806,0.99909806,0.000691875,0.00021009133
citi to announce china bank deal thursday sources,positive,2,neutral,False,0.99928373,0.0002812724,0.99928373,0.00043500742
google earth patent infringement suit dismissed,positive,2,positive,True,0.99624676,0.0006958462,0.0030573425,0.99624676
unitedhealth to affirm outlook,positive,2,positive,True,0.61997896,0.0020333647,0.37798765,0.61997896
"carlyle, unison in $774 mln buyout of toshiba unit",neutral,1,neutral,True,0.9989309,0.0002485657,0.9989309,0.00082058716
qantas bid group says has 12.57 percent voting power,neutral,1,neutral,True,0.9991555,0.00043443282,0.9991555,0.00041007384
freescale shareholders approve sale of company,positive,2,neutral,False,0.999091,0.00036703027,0.999091,0.0005419599
dean foods to pay $2 billion dividend,positive,2,neutral,False,0.9951971,0.00035334498,0.9951971,0.004449555
mortgage meltdown sinks more than those on edge,negative,0,negative,True,0.96001136,0.96001136,0.03930693,0.0006817388
lockheed wins $655 million in trident missile work,positive,2,positive,True,0.9601544,0.000746986,0.039098576,0.9601544
blackstone group eyeing intelsat report,neutral,1,neutral,True,0.9991379,0.00040549293,0.9991379,0.00045662335
judge dismisses case against dunn,positive,2,positive,True,0.8659881,0.0068257474,0.12718624,0.8659881
"exxon posts huge profit on high prices, output",positive,2,positive,True,0.9991523,0.00050296617,0.00034478065,0.9991523
oil vaults above $60 on u.s. energy snags,negative,0,positive,False,0.99904317,0.0006016004,0.0003551736,0.99904317
station casinos accepts $5.5 bln offer report,positive,2,neutral,False,0.998941,0.00046710263,0.998941,0.00059201353
marsh mclennan quarterly earnings soar,positive,2,positive,True,0.9992077,0.00038714564,0.00040520736,0.9992077
african ministers say wolfowitz a visionary,neutral,1,neutral,True,0.9990245,0.00040007802,0.9990245,0.0005754946
instant view bernanke comments help u.s. stocks,positive,2,positive,True,0.99905986,0.00035270618,0.00058743515,0.99905986
workers end four-day strike at freeport indonesia,positive,2,positive,True,0.57720554,0.0072303913,0.4155641,0.57720554
"wal-mart recalls 56,000 stuffed toys",negative,0,negative,True,0.99901474,0.99901474,0.00063190365,0.00035335872
bush says budget will limit non-defense spending,neutral,1,neutral,True,0.99840885,0.0006125159,0.99840885,0.0009786893
u.s. court cuts exxon valdez damages by $2 billion,positive,2,positive,True,0.992004,0.004678382,0.003317607,0.992004
microsoft starts test of new voip server,positive,2,neutral,False,0.99909616,0.00041791334,0.99909616,0.00048595996
colgate beats street view but net slips on charges,neutral,1,negative,False,0.9950028,0.9950028,0.004752165,0.00024504962
"russia, belarus sign gas deal",positive,2,positive,True,0.9271558,0.0005798532,0.07226435,0.9271558
"comcast profit rises on subscribers, one-time gain",positive,2,positive,True,0.9991447,0.00055097527,0.00030429979,0.9991447
gm u.s. december sales down 9.6 pct,negative,0,negative,True,0.99931514,0.99931514,0.0002781302,0.00040676104
ford ceo jury out on european premium brands,neutral,1,neutral,True,0.9991254,0.00055683864,0.9991254,0.0003177322
u.s. senate confirms sommers as cftc commissioner,neutral,1,neutral,True,0.9993235,0.0002943501,0.9993235,0.00038216624
hasbro posts quarterly profit,positive,2,positive,True,0.99922764,0.0003031606,0.00046922333,0.99922764
cnmv confirms 6-mth ban on enel/acciona endesa bid,negative,0,negative,True,0.9985978,0.9985978,0.0009871364,0.00041505336
ex-deutsche bank exec charged with $13.4 million fraud,negative,0,negative,True,0.9747702,0.9747702,0.021214208,0.0040156324
"tjx says system breached, customer data stolen",negative,0,negative,True,0.998519,0.998519,0.001112641,0.00036835994
"corrected saudi shortlists verizon, pccw for fixed-line auction",positive,2,neutral,False,0.9992403,0.00038441323,0.9992403,0.00037533074
u.s. gasoline over $3 looms this summer,negative,0,negative,True,0.9949137,0.9949137,0.004423918,0.0006623734
update 3-mexican government backs creation of wal-mart bank,positive,2,neutral,False,0.9988857,0.0003764639,0.9988857,0.0007378548
stock option backdating scandal could grow report,negative,0,negative,True,0.92267615,0.92267615,0.07636495,0.00095890026
boeing wins another multibillion-dollar order,positive,2,positive,True,0.8806003,0.0014597202,0.11793997,0.8806003
cbs in ad-backed deal with youtube for basketball,positive,2,neutral,False,0.9972613,0.0002858914,0.9972613,0.002452757
consumer sentiment at 8-month low survey,negative,0,negative,True,0.99923325,0.99923325,0.00048487532,0.0002818108
circuit city to open new prototype storeexec,neutral,1,neutral,True,0.9992034,0.00034491028,0.9992034,0.00045170862
nasdaq unlikely to increase offer for lse source,negative,0,neutral,False,0.99891627,0.00068357046,0.99891627,0.00040026914
corrected ge and blackstone to buy phh for $1.8 bln,neutral,1,neutral,True,0.9971644,0.00027661843,0.9971644,0.0025589147
monster fires suspended general counsel,negative,0,neutral,False,0.9964483,0.0030946827,0.9964483,0.00045691064
outback steakhouse parent to go private,neutral,1,neutral,True,0.9990343,0.0006058064,0.9990343,0.00035994788
blockbuster agrees to sell rhino to gamestop,neutral,1,neutral,True,0.9984149,0.00024598566,0.9984149,0.0013391053
"bush tours gm, ford plants, touts alternative fuels",neutral,1,neutral,True,0.99924195,0.00032189328,0.99924195,0.0004362501
dutch court halts abns lasalle sale,negative,0,neutral,False,0.9892635,0.0027769632,0.9892635,0.007959563
safran surges on motorola interest in mobile arm,positive,2,positive,True,0.99895585,0.00041368662,0.00063047744,0.99895585
corus ceo defends tata steel takeover bid,positive,2,neutral,False,0.99919766,0.00031114506,0.99919766,0.0004912588
"december incomes, spending rose as expected",positive,2,positive,True,0.998898,0.00036584015,0.00073615485,0.998898
tribune employees to pay takeover bill for zell,negative,0,neutral,False,0.99921525,0.00029527463,0.99921525,0.000489467
shareholder vote to set fate of take-two board,neutral,1,neutral,True,0.9992561,0.00035818634,0.9992561,0.00038575506
"oil falls on weather, iran bristles at sanctions",negative,0,negative,True,0.9993586,0.9993586,0.00042178636,0.00021973698
"riskier assets hit again, investors fret over yen",negative,0,negative,True,0.9989956,0.9989956,0.0007601584,0.0002441933
harrahs to be acquired for $16.7 billion paper,positive,2,neutral,False,0.9990275,0.00041016622,0.9990275,0.0005623585
lennar profit drops 73.4 percent,negative,0,negative,True,0.99931467,0.99931467,0.00025786515,0.00042747942
intelsat up for sale sources,neutral,1,neutral,True,0.9977411,0.00063449406,0.9977411,0.0016243511
"hertz to cut 1,350 jobs, sees 1st-quarter charge",negative,0,negative,True,0.9990773,0.9990773,0.0005017277,0.00042085955
cisco sees 24-25 pct rise in fiscal q2 revenue,positive,2,positive,True,0.9990723,0.0006033779,0.00032433317,0.9990723
"caremark favors cvs pact, rebuffs express scripts",neutral,1,neutral,True,0.9990277,0.00053276366,0.9990277,0.0004395902
toy industry could face 2006 sales decline,negative,0,negative,True,0.99940765,0.99940765,0.0003073411,0.00028498232
barcap to maintain 15-20 pct growth after abn deal,positive,2,positive,True,0.99807775,0.00090456684,0.0010176767,0.99807775
pge posts lower fourth-quarter earnings,negative,0,negative,True,0.9993523,0.9993523,0.0002975879,0.00035018235
onex and goldman in talks for raytheon unit source,neutral,1,neutral,True,0.998841,0.0003668688,0.998841,0.00079223304
hsbc shares at 9-month low on bad debt,negative,0,negative,True,0.99935263,0.99935263,0.000289998,0.00035737985
pier 1 december sales down 10.7 percent,negative,0,negative,True,0.99928516,0.99928516,0.00028850543,0.00042637443
abn amro to cut 900 north american jobs,negative,0,negative,True,0.9990275,0.9990275,0.00061821134,0.00035429577
"peugeot to unveil strategy in may, sept",neutral,1,neutral,True,0.9992386,0.0004272182,0.9992386,0.00033425432
wal-mart sees nov same-store sales flat,neutral,1,negative,False,0.94986755,0.94986755,0.047712523,0.0024199074
viacom lawsuit could imperil internet models,negative,0,negative,True,0.99910957,0.99910957,0.00054400583,0.0003463038
biggest bond investors bet on rate cut,positive,2,neutral,False,0.99820805,0.00041527272,0.99820805,0.0013766522
carlyle to buy a goodyear unit for $1.48 bln,neutral,1,neutral,True,0.9985669,0.00042300046,0.9985669,0.0010102119
bmw sees record 2007 sales after bumper 2006,positive,2,positive,True,0.99909675,0.00052555534,0.00037772182,0.99909675
"arnault, colony buy into carrefour, shares rise",positive,2,positive,True,0.9992157,0.00034076988,0.0004435401,0.9992157
clear channel bids due monday sources,neutral,1,neutral,True,0.99925655,0.00036689997,0.99925655,0.00037655767
smurfit-stone posts quarterly profit vs loss,positive,2,positive,True,0.9985123,0.00059988373,0.00088778057,0.9985123
"jobs data, asian marts to call stocks tune",neutral,1,neutral,True,0.9989447,0.00061282894,0.9989447,0.00044252904
fed beige book-moderate growth in most areas,positive,2,positive,True,0.99314296,0.0021985613,0.004658438,0.99314296
disney unveils social networking for preteens,neutral,1,neutral,True,0.9993605,0.0002959742,0.9993605,0.00034353754
cvs net income rises 12.5 pct,positive,2,positive,True,0.9991291,0.0005394903,0.00033142773,0.9991291
exiting pfizer ceo to get $198 mln,neutral,1,neutral,True,0.88846177,0.0009807812,0.88846177,0.11055747
lockheed martin ups forecast,positive,2,positive,True,0.999244,0.00039584134,0.00036022332,0.999244
delta exits bankruptcy after 19-month restructuring,positive,2,neutral,False,0.988054,0.0032063988,0.988054,0.008739622
xm gets doj request for sirius merger information,neutral,1,neutral,True,0.99926347,0.0002369346,0.99926347,0.00049960834
bt buys u.s. anti-hacking specialist counterpane,positive,2,neutral,False,0.99805176,0.00026252866,0.99805176,0.0016857139
auto group expects higher fuels standards,neutral,1,neutral,True,0.99453956,0.0037378126,0.99453956,0.0017227002
news corp sells 7.5 pct stake in fairfax,neutral,1,neutral,True,0.99903905,0.00040350945,0.99903905,0.0005575017
anti-globalization protesters march at essen g7,neutral,1,neutral,True,0.9982058,0.0014198396,0.9982058,0.00037431053
global growth to cushion u.s. econ bloomberg,positive,2,neutral,False,0.9742933,0.023457795,0.9742933,0.0022489028
"nintendo exchanges wii straps, recalls ds adapters",negative,0,negative,True,0.76442647,0.76442647,0.23342517,0.0021484315
"november retail sales rise, but growth slows",neutral,1,neutral,True,0.9932546,0.0056311986,0.9932546,0.001114234
"actavis, torrent seen top merck unit bidders paper",neutral,1,neutral,True,0.99833786,0.0002498377,0.99833786,0.0014122995
exchanges mark fords death with january 2 close,neutral,1,neutral,True,0.99918455,0.00042806254,0.99918455,0.00038730656
"fbi to warn borrowers, lenders on mortgage fraud",negative,0,negative,True,0.99402136,0.99402136,0.0056885816,0.00029002567
vivendi 2006 net adjusted profit meets target,positive,2,positive,True,0.9986671,0.00039488895,0.0009380351,0.9986671
gold miner newmonts quarterly profit soars,positive,2,positive,True,0.9991466,0.00049944053,0.0003539308,0.9991466
eu says record firms force itunes to limit access,negative,0,neutral,False,0.99893826,0.0007141367,0.99893826,0.0003476566
"accenture beats profit estimates, raises forecast",positive,2,positive,True,0.99914527,0.00049193884,0.0003628201,0.99914527
"boeing, defense firms raise profit",positive,2,positive,True,0.99923134,0.00032961534,0.00043907724,0.99923134
u.s. urges lenders to help distressed homeowners,neutral,1,neutral,True,0.9978878,0.0013550275,0.9978878,0.0007572046
"home builders horton, meritage post lower sales",negative,0,negative,True,0.99934,0.99934,0.00034469677,0.00031530744
feds bernanke money supply unstable forecaster,neutral,1,negative,False,0.9844365,0.9844365,0.014974561,0.0005888382
former westar ceo sentenced in bank fraud case,negative,0,neutral,False,0.9762589,0.022426918,0.9762589,0.0013141315
new century somber as fired employees head home,negative,0,neutral,False,0.99445736,0.005004159,0.99445736,0.00053845
apple pushes oricon to quit pc music downloads,negative,0,neutral,False,0.99712425,0.0014374768,0.99712425,0.0014382935
so cal ed signs biggest u.s. wind contract,positive,2,positive,True,0.9491263,0.0005782724,0.05029541,0.9491263
australia regulator approves suncorp-promina merger,positive,2,neutral,False,0.7878003,0.001085204,0.7878003,0.21111453
microsoft to face challenge over linux licenses,negative,0,negative,True,0.9989942,0.9989942,0.00066956837,0.0003363265
"jobless claims rise 18,000 in latest week",negative,0,negative,True,0.98415715,0.98415715,0.009632524,0.0062103844
"home depot, wal-mart roll out smaller stores",neutral,1,neutral,True,0.86443084,0.13374564,0.86443084,0.0018235149
update 4-mediaset eyes multibillion-euro prosiebensat.1 bid,neutral,1,neutral,True,0.9985417,0.00056464615,0.9985417,0.00089364755
opec may cut again at december meeting algeria,neutral,1,negative,False,0.9979062,0.9979062,0.0017948004,0.00029911796
"boeing profit tops views, but forecast disappoints",negative,0,neutral,False,0.9852917,0.0017255546,0.9852917,0.012982764
alltel steps up efforts to sell itself paper,positive,2,neutral,False,0.99813914,0.0014233678,0.99813914,0.00043751675
dell hires motorola executive for consumer unit,neutral,1,neutral,True,0.999173,0.00027908164,0.999173,0.0005479025
fed chairman bernankes testimony to congress,neutral,1,neutral,True,0.99935275,0.00037828897,0.99935275,0.00026900152
wal-mart cutting managers at sams club,negative,0,neutral,False,0.9989141,0.0007531416,0.9989141,0.00033266694
yukos receiver says chevron eyes bankrupt firm,neutral,1,neutral,True,0.9942405,0.005429622,0.9942405,0.0003297894
three year sentence asked for indonesia newmont boss,negative,0,neutral,False,0.9987112,0.00086604396,0.9987112,0.0004227656
amazon profit beats forecasts,positive,2,positive,True,0.99918836,0.00043306546,0.00037853525,0.99918836
wealthy housing markets shrug off subprime woes,positive,2,positive,True,0.92565256,0.0012589239,0.07308851,0.92565256
"global markets-oil drops below $50, stocks fall on apples view",negative,0,negative,True,0.9994106,0.9994106,0.00027355278,0.00031581547
"hercules preliminary q1 earnings, revenue rise",positive,2,positive,True,0.99922824,0.00041533422,0.00035637344,0.99922824
dow jones options trading jumps before murdoch bid,neutral,1,positive,False,0.99800557,0.00040878574,0.0015856052,0.99800557
thomas cook to buy rival mytravel,neutral,1,neutral,True,0.9990361,0.00030428817,0.9990361,0.00065962697
murdoch says may offer myspace on japan cellphones,neutral,1,neutral,True,0.9992379,0.00029691402,0.9992379,0.00046512036
"mills to weigh offer from simon, farallon",neutral,1,neutral,True,0.99920243,0.00041564993,0.99920243,0.00038191615
lockheed wins id card contract for u.s. ports report,positive,2,positive,True,0.84747964,0.0007103538,0.15181004,0.84747964
mylan raising nearly $1 billion in offerings,neutral,1,neutral,True,0.9978478,0.00052748696,0.9978478,0.0016248224
dow ends at record high texas instruments off late,positive,2,positive,True,0.99223244,0.003451327,0.0043162704,0.99223244
risks rise in credit and financial market imf,negative,0,positive,False,0.6334299,0.008108033,0.35846207,0.6334299
"alberto-culver cfo to retire, sally spin completed",neutral,1,neutral,True,0.99914455,0.00037190787,0.99914455,0.00048355942
stock options fall out of favor in u.s. paper,negative,0,negative,True,0.99822515,0.99822515,0.001463399,0.00031143005
uks prudential says rejected approach for egg,neutral,1,neutral,True,0.9900261,0.0092196865,0.9900261,0.0007542988
"greenspan changes tune, wall street cries foul",negative,0,negative,True,0.9962225,0.9962225,0.0035236892,0.00025374978
daimlerchrysler lowers stake in airbus parent,neutral,1,neutral,True,0.9963252,0.0031542487,0.9963252,0.00052060117
"smorgon, onesteel trading halted",neutral,1,negative,False,0.99138683,0.99138683,0.008128038,0.0004850856
"racing boss, ford set to unveil aston martin sale",neutral,1,neutral,True,0.9993086,0.0003300271,0.9993086,0.0003613925
uaw presses daimler to call off chrysler sale,negative,0,neutral,False,0.99756926,0.00078543357,0.99756926,0.0016452022
"yen reflects fundamentals, bears watching paulson",neutral,1,neutral,True,0.99670655,0.0021987641,0.99670655,0.0010946611
dow ends at record high,positive,2,positive,True,0.9990958,0.0005222122,0.00038201164,0.9990958
"sandisk posts quarterly loss, shares fall",negative,0,negative,True,0.99940646,0.99940646,0.00028110182,0.00031253096
icahn ends bid for reckson,negative,0,neutral,False,0.998912,0.0003454633,0.998912,0.00074260967
jj wins ruling in boston scientific patent case,positive,2,positive,True,0.99789536,0.0005189546,0.0015856441,0.99789536
update 6-russia warns europe of gas row with belarus,negative,0,negative,True,0.8036594,0.8036594,0.19532357,0.0010170562
ups says it is offering voluntary buyouts to 650 workers,negative,0,positive,False,0.59065676,0.0017669736,0.4075762,0.59065676
northwest air says close to mesaba takeover,neutral,1,neutral,True,0.9988663,0.00026532865,0.9988663,0.00086841075
bernanke says savings rates feed imbalances,neutral,1,neutral,True,0.5392965,0.45859224,0.5392965,0.0021112629
abbott to keep at least 2 diagnostics units source,neutral,1,neutral,True,0.99910635,0.00036918544,0.99910635,0.00052446016
"job growth, hourly earnings jump in december",positive,2,positive,True,0.9992036,0.00044416814,0.00035221537,0.9992036
"deltas comair, pilots union try to buy more time",neutral,1,neutral,True,0.99879324,0.00078541395,0.99879324,0.000421353
gm cuts work at 2 plants after talks fail wsj,negative,0,negative,True,0.99922574,0.99922574,0.00047304737,0.00030123198
judge refuses to block exit pay of ex-home depot ceo,negative,0,neutral,False,0.9979571,0.0007791633,0.9979571,0.0012637238
praxair first-quarter earnings climb,positive,2,positive,True,0.99919015,0.00044270148,0.0003671129,0.99919015
salmonella outbreak widens to 41 states,negative,0,negative,True,0.9822938,0.9822938,0.016801313,0.0009049292
"happy days for u.s. diners, survey finds",positive,2,neutral,False,0.94545114,0.00039250837,0.94545114,0.054156348
philips drops stroboscopic backlight for flat tvs,negative,0,neutral,False,0.99885833,0.0006394467,0.99885833,0.0005022615
sony to raise $2.5 bln in financial arm ipo paper,neutral,1,neutral,True,0.99826616,0.0009877096,0.99826616,0.0007461741
"nasdaq up on cisco, oil curbs dow disney up late",positive,2,positive,True,0.9991942,0.0004485112,0.00035726148,0.9991942
gold slides 2 percent on stock losses,negative,0,negative,True,0.9993594,0.9993594,0.00028088037,0.00035962719
"sirius, xm to offer reduced price plan after deal",neutral,1,neutral,True,0.99904984,0.0004935866,0.99904984,0.00045655572
cvs sees closing caremark merger in 1st quarter,positive,2,neutral,False,0.99897087,0.00031026622,0.99897087,0.0007188831
investors to press congress on warming,neutral,1,neutral,True,0.9991371,0.0003736396,0.9991371,0.0004893356
stocks flat midwest growth slows and oil rises,negative,0,neutral,False,0.9715493,0.022221215,0.9715493,0.006229447
nissan says 775 u.s. factory workers take buyouts,negative,0,positive,False,0.6408516,0.007557366,0.351591,0.6408516
bg says to buy connecticut power plant,positive,2,neutral,False,0.9983797,0.00019186529,0.9983797,0.0014284342
"best buy, nucor lead decline",negative,0,neutral,False,0.9665992,0.032072604,0.9665992,0.0013282332
"northrop names new cfo, names wesley bush as coo",neutral,1,neutral,True,0.99926156,0.00028701834,0.99926156,0.00045149002
"d.r. horton orders down 37 pct, spring sales weak",negative,0,negative,True,0.9993625,0.9993625,0.0002840548,0.00035346535
vw brand chief considers resigning report,negative,0,neutral,False,0.9992799,0.00043443983,0.9992799,0.00028567022
asterisk marked conrad blacks payment witness,neutral,1,neutral,True,0.99936265,0.00035686474,0.99936265,0.0002804327
charter communications posts wider quarterly loss,negative,0,negative,True,0.9993332,0.9993332,0.00033678446,0.00032993392
welch says clear new york times wont sell globe,neutral,1,positive,False,0.74690443,0.017777575,0.23531798,0.74690443
yum shares fall after downgrade,negative,0,negative,True,0.9994062,0.9994062,0.0003169673,0.00027683447
gannett may sell uk unit newsquest paper,neutral,1,neutral,True,0.99690104,0.0026383838,0.99690104,0.00046062283
ex-cendant chairman gets over 12 years in prison,negative,0,negative,True,0.88336307,0.88336307,0.10062495,0.016012006
radios stern registers to sell $83 mln in stock,neutral,1,negative,False,0.9975514,0.9975514,0.0018609016,0.00058771763
"g. thornton quits as accredited, fremont auditor",negative,0,neutral,False,0.9572189,0.042165525,0.9572189,0.0006155643
"citigroup names transactions chief, combines units",neutral,1,neutral,True,0.9992848,0.00035795092,0.9992848,0.00035723817
"gm, ford offering year-end sales incentives",neutral,1,neutral,True,0.9967529,0.00022589928,0.9967529,0.0030211299
ex-enron officials get probation after cooperating,negative,0,neutral,False,0.93219954,0.0011846117,0.93219954,0.06661585
dow 13k is no party for the overseas investor,negative,0,neutral,False,0.99856025,0.0011869413,0.99856025,0.0002528646
kellogg posts lower profit as costs climb,negative,0,negative,True,0.999326,0.999326,0.0003283473,0.00034576675
deals lift stock prices a bit,positive,2,positive,True,0.9945603,0.0002721128,0.0051676095,0.9945603
airtran extends deadline for midwest to april 11,neutral,1,neutral,True,0.99848396,0.00072785513,0.99848396,0.0007882614
bush eyeing jpmorgans ryan for treasury post,neutral,1,neutral,True,0.99888796,0.00058522867,0.99888796,0.0005267809
medimmune 3rd-qtr loss narrows drug sales rise,positive,2,negative,False,0.9993175,0.9993175,0.00036450019,0.00031794727
iata raises 2007 airline profit forecast to $3.8 bln,positive,2,positive,True,0.9991485,0.00049297174,0.00035857665,0.9991485
u.s. home builders say housing slowdown continues,negative,0,negative,True,0.99367565,0.99367565,0.0055403826,0.0007838859
factbox warren buffett at a glance,neutral,1,neutral,True,0.99930966,0.00038245285,0.99930966,0.00030798078
goodyear expects to close texas plant in early 08,negative,0,neutral,False,0.99389184,0.0010481708,0.99389184,0.0050600288
wamu tops lenders in some riskier loans wsj,negative,0,neutral,False,0.99800664,0.0013677039,0.99800664,0.00062561966
nasdaq says time up for recommended deal with lse,neutral,1,neutral,True,0.998938,0.00020130778,0.998938,0.00086073886
about.com buys consumersearch.com for $33 mln,neutral,1,neutral,True,0.9982449,0.00032807532,0.9982449,0.0014270131
china southern airlines says back in black,positive,2,neutral,False,0.99786985,0.0017533514,0.99786985,0.00037675878
apn accepts $2.2 billion independent bid,positive,2,neutral,False,0.9988073,0.00034117594,0.9988073,0.0008516207
us fcc eases path for phone companies to offer tv,positive,2,neutral,False,0.9981304,0.00043185422,0.9981304,0.0014377804
wal-mart outlines $1.1 bln in employee benefits,neutral,1,neutral,True,0.9981369,0.00045141802,0.9981369,0.0014116456
gazprom says talks with belarus fail,negative,0,negative,True,0.55588925,0.55588925,0.442538,0.0015727618
"u.s. fuel supplies surge, crude stocks fall eia",neutral,1,neutral,True,0.5766925,0.36030266,0.5766925,0.06300488
wal-mart launches new environmental initiative,neutral,1,neutral,True,0.9983583,0.00029731827,0.9983583,0.0013443305
fire at calif chevron refinery limited official,negative,0,neutral,False,0.81562585,0.18131717,0.81562585,0.0030569872
"applied materials profit triples, shares rise",positive,2,positive,True,0.99919266,0.00045366955,0.00035372225,0.99919266
warner and sony bmg invest in chinese mobile play,positive,2,neutral,False,0.99871194,0.00036259292,0.99871194,0.0009254412
smithfield foods reports lower profit,negative,0,negative,True,0.9993437,0.9993437,0.00030826457,0.00034801717
citigroup to buy bisys for $1.45 bln,neutral,1,neutral,True,0.9955739,0.0003506875,0.9955739,0.0040753777
"dean foods finds options errors, tightens forecast",negative,0,neutral,False,0.59161127,0.4054664,0.59161127,0.002922348
fed can make progress on communication bernanke,neutral,1,positive,False,0.890092,0.0013221042,0.10858591,0.890092
"stocks rise on optimism about tech, the economy",positive,2,positive,True,0.9991893,0.00044736118,0.0003632698,0.9991893
stock futures indicate higher opening,positive,2,positive,True,0.9990932,0.00048143795,0.00042540306,0.9990932
shell sells l.a. refinery to tesoro,neutral,1,neutral,True,0.99889743,0.00032924826,0.99889743,0.00077328767
producer prices signal inflation risk,negative,0,negative,True,0.9956755,0.9956755,0.0038838515,0.0004406444
pepsi bottling sees 2007 profit below view,negative,0,negative,True,0.9993705,0.9993705,0.00026386007,0.0003655768
ftc may sue to block western deal to buy giant,negative,0,negative,True,0.90773857,0.90773857,0.09045463,0.0018068381
kkr says ups bid for britains boots,positive,2,neutral,False,0.99547535,0.00019438779,0.99547535,0.004330278
ice welcomes cbots decision for talks on deal,positive,2,neutral,False,0.99909556,0.00027179217,0.99909556,0.0006326569
feds moskow does not rule out more us rate hikes,negative,0,neutral,False,0.98617804,0.005508916,0.98617804,0.008313064
"court rules for dell, microsoft in alcatel-lucent case",positive,2,neutral,False,0.98590463,0.008218936,0.98590463,0.00587647
judge extends deadline on delphi creditors talk,neutral,1,neutral,True,0.99730194,0.0011895748,0.99730194,0.0015083947
harley-davidson raises quarterly dividend,positive,2,positive,True,0.996863,0.00023824765,0.0028988114,0.996863
ibm opens business to support mortgage industry,neutral,1,neutral,True,0.99916494,0.0003345036,0.99916494,0.00050065457
merger boom gets lift,positive,2,positive,True,0.9991321,0.00036741042,0.00050051976,0.9991321
payless shares soar after quarterly sales gain,positive,2,positive,True,0.9991872,0.00044628722,0.0003665024,0.9991872
earnings and cpi to drive stocks,neutral,1,neutral,True,0.99851793,0.00028286898,0.99851793,0.0011992669
pier 1 february same-store sales fall 8.4 percent,negative,0,negative,True,0.9993606,0.9993606,0.00029376338,0.00034562062
applebees says review to take another 6-8 weeks,neutral,1,neutral,True,0.99883467,0.00065443513,0.99883467,0.0005109194
"wall st indexes climb on data sp tackles 1,500",positive,2,positive,True,0.9992048,0.00046116364,0.00033399064,0.9992048
wal-mart pays bonuses to hourly store workers,positive,2,positive,True,0.99394083,0.0003128198,0.0057463082,0.99394083
ex-coca-cola aide found guilty in trade secrets case,negative,0,neutral,False,0.5092486,0.47069135,0.5092486,0.020060048
"u.s., south korea near end of trade talks deal elusive",neutral,1,neutral,True,0.9914444,0.00157596,0.9914444,0.0069796187
delta creditors back plan filing but weigh options,neutral,1,neutral,True,0.9967443,0.0027557747,0.9967443,0.00049982476
"humana profit rises, medicare advantage helps",positive,2,positive,True,0.99920315,0.00046700382,0.00032987967,0.99920315
tribune to sell storied losing cubs team this year,neutral,1,neutral,True,0.9990088,0.00050315895,0.9990088,0.0004879976
factbox-new merger deals add to record ma year,positive,2,positive,True,0.9959571,0.00023629684,0.003806643,0.9959571
cvs/caremark profit jumps as shares rise,positive,2,positive,True,0.999175,0.00048210664,0.0003428042,0.999175
"goldman, morgan stanley seek dominion deal wsj",neutral,1,neutral,True,0.99903333,0.00035370194,0.99903333,0.0006129803
summary-boj tankan shows japan sentiment worsens slightly,negative,0,negative,True,0.99915934,0.99915934,0.00058196747,0.00025869496
mortgage woes seen holding us growth below trend,negative,0,negative,True,0.99913824,0.99913824,0.0005113156,0.0003504307
massachusetts aims to protect new century clients,neutral,1,neutral,True,0.99919647,0.00044405676,0.99919647,0.0003595246
"update 6-total q3 net profit tops forecasts, ups dividend",positive,2,positive,True,0.999212,0.00040813672,0.00037982798,0.999212
s.koreas stx to invest additional $800 mln in china,positive,2,neutral,False,0.9918887,0.00071549247,0.9918887,0.007395841
nato approval not needed for missile shield says u.s.,neutral,1,neutral,True,0.99700147,0.0003115084,0.99700147,0.0026870498
disk drive pioneer al shugart dies,neutral,1,neutral,True,0.9989976,0.0003641228,0.9989976,0.0006382115
stocks fall on slower growth fears,negative,0,negative,True,0.99943477,0.99943477,0.00027411568,0.0002910398
"jobless claims plunged 26,000 last week",positive,2,positive,True,0.9989416,0.0007335298,0.00032482282,0.9989416
gm u.s. march sales down 7.7 percent,negative,0,negative,True,0.99932003,0.99932003,0.00028959967,0.00039035396
wyeth says alzheimer program a justified long-shot,neutral,1,neutral,True,0.95528686,0.040321723,0.95528686,0.004391418
aol to announce five web broadband deals,positive,2,neutral,False,0.99915457,0.00030968586,0.99915457,0.00053578237
revlon posts third straight quarterly loss,negative,0,negative,True,0.9993247,0.9993247,0.00033462633,0.0003406767
potential buyers still eyeing palm source,neutral,1,neutral,True,0.9983511,0.00043316997,0.9983511,0.0012156712
"big three get march u.s. sales beating, toyota cheers",negative,0,positive,False,0.9990827,0.00035790584,0.00055939145,0.9990827
conocophillips earnings rise slightly,positive,2,positive,True,0.99926835,0.00039445626,0.0003372048,0.99926835
equity office approves blackstone offer,positive,2,neutral,False,0.9991097,0.00033918303,0.9991097,0.00055104634
morgan stanley taps roach as asia chairman,neutral,1,neutral,True,0.999316,0.00031080467,0.999316,0.0003731812
sec says changing compensation disclosure rules,neutral,1,neutral,True,0.999233,0.00039821048,0.999233,0.00036875086
afc enterprises ceo resigns,negative,0,neutral,False,0.99907625,0.0006047563,0.99907625,0.00031898377
"tepco, marubeni to buy mirant plants for $3.4 bln",neutral,1,neutral,True,0.99820423,0.00028557342,0.99820423,0.0015101451
eads denies part of airbus for sale,neutral,1,neutral,True,0.99927074,0.00032603112,0.99927074,0.0004032133
cvc group tables bid for sainsbury paper,positive,2,neutral,False,0.999311,0.0003859188,0.999311,0.00030306473
hedge fund has alternative plan for delphi paper,neutral,1,neutral,True,0.99916935,0.0005126026,0.99916935,0.00031802326
dow ends at record as energy up on higher crude,positive,2,positive,True,0.999166,0.0005011429,0.000332834,0.999166
siemens deal for ugs gets u.s. antitrust approval,positive,2,neutral,False,0.9488378,0.0006609507,0.9488378,0.050501216
blast hits imperial oil refinery in ontario paper,negative,0,negative,True,0.9477997,0.9477997,0.05159337,0.0006070179
fed sees cutting inflation as greatest concern,negative,0,neutral,False,0.86548495,0.002689661,0.86548495,0.13182546
banks say plan european share trading platform,neutral,1,neutral,True,0.99910283,0.0004875404,0.99910283,0.0004097436
fleetwood posts q3 loss on low housing group shipments,negative,0,negative,True,0.99938273,0.99938273,0.00029401347,0.00032316137
jobs and data to call stocks year-end tune,neutral,1,neutral,True,0.9991178,0.00029979035,0.9991178,0.00058241544
citigroup says no plans to sweeten nikko bid,neutral,1,neutral,True,0.9990767,0.00051192153,0.9990767,0.00041142775
independent record labels sign myspace deal,positive,2,neutral,False,0.9982597,0.00056414766,0.9982597,0.0011760831
chrysler spinoff seen as likely option,neutral,1,neutral,True,0.9975883,0.0009370343,0.9975883,0.001474735
"coke enterprises takes $2.9 bln charge, cuts jobs",negative,0,negative,True,0.99909866,0.99909866,0.0005250921,0.00037623828
"u.s. jobless claims rise, wholesale inventories drop",negative,0,positive,False,0.9966683,0.0017053016,0.001626425,0.9966683
philip morris challenges smoker award in top court,neutral,1,neutral,True,0.566657,0.43149248,0.566657,0.0018504574
abn asks rbs for more details as legal battle brews,negative,0,neutral,False,0.998602,0.0010137951,0.998602,0.00038429597
update 4-airbus gets go-ahead for new a350,positive,2,neutral,False,0.90790397,0.0005876519,0.90790397,0.091508284
quest software executive quits amid options probe,negative,0,neutral,False,0.99753785,0.0020737334,0.99753785,0.0003883223
"tom cruise, mgm to revive united artists studio",positive,2,neutral,False,0.9991549,0.00023003308,0.9991549,0.00061506557
barnes noble forecasts loss,negative,0,negative,True,0.99928004,0.99928004,0.00047504783,0.00024492486
airbus a380 woes push eads to q3 loss,negative,0,negative,True,0.999353,0.999353,0.0003353076,0.00031169035
circuit city cfo leaving to join petco,negative,0,neutral,False,0.99931693,0.00037391967,0.99931693,0.00030907907
"volkswagen recalls just over 300,000 passats",negative,0,negative,True,0.9989862,0.9989862,0.00062945596,0.00038434114
friedman billings to cut jobs at subprime unit,negative,0,negative,True,0.99835914,0.99835914,0.001336384,0.00030449234
vonage says wont go out of business despite verdict,negative,0,neutral,False,0.99604034,0.0007854603,0.99604034,0.0031742516
"el paso posts profit, but warns on gas output",negative,0,neutral,False,0.98650277,0.0026128527,0.98650277,0.010884333
jobless claims post surprising drop last week,positive,2,positive,True,0.9988061,0.0007285707,0.0004653288,0.9988061
"continental, american balk at pilot rest rules report",negative,0,neutral,False,0.9978587,0.0010641789,0.9978587,0.0010771089
citigroup raises offer for japans nikko by 26 pct,positive,2,positive,True,0.95223874,0.0004360367,0.04732523,0.95223874
forbes list shows rich getting richer,neutral,1,neutral,True,0.9957443,0.0003210656,0.9957443,0.0039346055
april consumer sentiment at 7-month low umich,negative,0,negative,True,0.99930453,0.99930453,0.0003817709,0.0003136752
oil rises on opec jitters after 15 pct slide,negative,0,positive,False,0.99877864,0.0008906665,0.00033063063,0.99877864
ford chief marketing officer to retire,neutral,1,neutral,True,0.9991722,0.00043413337,0.9991722,0.00039361703
bank of america could buy in midwest analyst,neutral,1,positive,False,0.9957703,0.00031985607,0.003909824,0.9957703
ntl set to bid mostly in cash for itv source,positive,2,neutral,False,0.99907386,0.0005573694,0.99907386,0.00036868823
merrill lynch eyes bid for canwest ten stake source,neutral,1,neutral,True,0.999178,0.00040034065,0.999178,0.00042164078
drugmakers face $140 bln patent loss report,negative,0,negative,True,0.99920255,0.99920255,0.0003971813,0.00040029243
airbus a380 superjumbo jet lands in u.s.,positive,2,neutral,False,0.9991689,0.000304281,0.9991689,0.0005268431
kellogg earnings up on strong sales,positive,2,positive,True,0.99919134,0.000469856,0.00033877525,0.99919134
martha stewart loss widens on charge,negative,0,neutral,False,0.7564057,0.24244907,0.7564057,0.0011452966
goldman to buy s.korea asset manager from macquarie,positive,2,neutral,False,0.9980083,0.00031660302,0.9980083,0.0016751159
coke ceo sees strong growth despite n. america lag,positive,2,positive,True,0.9990821,0.00034024208,0.0005777029,0.9990821
yahoo to provide search on viacom web sites,positive,2,neutral,False,0.99936134,0.00028769072,0.99936134,0.00035094447
cisco to buy web conference co. webex for $2.9 bln,positive,2,neutral,False,0.9986621,0.0002930705,0.9986621,0.0010448113
verizon earnings fall but wireless beats forecasts,negative,0,negative,True,0.8747149,0.8747149,0.12294511,0.0023400225
merck wins vioxx trial in alabama state court,positive,2,positive,True,0.9969227,0.0002984094,0.0027789108,0.9969227
mexican companies agree to cap tortilla prices,neutral,1,neutral,True,0.9968984,0.0004136906,0.9968984,0.0026878559
"jana asks alcoa to call off alcan bid, ponder sale",neutral,1,neutral,True,0.99919385,0.0004274636,0.99919385,0.00037860774
google enters tv ad sales market with echostar,positive,2,neutral,False,0.9987973,0.00031219245,0.9987973,0.00089048315
goodyear workers ratify three-year contract,positive,2,neutral,False,0.99280256,0.00045968403,0.99280256,0.0067377775
logitech shares fall after 2007/8 sales miss target,negative,0,negative,True,0.9994091,0.9994091,0.000255715,0.0003353124
microsoft profit rises 11 pct,positive,2,positive,True,0.9991715,0.00050291896,0.00032566657,0.9991715
update 6-schneider to buy apc for $6.1 billion,positive,2,neutral,False,0.9970188,0.00030986438,0.9970188,0.002671352
dupont flips to profit on strong pricing,positive,2,positive,True,0.9990761,0.0005044802,0.00041937781,0.9990761
u.s. april auto sales stall,negative,0,negative,True,0.9992895,0.9992895,0.000450046,0.0002603822
ibm profit rises 11 percent but shares drop,negative,0,neutral,False,0.9682598,0.0030573958,0.9682598,0.028682832
wal-mart faces must-win december after weak november,negative,0,neutral,False,0.9947918,0.0013195972,0.9947918,0.0038884822
secs cox defends compensation disclosure change,neutral,1,neutral,True,0.9987495,0.0008881634,0.9987495,0.00036231565
honda q3 up but disappoints amid tough competition,negative,0,neutral,False,0.9979006,0.0010242326,0.9979006,0.0010751609
socal grocery workers walk out of contract talks,negative,0,negative,True,0.969114,0.969114,0.028979827,0.0019061631
gm says strong euro bad for opel sales in u.s.,negative,0,negative,True,0.999358,0.999358,0.00038724337,0.00025468707
rj reynolds says no added nicotine in its cigarettes,neutral,1,neutral,True,0.99828124,0.00032601034,0.99828124,0.0013927772
us airways raises offer for delta air lines,positive,2,neutral,False,0.99884784,0.00027386248,0.99884784,0.0008783035
"sterling at 14-yr high vs weak dollar, stocks up",positive,2,positive,True,0.99917907,0.00049278047,0.00032811312,0.99917907
"williams-sonoma affirms forecast, cautious on 2007",neutral,1,neutral,True,0.92590445,0.0077697076,0.92590445,0.06632582
texas house bill avoids more scrutiny of txu sale,positive,2,neutral,False,0.9987716,0.00051546114,0.9987716,0.0007129744
take-two investors plan board takeover,negative,0,neutral,False,0.99930894,0.00036551646,0.99930894,0.00032559398
bernanke budget action needed before storm,negative,0,neutral,False,0.9990159,0.00066559395,0.9990159,0.00031847306
tci urges abn amro to back rbs group bid proposal,neutral,1,neutral,True,0.99892575,0.0006538011,0.99892575,0.00042042643
"technology, globalization changing retail landscape",neutral,1,neutral,True,0.998796,0.00063184777,0.998796,0.0005720752
january service growth strongest in 8 months,positive,2,positive,True,0.9987735,0.000621123,0.0006053965,0.9987735
wendys 4th-quarter net down 90 percent,negative,0,negative,True,0.99931073,0.99931073,0.00028084122,0.00040852712
jobs auction points to subdued gain in employment,negative,0,negative,True,0.9941883,0.9941883,0.0053032218,0.0005084543
microsoft to defer $1.5 billion in sales to third quarter,neutral,1,negative,False,0.98954844,0.98954844,0.009472253,0.000979382
"tribune looking at offers, may pursue own action",neutral,1,neutral,True,0.99913377,0.00040030174,0.99913377,0.00046588422
"stocks down on higher oil, housing woes",negative,0,negative,True,0.99943525,0.99943525,0.00030455115,0.00026023842
mexicos cemex ups bid for rinker,positive,2,neutral,False,0.9897428,0.00036070944,0.9897428,0.009896455
aids drugs sales seen topping $10 billion by 2015,positive,2,positive,True,0.998302,0.0003911534,0.0013068923,0.998302
murdochs dow bid sparks european focus on content,positive,2,neutral,False,0.99852777,0.00086588896,0.99852777,0.00060631527
nasdaqs offer for london stock exchange lapses,negative,0,neutral,False,0.9982768,0.0013319156,0.9982768,0.00039129722
new coo for citigroup,neutral,1,neutral,True,0.9969014,0.0006456776,0.9969014,0.0024529698
major economies promise to reduce imbalances,positive,2,neutral,False,0.9167349,0.0008028395,0.9167349,0.08246239
"dow jones awards bonuses to ceo, journal publisher",neutral,1,neutral,True,0.98979735,0.00028972316,0.98979735,0.009912918
zucker takes helm at nbc universal,neutral,1,neutral,True,0.99913895,0.0004337984,0.99913895,0.00042720092
stock futures signal soft start dollar drops,negative,0,negative,True,0.9993944,0.9993944,0.00035690138,0.00024866208
nasdaq says lse offer deadline extended,neutral,1,neutral,True,0.99749243,0.00027949337,0.99749243,0.0022280829
ge to buy sanyo credit for $1.1 billion,positive,2,neutral,False,0.9968303,0.00027984643,0.9968303,0.0028898853
krispy kreme posts narrower loss,positive,2,positive,True,0.99794286,0.000849739,0.0012073715,0.99794286
gasoline prices rise to $2.22/gallon survey,negative,0,positive,False,0.996698,0.0011572815,0.0021447532,0.996698
apax in lead for buyout of claires report,neutral,1,positive,False,0.973827,0.00046497158,0.025708094,0.973827
global banks to make wire transfers easier to track,positive,2,neutral,False,0.9991359,0.0005211928,0.9991359,0.00034287124
u.s. subprime spiral poses biggest investor risk lehman,negative,0,negative,True,0.99860066,0.99860066,0.0011338529,0.00026549218
"disney profit more than doubles on dvds, e sale",positive,2,positive,True,0.9991679,0.00031583454,0.00051632605,0.9991679
"bae, carlyle bid for uk nuclear dockyard source",neutral,1,neutral,True,0.9993129,0.00038764585,0.9993129,0.0002994531
ual chief says industry mergers still possible,neutral,1,neutral,True,0.9986129,0.00016268708,0.9986129,0.0012243751
fresh airbus strikes ahead of shareholder meeting,negative,0,neutral,False,0.9993175,0.0002882389,0.9993175,0.00039421115
countrywide april loans up 11 percent,positive,2,positive,True,0.9953349,0.0011568388,0.0035082712,0.9953349
mylan wins u.s. approval for zoloft generic,positive,2,positive,True,0.99911255,0.0003904211,0.00049703947,0.99911255
alcatel-lucent wins $6 bln verizon wireless deal,positive,2,positive,True,0.98073304,0.0005556506,0.018711306,0.98073304
bush to meet with detroit carmakers next week,neutral,1,neutral,True,0.9992293,0.00025731226,0.9992293,0.00051339343
chryslers u.s. sales up 2 percent,positive,2,positive,True,0.9991954,0.00047149358,0.00033310795,0.9991954
duke energy earnings fall,negative,0,negative,True,0.9993086,0.9993086,0.00030439845,0.00038701342
exclusive-myspace to speed overseas expansion in 07,positive,2,neutral,False,0.99836415,0.00019418017,0.99836415,0.0014416154
gold and silver rally as dollar ails,positive,2,positive,True,0.99900913,0.00046510968,0.0005257371,0.99900913
u.s. companies prepare for bird flu pandemic,neutral,1,neutral,True,0.9984676,0.0010343881,0.9984676,0.00049796706
barclays agrees to buy abn for $91 billion,positive,2,neutral,False,0.9969112,0.00042257606,0.9969112,0.0026661872
some consumers plan leaner holidays study,negative,0,neutral,False,0.9029473,0.09534824,0.9029473,0.0017044221
white house declines comment on stock market drop,negative,0,negative,True,0.9118039,0.9118039,0.087353535,0.00084251666
aol ceo says sales may shrink for two years -paper,negative,0,negative,True,0.9993888,0.9993888,0.00031685177,0.0002942363
mass. bill would make retailers pay for data leaks,negative,0,neutral,False,0.9824835,0.015907345,0.9824835,0.0016090904
essar bids to buy out hutchison paper,positive,2,neutral,False,0.9990632,0.00034770038,0.9990632,0.000589232
white house says u.s. economic fundamentals strong,positive,2,positive,True,0.9991472,0.00040520215,0.00044755312,0.9991472
nestle confirms $5.5 bln gerber buy from novartis,positive,2,neutral,False,0.5543036,0.0023019535,0.5543036,0.44339445
"gm to seek more cost cuts, including labor report",negative,0,neutral,False,0.997347,0.0018997977,0.997347,0.0007531776
"att profit doubles, but wireless growth lags",positive,2,neutral,False,0.9473505,0.0007507797,0.9473505,0.051898666
philips to take over u.s. peripherals maker dlo,positive,2,neutral,False,0.9986064,0.0004612647,0.9986064,0.0009323666
home depot faces shareholder proposal on strategy,neutral,1,neutral,True,0.99918205,0.0005267473,0.99918205,0.00029127212
home loan demand rises as refinancing surges,positive,2,positive,True,0.5054327,0.00731837,0.4872489,0.5054327
fire out at calif. chevron refinery 9 hrs later,neutral,1,negative,False,0.9532053,0.9532053,0.045630034,0.0011646582
automakers say need action on weak yen,negative,0,neutral,False,0.97963583,0.01753764,0.97963583,0.0028265202
consumer prices flat in november,positive,2,neutral,False,0.9975681,0.001398004,0.9975681,0.0010338299
scottish re posts loss sale deal possible in weeks,negative,0,neutral,False,0.9986827,0.00091766496,0.9986827,0.00039963765
intel quarterly profit helped by tax item,positive,2,positive,True,0.9987208,0.00042692092,0.0008522819,0.9987208
angered u.s. firm excludes thailand from new drugs,negative,0,neutral,False,0.9980794,0.0010920609,0.9980794,0.00082859327
taco bell parent says e.coli no longer in outlets,positive,2,neutral,False,0.591807,0.40687564,0.591807,0.0013173735
senior democrat says wolfowitz should step down,negative,0,neutral,False,0.99894613,0.00047215362,0.99894613,0.00058171834
"rite aid profit falls, sees coutu deal closing may",negative,0,negative,True,0.9994129,0.9994129,0.00030839912,0.00027861272
"eddie bauer profit, sales fall",negative,0,negative,True,0.99935097,0.99935097,0.00032603802,0.00032291943
"oil rallies towards $60 on nigeria, dollar",positive,2,positive,True,0.99917245,0.0004987992,0.00032879694,0.99917245
global aid ministers discuss wolfowitz controversy,negative,0,neutral,False,0.9992619,0.00045074552,0.9992619,0.00028727585
u.s. data may propel stocks higher,positive,2,positive,True,0.9992366,0.00031175753,0.00045165874,0.9992366
"jcdecaux 06 net up 4.1 pct, sees 07 revenue growth",positive,2,positive,True,0.99920195,0.00047897163,0.00031913197,0.99920195
factbox-list of 91st pulitzer prizes,neutral,1,neutral,True,0.99934167,0.00024504628,0.99934167,0.000413252
"hcc completes review, reports earnings",neutral,1,neutral,True,0.9992968,0.00033854874,0.9992968,0.00036469114
us airways ceo says delta offer stands,neutral,1,neutral,True,0.9991364,0.00040009152,0.9991364,0.00046354102
mcdonalds asia chief not satisfied with china unit,negative,0,neutral,False,0.9972249,0.0024695194,0.9972249,0.0003055841
venezuela wants majority in orinoco oil projects,negative,0,neutral,False,0.99844944,0.0004949723,0.99844944,0.0010554707
blackstone wins eop battle for $23 billion,positive,2,neutral,False,0.58575654,0.0011307924,0.58575654,0.41311264
factbox-key facts on apples new iphone,neutral,1,neutral,True,0.99923885,0.00029838784,0.99923885,0.00046283225
nvidia posts higher quarterly profit,positive,2,positive,True,0.9991763,0.0004840353,0.00033965916,0.9991763
carlyle group plans $5.5 bln bid for taiwans ase,positive,2,neutral,False,0.99892163,0.00055648695,0.99892163,0.0005219422
s.korea to phase out u.s. beef import tariffs,positive,2,positive,True,0.99787354,0.00057113625,0.001555325,0.99787354
blackberry outage blamed on new storage feature,negative,0,negative,True,0.99870145,0.99870145,0.0010015231,0.00029700153
"jobless claims fall 27,000",positive,2,positive,True,0.99875975,0.00085528794,0.00038502217,0.99875975
porsche more upbeat after vw impact boosts h1,positive,2,positive,True,0.99922466,0.0003628341,0.00041244557,0.99922466
instant view march consumer confidence slips,negative,0,negative,True,0.9993754,0.9993754,0.00030723974,0.0003173253
ohio launches probe into student loan industry,negative,0,negative,True,0.99885094,0.99885094,0.00077731075,0.0003717401
former fannie mae executives to be sued by regulator,negative,0,negative,True,0.99842346,0.99842346,0.0012459867,0.0003305326
boyd could be next casino bid target -businessweek,positive,2,neutral,False,0.999015,0.00021805389,0.999015,0.00076695986
boeing sells 39 planes to ge unit for $5.3 billion,positive,2,neutral,False,0.9988254,0.00046603594,0.9988254,0.0007086403
like it rate it. yahoo buys polling site bix.com,neutral,1,neutral,True,0.9945768,0.00022181754,0.9945768,0.005201317
update 4-radioshack sees higher quarterly net shares jump,positive,2,positive,True,0.9992107,0.00041887467,0.00037034438,0.9992107
"shell still cool on ma, pessimistic on refining",negative,0,negative,True,0.8012942,0.8012942,0.19518979,0.003515965
wall street journal names new managing editor,neutral,1,neutral,True,0.9992449,0.00029686262,0.9992449,0.0004582631
molex posts higher second-quarter net,positive,2,positive,True,0.9992046,0.00043746218,0.0003579483,0.9992046
new century cuts freddie mac tie,negative,0,neutral,False,0.99756,0.0016638989,0.99756,0.00077605154
countrywide ends no down-payment lending,negative,0,neutral,False,0.99648994,0.0015071271,0.99648994,0.0020029098
mcdonalds exploring options for boston market,neutral,1,neutral,True,0.9992254,0.0004160073,0.9992254,0.0003586087
"gnc agrees to be acquired by ares, pension plan",positive,2,neutral,False,0.9990214,0.00033729707,0.9990214,0.00064126815
federated store sales better than expected,positive,2,positive,True,0.99903834,0.0005711688,0.0003905358,0.99903834
"shares fall on tech worries, oil stocks",negative,0,negative,True,0.9994185,0.9994185,0.0003125043,0.00026904122
u.s. states oppose bailout to subprime lenders,negative,0,neutral,False,0.9615277,0.036533885,0.9615277,0.0019383983
bernanke allays subprime fears as beazer faces probe,neutral,1,neutral,True,0.8089337,0.0035437632,0.8089337,0.18752259
lasalle would plug chicago gap for bank of america,positive,2,neutral,False,0.9991321,0.0003091545,0.9991321,0.00055878033
individual investors flock to booming china shares,positive,2,positive,True,0.99895227,0.0003152224,0.0007324797,0.99895227
wendys ceo says review was boards decision,neutral,1,neutral,True,0.9992895,0.00038279762,0.9992895,0.0003277047
shares off on rate worry,negative,0,positive,False,0.5195129,0.006409043,0.47407812,0.5195129
man posts 57 pct rise in q4 operating profit,positive,2,positive,True,0.99904734,0.0006087873,0.00034388673,0.99904734
"bce to complete review in q3, may privatize",neutral,1,neutral,True,0.9988127,0.00032453254,0.9988127,0.00086273585
ohio settles suit against time warner for $144 mln,negative,0,positive,False,0.99888295,0.00057481136,0.0005422177,0.99888295
euronext sets nyse merger vote for december 19,neutral,1,neutral,True,0.9992865,0.00031534256,0.9992865,0.00039821732
home depot ties ceo pay to performance,neutral,1,neutral,True,0.99919194,0.000356668,0.99919194,0.00045140155
private equity poised for car sector breakthrough,positive,2,neutral,False,0.72683966,0.00066815986,0.72683966,0.27249214
qualcomm says regulators may probe japan business,negative,0,negative,True,0.9992379,0.9992379,0.000438429,0.00032366786
delphi posts $132 million net loss for february,negative,0,negative,True,0.9992539,0.9992539,0.00032637623,0.00041966033
"national city profit down 30 pct, mortgages hurt",negative,0,negative,True,0.9993382,0.9993382,0.00029408143,0.0003676037
tui in talks with carnival to cooperate paper,neutral,1,neutral,True,0.99854434,0.00046455997,0.99854434,0.0009910782
morgan stanley settles sex bias case for $46 mln,negative,0,positive,False,0.99823076,0.0006447954,0.0011244992,0.99823076
vodafone vows not to pay over top for hutch essar,neutral,1,neutral,True,0.9933183,0.0010519049,0.9933183,0.0056297584
strong drug sales boost novartis q1 net profit,positive,2,positive,True,0.99916065,0.00045602254,0.00038334224,0.99916065
bce dismisses buyout rumors and speculation,neutral,1,neutral,True,0.9935666,0.0004985635,0.9935666,0.0059348857
bush to meet with detroit executives next week,neutral,1,neutral,True,0.99930644,0.0002330676,0.99930644,0.0004605934
"citi to boost china staff, small business lending",positive,2,neutral,False,0.9859827,0.0003782398,0.9859827,0.013639059
levi strauss quarterly net profit rises,positive,2,positive,True,0.99923813,0.00042177676,0.000340158,0.99923813
"oil has peaked, but wheres the data",neutral,1,neutral,True,0.72288924,0.06777119,0.72288924,0.20933954
amgen 1st-quarter profit up,positive,2,positive,True,0.9991726,0.00047461598,0.00035277611,0.9991726
"nigerian oilfield sieges end, shell resumes output",positive,2,positive,True,0.9908372,0.005847202,0.0033156285,0.9908372
"new century can sell mortgages, make payments",positive,2,neutral,False,0.99911517,0.00034948715,0.99911517,0.00053540396
anywherecd sues warner music,negative,0,negative,True,0.9988795,0.9988795,0.00066973135,0.00045077392
"wellpoint net up 27 pct, but cuts enrollment view",neutral,1,positive,False,0.9955781,0.0003815556,0.0040402752,0.9955781
bahrain takes full ownership of gulf air,neutral,1,neutral,True,0.99846727,0.0002541426,0.99846727,0.0012786085
"fiat, tata still in low-cost car talks-ceo",neutral,1,neutral,True,0.99739265,0.0012142238,0.99739265,0.0013931317
consumer sentiment dips in march,negative,0,negative,True,0.99934965,0.99934965,0.00039563354,0.00025474495
microsoft eyes web ad firm 24/7 real media report,positive,2,neutral,False,0.99910337,0.000386737,0.99910337,0.00050982484
monster worldwide quarterly profit falls,negative,0,negative,True,0.9993044,0.9993044,0.00029700607,0.00039858563
worst of u.s. housing slowdown over wsj poll,positive,2,negative,False,0.99858344,0.99858344,0.0010969995,0.00031966704
wells fargo profit rises 13 pct on lending growth,positive,2,positive,True,0.9991811,0.00047356068,0.0003453586,0.9991811
murdoch says to keep wsj independent reports,neutral,1,neutral,True,0.99909306,0.00047502463,0.99909306,0.00043193405
zell revising bid for tribune report,neutral,1,neutral,True,0.9992853,0.00032349,0.9992853,0.0003912223
"airbus delays restructuring, blames a350 rift",negative,0,negative,True,0.99005616,0.99005616,0.009609855,0.0003340649
quotes from aerospace and defense summit,neutral,1,neutral,True,0.99944454,0.00024272433,0.99944454,0.0003127489
"g7 sees double, feeling force of emerging economies",neutral,1,positive,False,0.9982008,0.00046514702,0.001334066,0.9982008
wrapup 3-u.s. trade gap narrows sharply in october,positive,2,positive,True,0.99892503,0.00059047464,0.0004844492,0.99892503
broadcom says jury finds no infringement of qualcomm patents,positive,2,positive,True,0.9784154,0.00089618604,0.020688357,0.9784154
"fed changed wording as growth, inflation uncertain",neutral,1,neutral,True,0.938589,0.059391372,0.938589,0.0020196724
primedia sells 17 magazines to intermedia,neutral,1,neutral,True,0.99917907,0.00039306833,0.99917907,0.00042787328
daimler mum on report it seeks chrysler sale to gm,neutral,1,neutral,True,0.9991373,0.00036480252,0.9991373,0.0004978842
livedoor cfo gets 20-month jail term in fraud case,negative,0,negative,True,0.9950906,0.9950906,0.0032266064,0.0016828055
oracle to buy hyperion for about $3 bln ny times,neutral,1,neutral,True,0.98690736,0.0004391505,0.98690736,0.012653464
gm targets 2010 production for electric car,positive,2,neutral,False,0.9973091,0.001194455,0.9973091,0.0014964865
judge hits vonage with injunction,negative,0,negative,True,0.9850395,0.9850395,0.012843134,0.002117407
getting your report cards,neutral,1,neutral,True,0.99899346,0.00044295852,0.99899346,0.00056351995
china markets react calmly to hike,positive,2,positive,True,0.9955188,0.00052781525,0.0039533423,0.9955188
indias jet airways buys 10 boeing 787 aircraft,positive,2,neutral,False,0.99757177,0.00029964236,0.99757177,0.0021285475
great-west life snags putnam for $3.9 bln,neutral,1,neutral,True,0.99867505,0.00040744693,0.99867505,0.000917545
merrill to buy first republic for $1.8 bln,neutral,1,neutral,True,0.9985,0.00027730977,0.9985,0.0012226849
citigroup 3 pct profit gain lags rivals,negative,0,neutral,False,0.7689637,0.20273092,0.7689637,0.02830536
indexes jump as ma takes subprimes spotlight,positive,2,positive,True,0.9991228,0.00037012252,0.0005071046,0.9991228
delta seeks creditor help to fend off us air bid report,neutral,1,neutral,True,0.99736136,0.0021332325,0.99736136,0.0005054759
verizon reports strong subscriber grow,positive,2,positive,True,0.9991067,0.00046299314,0.00043027755,0.9991067
lufthansa sees eu mergers if u.s. talks fail ft,neutral,1,neutral,True,0.9982944,0.00042158377,0.9982944,0.0012839538
chrysler ceo seeks deals to boost sales abroad wsj,positive,2,neutral,False,0.9991203,0.00023230595,0.9991203,0.0006474756
hyundai motor to launch premium car in u.s. next yr,positive,2,neutral,False,0.99839264,0.00055916345,0.99839264,0.0010482356
priceline profit up on higher bookings,positive,2,positive,True,0.9991874,0.00046791704,0.0003446849,0.9991874
sallie mae options trade heavy as rumors swirl,neutral,1,neutral,True,0.9971046,0.0012264296,0.9971046,0.0016689132
"sony ships 1 mln ps3s in japan,seen missing target",negative,0,neutral,False,0.9236758,0.07058708,0.9236758,0.0057372623
"rbs, fortis, santander eye break-up bid for abn",positive,2,neutral,False,0.999151,0.0004217078,0.999151,0.00042724187
"delta, northwest in merger talks report",neutral,1,neutral,True,0.9992223,0.000274732,0.9992223,0.0005029714
microsoft hit with $1.52 billion patent suit damages,negative,0,negative,True,0.9988864,0.9988864,0.0004255938,0.00068804284
volkswagen says not interested in chrysler,neutral,1,neutral,True,0.9923052,0.00611317,0.9923052,0.0015815978
mcclatchy seen joining yahoo ad deal source,positive,2,neutral,False,0.9990809,0.00030563708,0.9990809,0.0006134949
house vote nears on exec pay bill,neutral,1,neutral,True,0.999257,0.00025994994,0.999257,0.0004830513
feds moskow says jobs growth quite solid,positive,2,positive,True,0.9992483,0.00037547786,0.0003761402,0.9992483
u.s. steel profit up weak forecast hits stock,negative,0,negative,True,0.99927026,0.99927026,0.00040020372,0.00032953388
marsh could get good price for putnam wsj,positive,2,neutral,False,0.78974587,0.00069004955,0.78974587,0.20956402
"china, at energy summit, urges oil consumers to unite",neutral,1,neutral,True,0.9991314,0.00032183956,0.9991314,0.00054678065
qwest posts quarterly profit,positive,2,positive,True,0.9991211,0.00030470465,0.0005742185,0.9991211
standard life sells entire stake in corus,neutral,1,neutral,True,0.9990683,0.00030905756,0.9990683,0.00062264793
"kkr, carlyle join race for thomson unit source",neutral,1,neutral,True,0.9991696,0.00024552963,0.9991696,0.00058492157
"centex, kb take charges",negative,0,negative,True,0.9950304,0.9950304,0.0034091491,0.0015603885
google says not encroaching on broadcasters,neutral,1,neutral,True,0.9989982,0.00030393936,0.9989982,0.00069788675
argonaut moves into bermuda by acquiring pxre,positive,2,neutral,False,0.99768937,0.00025956516,0.99768937,0.0020511746
mcafee profit rises on worldwide demand,positive,2,positive,True,0.9991757,0.0005002448,0.00032401708,0.9991757
target says no plans to sell credit card business,neutral,1,neutral,True,0.9989548,0.0005022042,0.9989548,0.00054305006
oecd g7 indicator points to improved economic outlook,positive,2,positive,True,0.9992167,0.00043288697,0.00035046256,0.9992167
germanys man launches official offer for scania,neutral,1,neutral,True,0.9992305,0.000324808,0.9992305,0.00044463127
mcdonalds feb sales top estimates,positive,2,positive,True,0.99918264,0.00047239923,0.0003448929,0.99918264
costco november same-store sales rise 5 percent,positive,2,positive,True,0.99917394,0.00048614203,0.0003398612,0.99917394
oil drops 2 pct as supply woes ease,neutral,1,negative,False,0.9993717,0.9993717,0.00027207762,0.0003562248
instant view january core prices up 0.3,negative,0,positive,False,0.99910897,0.0004481942,0.00044285008,0.99910897
warner music shares fall 8.6 pct after emi warning,negative,0,negative,True,0.9993568,0.9993568,0.00030211566,0.00034113406
event affects venezuela refinery,negative,0,negative,True,0.99343336,0.99343336,0.0062280865,0.00033858372
qantas ups profit forecast ahead of buyout vote,positive,2,positive,True,0.99917406,0.0003092731,0.00051662885,0.99917406
cummins says to more than double china sales,positive,2,positive,True,0.99883956,0.0003668525,0.0007936493,0.99883956
factory sector expands but home sales fall,neutral,1,neutral,True,0.99222106,0.005857494,0.99222106,0.0019215447
airasia to order more airbus a320s report,positive,2,neutral,False,0.91130185,0.00082475063,0.91130185,0.087873384
u.s. welcomes agreement with eu to open air market,positive,2,neutral,False,0.9931197,0.00024753273,0.9931197,0.0066327387
google to pay $3.1 bln for doubleclick ad business,positive,2,neutral,False,0.9969015,0.0005695499,0.9969015,0.0025289513
delta air lines cleared to exit bankruptcy,positive,2,neutral,False,0.9966298,0.0006327643,0.9966298,0.0027374928
servicemaster accepts $4.7 bln bid from cdr,positive,2,neutral,False,0.99888974,0.000448363,0.99888974,0.0006619131
home sales drop in 2006 biggest in 17 years,negative,0,negative,True,0.99933904,0.99933904,0.00037803405,0.00028287788
wall st ponders tilt in fed balance,neutral,1,neutral,True,0.9981976,0.0013519005,0.9981976,0.0004505401
psa and fiat launch new utility vehicles,positive,2,neutral,False,0.99909925,0.00021513693,0.99909925,0.0006856146
factbox list of the worlds 20 richest people,neutral,1,neutral,True,0.99935025,0.00028478776,0.99935025,0.00036489885
"gannett, mcclatchy, tribune plan web ad network",positive,2,neutral,False,0.9992638,0.00037929328,0.9992638,0.00035688214
housing angst and fed on stocks agenda,negative,0,neutral,False,0.9988882,0.00060922396,0.9988882,0.00050257606
hp says senate seeks mercury options details,negative,0,neutral,False,0.99930155,0.00042294123,0.99930155,0.0002755883
pepsi to introduce higher-caffeine diet cola,neutral,1,neutral,True,0.9952329,0.0011094554,0.9952329,0.0036577566
"u.s. recession cannot be ruled out, iadb warns latam",negative,0,negative,True,0.9987809,0.9987809,0.00088430516,0.00033475412
orkla says to form j-v in extrusion with alcoa,positive,2,neutral,False,0.9987079,0.00054380734,0.9987079,0.00074824475
update 2-nyse says floor trading system now operational,positive,2,neutral,False,0.5920163,0.0012213206,0.5920163,0.40676233
time warner weighs cable-tv ownership paper,neutral,1,neutral,True,0.9993167,0.00040491956,0.9993167,0.00027835698
boeing says dreamliner on schedule,positive,2,positive,True,0.8529428,0.0018845191,0.14517269,0.8529428
sec seeks more control in settlement talks report,negative,0,neutral,False,0.9971404,0.0011604746,0.9971404,0.0016991305
key dealer sees chrysler holding pickup truck share,positive,2,neutral,False,0.99721056,0.0016138471,0.99721056,0.0011755261
palm cuts forecast on treo delay,negative,0,negative,True,0.99937564,0.99937564,0.00029398725,0.0003303909
berkshire hathaways general re life gets new ceo,neutral,1,neutral,True,0.9989901,0.00049899606,0.9989901,0.0005108418
bank of new york profit tops forecast as fees rise,positive,2,positive,True,0.999065,0.00033402798,0.0006009919,0.999065
national grid says u.s. authority approves keyspan bid,positive,2,neutral,False,0.9991406,0.00024641625,0.9991406,0.00061290583
"update 3-verizon, partners to build us-china optical cable",positive,2,neutral,False,0.99916077,0.00021845436,0.99916077,0.00062077085
porsche not planning volkswagen takeover magazine,neutral,1,neutral,True,0.9991246,0.00042135216,0.9991246,0.0004540613
japan tobacco ceo a seasoned new kid on the block,neutral,1,neutral,True,0.99917704,0.00041709232,0.99917704,0.00040586342
morgan stanley auctions new century mtgs report,neutral,1,neutral,True,0.9993741,0.0003143322,0.9993741,0.00031171239
new york says grasso should return $112.2 million,negative,0,positive,False,0.84073985,0.004327603,0.15493257,0.84073985
att ceo whitacre to retire in june,neutral,1,neutral,True,0.99902153,0.00048083448,0.99902153,0.0004976758
toyota joined the big three in 2006,positive,2,neutral,False,0.9985654,0.0002940578,0.9985654,0.0011406649
vodafone says in no hurry to sell verizon stake,neutral,1,neutral,True,0.9984864,0.00071308255,0.9984864,0.00080041745
ge to seek shareholder majority vote on directors,neutral,1,neutral,True,0.99923086,0.0003630807,0.99923086,0.00040604814
wall street to open down after china shares plunge,negative,0,negative,True,0.99942267,0.99942267,0.00035198932,0.00022544446
citigroup ceo declines comment on job cuts report,negative,0,negative,True,0.9893852,0.9893852,0.010223494,0.00039137917
uks prudential says has rejected approach for egg,neutral,1,neutral,True,0.99229974,0.0071487282,0.99229974,0.00055164145
"ericsson q1 profit up 24 pct, still sees 07 growth",positive,2,positive,True,0.9991779,0.00049312686,0.0003290083,0.9991779
fremont in talks to sell subprime unit,neutral,1,neutral,True,0.9984475,0.0006743875,0.9984475,0.0008781265
hormel posts profit just shy of wall street view,negative,0,positive,False,0.9986731,0.0004917701,0.00083523104,0.9986731
coller capital in talks to buy ritchie fund,neutral,1,neutral,True,0.9988803,0.00030182648,0.9988803,0.00081775954
core inflation likely drifting down feds mishkin,positive,2,negative,False,0.55219746,0.55219746,0.22772174,0.22008081
stocks to track black friday sales,neutral,1,neutral,True,0.9993686,0.00026037276,0.9993686,0.00037102087
stocks rally after fed holds rates steady,positive,2,positive,True,0.99914765,0.00044152493,0.00041079556,0.99914765
chrysler sees sharp overseas growth,positive,2,positive,True,0.9990375,0.0005257989,0.0004367263,0.9990375
medimmune 1st-quarter profit more than triples,positive,2,positive,True,0.99912006,0.0004927817,0.00038720638,0.99912006
metlife expects 07 earnings to be below consensus,negative,0,negative,True,0.99935013,0.99935013,0.00030412502,0.00034567568
"anti-vw demo brings 15,000 to brussels streets",negative,0,neutral,False,0.9975459,0.0017655743,0.9975459,0.0006884953
deere stock hits new high on outlook,positive,2,positive,True,0.9991819,0.00049982016,0.00031824296,0.9991819
cigarette makers divided as tobacco wars resume,negative,0,neutral,False,0.9976361,0.0019040962,0.9976361,0.0004598119
tiffany holiday season same-store sales rise 7 pct,positive,2,positive,True,0.99917537,0.0004926318,0.00033191915,0.99917537
gold off 6-week low wary investors watch yen,neutral,1,positive,False,0.99037814,0.0020708358,0.0075510372,0.99037814
"fire at chevron refinery in richmond, california tv",negative,0,neutral,False,0.8692996,0.12597527,0.8692996,0.0047251233
"euro, stocks enjoy post-christmas cheer",positive,2,positive,True,0.9992017,0.00034761993,0.00045063772,0.9992017
"nasdaq falls after intels results dow, sp dip",negative,0,negative,True,0.9994281,0.9994281,0.00028243108,0.000289348
u.s. automakers could see national co2 standard,negative,0,neutral,False,0.9969693,0.00059863494,0.9969693,0.002432096
sainsbury sells 5 pct of sainsburys bank to hbos,neutral,1,neutral,True,0.9989818,0.00062225835,0.9989818,0.00039597368
frenzy of risky mortgages leaves path of destruction,negative,0,neutral,False,0.52787596,0.47056696,0.52787596,0.0015570758
gm ceo says not too worried about kerkorian,neutral,1,neutral,True,0.9981249,0.00067582406,0.9981249,0.0011992351
"halliburton, kbr split up",neutral,1,neutral,True,0.99882466,0.0007714481,0.99882466,0.00040387866
kroll to stay in iraq as it looks to sell uk unit,neutral,1,neutral,True,0.9987633,0.00069019635,0.9987633,0.0005465362
searching for the stars among fund managers,neutral,1,neutral,True,0.999345,0.00031236932,0.999345,0.00034266608
vonage shares hit new low after court ruling,negative,0,negative,True,0.999361,0.999361,0.0003075437,0.00033141772
coke reorganizes n. america beverages into 3 units,neutral,1,neutral,True,0.99818295,0.0008642883,0.99818295,0.00095280487
united artists started with artists in lead role,neutral,1,neutral,True,0.9992613,0.00036535648,0.9992613,0.0003733635
chrysler set for two new michigan plants,positive,2,neutral,False,0.99666923,0.00041458552,0.99666923,0.002916254
encore to pay $400 mln for wyoming properties,neutral,1,neutral,True,0.9983606,0.0004863579,0.9983606,0.0011529588
corrected fedex profit up but outlook disappoints stock off,negative,0,neutral,False,0.9683391,0.007321235,0.9683391,0.024339674
"shares rise on deals, oil and techs",positive,2,positive,True,0.9992174,0.0003925501,0.00039009843,0.9992174
"cott says exploring potential deals, stock jumps",positive,2,positive,True,0.9991277,0.00030921068,0.00056307175,0.9991277
prudential posts higher earnings in first quarter,positive,2,positive,True,0.9992206,0.0004275048,0.00035182858,0.9992206
french film producer sues google france,negative,0,negative,True,0.99904746,0.99904746,0.00046815633,0.00048431428
citigroup woes provoke deal speculation,negative,0,negative,True,0.97231865,0.97231865,0.026899645,0.00078174466
wrigley to raise prices an average 10 percent,positive,2,negative,False,0.7731597,0.7731597,0.1900808,0.03675947
electronic arts gains from console demand barrons,positive,2,positive,True,0.9944628,0.0003275781,0.005209663,0.9944628
oracle says to buy rival hyperion for $3.3 billion,positive,2,neutral,False,0.9983889,0.00044317835,0.9983889,0.0011679379
"federated to shut 3 distribution centers, cut jobs",negative,0,negative,True,0.9989641,0.9989641,0.00074215635,0.00029378379
nyse imposes trading curbs as stocks fall,negative,0,negative,True,0.9993228,0.9993228,0.00036853625,0.0003086923
air france and alitalia in tentative merger talks,neutral,1,neutral,True,0.9991447,0.00032815943,0.9991447,0.00052712613
us judge puts vonage injunction on hold for 2 wks,positive,2,positive,True,0.82369906,0.0039734165,0.17232752,0.82369906
metlife posts 33 percent higher earnings,positive,2,positive,True,0.9991271,0.00050454726,0.0003684056,0.9991271
another opec output cut seen raising oil price eia,neutral,1,positive,False,0.99455136,0.0022641364,0.0031844995,0.99455136
fed authorized to curb new subprime loans-lawmakers,neutral,1,neutral,True,0.99856025,0.00063309877,0.99856025,0.00080676645
"merck profit falls, hurt by charges, generic zocor",negative,0,negative,True,0.9993432,0.9993432,0.0002985352,0.00035821946
manufacturing sector growth slows in october,negative,0,negative,True,0.9993538,0.9993538,0.00033715265,0.00030899115
boeing net up sharply on jet sales,positive,2,positive,True,0.9992112,0.00046464996,0.00032410337,0.9992112
coca-cola completes purchase of philippines bottler,positive,2,neutral,False,0.9989491,0.00026608323,0.9989491,0.0007849051
feds yellen still sees inflation risks,negative,0,negative,True,0.9976299,0.9976299,0.001922219,0.00044782783
u.s. guitar maker gibson to buy china piano factory,positive,2,neutral,False,0.99904066,0.00026782491,0.99904066,0.0006914679
starbucks says in talks to settle ethiopia dispute,positive,2,positive,True,0.99519867,0.00032772738,0.0044736126,0.99519867
us nov trade gap narrows to lowest since july 05,positive,2,positive,True,0.9978022,0.0008622391,0.0013355525,0.9978022
"nikkei edges down on techs, toyota gains ground",negative,0,negative,True,0.9825126,0.9825126,0.016892735,0.000594629
saudi sabic considers bid for ge plastics source,neutral,1,neutral,True,0.99923325,0.0003519297,0.99923325,0.000414934
private equity firms to buy sabre,positive,2,neutral,False,0.9987471,0.00024119354,0.9987471,0.0010116535
open skies pact a good deal for britain government,positive,2,neutral,False,0.9896298,0.00023523807,0.9896298,0.010134924
buyout firm terra firma mulls boots bid source,neutral,1,neutral,True,0.99915004,0.0004274995,0.99915004,0.0004225105
manhattan apartment downturn short-lived report,positive,2,negative,False,0.8916783,0.8916783,0.019016583,0.08930505
new century granted $150 mln bankruptcy financing,positive,2,neutral,False,0.9925518,0.002665851,0.9925518,0.004782261
hugo boss posts rise in 2006 net income,positive,2,positive,True,0.9991986,0.00031409814,0.00048732702,0.9991986
berkshire takes 10.9 pct burlington northern stake,positive,2,neutral,False,0.9989176,0.00036599772,0.9989176,0.0007163591
"alcatel-lucent could cut 15-20,000 jobs report",negative,0,negative,True,0.9991825,0.9991825,0.0004588391,0.00035859182
"us air to meet delta, creditors thursday sources",neutral,1,neutral,True,0.9987509,0.0006490439,0.9987509,0.0006000898
harley results better than expected,positive,2,positive,True,0.9992306,0.00034180869,0.0004275521,0.9992306
radioshack sued over texas id theft law,negative,0,negative,True,0.99891496,0.99891496,0.0005664573,0.00051862275
daimlerchrysler vehicle sales up five percent,positive,2,positive,True,0.9991702,0.00044631367,0.0003835064,0.9991702
"wall st expects iger encore, disney shares fall",negative,0,negative,True,0.9993357,0.9993357,0.00044724796,0.00021704465
"lear agrees to icahn buyout, may seek other offers",positive,2,neutral,False,0.99777055,0.00024448117,0.99777055,0.001985053
banks results may sag,negative,0,negative,True,0.9993861,0.9993861,0.0003018535,0.00031200316
spy case against dunn dropped as hp investors meet,positive,2,positive,True,0.9000632,0.0016250345,0.09831173,0.9000632
"bank of america, countrywide in merger talks ft",neutral,1,neutral,True,0.99913824,0.00027615624,0.99913824,0.00058547274
"feds moskow, in china, silent on latest u.s. data",neutral,1,neutral,True,0.9972703,0.002096506,0.9972703,0.000633145
adidas to consolidate us operations,neutral,1,neutral,True,0.9990594,0.00045962862,0.9990594,0.00048107034
trw automotive quarterly earnings fall 44 pct,negative,0,negative,True,0.99934214,0.99934214,0.0002750822,0.0003827842
kraft 4th-quarter profit falls,negative,0,negative,True,0.99934024,0.99934024,0.0002801348,0.00037963118
"g7 to stay upbeat on growth, wary on currencies",neutral,1,neutral,True,0.9974685,0.00048188027,0.9974685,0.002049611
fedex upbeat on six-month economic outlook,positive,2,positive,True,0.9991654,0.0005122275,0.00032236445,0.9991654
van der moolen cuts 30 pct of wall st jobs,negative,0,negative,True,0.998978,0.998978,0.0006861787,0.00033580328
"analysts cut 2007 view on bottlers, up on bev cos",neutral,1,positive,False,0.93170846,0.03222687,0.036064733,0.93170846
cp rail declares force majeure at vancouver port,negative,0,negative,True,0.99876773,0.99876773,0.0009805413,0.0002517279
cvs still believes in its bid for caremark,positive,2,neutral,False,0.997361,0.00066218874,0.997361,0.00197672
ti cuts q4 outlook on lower-than-expected chip sales,negative,0,negative,True,0.9993678,0.9993678,0.00026426857,0.00036801954
"buffetts berkshire buys target, more jj stock",positive,2,positive,True,0.9988667,0.0002983871,0.00083499943,0.9988667
emi unlocks anti-piracy software on music,neutral,1,neutral,True,0.9990458,0.00029620825,0.9990458,0.0006579935
blackstone to buy tussauds owner,neutral,1,neutral,True,0.99909914,0.0002920409,0.99909914,0.00060879445
australias rinker says cemex offer undervalues it,neutral,1,neutral,True,0.7952909,0.20277,0.7952909,0.0019391291
airbus may extend 35-hour work week report,negative,0,positive,False,0.88647234,0.0015889057,0.11193878,0.88647234
sun to add intel as chip supplier,positive,2,neutral,False,0.9992706,0.00022237269,0.9992706,0.0005069347
motorola completes acquisition of symbol tech,positive,2,neutral,False,0.99910504,0.00023060101,0.99910504,0.00066441257
oil rises as u.s. crude inventories fall,positive,2,positive,True,0.999124,0.00054730225,0.00032871767,0.999124
"jobless claims rise, retailers warn on outlook",negative,0,negative,True,0.9984621,0.9984621,0.0012541309,0.0002837542
chrysler sale prospectus to be ready soon-sources,neutral,1,neutral,True,0.9992446,0.00030208574,0.9992446,0.00045339012
"global markets buoyant, dollar steadies",positive,2,positive,True,0.9979942,0.00030269136,0.0017031382,0.9979942
bse shortlists 5 foreign exchanges for stake paper,neutral,1,neutral,True,0.9993656,0.00032350983,0.9993656,0.00031077507
"stocks rise, led by strong tech sector",positive,2,positive,True,0.99917054,0.0004749034,0.00035458754,0.99917054
nasdaq ceo gets $18.4 mln pay,neutral,1,neutral,True,0.9975975,0.00043055846,0.9975975,0.0019720085
march job growth unexpectedly strong,positive,2,positive,True,0.9991779,0.00043444626,0.00038765243,0.9991779
dow hits a record altria tempers u.s. housing woe,positive,2,negative,False,0.9889259,0.9889259,0.0034862729,0.0075879707
new models compete at geneva car show,neutral,1,neutral,True,0.99925035,0.00030172244,0.99925035,0.000447932
office rents to rise on healthy economy report,positive,2,positive,True,0.9986873,0.00044103665,0.0008716277,0.9986873
3m posts stronger-than-expected profit,positive,2,positive,True,0.9990403,0.0006192605,0.00034036356,0.9990403
verizon-vonage patent case in hands of jury,neutral,1,neutral,True,0.99297935,0.0056813587,0.99297935,0.001339252
yum shares battered by more e. coli cases,negative,0,negative,True,0.9993724,0.9993724,0.00036833726,0.00025922438
uaw vows to fight auto industry pressure for cuts,negative,0,neutral,False,0.99669445,0.0014461338,0.99669445,0.0018594058
chinese spenders open their wallets wider,positive,2,neutral,False,0.99838114,0.00032970292,0.99838114,0.0012891609
early jan consumer sentiment jumps to 3-yr high,positive,2,positive,True,0.9991008,0.0005510601,0.00034816875,0.9991008
metlife earnings beat estimates,positive,2,positive,True,0.9992092,0.0003761034,0.00041469382,0.9992092
wyeth profit up on demand for prescription drugs,positive,2,positive,True,0.9992337,0.00042572938,0.00034054127,0.9992337
sara lee quarterly profit up raises forecast,positive,2,positive,True,0.99914503,0.0005326428,0.00032234774,0.99914503
"airtran to raise midwest bid, press board report",positive,2,neutral,False,0.9992029,0.00031922813,0.9992029,0.00047791746
wesfarmers receives support from major coles shareholder,positive,2,neutral,False,0.9932279,0.00021367939,0.9932279,0.006558455
unemployment rate lowest in 5-1/2 years,positive,2,positive,True,0.9973519,0.0015802361,0.0010678987,0.9973519
dell earnings beat wall st estimates,positive,2,positive,True,0.99920315,0.0004193407,0.00037756035,0.99920315
bp says q3 profits jump 58 pct on asset sales,positive,2,positive,True,0.99916315,0.00046223195,0.00037465862,0.99916315
daimlerchrysler sets roe target for financial unit,neutral,1,neutral,True,0.9989687,0.00052229373,0.9989687,0.00050898665
stocks fall as investors shun risk,negative,0,negative,True,0.9993699,0.9993699,0.0003051717,0.00032487002
palm working with morgan stanley on options source,neutral,1,neutral,True,0.9990447,0.00046007906,0.9990447,0.0004951715
factbox-u.s. fed policy-makers recent comments,neutral,1,neutral,True,0.99932957,0.00038821372,0.99932957,0.00028225212
check point to buy protect data for $586 mln,positive,2,neutral,False,0.9988593,0.00037157486,0.9988593,0.0007690726
ge gets $1 billion in saudi arabian orders,positive,2,positive,True,0.997343,0.00042707234,0.002229998,0.997343
icahn takes aim at motorolas zander,negative,0,neutral,False,0.9968105,0.002668523,0.9968105,0.0005208886
txu quarterly earnings rise 33 percent,positive,2,positive,True,0.9991854,0.00046752713,0.00034706836,0.9991854
mastercard quarterly earnings soar,positive,2,positive,True,0.9991805,0.00044083848,0.0003786043,0.9991805
daimler ceo wants to keep chrysler stake report,neutral,1,neutral,True,0.9991385,0.00033486306,0.9991385,0.0005267301
wci board says icahns offer not best for company,negative,0,negative,True,0.9979583,0.9979583,0.0018126247,0.000229004
"shell gets cash, promises in sakhalin-2 deal source",positive,2,neutral,False,0.9992762,0.00025748907,0.9992762,0.00046625338
gms february u.s. sales rise,positive,2,positive,True,0.9991923,0.00044608867,0.00036160465,0.9991923
lse seen running out of options as nasdaq circles,negative,0,negative,True,0.99269557,0.99269557,0.0066160574,0.0006883955
oil falls below $56 on warm winter,negative,0,negative,True,0.99935716,0.99935716,0.00027783462,0.00036506218
s.koreas lg elec to add google services to phones,positive,2,neutral,False,0.9981377,0.00038739791,0.9981377,0.0014748669
dell may offer linux as alternative to windows,positive,2,neutral,False,0.9982317,0.00088059064,0.9982317,0.0008877592
homeowners think green on improvements survey,neutral,1,neutral,True,0.99818486,0.00035826777,0.99818486,0.0014568011
onex to buy kodak health unit for up to $2.55 bln,positive,2,neutral,False,0.99582267,0.00031887053,0.99582267,0.003858463
prudential offloads egg to citigroup,positive,2,neutral,False,0.9986638,0.0008977167,0.9986638,0.0004384093
lear quarterly earnings rise seating unit leads,positive,2,positive,True,0.9992218,0.00038966662,0.0003885622,0.9992218
"bancrofts, dow jones board sued by shareholder",negative,0,negative,True,0.99918896,0.99918896,0.000504211,0.00030683138
ford slips to fourth in u.s. sales in november,negative,0,negative,True,0.9990133,0.9990133,0.00060886587,0.00037773966
sector rotation may resume jobs data ahead,neutral,1,positive,False,0.857424,0.008413445,0.1341625,0.857424
"stocks at fresh highs, yen stalls at 120 per dlr",positive,2,positive,True,0.9985147,0.0006780213,0.0008072229,0.9985147
fox business channel has deal with comcast nytimes,positive,2,neutral,False,0.99913424,0.00027306748,0.99913424,0.00059263397
limited same-store sales disappoint,negative,0,negative,True,0.9993507,0.9993507,0.00036766002,0.000281575
freddie mac reports quarterly loss,negative,0,negative,True,0.99926,0.99926,0.0004320924,0.00030787534
kerkorian bid may put chrysler in tight spot,negative,0,neutral,False,0.99873513,0.00066184415,0.99873513,0.0006029882
"techs drop on apple, chip makers",negative,0,negative,True,0.9993862,0.9993862,0.00029944704,0.00031442297
emerson quarterly earnings rise 26 percent,positive,2,positive,True,0.99921966,0.00043186898,0.0003484982,0.99921966
berkshire cuts ameriprise stake to 6 percent,negative,0,negative,True,0.5957796,0.5957796,0.4026679,0.0015524906
delta pushes ahead despite raised us air bid,positive,2,neutral,False,0.96546894,0.0016992277,0.96546894,0.032831803
bankrupt calpine gets more time to reorganize,positive,2,neutral,False,0.99841976,0.0010868,0.99841976,0.000493479
westinghouse wins massive china nuclear deal,positive,2,neutral,False,0.75906336,0.0006607853,0.75906336,0.24027584
u.s. says optimistic but realistic on trade talks,positive,2,neutral,False,0.99712104,0.0010830414,0.99712104,0.0017959503
u.s. refineries excluded from orinoco talks venezuela,negative,0,neutral,False,0.9973834,0.00215217,0.9973834,0.00046442894
sun micro drops after revenue miss,negative,0,negative,True,0.9993993,0.9993993,0.0002584094,0.0003422376
lse likely to seek alliances after nasdaq bid fails,neutral,1,neutral,True,0.99865425,0.0009917405,0.99865425,0.0003539814
isuzu may build truck plant in north america,positive,2,neutral,False,0.9963355,0.0004145459,0.9963355,0.0032500278
eds reports higher 3rd-qtr profit,positive,2,positive,True,0.9991437,0.00052194495,0.0003342771,0.9991437
lockheed gets $144 million deal for pakistan f-16s,positive,2,neutral,False,0.99741936,0.00028853083,0.99741936,0.002292095
"corrected-ford warns on u.s. industry sales, gm offers rebate",negative,0,negative,True,0.80735147,0.80735147,0.19093508,0.001713443
"visteon sees challenging 07, increases restructuring",negative,0,negative,True,0.9992293,0.9992293,0.00054651435,0.00022421677
trump entertainment profit jumps 81 pct,positive,2,positive,True,0.9991448,0.00050875655,0.00034647077,0.9991448
apple shares slip as light outlook disappoints,negative,0,negative,True,0.9994374,0.9994374,0.00028051945,0.00028214103
gm ceo sees more job cuts,negative,0,negative,True,0.9991315,0.9991315,0.00056251034,0.0003059993
jefferies settles charges over illegal gifts,negative,0,positive,False,0.99666744,0.0005247612,0.002807821,0.99666744
sony has q2 loss on battery recall,negative,0,negative,True,0.9993303,0.9993303,0.00031556067,0.00035422013
stocks climb on higher profit forecasts,positive,2,positive,True,0.9990941,0.0005744977,0.0003313482,0.9990941
yarraman says still committed to evans tate deal,positive,2,neutral,False,0.99854255,0.00053874747,0.99854255,0.0009187392
"corrected wall st seen up slightly before price, retail data",positive,2,positive,True,0.9989108,0.0004551758,0.0006340861,0.9989108
dow jones says taking no action on news corp bid,neutral,1,neutral,True,0.9985648,0.000948195,0.9985648,0.00048708176
tanox shareholders approve merger with genentech,positive,2,neutral,False,0.9764325,0.00033769212,0.9764325,0.023229748
burger king quarterly earnings rise,positive,2,positive,True,0.99924505,0.00033736872,0.00041755973,0.99924505
"timken to close brazil plant, cites autos weakness",negative,0,negative,True,0.9987141,0.9987141,0.0010416813,0.00024421603
vornado sweetens eop property bid,positive,2,neutral,False,0.9966185,0.00039425047,0.9966185,0.0029872134
buffett says dow jones takeover story not over yet,positive,2,neutral,False,0.9989675,0.0004007777,0.9989675,0.0006317523
"lennar to cut stake in venture, slashes outlook",negative,0,negative,True,0.9989287,0.9989287,0.00082059257,0.00025063727
new citigroup cfo may get nearly $10 million in 2007,neutral,1,neutral,True,0.97710264,0.00034663052,0.97710264,0.022550663
chronology-major one-day percentage falls on the nyse,negative,0,negative,True,0.9990544,0.9990544,0.0007319673,0.00021371592
"gannett, greenberg pursuing tribune reports",positive,2,neutral,False,0.99901843,0.0005066191,0.99901843,0.0004748947
fcc chief seeks to break tie on att bellsouth,neutral,1,neutral,True,0.9993344,0.00036387597,0.9993344,0.00030180535
casino stocks rise on mgm share offer,positive,2,positive,True,0.9992106,0.00038521877,0.0004042053,0.9992106
jobless claims inched up last week,negative,0,negative,True,0.5525627,0.5525627,0.11240132,0.33503592
strike at ford russia plant halts output,negative,0,negative,True,0.9990305,0.9990305,0.0006379684,0.0003315085
egypt cenbank rejects uae bid for bank bidder,negative,0,neutral,False,0.999178,0.0005876971,0.999178,0.0002342616
u.s. pump price highest since august,negative,0,positive,False,0.94005436,0.0023182526,0.057627432,0.94005436
investors bet on imclone drug despite soft quarter,positive,2,positive,True,0.9978942,0.00071831484,0.0013875284,0.9978942
dexia sees no losses from u.s. subprimes,positive,2,positive,True,0.95899826,0.029252207,0.011749493,0.95899826
wendys to buy about 19 pct of outstanding shares,positive,2,neutral,False,0.932438,0.0008849171,0.932438,0.0666771
fewer homes for sale in major u.s. cities paper,neutral,1,neutral,True,0.9989743,0.0006282397,0.9989743,0.00039747442
qualcomm jumps on china 3g expectations,positive,2,positive,True,0.9992073,0.0004387456,0.00035399536,0.9992073
dubai ports to sell u.s. operations to aig unit,neutral,1,neutral,True,0.99880624,0.0006618896,0.99880624,0.0005319125
union group balks at ual executive compensation,negative,0,neutral,False,0.9986771,0.0009692058,0.9986771,0.0003536775
whirlpool nears deal to sell hoover vacuum-source,neutral,1,neutral,True,0.9989949,0.00031698673,0.9989949,0.00068810215
aetna profit beats street view,positive,2,positive,True,0.99922585,0.00042883903,0.00034525382,0.99922585
jobs growth not as soft as feared,positive,2,positive,True,0.95867693,0.03671285,0.004610271,0.95867693
j. tobacco offers $14.7 bln for gallaher sources,positive,2,neutral,False,0.9980793,0.00049275236,0.9980793,0.0014280166
palm speculation builds as its share price rises,positive,2,positive,True,0.961404,0.0041551962,0.034440696,0.961404
"stocks surge on merger talk, yen eases",positive,2,positive,True,0.9992557,0.0003337418,0.0004105063,0.9992557
greenspan sees 1/3 probability of u.s. recession report,negative,0,negative,True,0.9992539,0.9992539,0.0004350233,0.0003109867
"top wall street jobs still elude women, minorities",neutral,1,neutral,True,0.9954905,0.0031548657,0.9954905,0.0013545906
yum brands 4th-qtr earnings top estimates,positive,2,positive,True,0.9992561,0.0003420936,0.00040185155,0.9992561
childrens place march same-store sales rise,positive,2,positive,True,0.99915254,0.000412241,0.00043515797,0.99915254
sapporo considers management buyout,positive,2,neutral,False,0.9984327,0.0006279803,0.9984327,0.0009393214
merrill lynch first-quarter earnings rise,positive,2,positive,True,0.9992285,0.0004373715,0.00033412475,0.9992285
home loan demand drops to lowest this year,negative,0,negative,True,0.9988599,0.9988599,0.00082231185,0.0003177953
qualcomm buys two chip businesses,positive,2,neutral,False,0.99594694,0.0003124171,0.99594694,0.0037406678
morgan stanley to buy ana hotels for $2.4 billion,positive,2,neutral,False,0.99878913,0.00032666992,0.99878913,0.0008842184
citigroup and wachovia results top forecasts,positive,2,positive,True,0.9992256,0.00039765076,0.0003767642,0.9992256
emc grew fastest in 3rd-qtr data storage survey,positive,2,positive,True,0.99872977,0.00033147665,0.00093877065,0.99872977
airbus ceo dropped trousers for plane deal book,neutral,1,neutral,True,0.99924916,0.00027340846,0.99924916,0.00047748245
feds lacker says economy can take more rate hikes,neutral,1,neutral,True,0.970448,0.013017007,0.970448,0.016534975
foot locker offers to buy rival for $1.2 bln,positive,2,neutral,False,0.9985215,0.00034838525,0.9985215,0.0011300566
mills says simon-farallon offer is superior,positive,2,neutral,False,0.99835783,0.0002834974,0.99835783,0.0013585993
blackrock reports higher profit,positive,2,positive,True,0.99918765,0.00044665937,0.00036573198,0.99918765
schering-plough proposes governance changes,neutral,1,neutral,True,0.99886656,0.00075607235,0.99886656,0.00037733835
intel in $1 billion vietnam plant expansion,positive,2,positive,True,0.7612138,0.0022417514,0.23654449,0.7612138
dow corning earnings rise,positive,2,positive,True,0.99920684,0.00043441742,0.0003587406,0.99920684
wal-mart fires technician who recorded phone calls,negative,0,negative,True,0.61057657,0.61057657,0.3882706,0.001152824
corrected sams club to accept mastercard credit cards wsj,positive,2,neutral,False,0.99885166,0.0007545938,0.99885166,0.00039382244
update 1-duke energy forecasts growth post-split from spectra,positive,2,positive,True,0.87287897,0.022977298,0.10414369,0.87287897
southwest airlines raises fares up to $2 each way,positive,2,positive,True,0.95514286,0.001462103,0.043394994,0.95514286
"new, old, or fake south sudans money muddle",negative,0,neutral,False,0.9984296,0.0012606877,0.9984296,0.0003096442
toyota to build $1.3 billion plant in mississippi,positive,2,neutral,False,0.9969681,0.000715676,0.9969681,0.0023162223
endemol shares boosted by murdoch interest,positive,2,positive,True,0.999218,0.00033247887,0.0004494965,0.999218
microsoft starts watershed year with vista buzz,positive,2,neutral,False,0.520111,0.0008152809,0.520111,0.4790737
wal-mart faces historic sex bias case,negative,0,negative,True,0.9957373,0.9957373,0.0034850666,0.0007776368
vodafone says full essar buy against india law ft,negative,0,neutral,False,0.94404095,0.04846515,0.94404095,0.0074939257
tolls pacific national wins a$1 billion contract,positive,2,positive,True,0.9334294,0.0010138935,0.06555666,0.9334294
applebees says fund rejects board seat offer,negative,0,neutral,False,0.9743739,0.025171982,0.9743739,0.0004541194
ge near deal to buy abbott diagnostics unit reports,positive,2,neutral,False,0.99845123,0.00020746101,0.99845123,0.0013412508
"no harrahs board decision on bids thursday, source says",neutral,1,neutral,True,0.99918145,0.00046387635,0.99918145,0.00035474834
amgen shares fall on drug setbacks,negative,0,negative,True,0.99941826,0.99941826,0.00028271688,0.00029906596
refile-update 1-alcoa shares up after strong earnings,positive,2,positive,True,0.9992262,0.00039644766,0.00037736335,0.9992262
porsche ceo says vw stake sufficient paper,neutral,1,neutral,True,0.99906296,0.0005618178,0.99906296,0.00037532192
"carnival profit rises 24 pct, tops view",positive,2,positive,True,0.9991549,0.0005331093,0.00031201515,0.9991549
bloomberg says no truth it may bid for dow jones,neutral,1,neutral,True,0.9991084,0.0003785396,0.9991084,0.000513092
rbs group unveils $98 bln rival bid plan for abn,positive,2,neutral,False,0.99913615,0.00044924713,0.99913615,0.0004145911
microsoft in talks to buy voice technology firm wsj,positive,2,neutral,False,0.9965978,0.00029328672,0.9965978,0.003108856
oil falls over 2 pct as warm weather hits u.s.,negative,0,negative,True,0.99936575,0.99936575,0.00028607805,0.00034818935
turnaround at australias coles seen as tough job,negative,0,neutral,False,0.9981673,0.0013326886,0.9981673,0.00049997447
"lehman q4 profit up on banking, trading",positive,2,positive,True,0.9991881,0.0004536755,0.00035823337,0.9991881
caremark-cvs deal clears regulatory hurdle,positive,2,neutral,False,0.78871655,0.0007770809,0.78871655,0.21050629
polo ralph lauren to buy japans impact 21,positive,2,positive,True,0.79675287,0.0008671767,0.2023799,0.79675287
indexes end lower on worries about economy and oil,negative,0,negative,True,0.99944276,0.99944276,0.00029833664,0.0002589528
"u.s. stocks gain, exxon and altria jump",positive,2,positive,True,0.9992243,0.00036743507,0.0004082264,0.9992243
"deere profit up, but sees lower 07 profit",negative,0,neutral,False,0.9952205,0.0032441546,0.9952205,0.0015353126
disney leibovitz ads aim for older family,neutral,1,neutral,True,0.99909484,0.00047690375,0.99909484,0.0004282836
big oil companies a target in new u.s. congress,negative,0,neutral,False,0.9990441,0.00040501243,0.9990441,0.0005508518
rank to sell hard rock to native american tribe,neutral,1,neutral,True,0.9992488,0.00033697623,0.9992488,0.00041418517
"cvs fourth-quarter profit, january sales climb",positive,2,positive,True,0.99915266,0.0004777453,0.00036963992,0.99915266
watch what you hold as well as what you buy,neutral,1,neutral,True,0.9992914,0.00029574923,0.9992914,0.00041282355
mistrial declared in $10 billion suit against motorola,positive,2,negative,False,0.99709415,0.99709415,0.002091562,0.00081433734
smith nephew to bid $11 bln for biomet sources,positive,2,neutral,False,0.9988889,0.00037024342,0.9988889,0.0007408698
american eagle february sales rise 16 pct,positive,2,positive,True,0.9991003,0.00051646883,0.00038325402,0.9991003
nyse plans test of real-time web quotes report,neutral,1,neutral,True,0.9992679,0.00031276935,0.9992679,0.0004193191
"scholastic results, outlook disappoint, shares drop",negative,0,negative,True,0.99942636,0.99942636,0.00030643312,0.0002672793
daimler ceo considers chrysler spinoff papers,neutral,1,neutral,True,0.9989334,0.00057848514,0.9989334,0.00048809804
u.s. medicare rejects cyberonics depression device,negative,0,neutral,False,0.9983113,0.0008017445,0.9983113,0.0008870188
"jobless claims fell 20,000 in latest week",positive,2,positive,True,0.99899083,0.0006566322,0.00035258598,0.99899083
eli lilly raises offer for icos to $2.3 billion,positive,2,neutral,False,0.9852305,0.00045392138,0.9852305,0.014315618
apple delays new operating system,negative,0,neutral,False,0.9197637,0.07885713,0.9197637,0.0013792671
usda 20 mln birds now on farms may have had bad feed,negative,0,neutral,False,0.9874594,0.011282524,0.9874594,0.0012580702
new york finds college officials held lender shares,negative,0,neutral,False,0.9992908,0.0003644164,0.9992908,0.0003447206
s.koreas sk corp. profit falls 16 percent,negative,0,negative,True,0.9993661,0.9993661,0.00028038418,0.00035346104
"hp quarterly profit quadruples, beats estimates",positive,2,positive,True,0.999178,0.00044978556,0.00037220668,0.999178
big oil profits in danger as price of crude slides,negative,0,negative,True,0.9993936,0.9993936,0.00027151103,0.0003348646
starwood hotels ousts chief executive,negative,0,neutral,False,0.9990551,0.00056397775,0.9990551,0.000381007
eds posts higher profit on new orders,positive,2,positive,True,0.99911577,0.00054036715,0.0003438762,0.99911577
isuzu denies seeking gm exit from joint diesel ops,neutral,1,neutral,True,0.99877197,0.0003251383,0.99877197,0.0009028226
ford ceo says restructuring going well,positive,2,positive,True,0.9513192,0.0009588394,0.047722,0.9513192
factbox top subprime originators in 2006,neutral,1,neutral,True,0.99929166,0.00031322605,0.99929166,0.00039509143
u.s. cable tv group withdraws from ebay ad system,negative,0,neutral,False,0.99882954,0.0008781576,0.99882954,0.0002923692
costco shares may see gains on growth story report,positive,2,positive,True,0.99924505,0.00037030535,0.00038470188,0.99924505
dubai group in talks on u.s. aviation assets source,neutral,1,neutral,True,0.9986859,0.00045736492,0.9986859,0.0008566887
washington post quarterly profit falls,negative,0,negative,True,0.9993469,0.9993469,0.0002776776,0.00037537995
rockwell automation says cfo resigns,negative,0,neutral,False,0.9988564,0.00078497344,0.9988564,0.00035868783
"joost strikes turner, sony program deals",positive,2,positive,True,0.9767362,0.0007316061,0.022532249,0.9767362
ford ceo says restructuring going pretty well,positive,2,positive,True,0.94190574,0.0010766727,0.05701753,0.94190574
"investors to push for new take two directors, ceo",negative,0,neutral,False,0.9991811,0.00048420636,0.9991811,0.0003347388
"shutterfly chairman quits, attacks sarbanes-oxley",negative,0,neutral,False,0.9977289,0.0018596376,0.9977289,0.00041153491
ford set to rename five hundred sedan taurus dj,neutral,1,neutral,True,0.9988273,0.00033385144,0.9988273,0.00083882624
nasdaq names michael oxley vice chairman,neutral,1,neutral,True,0.9992611,0.00023548669,0.9992611,0.0005033969
australias tabcorp h1 profit eases,negative,0,positive,False,0.95838875,0.030687131,0.01092413,0.95838875
marvell says committee seeks ceos removal as chair,negative,0,neutral,False,0.9991961,0.0005339423,0.9991961,0.0002698645
update 9-japan tobacco agrees to buy gallaher for $14.7 bln,positive,2,neutral,False,0.99800843,0.0002521817,0.99800843,0.0017393313
rim to restate results after options review,negative,0,neutral,False,0.9963025,0.0030288529,0.9963025,0.0006686696
pepsico sets ad campaign with changing packaging,neutral,1,neutral,True,0.9990227,0.00048016006,0.9990227,0.0004970543
liberia relaunches diamond trade after embargo ends,positive,2,positive,True,0.75079995,0.0025415742,0.24665852,0.75079995
"toy, electronics retailers in on price watch",neutral,1,negative,False,0.98152876,0.98152876,0.018025512,0.00044572793
ford delays filing quarterly report,negative,0,neutral,False,0.9989511,0.0007398444,0.9989511,0.00030897357
"mastercard to convert stock, pays ceo $22.3 million",neutral,1,neutral,True,0.99911004,0.0003250945,0.99911004,0.00056478824
"hershey profit falls, lags lowered estimates",negative,0,negative,True,0.9993293,0.9993293,0.00028029765,0.00039036988
nasdaq 4th-qtr earnings more than triple,positive,2,positive,True,0.9991351,0.00042797238,0.00043696433,0.9991351
consumer confidence slipped in october,negative,0,negative,True,0.9993511,0.9993511,0.0003218361,0.00032704082
coca-cola may bid for its largest bottler barrons,positive,2,neutral,False,0.9992181,0.00029844028,0.9992181,0.00048352423
wachovia first-quarter profit rises 33 pct,positive,2,positive,True,0.9991553,0.000519345,0.0003253735,0.9991553
clear channel communications profit beats view,positive,2,positive,True,0.9992182,0.00033912607,0.0004426217,0.9992182
asset sale helps nortel narrow quarterly loss,positive,2,positive,True,0.99253243,0.0005834844,0.0068840487,0.99253243
countrywide says subprime turmoil may harm results,negative,0,negative,True,0.99925154,0.99925154,0.00050787913,0.00024050847
americaneagle sues payless over use of brand name,negative,0,negative,True,0.9987735,0.9987735,0.000691802,0.0005346893
fashion retailer new look up for sale report,neutral,1,neutral,True,0.9991048,0.00038468017,0.9991048,0.0005104656
sun microsystems turns profit after 5 qtrs in red,positive,2,positive,True,0.66400385,0.31107107,0.024925102,0.66400385
eu says has lever over u.s. on opening air market,neutral,1,neutral,True,0.99867755,0.00033030284,0.99867755,0.0009922339
"buffett sings, strums, shops at berkshire meeting",neutral,1,neutral,True,0.9993316,0.00032055337,0.9993316,0.00034784692
corrected riverdeep close to houghton mifflin deal,neutral,1,neutral,True,0.9989569,0.00031128645,0.9989569,0.0007317814
blackstone mulls possible alliance boots bid paper,neutral,1,neutral,True,0.9991375,0.0006018115,0.9991375,0.00026057387
egl gets $36 a share management-buyout offer,positive,2,neutral,False,0.9972511,0.0002615202,0.9972511,0.0024873102
directv quarterly profit and revenue rise,positive,2,positive,True,0.99919766,0.00043666802,0.00036569903,0.99919766
chipotle 3rd-quarter earnings rise,positive,2,positive,True,0.99918157,0.00050245476,0.00031593375,0.99918157
endeavor to buy american apparel,neutral,1,neutral,True,0.9992448,0.00024600097,0.9992448,0.00050920737
"stocks may slip on wal-mart, dollar",negative,0,negative,True,0.99942076,0.99942076,0.00032853914,0.00025070162
ebay to replace china site with partnership source,neutral,1,neutral,True,0.9993117,0.00036066436,0.9993117,0.00032763946
g7 finance ministers meeting in essen,neutral,1,neutral,True,0.99929,0.00039662956,0.99929,0.0003132605
u.s. joins whistleblower case against it companies,negative,0,negative,True,0.9979044,0.9979044,0.00167973,0.0004158676
oil down 3.5 percent as opec signals stable output,negative,0,negative,True,0.99934083,0.99934083,0.0003007124,0.00035851132
skype offers phones for web and conventional calls,positive,2,neutral,False,0.9986318,0.00056855107,0.9986318,0.0007996436
fortune brands outlook misses view shares fall,negative,0,negative,True,0.9994271,0.9994271,0.00029741836,0.00027561502
"avon profit falls, more cost cuts planned",negative,0,negative,True,0.9993814,0.9993814,0.0003227772,0.00029587175
subprime jitters subside as funding found,positive,2,positive,True,0.99709,0.0014389409,0.0014710597,0.99709
"renault, nissan not interested in chrysler wsj",neutral,1,neutral,True,0.99420726,0.004855924,0.99420726,0.0009367226
petrochina may hike spending by a fifth in 2007,positive,2,positive,True,0.99747723,0.0004328195,0.0020899368,0.99747723
gap to offer limited-edition designer collection,positive,2,neutral,False,0.99918586,0.00033013138,0.99918586,0.00048393535
bernanke urges china to let yuan rise,neutral,1,neutral,True,0.9971769,0.0018148614,0.9971769,0.0010082938
strong lucent q4 results lift alcatel spirits,positive,2,positive,True,0.9992495,0.00038507103,0.00036543267,0.9992495
home depots fernandez to resign as general counsel,neutral,1,neutral,True,0.99928826,0.00040826766,0.99928826,0.00030348182
"delta air sees profit swing, lower debt",positive,2,positive,True,0.9991371,0.00038771715,0.00047522274,0.9991371
toyota expects sales to rise in europe in 07,positive,2,positive,True,0.9992731,0.00033735437,0.00038953946,0.9992731
troubled waters for industry as key season opens,negative,0,negative,True,0.984195,0.984195,0.015437227,0.0003677992
ex-aig boss pitched nytimes bid to morgan stanley,neutral,1,neutral,True,0.9993093,0.00037022308,0.9993093,0.00032043253
virginia set to end retail electric competition,negative,0,neutral,False,0.9973029,0.00039215348,0.9973029,0.0023048217
"existing home sales off in 40 states, slide nationwide",positive,2,negative,False,0.99929607,0.99929607,0.00033576594,0.00036812387
wal-mart extends price cuts to small appliances,negative,0,neutral,False,0.5685584,0.004234386,0.5685584,0.4272072
hong kong superman li ka-shing cashes in,neutral,1,neutral,True,0.9988477,0.0005513857,0.9988477,0.0006008572
"viacom in $1 billion copyright suit versus google, youtube",negative,0,negative,True,0.99885786,0.99885786,0.0004374322,0.00070471806
toyama chemical begins u.s. trials of bird flu drug,positive,2,neutral,False,0.9957152,0.0006918227,0.9957152,0.0035930388
bain capital offers $3.5 bln for s.africas edcon,positive,2,neutral,False,0.997347,0.00072533655,0.997347,0.0019275658
german retail sales suffers surprise fall in march,negative,0,negative,True,0.99939144,0.99939144,0.00029876572,0.00030974418
private equity in $22 bln alliance boots bid battle,positive,2,neutral,False,0.9990471,0.00043490878,0.9990471,0.000518003
pepsico posts higher profit,positive,2,positive,True,0.9991543,0.0005020786,0.00034359182,0.9991543
new york times shares undervalued barrons,positive,2,negative,False,0.95178527,0.95178527,0.018133828,0.030080937
justice dept. looking into past kb home options,negative,0,neutral,False,0.99927896,0.00045281483,0.99927896,0.0002682661
universal health quarterly profit rises,positive,2,positive,True,0.9992366,0.0003651949,0.0003981963,0.9992366
"for u.s. stocks, consumers rule",neutral,1,neutral,True,0.9980128,0.0012625161,0.9980128,0.0007247054
"abbott to buy kos, become hdl-cholesterol leader",positive,2,neutral,False,0.99599886,0.00019917324,0.99599886,0.0038020948
costco march same-store sales up 6 pct,positive,2,positive,True,0.9991543,0.00052456534,0.00032112,0.9991543
"indexes end higher on retailers, financials",positive,2,positive,True,0.99923706,0.00035885785,0.00040407394,0.99923706
micron posts quarterly loss on memory weakness,negative,0,negative,True,0.99935526,0.99935526,0.00033702707,0.0003076801
blackstone to buy equity office,positive,2,neutral,False,0.9988845,0.00033081675,0.9988845,0.0007847522
"for stocks, earnings may offset jobs",positive,2,negative,False,0.9975261,0.9975261,0.0022463717,0.00022750325
stocks may slip on wal-mart sales,negative,0,negative,True,0.9993974,0.9993974,0.0003614839,0.00024112975
openwave says its reviewing harbinger proposal,positive,2,neutral,False,0.99931395,0.000332448,0.99931395,0.0003535773
uaw union mulls bid for daimlerchrysler wsj,neutral,1,neutral,True,0.9991742,0.0004595221,0.9991742,0.0003662917
cephalon says its painkiller works for nerve pain,positive,2,neutral,False,0.9923814,0.0009776078,0.9923814,0.006640908
housing woes not affecting economy paulson,positive,2,neutral,False,0.9895326,0.0071239206,0.9895326,0.003343485
mastercards margin warning sinks stocks,negative,0,negative,True,0.9993955,0.9993955,0.00033540087,0.00026913104
newspaper help-wanted ads edge up in october,positive,2,neutral,False,0.99594915,0.00071464875,0.99594915,0.00333626
update 3-marsh mclennan 3rd-qtr earnings more than double,positive,2,positive,True,0.9990325,0.00035932026,0.000608246,0.9990325
enrons causey gets 5-year prison sentence,negative,0,negative,True,0.9555204,0.9555204,0.036573704,0.007905882
cingular seen providing service for apple phone report,positive,2,neutral,False,0.99903,0.0003287209,0.99903,0.0006413578
tellabs cuts 4th-quarter revenue forecast,negative,0,negative,True,0.9993598,0.9993598,0.00027412045,0.0003661119
u.s. stocks seen opening higher,positive,2,positive,True,0.9992017,0.0003658924,0.0004324443,0.9992017
nervous neighbors eye california subprime lender,negative,0,neutral,False,0.9978125,0.0015058122,0.9978125,0.0006816639
southwest air earns dip as fuel costs rise,negative,0,negative,True,0.999316,0.999316,0.0004582968,0.00022577174
vornado out blackstone poised to buy equity office,positive,2,neutral,False,0.99915135,0.00034034648,0.99915135,0.00050834083
"boeing, lockheed in saudi fighter jet talks, newspaper says",positive,2,neutral,False,0.9990814,0.00046243746,0.9990814,0.00045613182
gap posts lower q3 profit,negative,0,negative,True,0.9992829,0.9992829,0.00029965435,0.00041755757
oil falls below $60 as inventories rise,negative,0,negative,True,0.9993536,0.9993536,0.00028211417,0.00036436282
"oil rises, ends steepest slide in 2 years",positive,2,positive,True,0.9989317,0.0007085002,0.0003598018,0.9989317
wall street to get single watchdog in merger,neutral,1,neutral,True,0.99907374,0.00045801228,0.99907374,0.0004681711
new home sales fall 3.9 percent,negative,0,negative,True,0.9992471,0.9992471,0.00039436008,0.0003585305
ny times invites critics to make presentations report,neutral,1,neutral,True,0.9992248,0.00045558732,0.9992248,0.0003195662
u.s. business demand increases nabe,positive,2,positive,True,0.9990546,0.00046158556,0.0004838591,0.9990546
kerkorians tracinda to raise mgm mirage stake,positive,2,neutral,False,0.999183,0.00031407914,0.999183,0.0005028792
oil surges past $61 on opec cuts,positive,2,positive,True,0.9991571,0.00052777026,0.00031521998,0.9991571
"hess, bhp billiton, repsol to buy anadarko site",positive,2,neutral,False,0.99895275,0.0002855225,0.99895275,0.00076170784
global factory growth at 14-month low in oct,negative,0,negative,True,0.9993236,0.9993236,0.00034869203,0.0003277074
home depots nardelli out after year of criticism,negative,0,neutral,False,0.99214023,0.0074196476,0.99214023,0.00044005568
citic buys nations kazakh oil for $1.9 billion,positive,2,neutral,False,0.99487996,0.00033385615,0.99487996,0.0047862157
warner music says emi offer likely to be in cash,positive,2,neutral,False,0.99932575,0.00032468812,0.99932575,0.00034948345
ge in $1.9 bln deal for oilfield equipment maker,positive,2,neutral,False,0.99831414,0.000349663,0.99831414,0.0013362454
wachovia unit to buy european credit management,positive,2,neutral,False,0.999141,0.0003782788,0.999141,0.00048065837
"existing home sales, consumer confidence up",positive,2,positive,True,0.9991221,0.00040996162,0.00046799486,0.9991221
oil rises amid sliding u.s. gasoline stocks,positive,2,positive,True,0.99908686,0.00041838005,0.00049476424,0.99908686
indexes gain as investors snap up financials,positive,2,positive,True,0.99887246,0.00030111225,0.00082640955,0.99887246
thomson in talks to buy reuters,neutral,1,neutral,True,0.9915236,0.0003789862,0.9915236,0.008097466
u.s. investor fuels concern on china stocks,negative,0,negative,True,0.9993637,0.9993637,0.00041471186,0.00022158405
capgemini to buy it firm kanbay intl for $1.25 bln,positive,2,neutral,False,0.99903286,0.00030835063,0.99903286,0.0006587827
fed seen holding rates steady as economy slows,neutral,1,neutral,True,0.9630622,0.033880986,0.9630622,0.003056832
cisco profit rises as internet traffic grows,positive,2,positive,True,0.9991679,0.00050641375,0.00032564305,0.9991679
mattel profit rises elmo and barbie rule,positive,2,positive,True,0.9992391,0.0004218588,0.00033907683,0.9992391
ap in talks to buy pathmark for about $653 million,neutral,1,neutral,True,0.9972005,0.0003379739,0.9972005,0.002461547
microsoft to buy medical info search company,positive,2,neutral,False,0.99738306,0.00028293685,0.99738306,0.0023339074
"staples profit rises, sales measure disappoints",neutral,1,neutral,True,0.97893494,0.0010945012,0.97893494,0.019970566
amr chief executive receives $5.4 mln for 2006,neutral,1,neutral,True,0.9986847,0.0003029629,0.9986847,0.0010122464
microsoft net profit tops forecasts,positive,2,positive,True,0.99914646,0.00049960415,0.00035386378,0.99914646
"analyst says magna, partner make chrysler bid",neutral,1,neutral,True,0.99866474,0.00050818775,0.99866474,0.0008270418
"chrysler, ford u.s. sales tumble in february",negative,0,negative,True,0.9993357,0.9993357,0.00027910818,0.00038510864
"u.s. group sues nokia, samsung over bluetooth",negative,0,negative,True,0.9990326,0.9990326,0.0005072211,0.00046020932
microsoft debuts first new windows since 2001,positive,2,neutral,False,0.9942415,0.0009961514,0.9942415,0.0047623264
blockbuster in talks to buy movielink source,neutral,1,neutral,True,0.998111,0.00031469148,0.998111,0.001574298
bernanke chinese stock of u.s. debt not problematic,positive,2,neutral,False,0.89556867,0.008773913,0.89556867,0.0956575
dws says chrysler spin-off should remain option paper,neutral,1,neutral,True,0.99740726,0.0016267783,0.99740726,0.0009659851
carlyle eyeing bid for merck generics unit source,neutral,1,neutral,True,0.9992053,0.0003448703,0.9992053,0.00044984926
"fpl, constellation scrap $12.5 billion merger",negative,0,negative,True,0.5194684,0.5194684,0.4776458,0.0028857484
policymakers upbeat on world growth,positive,2,positive,True,0.9992448,0.00042016487,0.00033510287,0.9992448
"lockheed wins 2 pentagon contracts for f-16, f-22",positive,2,neutral,False,0.9736206,0.00058384787,0.9736206,0.025795566
abn to hear other bids but recommends barclays deal,neutral,1,neutral,True,0.99896586,0.0004081733,0.99896586,0.00062596455
goodyear results top forecasts,positive,2,positive,True,0.9991787,0.0004059756,0.00041523954,0.9991787
"u.s., s.korea eye deadline, lawmakers in trade deal",neutral,1,neutral,True,0.99811697,0.0005219778,0.99811697,0.001361008
"ibm raises dividend, stock buyback",positive,2,positive,True,0.9991881,0.00035888414,0.00045296797,0.9991881
retail sales rise in march,positive,2,positive,True,0.9991672,0.00043806847,0.00039470065,0.9991672
coal mining shares fall as foundation cuts outlook,negative,0,negative,True,0.99943024,0.99943024,0.00030861277,0.00026118642
daimlerchrysler u.s. feb sales down 8 percent,negative,0,negative,True,0.99933237,0.99933237,0.00031564533,0.0003518609
premier agrees to sell its stake in coles,neutral,1,neutral,True,0.99743325,0.00024984425,0.99743325,0.0023169718
neustar acquires followap for $139 million,positive,2,neutral,False,0.99830735,0.00038508847,0.99830735,0.0013075573
citic bank readies $5.7 billion hk/shanghai ipo sources,positive,2,neutral,False,0.997865,0.0008747673,0.997865,0.0012601888
oil climbs above $59 on supply threats,positive,2,positive,True,0.99914384,0.0005306714,0.00032549797,0.99914384
wal-mart sticks by profit forecast,positive,2,positive,True,0.985194,0.001913573,0.012892368,0.985194
"mcdonalds plans latin america sale, earnings up",positive,2,positive,True,0.9991341,0.00028692672,0.0005790165,0.9991341
emi highlights regulatory concerns over warner bid,negative,0,neutral,False,0.81649864,0.18201183,0.81649864,0.0014894977
carlos ghosn still open to north american partner,neutral,1,neutral,True,0.99781466,0.00036314057,0.99781466,0.0018221661
"honda to recall 45,335 civic hybrids worldwide",negative,0,negative,True,0.99856406,0.99856406,0.0010799336,0.0003560759
key facts about the worlds top aluminum producers,neutral,1,neutral,True,0.9993285,0.00022446708,0.9993285,0.00044707285
goodyear sees production increasing after strike,positive,2,positive,True,0.9989021,0.0007217407,0.00037614978,0.9989021
"nuvelo, bayer say alfimeprase drug trial fails",negative,0,negative,True,0.998323,0.998323,0.0014104762,0.00026647904
fertility industry booms online,positive,2,neutral,False,0.99321425,0.0015562627,0.99321425,0.0052294824
u.s. mortgage applications rose last week mba,positive,2,positive,True,0.99622643,0.00062996417,0.0031435625,0.99622643
nokia says iphone quite interesting report,neutral,1,positive,False,0.56345123,0.0006589972,0.43588972,0.56345123
"saudi prince, gates bid to take four seasons private",positive,2,neutral,False,0.99926406,0.0003041255,0.99926406,0.00043184898
"att, yahoo partnership at risk paper",negative,0,negative,True,0.9977227,0.9977227,0.0020069333,0.00027032135
alcoa to make hostile bid for alcan,positive,2,neutral,False,0.9967803,0.0027899474,0.9967803,0.00042974734
wall street seen opening flat in directionless trade,neutral,1,neutral,True,0.9929301,0.006152133,0.9929301,0.0009177945
"sina profit falls on charges, ads send revenue up",negative,0,negative,True,0.7920883,0.7920883,0.20251913,0.005392566
u.s. clears pfizers celebrex for arthritis in kids,positive,2,positive,True,0.98722166,0.0006843017,0.0120939845,0.98722166
bank of america sues over lasalle sale,negative,0,negative,True,0.99921334,0.99921334,0.0003748038,0.00041178984
us durable goods orders surge in september,positive,2,positive,True,0.99919695,0.00042045236,0.00038256217,0.99919695
starbucks defends business with poor farmers,neutral,1,neutral,True,0.9987099,0.0006808171,0.9987099,0.00060927327
corrected barclays agrees $91 bln abn buy,positive,2,positive,True,0.5449272,0.0031857016,0.4518871,0.5449272
us airways ceo arrested on drunk driving suspicion,negative,0,neutral,False,0.98765767,0.01128756,0.98765767,0.0010548369
pfizer elects new lead director of board,neutral,1,neutral,True,0.9992593,0.00031198616,0.9992593,0.0004287062
"northrop profit rises, takes legal charge",neutral,1,positive,False,0.9976695,0.00035765342,0.0019728534,0.9976695
criminal charges possible in loan probe cuomo,negative,0,negative,True,0.9957754,0.9957754,0.0031814538,0.0010432292
tesco increasingly encouraged by u.s. prospects,positive,2,positive,True,0.99926895,0.0003746063,0.00035643723,0.99926895
google ceo discounts mergers,neutral,1,neutral,True,0.9990938,0.00020754123,0.9990938,0.0006985968
l.a. times staff uncertain about new owner,negative,0,neutral,False,0.9983853,0.0012771576,0.9983853,0.000337524
"techs fall on intel, cisco apple on tap",negative,0,negative,True,0.99938536,0.99938536,0.00034586695,0.00026881462
bies says u.s. lenders should tighten standards,negative,0,neutral,False,0.9879935,0.010781267,0.9879935,0.0012251893
eu warns microsoft of possible further fines,negative,0,negative,True,0.9991642,0.9991642,0.000495852,0.0003399133
gms lutz says mortgage meltdown hits auto sales,negative,0,negative,True,0.9991398,0.9991398,0.0005738414,0.00028628248
dow at record as exxon rises oracle hits tech,positive,2,positive,True,0.9991831,0.0004800641,0.00033680984,0.9991831
family dollar still unable to file annual report,negative,0,neutral,False,0.99878055,0.0009586632,0.99878055,0.0002607121
vodafone pleases as earnings top forecasts,positive,2,positive,True,0.9992072,0.00042569148,0.0003671696,0.9992072
uk relaxed about foreign ownership of lse balls,neutral,1,neutral,True,0.9986027,0.0002651592,0.9986027,0.001132216
update 2-john wiley sons to buy blackwell publishing,positive,2,neutral,False,0.99908066,0.0002825788,0.99908066,0.00063670403
"strong economy boosts european currencies, stocks",positive,2,positive,True,0.99920803,0.00041497697,0.00037705505,0.99920803
"sprint gives tepid 2007 outlook, shares drop",negative,0,negative,True,0.99946207,0.99946207,0.00026632196,0.00027162337
merged exchange nyse euronext starts trading in paris,neutral,1,neutral,True,0.99845576,0.00058379036,0.99845576,0.0009604055
"permira, tpg in race for matsushitas jvc -sources",neutral,1,neutral,True,0.9989116,0.00032572442,0.9989116,0.00076267734
kerkorian sold gm shares to avoid long fight wsj,negative,0,neutral,False,0.98299927,0.016260259,0.98299927,0.0007405207
wto chief says large countries signal flexibility,positive,2,neutral,False,0.99926585,0.000380103,0.99926585,0.00035407048
"exxon mobil profit dips on lower gas prices, margins",negative,0,negative,True,0.99936706,0.99936706,0.00028178078,0.00035117782
wall street journal wins public service pulitzer,neutral,1,neutral,True,0.99016494,0.00030658068,0.99016494,0.009528577
google said ready to buy adscape,positive,2,positive,True,0.9697341,0.00041053386,0.029855357,0.9697341
"stocks on short leash with fed, cpi",neutral,1,neutral,True,0.99798787,0.0010573972,0.99798787,0.0009547299
key dealer says ford not defending truck franchise,negative,0,neutral,False,0.99858105,0.00086079567,0.99858105,0.00055812637
kodak posts smaller quarterly loss,positive,2,positive,True,0.9962691,0.0015141129,0.0022168076,0.9962691
"husky energy fourth quarter profit, revenue fall",negative,0,negative,True,0.9993475,0.9993475,0.00032052028,0.00033200037
utstarcom investigating equity award grants,negative,0,neutral,False,0.9922518,0.007373251,0.9922518,0.0003749203
blockbuster in talks to sell intl units,neutral,1,neutral,True,0.9985512,0.00025319913,0.9985512,0.0011956337
daimler to see bidders but not kerkorian report,neutral,1,neutral,True,0.99918276,0.00040303828,0.99918276,0.0004142113
napster says results should beat forecast,positive,2,positive,True,0.99924964,0.0004157418,0.00033461303,0.99924964
feng shui investors brace for year of fire on water,neutral,1,negative,False,0.99365187,0.99365187,0.005935392,0.0004126305
us stocks rise on view election will bring gridlock,positive,2,positive,True,0.9992149,0.0003266565,0.00045839997,0.9992149
"buffetts berkshire adds to lowes, nike stakes",positive,2,neutral,False,0.97818965,0.002684588,0.97818965,0.019125748
corrected gm swings to profit in fourth quarter,positive,2,positive,True,0.9933315,0.0038429142,0.0028255943,0.9933315
sec says ex-hollinger intl exec to pay $28.7 mln,negative,0,neutral,False,0.9248353,0.06291492,0.9248353,0.012249817
clear channel bidders suggest sweeter offer source,positive,2,neutral,False,0.99915123,0.00046862577,0.99915123,0.00038016328
virgin atlantic says still interested in rival bmi,neutral,1,neutral,True,0.99899787,0.0003654687,0.99899787,0.000636647
philip morris makes full $3.5 bln states payment,neutral,1,neutral,True,0.9967564,0.0003237554,0.9967564,0.0029198364
gm asia pacific chief sees india leading growth,positive,2,positive,True,0.99907196,0.0003124371,0.0006156204,0.99907196
mortgage rates drop for 4th straight week,positive,2,positive,True,0.96931994,0.0049149683,0.025765097,0.96931994
cablevision shareholder considers u.s. court route,negative,0,neutral,False,0.99800056,0.0015890751,0.99800056,0.0004103337
"u.s. april jobs growth softens, unemployment rises",negative,0,negative,True,0.99917895,0.99917895,0.0005313225,0.00028972092
humana quarterly earnings fall 15 percent,negative,0,negative,True,0.9993905,0.9993905,0.0002918137,0.0003177377
wal-mart ceo scott earned $23 million last year,neutral,1,positive,False,0.920674,0.0010579308,0.07826811,0.920674
dec factory orders up 2.4 pct,positive,2,positive,True,0.99915564,0.00055311143,0.00029119558,0.99915564
occidental ceo got more than $400 million in 2006,neutral,1,neutral,True,0.825429,0.00094667263,0.825429,0.1736243
wal-mart says finds no evidence of surveillance,neutral,1,neutral,True,0.99731773,0.00053834793,0.99731773,0.002143879
merrill lynch profits rise 68 pct,positive,2,positive,True,0.99912435,0.00043725566,0.0004383717,0.99912435
"dell expects to hike china output, market share",positive,2,positive,True,0.9990839,0.00045041318,0.0004656549,0.9990839
asian leaders to wind up summit with energy pact,neutral,1,neutral,True,0.99917954,0.00019981158,0.99917954,0.000620563
imf avoids specific proposal as quota talks start,neutral,1,neutral,True,0.9991423,0.00048244317,0.9991423,0.00037523598
jcdecaux sa eyeing clear channel outdoor wsj,neutral,1,neutral,True,0.99839264,0.00045817802,0.99839264,0.0011491417
u.s. gasoline price up for 1st time in 3 months,negative,0,positive,False,0.9152655,0.07659222,0.008142279,0.9152655
feds moskow inflation biggest risk to u.s. economy,negative,0,negative,True,0.9990619,0.9990619,0.000705022,0.0002330986
"mizuho securities and shinko sec to merge, sources say",neutral,1,neutral,True,0.9989341,0.0005713759,0.9989341,0.0004945775
"dow, sp rise with oil, motorola",positive,2,positive,True,0.9991959,0.00048776998,0.00031639234,0.9991959
google execs to get up to $1.5 mln more in bonuses,neutral,1,positive,False,0.8582335,0.0011697421,0.1405967,0.8582335
gm set to detail shift to fuel-saving technology,positive,2,neutral,False,0.9990527,0.00036580468,0.9990527,0.00058141915
jj to acquire conor medsystems for $1.4 bln,positive,2,neutral,False,0.9990901,0.00030816047,0.9990901,0.00060187344
kfc to switch to no-trans-fat frying oil,positive,2,neutral,False,0.9970151,0.0012620018,0.9970151,0.0017229503
northwest to award 4.9 pct stake to management,neutral,1,neutral,True,0.998862,0.0003457701,0.998862,0.0007921828
royal bank of canada fourth-quarter earns jump,positive,2,positive,True,0.9992073,0.00032744155,0.00046528265,0.9992073
bhp shares surge after buyback announcement,positive,2,positive,True,0.99917966,0.00044568122,0.00037463644,0.99917966
"february payrolls up 97,000",positive,2,positive,True,0.99917454,0.00052613794,0.0002992849,0.99917454
nbc universal chooses new ceo for digital age-paper,neutral,1,neutral,True,0.9992811,0.00043558975,0.9992811,0.00028328798
blue chips dip despite deals,negative,0,negative,True,0.9989274,0.9989274,0.00085057213,0.00022200755
general dynamics wins major government contract,positive,2,neutral,False,0.69910055,0.0019214909,0.69910055,0.29897803
"visa talks up mobile payments, invests in wireless",positive,2,neutral,False,0.99771404,0.00033154432,0.99771404,0.0019543336
goldman earnings rise to a record,positive,2,positive,True,0.99915195,0.00051718217,0.00033085264,0.99915195
u.s. house readies tax bill to move wage hike,neutral,1,neutral,True,0.99850744,0.00067203905,0.99850744,0.00082049443
"oil slides below $59, opec mulls cuts",negative,0,negative,True,0.9993794,0.9993794,0.0002635013,0.00035700755
"news corp., liberty media deal seen next week source",neutral,1,neutral,True,0.9988788,0.00032263575,0.9988788,0.00079855026
electronic arts warns on 2008 profit shares drop,negative,0,negative,True,0.99940777,0.99940777,0.00027693287,0.00031541634
reckson board rejects $4.3 billion icahn bid,neutral,1,neutral,True,0.9814223,0.01800768,0.9814223,0.00057004485
blockbuster may buy movielink wsj,neutral,1,neutral,True,0.88629395,0.00079697894,0.88629395,0.1129091
online gaming firm 888 says in tie-up talks,neutral,1,neutral,True,0.99904865,0.00036860656,0.99904865,0.0005827852
conoco left out of venezuelas orinoco deals,negative,0,neutral,False,0.9978684,0.0013483639,0.9978684,0.00078314357
feds lacker says inflation still his main concern,negative,0,neutral,False,0.99074334,0.008630587,0.99074334,0.0006260621
wal-mart to score electronics environmentally,neutral,1,neutral,True,0.99920493,0.00035624445,0.99920493,0.00043882534
corrected duke energy earnings fall on real estate,negative,0,negative,True,0.9993237,0.9993237,0.00037641262,0.00029988503
ghosn says time not right for american partner,neutral,1,neutral,True,0.9976404,0.0019425189,0.9976404,0.00041703548
cisco sues apple for iphone trademark infringement,negative,0,negative,True,0.99903333,0.99903333,0.0004087638,0.0005579482
hiring surprisingly strong in november,positive,2,positive,True,0.99892765,0.00042230648,0.00065005023,0.99892765
chrysler executive sees closer ties with mercedes,positive,2,neutral,False,0.9989586,0.00040263133,0.9989586,0.0006387255
drug reviewers question pfizer pain drug data,negative,0,negative,True,0.95667875,0.95667875,0.04251446,0.00080674206
"fedex profit hit by economy, but beats street view",neutral,1,neutral,True,0.7831401,0.11864661,0.7831401,0.098213166
barclays may face sec action over debt trading,negative,0,negative,True,0.99904233,0.99904233,0.00056644337,0.00039127364
viacom demands youtube remove videos,negative,0,negative,True,0.9980369,0.9980369,0.001623863,0.00033915762
"altria net hit by spain, conwood lifts reynolds",neutral,1,negative,False,0.99759334,0.99759334,0.0021356351,0.00027098705
australia regulator says examining qantas takeover,neutral,1,neutral,True,0.9810867,0.016951157,0.9810867,0.0019621535
holiday discounts may hurt apparel store profits,negative,0,negative,True,0.99921465,0.99921465,0.00052680296,0.0002584494
wal-mart recalls trail mix after reports of glass in product,negative,0,negative,True,0.99873656,0.99873656,0.00096218847,0.00030123096
monster founder mckelvey resigns from board,negative,0,neutral,False,0.99895465,0.000748211,0.99895465,0.00029714598
factbox-key facts about major u.s. restaurant chains in china,neutral,1,neutral,True,0.99939215,0.0002917538,0.99939215,0.00031609286
stocks sink on fears about china and growth,negative,0,negative,True,0.99943525,0.99943525,0.00028853994,0.00027619326
"motorola to cut 3,500 jobs to improve margins",negative,0,negative,True,0.99838305,0.99838305,0.0010737631,0.0005431773
restructuring industry foresees wave of insolvencies,negative,0,negative,True,0.9991328,0.9991328,0.00056756777,0.0002996122
airbus workers strike over profit plan-unions,negative,0,negative,True,0.9984023,0.9984023,0.001241793,0.00035583327
american greetings q3 profit jumps on gain,positive,2,positive,True,0.9990995,0.00055376644,0.00034677453,0.9990995
house panel plans hearing on retailers banks,neutral,1,neutral,True,0.999199,0.00049991877,0.999199,0.00030106938
"update 4-lehman profit rises 22 pct on trading, offerings",positive,2,positive,True,0.99924743,0.0004268184,0.0003258187,0.99924743
"ubs has exposure to new century, says secure",neutral,1,neutral,True,0.99872345,0.0003574721,0.99872345,0.0009190459
media firm sues greenberg over trade practices,negative,0,negative,True,0.9991234,0.9991234,0.00044865225,0.00042793062
corrected xerox quarterly profit rises,positive,2,positive,True,0.9992735,0.00037679935,0.00034973526,0.9992735
branson eyeing $3 billion macau casino and resort,positive,2,neutral,False,0.99881005,0.00044644438,0.99881005,0.0007435125
att offers more to win ok of bellsouth deal,positive,2,neutral,False,0.9985808,0.0002630448,0.9985808,0.0011561556
buffett mum on two big stock investments,neutral,1,neutral,True,0.9987294,0.000917504,0.9987294,0.00035308622
panel broad use of drug-coated stents risky,negative,0,neutral,False,0.9780783,0.018448668,0.9780783,0.0034730525
"axa 2006 sales rise, shares buoyed",positive,2,positive,True,0.99918836,0.00046570247,0.0003459571,0.99918836
u.s. home loan fears renew global stock selling,negative,0,negative,True,0.9993647,0.9993647,0.00032533307,0.0003100282
wells fargo profit rises 11 pct,positive,2,positive,True,0.99917585,0.0004994945,0.00032459796,0.99917585
"omx says in cooperation talks, no bid received",neutral,1,neutral,True,0.99891317,0.00073872705,0.99891317,0.00034805058
"qualcomm says profit, revenue rise, ups forecasts",positive,2,positive,True,0.9991117,0.0005404001,0.00034786487,0.9991117
liberty media agrees to atlanta braves deal source,positive,2,neutral,False,0.99863523,0.00029265793,0.99863523,0.001072187
agl proposes a$13 billion tie-up with origin,positive,2,neutral,False,0.99898964,0.00042943985,0.99898964,0.00058096094
"chandlers, l.a. billionaires vie for tribune",positive,2,neutral,False,0.9992818,0.00033350266,0.9992818,0.00038460633
wal-mart delis switch to trans-fat-free oil,neutral,1,neutral,True,0.9967476,0.0010764791,0.9967476,0.002175814
oil climbs near $60 on alaska port problems,positive,2,positive,True,0.9992161,0.00046213655,0.0003217877,0.9992161
harrahs board to weigh offers wednesday -sources,positive,2,neutral,False,0.99920124,0.00038549243,0.99920124,0.0004133303
blackstone ceo gala is sign of buyout boom times,positive,2,neutral,False,0.98800695,0.00038730702,0.98800695,0.011605733
private equity team considers sainsbury bid,positive,2,neutral,False,0.9990947,0.00040732452,0.9990947,0.0004979387
patient man reviews acquisitions coming to market,neutral,1,neutral,True,0.99929285,0.00027133976,0.99929285,0.0004357524
paulson need for greater china fx flexibility,neutral,1,neutral,True,0.99834037,0.0011730482,0.99834037,0.0004865074
couple charged with dj insider trades,negative,0,negative,True,0.48719034,0.48719034,0.48347571,0.029333964
update 5-lse fortifies nasdaq defence with share buyback,positive,2,positive,True,0.9986486,0.00029544145,0.0010559469,0.9986486
"ftse down as commodities weigh, cairn energy leads",negative,0,negative,True,0.9993401,0.9993401,0.00043629503,0.00022365728
conditions set for televisa cable buy,positive,2,neutral,False,0.99910176,0.0003178553,0.99910176,0.0005803795
"g20 upbeat on prospects, tensions emerge on fx",neutral,1,positive,False,0.99441046,0.00028522292,0.005304271,0.99441046
brinks posts lower quarterly earnings,negative,0,negative,True,0.99934036,0.99934036,0.0003206042,0.00033908375
union says one-day strike closes most mexican mines,negative,0,negative,True,0.9932887,0.9932887,0.0060951742,0.0006162263
"philips no easy target for investors, ceo tells paper",neutral,1,neutral,True,0.9986638,0.00093783345,0.9986638,0.0003983719
australias santos eyes sale of u.s. oil interests,neutral,1,neutral,True,0.99848443,0.000372998,0.99848443,0.0011425385
dow jones future rests in bancroft familys hands,neutral,1,neutral,True,0.99868065,0.0007636035,0.99868065,0.00055576593
kerkorian wants another spin around detroit,neutral,1,neutral,True,0.9988042,0.00058300915,0.9988042,0.00061280467
wall street set to open on upbeat note,positive,2,positive,True,0.9991836,0.00036711647,0.00044925086,0.9991836
circuit city plans more cost cuts,positive,2,neutral,False,0.99608886,0.00095014693,0.99608886,0.0029609976
"tokyo stocks rebound, softbank and small caps rise",positive,2,positive,True,0.9992237,0.00038292285,0.00039331347,0.9992237
blackstone to buy pinnacle foods for $1.2 bln wsj,positive,2,neutral,False,0.99871683,0.0003002238,0.99871683,0.0009829615
ford ceo mulally gets $39.1 million compensation,neutral,1,neutral,True,0.99655235,0.0005783495,0.99655235,0.0028693313
corrected - update 3-qualcomm buys two wireless technology businesses,positive,2,neutral,False,0.9988901,0.00027254134,0.9988901,0.00083738106
krispy kreme posts loss in delayed report,negative,0,negative,True,0.9993222,0.9993222,0.00037833906,0.00029953555
cheap fill-up can prove expensive for u.s. motorists,negative,0,neutral,False,0.99583,0.0035777842,0.99583,0.000592204
newbridge to pay $100 mln for taiwan insurer stake,neutral,1,neutral,True,0.99876887,0.00037972868,0.99876887,0.0008513886
chevron beats expectations on refining profits,positive,2,positive,True,0.9992112,0.00043718732,0.0003515355,0.9992112
imfs european director says euro fairly valued,neutral,1,neutral,True,0.8347926,0.003122487,0.8347926,0.16208489
marathon sees lower oil and gas sales,negative,0,negative,True,0.99937516,0.99937516,0.0003217287,0.00030306424
bernanke high savings outside u.s. push rates down,positive,2,neutral,False,0.9893813,0.0022380168,0.9893813,0.008380721
eaton to buy aerospace firm for $695 million,positive,2,neutral,False,0.99904567,0.00031844637,0.99904567,0.0006359095
ford ceo mulally says jaguar not for sale,neutral,1,neutral,True,0.99875927,0.00052995415,0.99875927,0.0007107538
"european stocks gain as oil inches up, g7 in focus",positive,2,positive,True,0.99915135,0.0002849188,0.00056370057,0.99915135
"trade gap narrows, but consumers wary",neutral,1,neutral,True,0.99398637,0.001555206,0.99398637,0.004458407
lakshmi mittal appointed ceo of arcelor mittal,neutral,1,neutral,True,0.9991702,0.00036407783,0.9991702,0.00046566443
iea warns on oil inventories after big q1 drop,negative,0,negative,True,0.99872845,0.99872845,0.00082446105,0.00044703673
cerberus in talks to buy delphi plants source,neutral,1,neutral,True,0.9976954,0.00040950096,0.9976954,0.0018950743
oil breaks above $63 on opec cut and ship delays,positive,2,positive,True,0.9991831,0.00049410295,0.0003227984,0.9991831
mirant to sell caribbean business for $732 mln,neutral,1,neutral,True,0.99855965,0.00042451973,0.99855965,0.0010159172
indexes rise as ma grabs subprimes spotlight,positive,2,positive,True,0.9992403,0.0003623216,0.00039738067,0.9992403
flamboyant murdoch has built global media empire,neutral,1,neutral,True,0.99877495,0.0003460614,0.99877495,0.00087894156
"fed starts 2-day meeting, market sees steady rates",neutral,1,neutral,True,0.9980615,0.0012100037,0.9980615,0.0007284553
citigroup wins control of japans nikko cordial,positive,2,neutral,False,0.7118443,0.0008327221,0.7118443,0.28732294
"yrc streamlines units to cut costs, boost business",positive,2,neutral,False,0.8312726,0.00148832,0.8312726,0.16723913
barclays set to confirm abn takeover talks source,neutral,1,neutral,True,0.9992385,0.00030772132,0.9992385,0.00045387147
vodafone wins race for indias hutch essar source,positive,2,positive,True,0.99125296,0.00032897817,0.008418087,0.99125296
microsoft sees gamers online as key to growth,positive,2,positive,True,0.9056892,0.00081227993,0.09349852,0.9056892
airtran airways raises offer for midwest air,positive,2,neutral,False,0.99886775,0.00022690272,0.99886775,0.00090536184
economy on track despite housing fed officials,positive,2,positive,True,0.6149427,0.0396842,0.34537303,0.6149427
"stocks fall on rate worries, oils gain",negative,0,negative,True,0.98951936,0.98951936,0.009916175,0.000564457
ericsson ceo sees more multimedia buys report,positive,2,positive,True,0.96855474,0.00047300966,0.030972274,0.96855474
sprint shares up after report of activist investor,positive,2,positive,True,0.9991985,0.00035584712,0.00044562668,0.9991985
update 3-cardinal 1st-qtr net up on distribution unit gains,positive,2,positive,True,0.9992269,0.000400424,0.0003726195,0.9992269
"feds moskow economy strong, rate hikes possible",neutral,1,positive,False,0.99893516,0.0003191219,0.00074565405,0.99893516
update 3-nasdaq says q3 data wont change its view on lse,neutral,1,positive,False,0.66454357,0.010014862,0.32544157,0.66454357
forecasters see sustained growth in 2007 philly fed,positive,2,positive,True,0.99884206,0.0007398814,0.0004181196,0.99884206
stocks fall as oil hits $60 yen off vs dlr,negative,0,negative,True,0.99937916,0.99937916,0.0002787633,0.00034207443
nissan to postpone mid-term sales target source,negative,0,negative,True,0.9987312,0.9987312,0.0009972032,0.00027151665
ford must do what it takes to cut costs ceo,negative,0,neutral,False,0.9987962,0.00074145943,0.9987962,0.00046238513
honda to spend more on n.america sales incentives,negative,0,neutral,False,0.9624588,0.0008880163,0.9624588,0.03665314
"uk builders woodrow, wimpey to merge",positive,2,neutral,False,0.9992091,0.00040673412,0.9992091,0.0003841015
washington welcomes eu backing for open skies,positive,2,neutral,False,0.99554104,0.00031471928,0.99554104,0.004144173
gap march same-store sales rise 6 percent,positive,2,positive,True,0.99916005,0.0005175638,0.00032241715,0.99916005
carrefour not interested in big china acquisition,neutral,1,neutral,True,0.99885964,0.00070769613,0.99885964,0.00043268234
"insurers get movies made, but receive no oscars",neutral,1,neutral,True,0.99910223,0.00043695144,0.99910223,0.00046080153
"stocks slip on interest-rate, growth worries",negative,0,negative,True,0.99944025,0.99944025,0.00028535907,0.00027437424
"nymex oil firm, choppy as market seeks direction",neutral,1,neutral,True,0.9632987,0.0009550992,0.9632987,0.03574631
"limited options for subprime woes, lawmakers hear",negative,0,neutral,False,0.9969056,0.002787064,0.9969056,0.00030730816
gm goes electric with concept car,positive,2,neutral,False,0.9990884,0.00042538645,0.9990884,0.0004861908
factbox key facts about barclays and abn amro,neutral,1,neutral,True,0.99936193,0.0003203272,0.99936193,0.00031775556
"tnt operating profit up 7 pct in q1, keeps outlook",positive,2,positive,True,0.99920744,0.0004786976,0.00031390594,0.99920744
californias silicon valley reboots growth-report,positive,2,positive,True,0.99916005,0.00046484644,0.0003750968,0.99916005
tpg exploring sale of stake to investors source,neutral,1,neutral,True,0.99892694,0.00043002842,0.99892694,0.0006430759
bp ex-ceo could testify on texas city blast lawyer,negative,0,neutral,False,0.9992467,0.0004263047,0.9992467,0.00032703535
lse shares ease after nasdaq bid fails,negative,0,negative,True,0.9994209,0.9994209,0.00032753282,0.0002516373
gm offered daimler gm stock in chrysler bid report,neutral,1,neutral,True,0.9980513,0.00027848798,0.9980513,0.0016701584
"boeing, st engineering in $136 mln conversion deal",positive,2,neutral,False,0.99861646,0.000408002,0.99861646,0.00097558013
gm pledges to make plug-in electric vehicle,positive,2,neutral,False,0.9984469,0.00032913018,0.9984469,0.0012240141
"march income up 0.7 pct, core prices unchanged",positive,2,positive,True,0.9958469,0.0004620217,0.003691036,0.9958469
walgreen november same-store sales up,positive,2,positive,True,0.9991622,0.00047403583,0.00036377975,0.9991622
us airways ceo says focusing on deltas creditors,neutral,1,neutral,True,0.9974381,0.0022014736,0.9974381,0.00036036255
work less global companies tell top managers,neutral,1,neutral,True,0.99929595,0.00037109017,0.99929595,0.00033296808
pepsico reaffirms 2007 earnings forecast,positive,2,positive,True,0.9988003,0.00039969076,0.00080007064,0.9988003
baidu and ebay to collaborate in china,positive,2,neutral,False,0.99911624,0.00034524477,0.99911624,0.00053841714
"echostar subscriber growth beats estimates, shares up",positive,2,positive,True,0.9991867,0.00044732972,0.00036599388,0.9991867
dhl orders six boeing freighters worth $894 mln,positive,2,neutral,False,0.96232563,0.0033217384,0.96232563,0.034352556
microsoft to start vista coupon plan for pc buyers,positive,2,neutral,False,0.99908686,0.000290252,0.99908686,0.0006229351
top court to hear wall st. firms appeal on ipo,negative,0,neutral,False,0.9975204,0.0016493112,0.9975204,0.00083030947
blue chips gain on earnings outlook,positive,2,positive,True,0.99917513,0.00045805352,0.0003667704,0.99917513
"ftse gains as world markets rally, ici jumps 9 pct",positive,2,positive,True,0.9991691,0.00044585418,0.00038510762,0.9991691
japan hit by record outbreak of stomach virus,negative,0,negative,True,0.96626365,0.96626365,0.03280235,0.00093400164
"microsoft shares rise after results, outlook",positive,2,positive,True,0.99922585,0.00042931968,0.00034479305,0.99922585
"us stocks endure wild 1st qtr, financials flounder",negative,0,negative,True,0.98152566,0.98152566,0.017817477,0.0006568347
hilton selling scandic to eqt for $1.1 billion,neutral,1,neutral,True,0.99908745,0.00038713004,0.99908745,0.0005255126
ex-ceo of jeweler friedmans indicted in fraud case,negative,0,negative,True,0.786882,0.786882,0.2094839,0.0036341406
oil rises ahead of extended u.s. trade break,positive,2,positive,True,0.9991328,0.00038792062,0.00047923625,0.9991328
attorneys can question bp ceo says texas court,negative,0,neutral,False,0.99780303,0.0009095038,0.99780303,0.001287518
free-market economist milton friedman dies at 94,neutral,1,neutral,True,0.99897647,0.0004631189,0.99897647,0.00056047144
hynix q4 shines on brisk dram sales,positive,2,positive,True,0.9991406,0.00037592486,0.00048348488,0.9991406
pier 1 loss widens and sales slide,negative,0,negative,True,0.9992648,0.9992648,0.00040745098,0.0003277663
holiday sales growth about half of last year report,negative,0,positive,False,0.996558,0.002087269,0.0013547483,0.996558
"target same-store sales up, april to slip",neutral,1,neutral,True,0.99077386,0.0059540584,0.99077386,0.0032721038
citigroup to buy taiwans booc for $426 mln,positive,2,neutral,False,0.9968178,0.00028986417,0.9968178,0.0028922835
"refco exits chapter 11, to wind up businesses",negative,0,neutral,False,0.99879044,0.000705358,0.99879044,0.0005042998
"wall street seen mixed on firm oil, mergers",neutral,1,neutral,True,0.9973018,0.0011774257,0.9973018,0.0015206571
raytheon to sell aircraft unit for $3.3 billion,neutral,1,neutral,True,0.99852765,0.00038941635,0.99852765,0.0010829228
alcoa explores possible sale of packaging business,neutral,1,neutral,True,0.99924976,0.00027908524,0.99924976,0.00047115333
subprime guidance to be issued thursday,neutral,1,neutral,True,0.9990716,0.00044850324,0.9990716,0.00047987318
indexes flat as retail sales raise rate concerns,negative,0,negative,True,0.9758908,0.9758908,0.023474155,0.0006350615
rim courts broader market with blackberry curve,positive,2,neutral,False,0.99909914,0.0005369319,0.99909914,0.00036394346
financial-services sector seen ripe for buyouts,positive,2,neutral,False,0.9193168,0.0009361796,0.9193168,0.07974699
liz claiborne profit misses,negative,0,negative,True,0.9993156,0.9993156,0.0003622276,0.00032214154
intel appeals potential tax bill of $2.4 billion,negative,0,neutral,False,0.9930012,0.0026149063,0.9930012,0.004383851
morgan stanley earnings jump to record,positive,2,positive,True,0.9991769,0.00046098436,0.0003620603,0.9991769
"services growth jumps, productivity solid",positive,2,positive,True,0.9991911,0.00035770528,0.00045116062,0.9991911
station casinos fourth-quarter profit falls,negative,0,negative,True,0.99935,0.99935,0.0002868459,0.0003631224
lse reiterates opposition to nasdaq bid,neutral,1,neutral,True,0.98275465,0.016791716,0.98275465,0.0004535993
vodafone wins hutch essar auction with $19 bln bid,positive,2,neutral,False,0.98740476,0.00042230528,0.98740476,0.012172883
transcanada to buy el paso pipelines for $3.39 bln,positive,2,neutral,False,0.9978249,0.0003204439,0.9978249,0.0018546252
ford results beat estimates,positive,2,positive,True,0.9992036,0.00033517182,0.0004611802,0.9992036
"nasdaq ends up on cisco, oil curbs dow, sp",neutral,1,positive,False,0.9990356,0.00045640508,0.00050798774,0.9990356
samsung exec agrees to plead guilty to price fixing,negative,0,positive,False,0.96986413,0.0016375324,0.028498292,0.96986413
ford to invest $1.02 bln in brazil,positive,2,neutral,False,0.9908161,0.0009302583,0.9908161,0.008253625
pier 1 says ceo to retire,neutral,1,neutral,True,0.99919075,0.00044711868,0.99919075,0.00036205805
"citigroup plans 15,000 net job cuts report",negative,0,negative,True,0.9991985,0.9991985,0.00044974367,0.00035179264
xerox posts better-than-expected profit,positive,2,positive,True,0.9991098,0.00053570163,0.00035447296,0.9991098
sec steps up kb home options probe,negative,0,neutral,False,0.99028254,0.007744769,0.99028254,0.0019727831
symantec to acquire altiris in $830 mln deal,positive,2,neutral,False,0.9983474,0.0002789819,0.9983474,0.0013736424
gm says delphi deal may come soon wsj,neutral,1,neutral,True,0.9884064,0.00024969538,0.9884064,0.011343959
starwood may be tempted by buyout after ceo exit,neutral,1,neutral,True,0.9977545,0.0008550665,0.9977545,0.0013903826
siemens beats forecasts as board to meet on ceo,positive,2,positive,True,0.99889934,0.00023794334,0.00086274196,0.99889934
fitch cuts home depots debt on share repurchase,negative,0,positive,False,0.9955005,0.0005611828,0.0039382586,0.9955005
cracker barrel parent posts lower profit,negative,0,negative,True,0.9993412,0.9993412,0.0003038179,0.00035498475
australias alinta recommends $6 billion babcock bid,positive,2,neutral,False,0.99888605,0.00050887145,0.99888605,0.0006051084
buffett bash gets bigger as billionaire gets older,neutral,1,neutral,True,0.9970822,0.00031376866,0.9970822,0.0026039805
"honeywell profit up 20 percent, raises forecast",positive,2,positive,True,0.9991373,0.00054879277,0.00031392643,0.9991373
dow coasts to another record close,positive,2,positive,True,0.9987483,0.0007300924,0.0005215377,0.9987483
liberty global set to surpass growth forecasts,positive,2,positive,True,0.9992372,0.00039127195,0.0003715648,0.9992372
nyse requests sec postpone nms compliance to march,neutral,1,neutral,True,0.99831676,0.001251559,0.99831676,0.00043163242
ibm to join citigroup bid for chinese bank stake,positive,2,neutral,False,0.99913424,0.00030125296,0.99913424,0.0005645733
yahoo expands newspaper ad partners with mcclatchy,positive,2,neutral,False,0.9975637,0.0003023629,0.9975637,0.00213389
experts say news corp can get antitrust nod for dow,positive,2,positive,True,0.80134135,0.00080005045,0.19785862,0.80134135
"apple, cisco extend negotiations on iphone name",neutral,1,neutral,True,0.99007434,0.00032490108,0.99007434,0.009600688
mills agrees to be bought by brookfield asset,positive,2,neutral,False,0.99892324,0.00025262864,0.99892324,0.00082414935
dr horton sees price stability returning by jan 08,positive,2,positive,True,0.9938817,0.0020672246,0.004051086,0.9938817
planned media job cuts up 88 pct in 2006,negative,0,negative,True,0.99904567,0.99904567,0.0006102895,0.00034407483
"hp names wachovia ceo to board, says sec probe elevated",negative,0,neutral,False,0.9992887,0.00024186718,0.9992887,0.00046941024
oracle net up on license sales,positive,2,positive,True,0.99923253,0.0003661491,0.00040128067,0.99923253
u.s. envoy says north korea denuclearization on track,positive,2,neutral,False,0.8133837,0.0014063829,0.8133837,0.18520996
dj shares fall after murdoch remarks,negative,0,negative,True,0.99941385,0.99941385,0.00032057118,0.00026551154
stocks slide on dollar worries,negative,0,negative,True,0.99941635,0.99941635,0.00027057683,0.0003131364
sony keeps ps3 targets despite headwind,neutral,1,positive,False,0.7645999,0.04793343,0.18746665,0.7645999
northwest to file reorganization plan by next week,positive,2,neutral,False,0.99913365,0.00044968704,0.99913365,0.00041665838
honeywell profit up shares slide on view,negative,0,positive,False,0.82329404,0.020017343,0.15668863,0.82329404
circuit city posts surprise loss,negative,0,negative,True,0.99925214,0.99925214,0.0005196548,0.00022823797
south korea court cuts sentence for daewoo founder,neutral,1,neutral,True,0.9445356,0.0006318611,0.9445356,0.054832455
mercedes car group sales up,positive,2,positive,True,0.9990619,0.00035499875,0.0005831487,0.9990619
new century third quarter profit falls,negative,0,negative,True,0.9993212,0.9993212,0.0003019211,0.00037689894
ex-comverse cfo to plead guilty-court,negative,0,neutral,False,0.99825424,0.0005472687,0.99825424,0.0011984427
northwest airlines quarterly net loss narrows,positive,2,positive,True,0.9982691,0.0012501883,0.0004806584,0.9982691
ford to sell climate control parts unit to valeo,neutral,1,neutral,True,0.99921346,0.00030855174,0.99921346,0.0004780057
"wal-mart launches movie, tv download service",positive,2,neutral,False,0.9988727,0.0002953018,0.9988727,0.00083202514
ceos see stronger economic growth survey,positive,2,positive,True,0.999185,0.00043918984,0.0003757423,0.999185
jetblue adds operations chief after service fiasco,neutral,1,neutral,True,0.9988703,0.00044557513,0.9988703,0.0006840858
adobe profit rises on higher software sales,positive,2,positive,True,0.9991359,0.00054144795,0.00032264495,0.9991359
factbox-key details on digital rights management,neutral,1,neutral,True,0.999318,0.0003884914,0.999318,0.00029355736
u.s. and canada to hold softwood lumber talks,neutral,1,neutral,True,0.9988953,0.00041391805,0.9988953,0.00069078733
home depot profit falls on housing slowdown,negative,0,negative,True,0.9994079,0.9994079,0.0002851966,0.00030694922
chrysler sales ex-north america rise 9 pct in feb,positive,2,positive,True,0.9991554,0.00050316955,0.00034143793,0.9991554
group 1 sees need to cut big three orders,negative,0,negative,True,0.9988912,0.9988912,0.0007821853,0.00032663724
delphi investor group may sell part of stake,neutral,1,neutral,True,0.9988593,0.0004832188,0.9988593,0.0006574937
"hk, singapore ranked worlds freest economies in 07",positive,2,neutral,False,0.97032624,0.00029877346,0.97032624,0.029375002
"sony, pioneer to delay earnings due to u.s. rules",negative,0,negative,True,0.9981193,0.9981193,0.0015867291,0.0002939169
chronology timeline of the newmont gold mine pollution trial,neutral,1,neutral,True,0.9991825,0.00043474586,0.9991825,0.00038266173
whitney withdraws offer for herbalife,negative,0,neutral,False,0.9990544,0.0007032748,0.9990544,0.00024240016
blockbuster gives free rentals to netflix clients,neutral,1,neutral,True,0.9727188,0.0004099159,0.9727188,0.02687131
detroit gets a buzz from electric cars,positive,2,neutral,False,0.99342316,0.00029080943,0.99342316,0.006285975
stocks gains hinge on earnings and cpi,neutral,1,neutral,True,0.9872263,0.0005481173,0.9872263,0.01222558
blue chips up as safety sought amid iran woe,positive,2,positive,True,0.9989134,0.00038939386,0.0006972388,0.9989134
judges ok $2.45 bln settlement in nortel case,positive,2,positive,True,0.9688635,0.0068385997,0.02429793,0.9688635
aflac posts higher earnings in first quarter,positive,2,positive,True,0.99921024,0.0004103821,0.00037934404,0.99921024
gms u.s. february sales up 3.4 percent,positive,2,positive,True,0.99904877,0.0006098556,0.0003413496,0.99904877
bank of queensland offers to buy bendigo for $2 bln,positive,2,neutral,False,0.9990207,0.0002954016,0.9990207,0.0006839122
hertz to sell 88 million shares in ipo,neutral,1,negative,False,0.99776936,0.99776936,0.001554401,0.000676326
"instant view - stocks plunge, bonds surge",negative,0,neutral,False,0.5721348,0.42337427,0.5721348,0.0044909
bojs iwata mum on monetary policy in speech,neutral,1,neutral,True,0.9988127,0.00082568533,0.9988127,0.00036160293
gm ceo says u.s. mergers unlikely report,neutral,1,neutral,True,0.9856727,0.012648156,0.9856727,0.0016790482
december housing starts up 4.5 pct,positive,2,positive,True,0.99894863,0.00064973475,0.00040163787,0.99894863
january new home sales fall 16.6 percent,negative,0,negative,True,0.9992507,0.9992507,0.0003820683,0.000367191
citigroup hedge fund chief barr resigns,negative,0,neutral,False,0.9990119,0.00055296987,0.9990119,0.00043516315
u.s. cancels vaxgen anthrax vaccine contract,negative,0,negative,True,0.84664357,0.84664357,0.14471582,0.008640628
swisscom pays vodafone $3.5 bln for mobile stake,positive,2,neutral,False,0.9981596,0.0005993551,0.9981596,0.0012410803
"u.s. slump possible, not probable greenspan quoted",neutral,1,negative,False,0.9989151,0.9989151,0.0006925751,0.00039240948
tribune to evaluate offers on saturday source,neutral,1,neutral,True,0.99924016,0.00031499946,0.99924016,0.00044495496
perry ellis posts profit up slightly,positive,2,positive,True,0.99925166,0.00038396113,0.00036433054,0.99925166
tribune revisits firms that did not bid wsj,neutral,1,neutral,True,0.99911755,0.00062063837,0.99911755,0.00026178465
jury reaches verdicts in 2 vioxx cases,neutral,1,neutral,True,0.9545777,0.0012523208,0.9545777,0.04417008
lithia posts lower 4th-qtr earnings,negative,0,negative,True,0.9993088,0.9993088,0.000304022,0.00038713316
napster posts narrower quarterly loss,positive,2,positive,True,0.9985417,0.00079673604,0.0006615582,0.9985417
"sk corp. seeks london listing of sk incheon, wsj says",neutral,1,neutral,True,0.9992685,0.00043138204,0.9992685,0.0003001803
factbox key parts of the eu-u.s. open skies aviation pact,neutral,1,neutral,True,0.99934155,0.00025673743,0.99934155,0.00040169474
apple posts higher profit on strong macbook sales,positive,2,positive,True,0.9991217,0.00054292893,0.000335308,0.9991217
feds geithner sees few risks of subprime spillover,positive,2,positive,True,0.98176736,0.008024238,0.0102084195,0.98176736
morgan stanley to help finance us airs delta bid,neutral,1,neutral,True,0.99919957,0.00037588665,0.99919957,0.00042456665
bofa says honda its autos top pick for 2007,positive,2,neutral,False,0.9950047,0.0002671566,0.9950047,0.0047282143
corrected afl-cio to target verizon over ceo pay,negative,0,neutral,False,0.91971457,0.07685426,0.91971457,0.0034311267
bce says not in talks on taking company private,neutral,1,neutral,True,0.9987884,0.00056258007,0.9987884,0.00064896425
gm expects its global output volume flat this yr,neutral,1,negative,False,0.97146434,0.97146434,0.026618348,0.0019173237
del monte posts lower quarterly profit,negative,0,negative,True,0.9993216,0.9993216,0.0003093058,0.00036921827
wal-mart sees tepid february store sales gains,negative,0,negative,True,0.9992107,0.9992107,0.00048706672,0.0003022386
"manufacturing up, consumer spending strong",positive,2,positive,True,0.9992347,0.0003954777,0.00036984216,0.9992347
shell q3 underlying profit beats all forecasts,positive,2,positive,True,0.9991504,0.00047028976,0.00037925472,0.9991504
nippon steel to boost ties with brazil miner cvrd,positive,2,neutral,False,0.99867105,0.00021223172,0.99867105,0.0011167196
new coo at citigroup,neutral,1,neutral,True,0.99065113,0.0016952114,0.99065113,0.0076536397
"technip surges on eni, saipem bid reports",positive,2,positive,True,0.999225,0.00037627047,0.00039868665,0.999225
march factory orders rise surprising 3.1 percent,positive,2,positive,True,0.99915385,0.0005629652,0.00028318603,0.99915385
snowy protests fail to rock businessmen on a roll,positive,2,neutral,False,0.9969445,0.0020009808,0.9969445,0.0010545534
porsche sees steady 2006/07 profit,positive,2,positive,True,0.9989976,0.0005138592,0.0004885495,0.9989976
airbus sees delayed a380 jet certified by december 13,positive,2,neutral,False,0.9982822,0.00092104374,0.9982822,0.0007966817
u.s. cant alter dolphin-safe tuna rules court,neutral,1,neutral,True,0.9955264,0.0013173359,0.9955264,0.0031562874
luxottica to make eyewear for tiffany,positive,2,neutral,False,0.9990403,0.00039085926,0.9990403,0.00056883576
claires to be bought by apollo for $3.1 bln,positive,2,neutral,False,0.9990125,0.00035940474,0.9990125,0.0006281199
"update 2-teva q3 net profit rises, beats estimates",positive,2,positive,True,0.9992034,0.00044262083,0.00035404094,0.9992034
mcdonalds october same-store sales up 5.5 percent,positive,2,positive,True,0.99917245,0.0005013079,0.00032623357,0.99917245
cerberus gets bernhard to advise on chrysler bid,positive,2,neutral,False,0.99917006,0.00034340165,0.99917006,0.0004865877
amo to buy intralase for $808 million,positive,2,neutral,False,0.9955586,0.00035361346,0.9955586,0.0040876404
gm says 3rd-qtr loss was smaller than reported,positive,2,positive,True,0.99072415,0.005817017,0.0034587847,0.99072415
jobless claims dip ahead of jobs report,positive,2,positive,True,0.998716,0.00080633064,0.0004777333,0.998716
congress sets bp alaska hearing on missing papers,negative,0,neutral,False,0.999178,0.00047069826,0.999178,0.0003512172
"volkswagen recalls 62,000 passats in u.s., canada",negative,0,negative,True,0.99906737,0.99906737,0.0005756946,0.0003568872
"caterpillar profit rises, shares up",positive,2,positive,True,0.999148,0.00052543374,0.00032651908,0.999148
blockbuster gets ok to sell stores in taiwan,positive,2,positive,True,0.97702163,0.00073296035,0.022245413,0.97702163
"aon says restructuring to cut 3,600 employees",negative,0,negative,True,0.99877375,0.99877375,0.0008897084,0.00033652724
court rules forbes defamed russias richest woman,negative,0,neutral,False,0.9992212,0.0002488303,0.9992212,0.0005299492
citigroup buys 19.9 pct of indias anand rathi sec,positive,2,neutral,False,0.98372155,0.00065447506,0.98372155,0.015623954
u.s. sec seeks to curtail investor suits nyt,neutral,1,neutral,True,0.9926239,0.0062664063,0.9926239,0.0011096591
daimlerchrysler to set up van venture in china paper,positive,2,neutral,False,0.99927646,0.00037772223,0.99927646,0.00034584707
"honduras temporarily grabs exxon, chevron terminals",negative,0,neutral,False,0.6274796,0.0023206852,0.6274796,0.3701997
"hyundai, kia profit hit by weaker sales, won",negative,0,negative,True,0.9993266,0.9993266,0.00035497447,0.00031845752
gm ceo confirms interest in proton,neutral,1,neutral,True,0.99891746,0.0002471896,0.99891746,0.0008353473
holiday toy sales lead hasbro to strong 4th qtr,positive,2,positive,True,0.9990932,0.0005340701,0.00037273805,0.9990932
philly feds plosser says inflation may remain high,negative,0,negative,True,0.93098277,0.93098277,0.06472012,0.004297144
amazon quarterly profit tops forecasts,positive,2,positive,True,0.99917716,0.00045661605,0.00036619828,0.99917716
china policies will slow economic growth report,negative,0,negative,True,0.99935657,0.99935657,0.00036688457,0.00027651837
two buyout groups eyeing servicemaster bloomberg,positive,2,neutral,False,0.9987832,0.0004310036,0.9987832,0.00078580977
publicis acquires health-care services company,positive,2,neutral,False,0.99887913,0.00031759692,0.99887913,0.0008032949
euronext expects shareholders will support nyse deal,positive,2,positive,True,0.84668636,0.00054805866,0.15276562,0.84668636
texas court dismisses vioxx lawsuit,positive,2,positive,True,0.9982167,0.0004915557,0.0012917335,0.9982167
factbox-leading u.s. economist milton friedman dead at 94,neutral,1,neutral,True,0.99898905,0.00044391316,0.99898905,0.0005669522
new century stops taking loan applications,negative,0,neutral,False,0.9877132,0.011842732,0.9877132,0.00044395766
mitsui wins $763 million order for saudi railway,positive,2,neutral,False,0.97796404,0.0004983194,0.97796404,0.021537617
costco october same-store sales up 4 percent,positive,2,positive,True,0.9991737,0.00049552176,0.00033071853,0.9991737
home values in 2007 to take first dip realtors,negative,0,neutral,False,0.70095575,0.29647127,0.70095575,0.002573017
healthsouth to sell surgery unit for $945 mln,neutral,1,neutral,True,0.9989796,0.00035119205,0.9989796,0.0006691808
"zetsche eyes 2007 gains at mercedes, chrysler",positive,2,positive,True,0.9981207,0.0004182147,0.001461067,0.9981207
centro to buy new plan excel for $3.4 bln in cash,positive,2,neutral,False,0.9986162,0.00025293883,0.9986162,0.0011308257
volkswagen 2006 sales hit record 5.73 mln units,positive,2,positive,True,0.9986578,0.00086563226,0.0004765284,0.9986578
abn amro has 14 days to accept rival bid for lasalle,neutral,1,neutral,True,0.9991454,0.0002712997,0.9991454,0.0005832559
tpg mulls rival bid for sainsbury,positive,2,neutral,False,0.99922836,0.00043052022,0.99922836,0.00034113607
google says bought stake in chinas xunlei,positive,2,neutral,False,0.99843115,0.00025872572,0.99843115,0.0013100564
hungry nike sees 53 pct sales growth over 5 yrs,positive,2,positive,True,0.9991279,0.0005455425,0.00032658226,0.9991279
warner to sell three jointly owned cinemas in china,neutral,1,neutral,True,0.99922323,0.00032942477,0.99922323,0.00044734092
karstadt -mytravel synergies at least 75 mln pounds,positive,2,positive,True,0.9859263,0.003973512,0.01010014,0.9859263
qantas accepts sweetened $8.7 bln takeover bid,positive,2,neutral,False,0.9972295,0.00027839298,0.9972295,0.0024921063
icahn to launch $22 per share offer for wci,positive,2,neutral,False,0.9990865,0.00030285105,0.9990865,0.00061063026
halliburton board seen opting for kbr split-off,positive,2,neutral,False,0.99883026,0.0007847175,0.99883026,0.00038510337
delta swings to quarterly profit on gain,positive,2,positive,True,0.9992274,0.00043834667,0.00033424576,0.9992274
wall street seen mixed ahead of election,neutral,1,neutral,True,0.99903715,0.000581806,0.99903715,0.00038113765
williams-sonoma denies it has hired goldman,neutral,1,neutral,True,0.999209,0.00045337633,0.999209,0.00033763866
apollo to buy xstrata aluminum unit,positive,2,neutral,False,0.99215215,0.00025962538,0.99215215,0.007588263
ibm to unveil chip with optical connections report,positive,2,neutral,False,0.9992816,0.0003497202,0.9992816,0.00036871425
auto makers hope to sell china on credit,positive,2,neutral,False,0.99889565,0.00068238296,0.99889565,0.0004218482
service sector gauge slips in december ism,negative,0,negative,True,0.9993999,0.9993999,0.00029088117,0.00030915308
audi sells more cars than mercedes-benz in jan,positive,2,neutral,False,0.8632971,0.00071551104,0.8632971,0.13598739
stores set flat-panel tv blitz for holiday weekend,positive,2,neutral,False,0.9992442,0.00027583304,0.9992442,0.00047994143
antibiotics usually useless for bronchitis,neutral,1,neutral,True,0.9948171,0.0032199428,0.9948171,0.0019629616
federated quarterly profit rises,positive,2,positive,True,0.99927133,0.00036287127,0.00036576856,0.99927133
"equities rout extends in u.s. session, yen up",negative,0,positive,False,0.9980987,0.0006527765,0.0012485457,0.9980987
airbus wary of alcan-alcoa deal,negative,0,neutral,False,0.9963057,0.0032363513,0.9963057,0.00045797133
once-hot florida home market chills a bit,negative,0,negative,True,0.9884625,0.9884625,0.010983,0.0005544954
group accuses wal-mart of illegal anti-union tactics,negative,0,negative,True,0.6105905,0.6105905,0.38829055,0.0011189559
china says 8 foreign banks apply for registration,positive,2,neutral,False,0.999278,0.0003081241,0.999278,0.00041380202
indias marathon man ambani loses telecom race,negative,0,negative,True,0.5907208,0.5907208,0.40806088,0.0012183065
america movil unit buys telecom puerto rico,positive,2,neutral,False,0.99798775,0.00035005258,0.99798775,0.0016622631
news corp says makes friendly offer to buy dj,positive,2,neutral,False,0.9982405,0.00019387728,0.9982405,0.0015656262
"australias qantas gets buyout offer, shares jump",positive,2,positive,True,0.99913824,0.000299679,0.000562053,0.99913824
gazprom close to deal to take half of sakhalin-2,positive,2,neutral,False,0.99855024,0.00033414862,0.99855024,0.0011155595
la billionaires study tribune options source,neutral,1,neutral,True,0.9993901,0.00032092913,0.9993901,0.00028895153
merck boosts 07 earnings forecast shares rise,positive,2,positive,True,0.9991352,0.0005233394,0.00034154142,0.9991352
"rolls-royce set to launch new, smaller model",positive,2,neutral,False,0.998541,0.00063211104,0.998541,0.0008268975
"wall street set for upbeat start, earnings flow",positive,2,positive,True,0.99922585,0.00041862123,0.00035554814,0.99922585
coca-cola denies plans to bid for its top bottler,neutral,1,neutral,True,0.9992766,0.000286204,0.9992766,0.0004371784
"corrected - update 2-heinz profit falls on tax rate, but raises forecast",neutral,1,neutral,True,0.9816554,0.009180718,0.9816554,0.009163805
"microsoft to offer movies, tv shows on game service",positive,2,neutral,False,0.99921215,0.00029139762,0.99921215,0.00049648836
existing home sales fall for 6th straight month,negative,0,negative,True,0.9990433,0.9990433,0.00065026805,0.00030639398
iss urges vote against sapporo defense,neutral,1,neutral,True,0.9970547,0.0024472424,0.9970547,0.0004980269
elizabeth arden posts quarterly loss,negative,0,negative,True,0.9993142,0.9993142,0.00039481276,0.0002910821
"big money picks ge, sees google as pricey barrons",neutral,1,neutral,True,0.99224675,0.004664979,0.99224675,0.0030882906
verizon in china optical cable deal,positive,2,neutral,False,0.9953511,0.00038306537,0.9953511,0.0042659333
darden restaurants sales mixed in march,neutral,1,neutral,True,0.9969265,0.0023919537,0.9969265,0.0006816121
japan carmakers nervously continue u.s. charge,neutral,1,neutral,True,0.95223016,0.045305442,0.95223016,0.002464423
street-topping wal-mart upbeat on holiday,positive,2,positive,True,0.99923646,0.0003642788,0.0003992206,0.99923646
home builder d.r. horton earnings plunge 85 pct,negative,0,negative,True,0.99923325,0.99923325,0.0002908851,0.00047584626
"mazda plans plants in thailand, n. america",positive,2,neutral,False,0.99902916,0.0003374369,0.99902916,0.00063346245
"adobe profit up, product upgrades on track",positive,2,positive,True,0.99920255,0.00046097816,0.00033644252,0.99920255
cemex approval paves way for next rinker move,positive,2,positive,True,0.75758594,0.0008930992,0.24152097,0.75758594
"wall street seen little changed, wal-mart eyed",neutral,1,neutral,True,0.99795,0.0012211215,0.99795,0.0008288865
citigroup looking into a bid for abn amro paper,neutral,1,neutral,True,0.99921596,0.00035685793,0.99921596,0.00042716193
google sees no impact from mobile ads until 08,neutral,1,neutral,True,0.99878424,0.00062666833,0.99878424,0.00058918324
factbox - what was said on fx at washington g7,neutral,1,neutral,True,0.99937785,0.00033816253,0.99937785,0.00028400472
nasdaq ceo gets new contract and big option award,neutral,1,positive,False,0.80988145,0.0011347098,0.18898387,0.80988145
qantas expert says airline partners bid is fair,positive,2,neutral,False,0.99544924,0.00032204817,0.99544924,0.00422867
viacom posts quarterly profit higher on purchase,positive,2,positive,True,0.9992054,0.0004515045,0.0003431473,0.9992054
hyundai to build $270 mln u.s. engine plant,positive,2,neutral,False,0.98610395,0.0023799874,0.98610395,0.011516031
aon posts lower earnings in third quarter,negative,0,negative,True,0.99930453,0.99930453,0.000319137,0.0003763797
gm europe labor hails move to sell astras in u.s.,positive,2,neutral,False,0.71014297,0.28027326,0.71014297,0.009583767
feds poole favors rate hike if inflation stays up,negative,0,neutral,False,0.9924331,0.0050238734,0.9924331,0.0025430317
shell canada agrees to sweetened shell bid,positive,2,neutral,False,0.99865365,0.0002911503,0.99865365,0.0010550711
amd says court seeks data from intel in antitrust case,negative,0,neutral,False,0.9952106,0.0039438363,0.9952106,0.00084554736
"medco posts higher profit, lifts 2007 view",positive,2,positive,True,0.99916756,0.0005133485,0.00031915325,0.99916756
flat start tipped for wall street ahead of jobs data,neutral,1,neutral,True,0.8422148,0.016194414,0.8422148,0.14159076
cbot board okays talks with ice on proposed deal,neutral,1,neutral,True,0.9952762,0.0003599773,0.9952762,0.004363831
stocks may stumble on dollar and data,negative,0,negative,True,0.99910456,0.99910456,0.00068615563,0.0002092038
"partygaming to buy empire, intercontinental online",positive,2,neutral,False,0.99902046,0.00034559163,0.99902046,0.00063391443
"tsmc posts weak dec sales, misses forecast",negative,0,negative,True,0.99932766,0.99932766,0.0002870877,0.00038529918
airbus gets go-ahead for new a350,positive,2,positive,True,0.9145286,0.0007106733,0.08476072,0.9145286
no word yet from rim on cause of blackberry outage,negative,0,negative,True,0.7470099,0.7470099,0.25174937,0.0012407274
"ford restates results for 5 years, narrows q3 loss",neutral,1,neutral,True,0.9719117,0.0053782994,0.9719117,0.02270996
"dow dips on wal-mart, economy",negative,0,negative,True,0.9993895,0.9993895,0.00033024847,0.0002802528
nortel signs $2-billion supply deal with verizon,positive,2,neutral,False,0.9758841,0.0012807345,0.9758841,0.022835145
thomson in talks to buy reuters for $17.6 bln,neutral,1,neutral,True,0.99318284,0.00045000372,0.99318284,0.0063671716
dominos earnings fall as promotions fail,negative,0,negative,True,0.99938023,0.99938023,0.0003174679,0.00030230373
china warns u.s. piracy cases will harm trade tries,negative,0,negative,True,0.99899405,0.99899405,0.00077198003,0.00023396265
countrywide mortgage lending in foreclosure rises,negative,0,negative,True,0.77508265,0.77508265,0.22049813,0.004419167
"pg stands by quarter view, sets new womens razor",positive,2,neutral,False,0.9968099,0.00065219414,0.9968099,0.0025377944
german corporate optimism jumps unexpectedly,positive,2,positive,True,0.9991924,0.0004553128,0.0003523077,0.9991924
apple files to delay annual report for option review,negative,0,neutral,False,0.9990042,0.00060660165,0.9990042,0.00038914246
google interested in doubleclick purchase report,positive,2,neutral,False,0.99885714,0.00028121885,0.99885714,0.0008616087
fcc oks commissioner to vote on att-bellsouth,neutral,1,neutral,True,0.99935645,0.00031281202,0.99935645,0.00033072286
judge sets new date for kpmg tax case,negative,0,neutral,False,0.9975048,0.0014733202,0.9975048,0.001021888
san miguel eyes $700 million deal for coke unit-sources,positive,2,neutral,False,0.99864274,0.00038606275,0.99864274,0.0009711719
factbox-how volkswagen and porsche stack up,neutral,1,neutral,True,0.9992698,0.0002744588,0.9992698,0.00045570382
accredited home hires new auditor shares rise,positive,2,positive,True,0.9989832,0.00021977011,0.0007969553,0.9989832
"lear sees 07 sales up, shares surge",positive,2,positive,True,0.99914443,0.000472759,0.0003827685,0.99914443
wal-mart expands personal well-being programs,positive,2,neutral,False,0.9930362,0.00031064817,0.9930362,0.006653203
beware heavy store traffic doesnt mean huge sales,negative,0,neutral,False,0.99713624,0.0017018624,0.99713624,0.0011619837
"dow jones 1st-qtr profit falls, revenue rises",neutral,1,negative,False,0.9976228,0.9976228,0.002102182,0.00027504764
"russia prolongs shell project probe, may prosecute",negative,0,neutral,False,0.96566254,0.03173784,0.96566254,0.0025996624
"clear channel gets higher bid, vote still unclear",positive,2,neutral,False,0.9954085,0.0003656492,0.9954085,0.004225875
stocks to take consumers pulse,neutral,1,neutral,True,0.9992217,0.00028775452,0.9992217,0.00049050426
us airways reports loss after hedging,negative,0,negative,True,0.9992084,0.9992084,0.0005537648,0.00023784362
"kraft 3rd-quarter profit up, but sales disappoint",neutral,1,neutral,True,0.9917504,0.0008257271,0.9917504,0.007423884
"lockheed, boeing vie for $1 bln-plus u.s. radio deal",positive,2,neutral,False,0.9988809,0.00025759792,0.9988809,0.000861515
barnes noble shares rise after upgrade,positive,2,positive,True,0.99924564,0.00032689498,0.00042742907,0.99924564
bear stearns earnings rise 38 pct,positive,2,positive,True,0.9991386,0.0005370597,0.0003243241,0.9991386
yahoo signs up comcast for web ads deal,positive,2,neutral,False,0.99674845,0.00040279434,0.99674845,0.0028487616
investor optimism dips in dec from nov peak,negative,0,negative,True,0.9994073,0.9994073,0.00029363454,0.00029906238
comverse says receives letter of default,negative,0,negative,True,0.99505144,0.99505144,0.0046417234,0.0003069209
home loan demand plummets as refinancing dives,negative,0,negative,True,0.9971727,0.9971727,0.0024048002,0.00042252612
us air-delta merger could ignite fare war experts,negative,0,neutral,False,0.9977816,0.0015608597,0.9977816,0.00065749284
hybrid sales rise but growth slowing,neutral,1,neutral,True,0.98675436,0.0025918481,0.98675436,0.010653721
cbs close to web distribution deals report,positive,2,neutral,False,0.99929917,0.00029431822,0.99929917,0.00040649239
dover profit from continuing operations rises,positive,2,positive,True,0.9992436,0.0003723836,0.0003839968,0.9992436
verizons ne fixed line biz to merge with fairpoint,neutral,1,neutral,True,0.99876356,0.00073893974,0.99876356,0.00049761485
time inc. may lay off 150 people new york post,negative,0,negative,True,0.99886763,0.99886763,0.0008024894,0.00032993275
third-quarter gdp growth revised down,negative,0,negative,True,0.99933124,0.99933124,0.00029724665,0.00037153822
midwest business activity recovers in december,positive,2,positive,True,0.99858606,0.000520025,0.00089398515,0.99858606
german eads investor talks could drag into 2007,negative,0,neutral,False,0.9892286,0.009258403,0.9892286,0.0015129726
dow eases as jobs data suggest no fed cut yet,negative,0,negative,True,0.9990343,0.9990343,0.0006164781,0.00034936186
"stocks rebound, but thai credibility in tatters",neutral,1,neutral,True,0.9627031,0.031546596,0.9627031,0.0057503665
babcock offers some alinta shareholders cash option,positive,2,neutral,False,0.99751186,0.00023483516,0.99751186,0.0022533203
"conagra 2nd-qtr profit jumps, forecast raised",positive,2,positive,True,0.9991454,0.0005339307,0.00032062572,0.9991454
goodyear sees lingering strike impact into 2007,negative,0,negative,True,0.9978744,0.9978744,0.0017775196,0.00034801807
housing slowdown weighed on consumer mood in nov,negative,0,negative,True,0.9992623,0.9992623,0.00042956913,0.00030818916
nissan u.s. sales down 11 pct in april,negative,0,negative,True,0.99932134,0.99932134,0.00028268166,0.00039595523
alcan happy to remain independent company ceo,neutral,1,neutral,True,0.998973,0.00053807563,0.998973,0.00048895366
"ford not ruling out sale, partnership magazine",neutral,1,neutral,True,0.99901044,0.0003876836,0.99901044,0.00060187624
cheesecake factory rises 5.5 pct,positive,2,positive,True,0.9992105,0.00048267512,0.00030683682,0.9992105
calibrating the retirement account,neutral,1,neutral,True,0.9992441,0.00034456546,0.9992441,0.00041136192
fcc expected to hit univision with record fine nyt,negative,0,negative,True,0.9987232,0.9987232,0.0006363145,0.00064038415
"nintendo picks gamestop, toys r us for wii launch",positive,2,neutral,False,0.99900407,0.00029239856,0.99900407,0.0007036459
federated november same-store sales up 8.5 pct,positive,2,positive,True,0.9991416,0.0005376937,0.00032075265,0.9991416
danaher sees double-digit 2007 earnings growth,positive,2,positive,True,0.9990687,0.00050777115,0.0004235415,0.9990687
apec business leaders urge vast free trade zone,positive,2,neutral,False,0.99853265,0.00055343116,0.99853265,0.0009139787
"hondas jan-nov china sales up 23 pct, lag market",neutral,1,positive,False,0.9569418,0.0012844525,0.04177374,0.9569418
apple profit surges on macbook and ipod sales,positive,2,positive,True,0.99911326,0.00053023477,0.00035650085,0.99911326
ise says in advanced talks with deutsche boerse,positive,2,neutral,False,0.9987226,0.00036405795,0.9987226,0.0009132375
"january incomes up 1.0 pct, core prices up 0.3 pct",neutral,1,positive,False,0.9991399,0.00036543285,0.0004945962,0.9991399
vw stock bolstered by talk of full porsche bid,positive,2,positive,True,0.99907327,0.00023107095,0.000695582,0.99907327
"world is impatient for reform, paulson tells china",neutral,1,neutral,True,0.9988545,0.00052543596,0.9988545,0.00061999995
former analyst gets 3 years for insider trading,negative,0,negative,True,0.9985336,0.9985336,0.0007813895,0.0006850295
apple sells 100 million ipods,positive,2,positive,True,0.94150406,0.003085973,0.055409968,0.94150406
ericsson lowers 2007 outlook,negative,0,negative,True,0.9993222,0.9993222,0.00044057815,0.00023731214
ubs winding up hedge fund after q1 profits fall,negative,0,negative,True,0.9992829,0.9992829,0.00034124614,0.0003758651
time warner sues directv over nfl network ads,negative,0,negative,True,0.99891186,0.99891186,0.0006382889,0.00044987674
"iea sees higher oil price, risks to investment",neutral,1,negative,False,0.98565453,0.98565453,0.013061381,0.0012840992
treasury names another new finance official,neutral,1,neutral,True,0.9990243,0.00040440419,0.9990243,0.00057133945
"siemens ceo resigns, leadership vacuum grows",negative,0,neutral,False,0.9982053,0.0013370652,0.9982053,0.00045762683
update 3-medco quarterly profit up 18 percent,positive,2,positive,True,0.9991788,0.0004763216,0.00034480626,0.9991788
oscar mayer chicken strip recall expanded usda,negative,0,negative,True,0.9985464,0.9985464,0.001086281,0.0003672583
duncan hines maker to be sold for $1.2 billion,positive,2,neutral,False,0.9989962,0.0004076407,0.9989962,0.0005961908
ge mulls sale of plastics unit source,neutral,1,neutral,True,0.9990183,0.00067916716,0.9990183,0.00030253333
best buy to sell hd radio in all u.s. stores,positive,2,neutral,False,0.9984491,0.00019786603,0.9984491,0.0013530133
michael dell says direct sales not a religion,neutral,1,neutral,True,0.99903834,0.0005000565,0.99903834,0.00046164865
triad near deal for private equity buyout wsj,positive,2,neutral,False,0.99909556,0.00035144069,0.99909556,0.00055293314
"pg profit soars, view raised slightly",positive,2,positive,True,0.999166,0.0005049631,0.00032900248,0.999166
pfizer wins canada ruling to stop lipitor generic,positive,2,positive,True,0.9988728,0.0004857657,0.00064134103,0.9988728
franco-german split overshadows airbus job cuts,negative,0,negative,True,0.99117416,0.99117416,0.0084188515,0.00040704187
sears securitizes its brand names businessweek,neutral,1,neutral,True,0.9993368,0.00028313228,0.9993368,0.0003800254
poole says u.s. interest rates well positioned,neutral,1,positive,False,0.99653196,0.0009716039,0.002496373,0.99653196
investors beware as china charts consumer boom,neutral,1,neutral,True,0.97613883,0.022326775,0.97613883,0.0015343531
chrysler signs small-car deal with chinas chery,positive,2,neutral,False,0.9986389,0.00025275385,0.9986389,0.0011082789
equity office affirms support for blackstone offer,positive,2,neutral,False,0.999181,0.0003211341,0.999181,0.0004979209
"u.s. dec leading index rises, tops forecast",positive,2,positive,True,0.9992219,0.00043038317,0.0003477321,0.9992219
us nov pending home sales index falls 0.5 pct,negative,0,negative,True,0.99901664,0.99901664,0.0006293749,0.00035389393
wal-mart calls business reviews good governance,neutral,1,neutral,True,0.99748933,0.00038422542,0.99748933,0.0021264595
american home mortgage sinks on lower outlook,negative,0,negative,True,0.9990563,0.9990563,0.00068018114,0.00026358955
refile-samsung sees better q1 despite seasonal weakness,positive,2,positive,True,0.998961,0.00064207264,0.0003969021,0.998961
qualcomm files new patent suits against nokia,negative,0,negative,True,0.99915814,0.99915814,0.00038592028,0.00045596616
more north american steel deals ahead,positive,2,neutral,False,0.99842215,0.00024713163,0.99842215,0.001330747
eu says record companies force itunes access limit,negative,0,neutral,False,0.99878615,0.00083107845,0.99878615,0.00038277378
arcelor mittal merger to be completed april or may,positive,2,neutral,False,0.99931514,0.00030887226,0.99931514,0.00037595106
"samsung elec sees dram, nand prices falling in q1",negative,0,negative,True,0.9993926,0.9993926,0.00035525806,0.00025211685
coca-cola and small bottlers settle lawsuit,positive,2,positive,True,0.9984255,0.0004517798,0.0011227803,0.9984255
"japans mizuho to merge two brokers, surpass nikko",positive,2,neutral,False,0.9090228,0.00044920397,0.9090228,0.09052798
lennar says worst may not yet be over for inventory,negative,0,negative,True,0.9921055,0.9921055,0.0034872356,0.0044072596
budget airline offers paris-ny with french frills,positive,2,neutral,False,0.99891007,0.00059056404,0.99891007,0.000499434
ford russia plant restarts but strike may recur,neutral,1,neutral,True,0.86434674,0.13241541,0.86434674,0.0032379173
"pool corp says 2006, 2007 earnings below street view",negative,0,negative,True,0.9993777,0.9993777,0.0002759244,0.0003463168
"airbus to cut plants and 10,000 jobs in overhaul",negative,0,negative,True,0.99895704,0.99895704,0.00071426865,0.00032865425
"oil steadies around $57, u.s. gasoline supports",neutral,1,positive,False,0.98731345,0.00213551,0.010551086,0.98731345
bank of america cfo de molina resigning,negative,0,neutral,False,0.9981523,0.0014526146,0.9981523,0.00039499527
"accredited, new century lead subprime meltdown",negative,0,negative,True,0.99806136,0.99806136,0.0014848232,0.0004538165
"hondas china venture recalls 49,500 suvs xinhua",negative,0,negative,True,0.99631894,0.99631894,0.0033011048,0.00037995027
northrop plans partnership with israel company report,positive,2,neutral,False,0.998831,0.00019522208,0.998831,0.00097371207
borders to reopen web site sell/close stores report,neutral,1,neutral,True,0.99746287,0.0018036639,0.99746287,0.00073346315
asian leaders sign energy pact at landmark summit,positive,2,neutral,False,0.9927005,0.00020570033,0.9927005,0.00709382
ibm sells 300 mln lenovo shares at hk$3.20,neutral,1,negative,False,0.9913908,0.9913908,0.00755834,0.0010508142
manufacturing growth seen accelerating survey,positive,2,positive,True,0.99913424,0.0005369446,0.00032882232,0.99913424
national cinemedia in parade of hot us share debuts,positive,2,neutral,False,0.9993166,0.0003274221,0.9993166,0.00035612105
apples ipod takes on global currency markets,neutral,1,neutral,True,0.9988318,0.00078605494,0.9988318,0.00038204272
sec asks ford for more information on restatement,negative,0,neutral,False,0.9992531,0.00044554652,0.9992531,0.00030137209
over 250 sick after eating at indiana olive garden,negative,0,negative,True,0.8671658,0.8671658,0.13104784,0.0017864028
corrected american express quarterly earnings rise,positive,2,positive,True,0.9983504,0.00035192666,0.0012977021,0.9983504
greenspan says bottom of home sales decline reached,positive,2,negative,False,0.99866617,0.99866617,0.0009134991,0.0004203366
"avon sees restructuring rewards, slow margin growth",neutral,1,negative,False,0.9985703,0.9985703,0.0010760508,0.00035365068
bernanke says subprime impact moderate so far,positive,2,neutral,False,0.92814636,0.013854275,0.92814636,0.057999358
police grill total ceo in iran corruption probe,negative,0,neutral,False,0.99682766,0.0025092529,0.99682766,0.0006630232
harrahs shareholders approve takeover,positive,2,neutral,False,0.9988147,0.0002282301,0.9988147,0.00095712516
"europe shares hit 5-1/2 yr high on commodities, ma",positive,2,positive,True,0.9991474,0.000519253,0.00033334526,0.9991474
hewlett-packard names new head of services unit,neutral,1,neutral,True,0.99924916,0.00029956966,0.99924916,0.0004512507
new rules enable healthy savings,positive,2,neutral,False,0.9986999,0.0003540109,0.9986999,0.00094605645
bp cuts growth targets,negative,0,negative,True,0.99935895,0.99935895,0.0003202395,0.0003208065
salesforce to market software for other companies,positive,2,neutral,False,0.9989705,0.00033023182,0.9989705,0.0006992761
intl paper to form jv with russias ilim pulp,positive,2,neutral,False,0.99765044,0.0012570075,0.99765044,0.0010926173
u.s. sustains protest of $15 bln boeing deal,negative,0,neutral,False,0.9420312,0.056347128,0.9420312,0.0016217625
unitedhealth completes 12-yr options restatement,positive,2,neutral,False,0.99895275,0.00027925917,0.99895275,0.00076803233
boeing to boost production of 787s ft,positive,2,positive,True,0.99854267,0.0008570863,0.00060021895,0.99854267
fed keeps u.s. rates steady,neutral,1,neutral,True,0.995871,0.0030901702,0.995871,0.0010387368
economy ends 06 on slower note,negative,0,negative,True,0.99925154,0.99925154,0.0005000161,0.00024833195
dupont says to add 400 positions,positive,2,positive,True,0.99922705,0.00039566748,0.00037725936,0.99922705
att says no longer pursuing olimpia stake,neutral,1,neutral,True,0.9960186,0.0034680318,0.9960186,0.000513362
general motors will not bid for chrysler paper,neutral,1,neutral,True,0.99930274,0.0003708482,0.99930274,0.0003263726
"symantec misses forecast, cuts outlook",negative,0,negative,True,0.9993395,0.9993395,0.00034037104,0.0003200989
"stocks rebound, yen off low after japan data",positive,2,positive,True,0.9991561,0.00051896996,0.00032486898,0.9991561
wesfarmers in raid for stake in coles report,positive,2,neutral,False,0.99322504,0.0059381067,0.99322504,0.00083681365
juniper passed up as ericsson picks redback analysts,negative,0,neutral,False,0.9986852,0.00041814442,0.9986852,0.0008966907
update 2-brookfield shares tilt lower despite rosy outlook,negative,0,negative,True,0.99938333,0.99938333,0.00039478,0.0002218559
"kraft profit falls, maintains forecast",negative,0,negative,True,0.9993992,0.9993992,0.0003196717,0.00028118852
kerkorian wants to meet with chrysler workers,neutral,1,neutral,True,0.99912566,0.00034177455,0.99912566,0.00053249253
severstal in talks to buy u.s. weirton steel paper,positive,2,neutral,False,0.9966428,0.00031110903,0.9966428,0.0030460656
buffett subprime problems not big economic threat,positive,2,negative,False,0.54507184,0.54507184,0.4486071,0.006321015
home depot ceo says no plans to go private,neutral,1,neutral,True,0.99903667,0.0005470336,0.99903667,0.00041631763
"afp, google news settle lawsuit over google news",positive,2,positive,True,0.9989905,0.00042286867,0.00058667694,0.9989905
att pulls out of t.italia talks source,neutral,1,neutral,True,0.9917047,0.0076710694,0.9917047,0.00062415143
glaxo signs record $2.1 bln deal for genmab drug,positive,2,positive,True,0.9950853,0.00034635034,0.00456833,0.9950853
"saudi sees oil market healthy, action unlikely-wsj",positive,2,neutral,False,0.98800874,0.0021480478,0.98800874,0.009843205
eu fines arcelor 10 mln euros for steel beam cartel,negative,0,negative,True,0.9990146,0.9990146,0.0004456184,0.0005397313
whirlpool earnings top estimates,positive,2,positive,True,0.9991999,0.00042089107,0.00037916252,0.9991999
panel backs young adult antidepressant warning,negative,0,neutral,False,0.860919,0.13751446,0.860919,0.0015665654
big trade surplus overshadows china reform pledge,neutral,1,negative,False,0.5453682,0.5453682,0.44506028,0.009571536
gm says delphi reorganization bid could delay deal,negative,0,neutral,False,0.9952348,0.0041719247,0.9952348,0.00059337873
tribune has no plans to sell more papers,neutral,1,neutral,True,0.9988984,0.0004951925,0.9988984,0.00060636044
american airlines shares up on profit,positive,2,positive,True,0.9991773,0.00048583173,0.0003368514,0.9991773
boston scientific says taxus as safe as bare stent,positive,2,neutral,False,0.9905376,0.0013036043,0.9905376,0.00815888
"indexes fall on oils slide, housing weakness",negative,0,negative,True,0.9994143,0.9994143,0.00028545287,0.0003002064
bank of japan raises rates to decade-high 0.5 pct,neutral,1,neutral,True,0.99158067,0.005605399,0.99158067,0.002813908
"gm ceo sees deal with delphi, union, soon",positive,2,neutral,False,0.9945732,0.00031521736,0.9945732,0.0051115495
take-two considers sale amid boardroom battle,neutral,1,neutral,True,0.9987826,0.0008169332,0.9987826,0.0004005464
taco bell reopens 8 new york restaurants,positive,2,neutral,False,0.9959792,0.00039180618,0.9959792,0.0036289438
barclays taps into demand for global carbon market,positive,2,neutral,False,0.9986564,0.00060545234,0.9986564,0.0007381007
"american eagle outlook disappoints, shares fall",negative,0,negative,True,0.99944764,0.99944764,0.0002811614,0.00027117197
"fda pet food probe checks 4,000 pet deaths",negative,0,negative,True,0.9978034,0.9978034,0.0017979337,0.00039875493
second nikko shareholder dismisses citigroup offer,neutral,1,neutral,True,0.96088755,0.037987858,0.96088755,0.0011246224
feds probing potential fraud at beazer,negative,0,negative,True,0.99838173,0.99838173,0.0011267348,0.0004915263
atmi lowers first-quarter outlook,negative,0,negative,True,0.99941087,0.99941087,0.0003148379,0.0002742728
virgin eyes options after thomas cook-mytravel deal,neutral,1,neutral,True,0.9992034,0.00042546098,0.9992034,0.0003711924
"indexes end flat on deals, jobs as earnings loom",neutral,1,neutral,True,0.9647531,0.03371569,0.9647531,0.001531255
"texas pacific, cerberus submit bids for jvc sources",positive,2,neutral,False,0.9992366,0.00036797786,0.9992366,0.0003954824
citigroup wins bln battle for chinese bank,positive,2,neutral,False,0.57800233,0.00096179865,0.57800233,0.4210359
j.c. penney raises profit forecast,positive,2,positive,True,0.99920374,0.00044763286,0.0003486747,0.99920374
"update 5-ryanair q2 profit jumps, raises winter outlook",positive,2,positive,True,0.9992175,0.00043234046,0.0003501208,0.9992175
nissan us sales on track for oct double-digit rise,positive,2,positive,True,0.9989924,0.0006444086,0.00036317742,0.9989924
fed ends enforcement action on citis enron deals,positive,2,positive,True,0.9168376,0.003641742,0.07952072,0.9168376
oil rises to 2-month high on u.s. winter fuel draw,positive,2,positive,True,0.9991217,0.00057973503,0.00029851455,0.9991217
"verizon profit up, internet additions disappoint",neutral,1,positive,False,0.7387315,0.0013746937,0.25989383,0.7387315
"bernanke to say economy sound, inflation a risk",neutral,1,neutral,True,0.99460405,0.0024712405,0.99460405,0.0029246823
stocks jump on gains in energy sector and gdp,positive,2,positive,True,0.99918395,0.00045289163,0.00036309363,0.99918395
lear mum on specifics of stock trade halt,negative,0,negative,True,0.6614254,0.6614254,0.33601472,0.0025598002
ceo says chrysler split could be difficult paper,negative,0,neutral,False,0.99226016,0.0069571957,0.99226016,0.0007826837
dell lcd shipments fall in q3 from q2 displaysearch,negative,0,negative,True,0.9993154,0.9993154,0.00030122162,0.0003834027
microsoft web search exec leaving company source,negative,0,neutral,False,0.99874794,0.00081397465,0.99874794,0.0004379801
dell finds evidence of misconduct in finance probe,negative,0,negative,True,0.99818796,0.99818796,0.0012261862,0.00058575295
major nikko investor says citigroup offer too low,neutral,1,neutral,True,0.5647744,0.432648,0.5647744,0.00257756
ex-kb home chief reaped big riches in housing boom,negative,0,neutral,False,0.9759473,0.00045236485,0.9759473,0.023600359
"update 3-rinker rejects $12 bln cemex bid, talks to others",positive,2,neutral,False,0.99696285,0.0025969232,0.99696285,0.00044026205
"delta, northwest shares poised to be at head of pack",positive,2,neutral,False,0.9936941,0.00067908864,0.9936941,0.0056267856
keeping the 787 launch on time,positive,2,neutral,False,0.9960991,0.0007472966,0.9960991,0.00315356
irs should scrap private tax collection - report,negative,0,neutral,False,0.998757,0.0005882399,0.998757,0.0006547662
"mgic, radian affiliate to buy fieldstone",positive,2,neutral,False,0.99908733,0.00025954764,0.99908733,0.0006532019
canon may scrap $1.7 billion panel plant plan source,negative,0,negative,True,0.9913543,0.9913543,0.008278489,0.00036715576
update 3-russias evraz to buy oregon steel for $2.3 bln,positive,2,neutral,False,0.99820316,0.0003063057,0.99820316,0.0014905429
att lands gm network contract worth near $1 bln,positive,2,neutral,False,0.8445448,0.0017478724,0.8445448,0.15370727
chinas wen plans to visit japan early or mid-april,positive,2,neutral,False,0.99915767,0.0003821945,0.99915767,0.00046010542
"toyota q3 beats expectations on sales jump, yen",positive,2,positive,True,0.9992441,0.00041309086,0.00034282662,0.9992441
venezuela says will not confiscate telecom,positive,2,neutral,False,0.99011165,0.0007626686,0.99011165,0.009125598
itc to acquire alliant assets for $750 million,positive,2,neutral,False,0.9990115,0.00033726508,0.9990115,0.0006512099
lone star close to terminating keb deal,negative,0,neutral,False,0.99619836,0.0024260068,0.99619836,0.0013756986
daimlerchrysler has potential bidders for u.s. unit wsj,positive,2,neutral,False,0.9990344,0.00038304966,0.9990344,0.00058256567
adidas sees positive reebok orders in h2 2007,positive,2,positive,True,0.9991297,0.00040520413,0.0004650709,0.9991297
health drives quarters rise in venture funding,positive,2,positive,True,0.95010585,0.00070829975,0.049185853,0.95010585
ex-mortgage ceo may face criminal charges ag,negative,0,negative,True,0.99343723,0.99343723,0.005412516,0.0011502284
ubs senior bond traders depart amid probe-wsj,negative,0,neutral,False,0.6480632,0.35109758,0.6480632,0.0008392425
airbus slashes eads profit by 86 percent,negative,0,negative,True,0.99927205,0.99927205,0.00031477978,0.00041328647
"sprint investor builds stake, calls for changes wsj",neutral,1,neutral,True,0.99846125,0.0007342726,0.99846125,0.0008045206
feds plosser clear policy keeps inflation in check,positive,2,neutral,False,0.9927168,0.004133325,0.9927168,0.0031498643
"kb home profit off 84 pct, subprime clouds outlook",negative,0,negative,True,0.9992526,0.9992526,0.00032016143,0.0004271118
stock investors face earnings storm,negative,0,negative,True,0.999292,0.999292,0.00048233074,0.00022567034
dow jones says to cut field office jobs,negative,0,negative,True,0.99914765,0.99914765,0.00056813133,0.00028420045
"citigroup opens nikko bid, says wont raise price",neutral,1,neutral,True,0.9989617,0.00041031177,0.9989617,0.000627979
mcdonalds ceo gets $8.8 million in bonuses,neutral,1,neutral,True,0.841912,0.0010066608,0.841912,0.15708141
"durables orders up, home sales disappoint",neutral,1,neutral,True,0.8454365,0.0016206579,0.8454365,0.15294279
"gap, others, see red for the u.s. holiday season",negative,0,negative,True,0.9510317,0.9510317,0.04847351,0.00049482356
disney parks eyes stand-alone hotels,positive,2,neutral,False,0.99909604,0.00044383833,0.99909604,0.00046004873
delphi reports wider quarterly loss,negative,0,negative,True,0.99934024,0.99934024,0.00034578372,0.0003138839
ntl to confirm it has dropped itv bid plan paper,negative,0,neutral,False,0.99921966,0.0004595737,0.99921966,0.0003207352
costco quarterly results fall,negative,0,negative,True,0.99935824,0.99935824,0.0002833142,0.00035850765
"starbucks sees 2,400 new stores in fiscal year 07",positive,2,positive,True,0.9987804,0.0004296252,0.0007898972,0.9987804
constellation brands profit tops view shares rise,positive,2,positive,True,0.99922514,0.00043606097,0.00033884653,0.99922514
"costco profit falls, hurt by options expense",negative,0,negative,True,0.99936885,0.99936885,0.00031182403,0.00031938162
toyota to build two plants in north america report,positive,2,neutral,False,0.9985933,0.00042212766,0.9985933,0.0009845883
"zell wins bid for tribune, cubs on block",positive,2,neutral,False,0.99901676,0.00026927187,0.99901676,0.00071399735
home depot outlines new ceos compensation plan,neutral,1,neutral,True,0.99930894,0.00038565331,0.99930894,0.00030547194
"mortgage applications dip, spring sales murky",negative,0,negative,True,0.9990074,0.9990074,0.0007473261,0.0002453063
u.s. appeals court to review light cigarette case,negative,0,neutral,False,0.9970983,0.0011032214,0.9970983,0.0017985267
factbox fed staff forecasts from fomc minutes,neutral,1,neutral,True,0.99927455,0.00044328434,0.99927455,0.00028218413
ge and blackstone to buy phh,positive,2,neutral,False,0.98556954,0.00026088714,0.98556954,0.014169534
organic chocolate taking bite out of market,positive,2,negative,False,0.9982668,0.9982668,0.0013683202,0.0003648201
"gm targets smaller, more profitable buick brand",positive,2,neutral,False,0.99875057,0.000750823,0.99875057,0.0004985734
fannie mae to report 2005 earnings by september,neutral,1,neutral,True,0.9992329,0.00042657254,0.9992329,0.00034051423
apple board did not approve ceo options grant paper,negative,0,neutral,False,0.9990765,0.00058058905,0.9990765,0.00034289874
"express scripts, cvs defend their caremark bids",neutral,1,neutral,True,0.99929285,0.000411835,0.99929285,0.00029526293
gap to close forth towne after 18 months,negative,0,neutral,False,0.998998,0.0005227971,0.998998,0.00047921998
court orders skilling to jail,negative,0,neutral,False,0.93797284,0.04471138,0.93797284,0.017315742
stocks fall on mortgage defaults,negative,0,negative,True,0.9993917,0.9993917,0.00030281357,0.00030544598
japanese investors get vietnam fever,positive,2,neutral,False,0.99493647,0.00061331753,0.99493647,0.004450212
"economy added 97,000 payroll jobs in february",positive,2,positive,True,0.99915206,0.000502606,0.0003453571,0.99915206
bernanke fed economic view unfazed by stocks drop,positive,2,positive,True,0.62765115,0.012385451,0.35996342,0.62765115
microsoft to acquire mobile ad company screentonic,positive,2,neutral,False,0.9989361,0.00032493623,0.9989361,0.00073896354
u.s. rep questions wal-mart banking plans report,negative,0,neutral,False,0.64347005,0.35565814,0.64347005,0.00087181083
eads awaits customer decisions on a380 freighter,neutral,1,neutral,True,0.99900645,0.00040071076,0.99900645,0.0005927867
tyco split could be lucrative for investors report,positive,2,positive,True,0.9969463,0.00029675197,0.0027569255,0.9969463
housing slump spurs u.s. building-products layoffs,negative,0,negative,True,0.99926764,0.99926764,0.00040735776,0.0003249657
genentech plans to buy tanox for about $919 mln,positive,2,neutral,False,0.9947383,0.0003317521,0.9947383,0.0049299756
"ford to pay bonus to all u.s., canadian employees",positive,2,neutral,False,0.98446643,0.00036649915,0.98446643,0.015167019
"jetblue posts narrow loss, reduces expansion",negative,0,neutral,False,0.9687274,0.0033810697,0.9687274,0.0278915
jp morgan net surges 68 pct on investment banking,positive,2,positive,True,0.99912316,0.0004952378,0.0003816346,0.99912316
sara lee posts quarterly loss,negative,0,negative,True,0.9993363,0.9993363,0.00034443365,0.0003193195
comcast starts offering wireless phone service,positive,2,positive,True,0.95186055,0.0011096541,0.047029827,0.95186055
sony playstation 3 debuts amid shopper frenzy,positive,2,neutral,False,0.9971974,0.0006553877,0.9971974,0.002147212
"sony ps3 to launch gaming battle, profit elusive",negative,0,neutral,False,0.9987696,0.0006822777,0.9987696,0.00054811966
"thailand approves copycat heart, hiv/aids drugs",positive,2,positive,True,0.97036505,0.00069380074,0.02894108,0.97036505
"cvs holders approve deal, caremark vote friday",positive,2,neutral,False,0.9989126,0.00024506488,0.9989126,0.0008424238
wyeth signs deal for drugs from llamas,positive,2,neutral,False,0.9986987,0.0002189781,0.9986987,0.0010822713
china rout may signal end to global risk-taking,negative,0,negative,True,0.99837214,0.99837214,0.0007045665,0.0009232714
emc sees more investments in israel,positive,2,positive,True,0.9979658,0.00027653223,0.0017576664,0.9979658
home depot sees lower 07 profit,negative,0,negative,True,0.9993599,0.9993599,0.0002917004,0.00034832282
canada stuns market with pledge to tax income trusts,negative,0,neutral,False,0.99345535,0.0043794294,0.99345535,0.0021652682
coeur dalene quarterly profit more than doubles,positive,2,positive,True,0.9992095,0.00041477542,0.00037562323,0.9992095
"corrected yahoo ceo granted 800,000 options for 2006 bonus",neutral,1,positive,False,0.86392117,0.00081896846,0.13525987,0.86392117
vonages ceo snyder steps down,negative,0,neutral,False,0.9991597,0.00052780483,0.9991597,0.00031251396
qantas bid in disarray as shareholder rejects offer,negative,0,negative,True,0.9978156,0.9978156,0.0019745184,0.00020977447
xm says sirius break-up fee $175 million,neutral,1,neutral,True,0.9956487,0.0037435498,0.9956487,0.0006078322
toyota tops customer retention survey,positive,2,positive,True,0.9974995,0.0003710598,0.0021293568,0.9974995
starwood capital building whitbread stake report,positive,2,neutral,False,0.99910754,0.00036747835,0.99910754,0.0005250077
fidelitys own gifts probe seen softening sec blow,positive,2,neutral,False,0.9858021,0.006134679,0.9858021,0.0080632195
"citadel, walt disney modify abc radio merger deal",neutral,1,neutral,True,0.99846315,0.0005119399,0.99846315,0.0010249413
peoples choice home loan files for chapter 11,negative,0,neutral,False,0.99927,0.00041193733,0.99927,0.0003180092
"top russian minister defends oil, gas decisions ft",neutral,1,neutral,True,0.99934334,0.0003313926,0.99934334,0.00032522285
sallie mae to sell itself in $25 billion lbo,positive,2,neutral,False,0.99875,0.0007198945,0.99875,0.00053012074
att identifies suspected pretexters of records,negative,0,neutral,False,0.99922156,0.00044401732,0.99922156,0.00033436433
lakshmi mittal takes over as ceo of arcelor mittal,neutral,1,neutral,True,0.9992525,0.00042795614,0.9992525,0.00031949952
rosneft to invest $20 billion to take on oil giants,positive,2,neutral,False,0.99839896,0.0005498515,0.99839896,0.0010511443
u.s. airways raises offer for delta to $10.3 bln,positive,2,neutral,False,0.9980585,0.00033482042,0.9980585,0.0016066215
oil breaks below $50 on rising u.s. stockpiles,negative,0,negative,True,0.9992592,0.9992592,0.000389371,0.00035142046
kraft hopes to hit its stride by 2009 shares fall,negative,0,negative,True,0.99654824,0.99654824,0.003161664,0.00029016184
"icbc shares rise in hk, shanghai after record ipo",positive,2,positive,True,0.99917394,0.00048630804,0.0003397622,0.99917394
bonuses aplenty for ceos study,neutral,1,neutral,True,0.9909966,0.00022847884,0.9909966,0.008774901
airline chiefs press congress on usair merger bid,neutral,1,neutral,True,0.999424,0.00025143684,0.999424,0.00032464945
"disney profit more than doubles on dvds, e stake sale",positive,2,positive,True,0.99921143,0.00034098816,0.00044750527,0.99921143
atheros enters bluetooth chip market,positive,2,neutral,False,0.9986135,0.00037033326,0.9986135,0.0010161315
bid-target itv poaches bbc boss michael grade,positive,2,neutral,False,0.999091,0.0003930277,0.999091,0.0005159693
3m sells drug unit for $2.1 billion in 3-part deal,neutral,1,neutral,True,0.99847823,0.0004327189,0.99847823,0.0010890894
lamy trade ministers agree to resume wto talks,positive,2,neutral,False,0.96606886,0.0006791871,0.96606886,0.033251815
"bush seeks sallie mae, other student lender cuts",negative,0,neutral,False,0.9980446,0.0015551808,0.9980446,0.00040025247
"oil bull run intact after rout, opec takes stock",positive,2,positive,True,0.998755,0.00048043713,0.0007646207,0.998755
feds lacker inflation is main risk to u.s. economy,negative,0,negative,True,0.9969766,0.9969766,0.0025746643,0.00044874963
u.s. lawmakers launch move to overhaul patent system,neutral,1,neutral,True,0.99857867,0.00050068495,0.99857867,0.0009206995
"flaherty doubts bce, telus to go ahead as trusts",negative,0,neutral,False,0.99841034,0.0007591112,0.99841034,0.00083056133
u.s. manufacturing slows unexpectedly in jan ism,negative,0,negative,True,0.9993573,0.9993573,0.00032166654,0.0003210251
apple says u.s. govt sought options info-filing,negative,0,neutral,False,0.9990845,0.00052943756,0.9990845,0.0003861265
dubais emaar q1 profit hit by us housing slowdown,negative,0,negative,True,0.9993542,0.9993542,0.0003285815,0.0003172853
qualcomm says broadcom statement misleading,negative,0,negative,True,0.58704,0.58704,0.41184035,0.0011197168
kkr group considering partner for coles bid source,neutral,1,neutral,True,0.99923706,0.00047492317,0.99923706,0.0002880654
pier 1 posts seventh consecutive loss,negative,0,negative,True,0.99877053,0.99877053,0.0008436715,0.0003858146
limited brands sees april same-store sales up,positive,2,positive,True,0.9992126,0.00040174936,0.00038554997,0.9992126
delta sets hearing on reorganization plan,neutral,1,neutral,True,0.99927944,0.00040352304,0.99927944,0.0003171626
fed says several districts see slower growth,negative,0,negative,True,0.9993518,0.9993518,0.00040627643,0.00024201468
corrected emerson profit rises 14 percent,positive,2,positive,True,0.99919945,0.00045159654,0.00034891884,0.99919945
att earnings beat expectations,positive,2,positive,True,0.99915814,0.0004119851,0.00042982533,0.99915814
dow ends higher on ibm boost,positive,2,positive,True,0.99919015,0.00048719812,0.00032263296,0.99919015
exxon mobil profit boosted by refineries,positive,2,positive,True,0.9991875,0.00045911604,0.0003534065,0.9991875
wal-marts new packaging credo lets get small,neutral,1,neutral,True,0.9991235,0.0004093447,0.9991235,0.0004671394
bernanke says inflation picture encouraging,positive,2,positive,True,0.999158,0.00038069606,0.00046132284,0.999158
a night without crackberry curse or blessing,neutral,1,neutral,True,0.99880743,0.00037954963,0.99880743,0.000812992
"siemens close to deal to buy ugs, sources say",positive,2,neutral,False,0.99771047,0.0002695481,0.99771047,0.0020200487
"gm sales rise, but market share slips",neutral,1,neutral,True,0.9982272,0.00082256924,0.9982272,0.00095033954
brown-forman posts higher quarterly profit,positive,2,positive,True,0.99919814,0.0004511644,0.0003506613,0.99919814
toyota eyes southern u.s. for assembly plant report,positive,2,neutral,False,0.9990709,0.00041319698,0.9990709,0.0005159392
daimlerchrysler to pay $1.2 mln in penalty,negative,0,negative,True,0.99876887,0.99876887,0.0007081868,0.00052291976
bernanke economic vigor may call for rate hikes,neutral,1,positive,False,0.93793505,0.0021656214,0.05989934,0.93793505
weyerhaeuser 4th-quarter profit boosted by refund,positive,2,positive,True,0.9992176,0.00043036102,0.0003520111,0.9992176
earnings etfs seen carrying risks,negative,0,negative,True,0.9990109,0.9990109,0.000671388,0.0003176488
"ibm, mysql team up on database software",positive,2,neutral,False,0.998953,0.00038363523,0.998953,0.0006632897
hyundai denies report on india truck plant,neutral,1,neutral,True,0.9963904,0.00083040644,0.9963904,0.00277916
gdp growth weakest in four years,negative,0,negative,True,0.9993672,0.9993672,0.00026782812,0.00036507702
news corp. quarterly profit rises on tv networks,positive,2,positive,True,0.9991978,0.00044465254,0.00035755266,0.9991978
realogy to be sold to apollo group for $6.65 billion,positive,2,neutral,False,0.9989196,0.00058381626,0.9989196,0.00049659744
yahoo in ad partnership with newspapers,positive,2,neutral,False,0.9990606,0.00024670496,0.9990606,0.00069283025
marsh mclennan profit falls about 36 percent,negative,0,negative,True,0.99933344,0.99933344,0.0002894981,0.0003771049
"imfs rato says growth on track, warns on inflation",neutral,1,neutral,True,0.95415944,0.005228816,0.95415944,0.04061175
alcan profit jumps on higher aluminum prices,positive,2,positive,True,0.99911886,0.00056672585,0.0003144291,0.99911886
intel to treble vietnam investment to $1 bln sources,positive,2,neutral,False,0.89636207,0.0015949006,0.89636207,0.10204301
citigroup to list on tokyo stock exchange nikkei,positive,2,neutral,False,0.99891436,0.00046071952,0.99891436,0.00062490697
dow jones shares rise after ad revenue report,positive,2,positive,True,0.99921346,0.000452076,0.0003343974,0.99921346
siemens confident after profit rise,positive,2,positive,True,0.99922657,0.0004356476,0.00033778438,0.99922657
boeing gets more 787 orders,positive,2,positive,True,0.9991627,0.0003569017,0.0004804889,0.9991627
zell offers $33-per-share for tribune l.a. times,positive,2,neutral,False,0.9983607,0.00024008586,0.9983607,0.0013992824
"oracle profit rises, shares down on software sales",negative,0,neutral,False,0.9229161,0.07272763,0.9229161,0.004356292
"pbl, macquarie bet on $1.2 billion canadian casino deal",positive,2,neutral,False,0.996135,0.00039866337,0.996135,0.0034663952
stomach virus likely caused olive garden illnesses,negative,0,neutral,False,0.93854773,0.060029157,0.93854773,0.0014231679
wal-mart october sales growth tracking below forecast,negative,0,negative,True,0.9993917,0.9993917,0.0003100289,0.00029830117
"icahn sold ktg shares for $460 million, say sources",neutral,1,neutral,True,0.99693394,0.001777604,0.99693394,0.0012885244
hertz ipo raises $1.32 billion,positive,2,neutral,False,0.9914602,0.00091703475,0.9914602,0.007622718
"ebay to pay around $300 million to buy stubhub, sources say",positive,2,neutral,False,0.9984125,0.00033597907,0.9984125,0.0012515072
imperial tobacco pushes for friendly altadis deal,positive,2,neutral,False,0.9990395,0.00029711623,0.9990395,0.000663318
man ceo wont rule out breaking up conglomerate,neutral,1,neutral,True,0.9990709,0.0004490606,0.9990709,0.00048014522
abn says would consider superior offer to barclays,positive,2,neutral,False,0.99923384,0.00024252603,0.99923384,0.0005236194
"derivatives traders see payrolls at 99,500",neutral,1,positive,False,0.6863971,0.24153076,0.07207214,0.6863971
"hitachi, ge boost alliance in nuclear power business",positive,2,neutral,False,0.99840826,0.0002765567,0.99840826,0.0013151999
wal-mart inks $1 bln china retail acquisition,positive,2,neutral,False,0.99725515,0.00046060214,0.99725515,0.0022842868
wal-mart cuts prices on key electronics,negative,0,positive,False,0.98792446,0.002299065,0.009776442,0.98792446
update 3-bid talk propels barclays shares higher-traders,positive,2,positive,True,0.99889344,0.00033475284,0.0007718477,0.99889344
applebees says breeden refuses board seats offer,negative,0,neutral,False,0.995453,0.004216366,0.995453,0.00033065453
vodafone denies report of tie-up talks with altimo,neutral,1,neutral,True,0.9984326,0.000633678,0.9984326,0.0009337766
humana posts lower-than-expected profit stock down,negative,0,negative,True,0.9993749,0.9993749,0.00026858604,0.00035662923
fourth-quarter gdp revised up on inventories,positive,2,positive,True,0.7774868,0.21647732,0.00603594,0.7774868
holiday season may not be joyous for pc makers,negative,0,negative,True,0.99927646,0.99927646,0.00047958767,0.00024399096
factbox barclays proposed offer for abn amro,neutral,1,neutral,True,0.999263,0.00033480613,0.999263,0.000402203
"update 6-gazprom, belarus downbeat as late gas talks start",negative,0,negative,True,0.99935097,0.99935097,0.00039922257,0.00024978066
"conoco, chevron agree may 1 handover in venezuela",negative,0,neutral,False,0.99653804,0.00040163426,0.99653804,0.00306036
positive outlook buoys alcoa day before earnings,positive,2,positive,True,0.99925977,0.00037108254,0.00036914792,0.99925977
federated oct same-store sales up 7.7 pct,positive,2,positive,True,0.99918264,0.0004880802,0.00032923865,0.99918264
att to spend $750 mln on global network in 2007,positive,2,neutral,False,0.99747866,0.0005285803,0.99747866,0.0019928464
avon posts higher first-quarter profit,positive,2,positive,True,0.99918383,0.00046379166,0.000352349,0.99918383
manufacturing shrinks for first time in 3.5 years,negative,0,negative,True,0.9991922,0.9991922,0.00041738234,0.0003904652
american tower eyes reliance comm tower unit report,neutral,1,neutral,True,0.99838555,0.0010400587,0.99838555,0.0005743547
exxon mobil offers plan to end alaska dispute,positive,2,neutral,False,0.9957373,0.00027326023,0.9957373,0.0039894423
chryslers inventory casts long shadow on detroit,negative,0,negative,True,0.99829966,0.99829966,0.0015030205,0.00019730905
"3m posts profit, sees global economy slowing",neutral,1,negative,False,0.6311666,0.6311666,0.10274275,0.26609072
fcc aims to help telcos offer tv service faster,positive,2,neutral,False,0.9989642,0.0003302836,0.9989642,0.0007056011
exxon to cede oil project ops to venezuela by may,negative,0,neutral,False,0.99811554,0.00059710187,0.99811554,0.0012874458
amazon profit beats expectations,positive,2,positive,True,0.9992067,0.0004031325,0.00039017908,0.9992067
u.s. imposes restrictions on nokia-siemens jv paper,negative,0,negative,True,0.9930541,0.9930541,0.006634227,0.00031167935
factory activity posts surprise contraction,negative,0,negative,True,0.99937695,0.99937695,0.0003194345,0.000303679
clorox to buy part of colgates bleach business,positive,2,neutral,False,0.99839765,0.00032981997,0.99839765,0.001272574
indexes flat amid ma wave,neutral,1,neutral,True,0.9911378,0.0076728566,0.9911378,0.0011893715
vintners uncork push for wine origin protection,neutral,1,neutral,True,0.9987174,0.0008189125,0.9987174,0.00046369672
ny seeks probe of wal-mart for surveillance report,negative,0,negative,True,0.9961139,0.9961139,0.003371589,0.0005145054
new peugeot citroen ceo sets out recovery plan,positive,2,neutral,False,0.9991861,0.00045489802,0.9991861,0.00035903297
"xerox profit beats street, revenue woes hurt stock",neutral,1,neutral,True,0.9722777,0.0021430906,0.9722777,0.025579248
consumer confidence plunges in april ibd survey,negative,0,negative,True,0.99933964,0.99933964,0.00032560554,0.00033477147
buffett says unlikely he would bid for dow jones,neutral,1,neutral,True,0.99906844,0.00054321566,0.99906844,0.00038832944
vonage wins temporary reprieve in verizon case,positive,2,positive,True,0.9891244,0.00080734515,0.01006825,0.9891244
earthlink ceo garry betty dies,neutral,1,neutral,True,0.998781,0.0007610634,0.998781,0.0004578707
bp says cuts production growth targets,negative,0,negative,True,0.99938905,0.99938905,0.0003292247,0.0002817284
alaska oil pipeline operator looses part of a pig,negative,0,neutral,False,0.99911934,0.0003894372,0.99911934,0.0004911913
target november same-store sales up 5.9 percent,positive,2,positive,True,0.9991435,0.00054005487,0.00031644487,0.9991435
market moves dont reflect strong economy paulson,positive,2,neutral,False,0.9833589,0.01363392,0.9833589,0.0030071556
data may propel stocks higher,positive,2,positive,True,0.99925774,0.0003314957,0.00041078206,0.99925774
delta air to recall 700 maintenance workers,positive,2,negative,False,0.99849427,0.99849427,0.001221212,0.000284447
citi lines up credit line for nikko bid,positive,2,neutral,False,0.99708766,0.00090301177,0.99708766,0.002009325
seven shares on trading halt ahead of announcement,negative,0,neutral,False,0.7148616,0.2837453,0.7148616,0.001393186
northwest plan says shareholders will get nothing,negative,0,neutral,False,0.98586035,0.01349782,0.98586035,0.0006418074
mississippi attorney general targets state farm,negative,0,negative,True,0.8968978,0.8968978,0.10167766,0.0014245621
gm china sales growth to exceed 15 percent in 2007,positive,2,positive,True,0.99900144,0.00053773413,0.00046078514,0.99900144
new york state to sue exxon mobil over spill,negative,0,negative,True,0.99906474,0.99906474,0.00050077244,0.0004344685
applied materials profit nearly triples,positive,2,positive,True,0.9989833,0.00042981983,0.0005868529,0.9989833
consumer sentiment weaker as holidays loom,negative,0,negative,True,0.99926835,0.99926835,0.00050522026,0.00022642939
tata steel oks plans to raise $4 bln for corus buy,positive,2,neutral,False,0.99789065,0.00047496406,0.99789065,0.0016344074
cvs ups caremark bid,positive,2,positive,True,0.9925054,0.00038076888,0.007113872,0.9925054
corning posts profit on lcd tv demand,positive,2,positive,True,0.9991978,0.00048045904,0.00032181336,0.9991978
alcoa quarterly profit up on higher metal prices,positive,2,positive,True,0.99916375,0.0005175855,0.00031871765,0.99916375
gates foundation billions change pharma landscape,neutral,1,neutral,True,0.9983467,0.00034991372,0.9983467,0.0013034655
"ford is reviewing all products, brands ceo",neutral,1,neutral,True,0.9993344,0.0002862293,0.9993344,0.00037934087
factbox-citigroup bids $10.75 bln for nikko cordial,neutral,1,neutral,True,0.99864656,0.0005541096,0.99864656,0.0007993268
endo pharma gives 07 forecast below street view,negative,0,negative,True,0.99939775,0.99939775,0.00028227706,0.00032000308
shell says california refinery ops back to normal,positive,2,positive,True,0.95547044,0.014010679,0.030518869,0.95547044
man shot waiting to buy playstation 3,negative,0,neutral,False,0.99891174,0.00046132723,0.99891174,0.000626925
"boom time for gadget giants, but where is profit",negative,0,neutral,False,0.9993105,0.0003702999,0.9993105,0.00031929722
"fed seen holding rates steady, warning on inflation",neutral,1,neutral,True,0.9928704,0.0054844506,0.9928704,0.0016451774
manufacturing sputters as housing slump spreads,negative,0,negative,True,0.99936074,0.99936074,0.00032067066,0.0003186021
"best buy miss raises tv pricing, margin concerns",negative,0,negative,True,0.9992902,0.9992902,0.00044826523,0.00026148578
battered dollar hurts stocks but buoys bonds,negative,0,neutral,False,0.98883724,0.0064871605,0.98883724,0.004675578
"att, america movil seek telecom italia deal",positive,2,neutral,False,0.99904233,0.00030159028,0.99904233,0.00065608864
"universal music, bolt settle copyright infringement lawsuit",positive,2,positive,True,0.99864274,0.00034979908,0.0010074244,0.99864274
jury gets federal vioxx case in new orleans,negative,0,negative,True,0.9958045,0.9958045,0.00228188,0.0019136828
nasdaq climbs with apple,positive,2,positive,True,0.99917406,0.00046596478,0.00035989322,0.99917406
u.s. government sues former cendant vice chairman,negative,0,negative,True,0.99829715,0.99829715,0.0013763899,0.0003263982
kroger posts higher profit and ups view,positive,2,positive,True,0.99907684,0.0005721482,0.0003510474,0.99907684
merrills cohen sees media consolidation,neutral,1,neutral,True,0.9941994,0.0050509474,0.9941994,0.0007496209
citigroup ramping up asian transaction management,positive,2,neutral,False,0.9907979,0.00076327333,0.9907979,0.008438889
"update 3-nec h1 net loss grows, cuts outlook",negative,0,negative,True,0.9992956,0.9992956,0.0003942743,0.0003100381
"kohls 3rd-qtr profit up, backs 4th-qtr forecast",positive,2,positive,True,0.99916065,0.0005197204,0.0003196119,0.99916065
united technologies sees 2007 profit up,positive,2,positive,True,0.9992151,0.00042529884,0.00035955364,0.9992151
boston scientific may sell endosurgery unit stake,neutral,1,neutral,True,0.9992384,0.0003012432,0.9992384,0.00046042088
major dow jones shareholder opposes news corp. bid,negative,0,neutral,False,0.9948689,0.0046441816,0.9948689,0.00048692868
"adm record earnings beat street view, shares jump",positive,2,positive,True,0.9991289,0.0005341831,0.00033700294,0.9991289
baker hughes profit up 62 percent,positive,2,positive,True,0.9991721,0.000490565,0.0003374123,0.9991721
american home mortgage sees lower q1 profit,negative,0,negative,True,0.9993364,0.9993364,0.00033413852,0.00032945172
labcorp cuts forecast as aetna ends contract,negative,0,negative,True,0.99926025,0.99926025,0.00042322013,0.00031654735
"onex, magna eyeing joint chrysler bid report",positive,2,neutral,False,0.9989586,0.0004279398,0.9989586,0.00061337184
lse in discussions with investor heyman report,neutral,1,neutral,True,0.9990139,0.00048828917,0.9990139,0.00049777783
imperial tobacco bids for altadis,positive,2,neutral,False,0.99924785,0.00037878295,0.99924785,0.00037328727
tribune quarterly profit rises on extra week,positive,2,positive,True,0.9991868,0.000485869,0.00032734335,0.9991868
iacs diller sees more web media investment,positive,2,positive,True,0.78982776,0.001437866,0.2087344,0.78982776
"jobless claims climb to 357,000 last week",negative,0,negative,True,0.99528354,0.99528354,0.0023160784,0.0024003608
fremont to sell $4 billion subprime loans,positive,2,neutral,False,0.9963812,0.0025915275,0.9963812,0.0010273632
intel market share jumps,positive,2,positive,True,0.9989478,0.0003269213,0.00072529755,0.9989478
u.s. airlines raise fares in domestic markets,positive,2,positive,True,0.9833816,0.0011500327,0.015468306,0.9833816
abercrombie fitch same-store sales rise,positive,2,positive,True,0.99921954,0.00042722558,0.00035327897,0.99921954
economic growth concerns drag down indexes,negative,0,negative,True,0.9993968,0.9993968,0.00036124725,0.00024201193
hsbc ousts head of troubled north america ops,negative,0,neutral,False,0.9986804,0.00068589876,0.9986804,0.00063374825
ups launches package intercept option for customers,positive,2,neutral,False,0.9989498,0.00032719958,0.9989498,0.0007229287
unions prepare to fight airbus cuts,negative,0,neutral,False,0.99058086,0.008047951,0.99058086,0.0013712193
halliburton opening headquarters in dubai,neutral,1,neutral,True,0.9993426,0.0003525198,0.9993426,0.00030485276
"halliburton to move headquarters, ceo to dubai",neutral,1,neutral,True,0.99906,0.00057583343,0.99906,0.0003642419
senate rejects attempt to weaken sarbanes-oxley,neutral,1,neutral,True,0.9986908,0.00047809,0.9986908,0.00083111797
"tiffany profit up, holiday sales ahead of plan",positive,2,positive,True,0.9991744,0.0004897972,0.0003357238,0.9991744
nasdaq sees $24.9 mln in lse-bid charges,negative,0,negative,True,0.9183607,0.9183607,0.076718606,0.0049206866
ameriquest seeks release from nascar sponsorship,negative,0,neutral,False,0.99871016,0.00026930196,0.99871016,0.0010205838
wellpoint names general counsel as next ceo,neutral,1,neutral,True,0.9992093,0.0003622205,0.9992093,0.00042843338
google to form private market for employee options,neutral,1,neutral,True,0.9990355,0.00034568796,0.9990355,0.0006188123
aig says two subsidiaries receive subpoenas,negative,0,neutral,False,0.9985915,0.0010711724,0.9985915,0.00033732332
activity heats up in possible chrysler sale report,positive,2,neutral,False,0.995531,0.00045975298,0.995531,0.0040092375
new fantasy soap league presents drama as sport,neutral,1,neutral,True,0.99927515,0.0003080415,0.99927515,0.00041679287
volvo says to take over nissan diesel for $1.1 billion,positive,2,neutral,False,0.99859613,0.00039721536,0.99859613,0.0010066581
cisco expects apple agreement on iphone trademark,positive,2,neutral,False,0.98437506,0.00033769337,0.98437506,0.015287218
lifting the lid-research firm hunts for clues in insider sales,neutral,1,neutral,True,0.9993167,0.00038060694,0.9993167,0.000302708
consumer prices climb in december,negative,0,positive,False,0.488731,0.4544248,0.056844153,0.488731
disney not interested in endemol stake source,neutral,1,neutral,True,0.9990281,0.00061251014,0.9990281,0.00035942803
"amr raises $503 mln with share issue, stock tumbles",negative,0,negative,True,0.99726355,0.99726355,0.0021553054,0.000581119
"marshmclennan earnings soar, stock stumbles",neutral,1,neutral,True,0.9953151,0.0018713395,0.9953151,0.002813602
russia denies foot-dragging in wto entry talks,neutral,1,neutral,True,0.9989681,0.0002509155,0.9989681,0.0007809445
"fannie, freddie to offer subprime aid prepared text",positive,2,neutral,False,0.99891436,0.0005167052,0.99891436,0.000568936
chronology-south koreas major financial scandals,neutral,1,neutral,True,0.85045016,0.1486167,0.85045016,0.00093325536
"walgreen net up on prescription, holiday sales",positive,2,positive,True,0.99919933,0.00045058466,0.00035005168,0.99919933
bp says settles more lawsuits over texas blast,positive,2,positive,True,0.9930484,0.00045213135,0.006499451,0.9930484
dollar edges higher as stocks rally,positive,2,positive,True,0.9992029,0.00045148312,0.00034563927,0.9992029
durable goods weaker than expected,negative,0,negative,True,0.9993259,0.9993259,0.00035229273,0.00032190955
smith nephew in early tie-up talks with biomet,positive,2,neutral,False,0.9992124,0.0002589867,0.9992124,0.00052862643
"max re says ceo quits, to downgrade past profit",negative,0,negative,True,0.8691911,0.8691911,0.12978256,0.0010263626
oil prices tumble on saudi comments,negative,0,negative,True,0.9994048,0.9994048,0.00026733725,0.00032784595
feds plosser says more tightening may be needed,negative,0,neutral,False,0.50861955,0.48508188,0.50861955,0.0062985835
"buffett stays on message, and shareholders like it",positive,2,positive,True,0.93606275,0.000507399,0.06342981,0.93606275
"pg quarterly profit jumps, year view raised",positive,2,positive,True,0.99915016,0.0005326724,0.000317189,0.99915016
phelps dodge profit soars on strong copper prices,positive,2,positive,True,0.9990409,0.00058778154,0.00037123897,0.9990409
"acs says ceo, cfo resign after options probe",negative,0,neutral,False,0.9988349,0.0009003198,0.9988349,0.00026478086
bank of new york to buy mellon for $16.5 billion,positive,2,neutral,False,0.9987721,0.00036751403,0.9987721,0.000860344
chrysler to close 2 plants in q3 2008 magazine,negative,0,negative,True,0.99124444,0.99124444,0.008263502,0.0004920633
u.s. trade gap in oct narrows most in 5 years,positive,2,positive,True,0.9985781,0.00060232525,0.00081954675,0.9985781
judge halts sales of monsanto gmo alfalfa,negative,0,negative,True,0.9992687,0.9992687,0.000469924,0.0002613687
household wealth rises in 4th quarter,positive,2,positive,True,0.9983308,0.00029710683,0.0013721106,0.9983308
private equity firms meet chrysler execs report,positive,2,neutral,False,0.9992448,0.00031321702,0.9992448,0.00044208657
florida farmworkers take aim at mcdonalds,negative,0,neutral,False,0.952487,0.04686184,0.952487,0.00065112795
"ahold q3 sales edge up, u.s. asset sales expected",positive,2,positive,True,0.9991061,0.0004623473,0.00043146525,0.9991061
"verizon, partners to build us-china optical cable",positive,2,neutral,False,0.99878925,0.00024005793,0.99878925,0.00097068603
honeywell raises annual dividend by 10 pct,positive,2,positive,True,0.99923587,0.00034845466,0.00041572473,0.99923587
panel mixed over drug-coated stent label change,neutral,1,neutral,True,0.99916136,0.0004443559,0.99916136,0.00039423525
florida tribe sued over hard rock takeover,negative,0,negative,True,0.99724174,0.99724174,0.0023219,0.00043640716
"south korea, u.s. seal trade deal at last minute",positive,2,neutral,False,0.8656228,0.0009934873,0.8656228,0.13338365
kkr buying dollar general for $6.9 bln,positive,2,neutral,False,0.99426794,0.0005456211,0.99426794,0.0051864088
"dow closes over 13,000",positive,2,positive,True,0.9984084,0.0009836312,0.00060805626,0.9984084
coca-cola posts higher-than-expected profit,positive,2,positive,True,0.99915075,0.0005122146,0.00033701851,0.99915075
mutual funds becoming shareholder activists,neutral,1,neutral,True,0.99623626,0.0005994326,0.99623626,0.0031643398
starbucks memo stirs unwarranted fears analysts,positive,2,negative,False,0.7740292,0.7740292,0.22150467,0.0044661383
factbox key past and future dates in the battle for abn,neutral,1,neutral,True,0.99933076,0.00026669283,0.99933076,0.00040252673
"revlon sets equity offer, refinancing credit deal",positive,2,neutral,False,0.99923074,0.00033214525,0.99923074,0.00043719585
"stocks fall on weak data, tech shares lead slide",negative,0,negative,True,0.99943584,0.99943584,0.00028557586,0.00027857395
gdp growth revised down on housing slump,negative,0,negative,True,0.99938166,0.99938166,0.00030792458,0.00031037573
opec consulting on emergency meeting-algeria,neutral,1,neutral,True,0.9991885,0.00042733067,0.9991885,0.00038417566
factbox u.s. regulatory actions on subprime lending,neutral,1,neutral,True,0.99766916,0.0019342828,0.99766916,0.0003965251
"stocks gain on strong profits, microsoft up late",positive,2,positive,True,0.99920183,0.00044264572,0.000355582,0.99920183
samsung sees 2007 global handset market up 10 pct,positive,2,positive,True,0.999099,0.00047746868,0.0004235632,0.999099
"tivo, amazon launch video download-to-tv service",positive,2,neutral,False,0.9988545,0.00032820654,0.9988545,0.00081734353
"marriott profit rises, but outlook disappoints",negative,0,neutral,False,0.9956874,0.0010631469,0.9956874,0.0032494057
new homes sales unexpectedly strong,positive,2,positive,True,0.9991572,0.000387242,0.00045557562,0.9991572
enel could sue caja madrid over endesa source,negative,0,negative,True,0.9988574,0.9988574,0.0006428834,0.00049978023
citi still hopeful of buying into guangdong bank,positive,2,positive,True,0.9989248,0.0002681951,0.00080695475,0.9989248
limited december same-store sales up 4 percent,positive,2,positive,True,0.9991579,0.0005046855,0.00033745143,0.9991579
"sabmiller h1 earnings rise, confident on future",positive,2,positive,True,0.99921,0.00045836033,0.00033159018,0.99921
ford could sell aston martin this week source,neutral,1,negative,False,0.9981358,0.9981358,0.0014143762,0.00044977813
visa names executive chairman,neutral,1,neutral,True,0.99928445,0.00023206642,0.99928445,0.00048349457
monster fires suspended general counsel in probe,negative,0,neutral,False,0.9962141,0.0033212726,0.9962141,0.00046455322
supervalu posts higher profit,positive,2,positive,True,0.99918145,0.00044714822,0.0003714162,0.99918145
convergys targets home-working to curb costs,positive,2,neutral,False,0.9984037,0.001061481,0.9984037,0.00053470954
soaring executive pay meets reforms,neutral,1,neutral,True,0.995961,0.0006025894,0.995961,0.0034364979
cingular to launch cell phone music service -report,positive,2,neutral,False,0.9991787,0.00028198867,0.9991787,0.0005393275
home depot investors seek to block ex-ceo exit pay,negative,0,neutral,False,0.68409187,0.31456298,0.68409187,0.0013451478
stocks seen up slightly after amazon results,positive,2,positive,True,0.99920386,0.0004052491,0.00039089247,0.99920386
blackstone group files for $4 billion ipo,positive,2,neutral,False,0.99837327,0.0011504703,0.99837327,0.00047618957
"world growth to stay strong, no us slump imf draft",positive,2,positive,True,0.9921051,0.00091335876,0.0069815023,0.9921051
kb home posts quarterly net loss after charges,negative,0,negative,True,0.9992487,0.9992487,0.00040219212,0.00034918985
dell to invest $150 million in customer support,positive,2,neutral,False,0.9917183,0.0017661958,0.9917183,0.006515487
business books the driven culture of ups,neutral,1,neutral,True,0.99931574,0.0002740506,0.99931574,0.000410266
ebay profit up 24 percent,positive,2,positive,True,0.99915946,0.00049278425,0.00034772762,0.99915946
thomson lower in n.a. trade after reuters bid,negative,0,negative,True,0.9994091,0.9994091,0.00031590502,0.00027497316
psa peugeot citroen poised to name new ceo,neutral,1,neutral,True,0.99914205,0.000311134,0.99914205,0.0005468553
quest says some option grants misdated,negative,0,neutral,False,0.9799412,0.01955024,0.9799412,0.0005086668
chrysler ceo open to goodyear model for union deal,positive,2,neutral,False,0.99656254,0.0011866009,0.99656254,0.0022509012
"ibm to cut 1,315 jobs in u.s.",negative,0,negative,True,0.9989718,0.9989718,0.00065162015,0.00037657138
"tenet, triad highlight hospital woes",negative,0,neutral,False,0.9396382,0.05908965,0.9396382,0.0012721545
corrected - blast halts some production at imperial oil refinery,negative,0,negative,True,0.79896474,0.79896474,0.20006076,0.0009745698
pier 1 january same-store sales down,negative,0,negative,True,0.9993641,0.9993641,0.0003079632,0.00032800678
adidas ceo says will not top nike bid for germany,neutral,1,neutral,True,0.9891856,0.010230272,0.9891856,0.00058413786
"lilly settles most zyprexa claims, to take charge",neutral,1,positive,False,0.9399541,0.000743939,0.05930194,0.9399541
freeport-mcmoran agrees to buy phelps for $25.9 billion,positive,2,neutral,False,0.99702054,0.00027365805,0.99702054,0.0027058013
instant view 4-microsoft posts higher results,positive,2,positive,True,0.999238,0.00035415197,0.00040784458,0.999238
"allstate q4 net rises 16.5 percent, misses views",neutral,1,positive,False,0.9935376,0.00074835494,0.005714026,0.9935376
walgreen profit soars on sales,positive,2,positive,True,0.99901605,0.0006084913,0.00037542655,0.99901605
mazdas business plan aims for 27 pct profit growth,positive,2,positive,True,0.9985008,0.000446489,0.0010527051,0.9985008
"asia quakes damage cables internet, banks affected",negative,0,negative,True,0.9986804,0.9986804,0.0009538453,0.00036572438
new century seeks faster sale of loan business,negative,0,neutral,False,0.9992353,0.00037213322,0.9992353,0.00039257418
"best buy profit disappoints, shares fall",negative,0,negative,True,0.99941456,0.99941456,0.0002860852,0.00029942984
"peugeot frets on euro, rules out chrysler bid",negative,0,negative,True,0.94973946,0.94973946,0.049634106,0.00062644196
"citi shares rise amid rumors about break-up, execs",positive,2,positive,True,0.9986904,0.0002421289,0.0010674145,0.9986904
myspace to launch japan venture with softbank-paper,positive,2,neutral,False,0.99915373,0.00049642473,0.99915373,0.0003498428
starbucks 1st-quarter profit up 18 percent,positive,2,positive,True,0.99916744,0.0005071901,0.0003253641,0.99916744
philips to sell tsmc shares in taiwan and u.s,neutral,1,negative,False,0.9946379,0.9946379,0.0049686334,0.00039337337
"ex-myspace chairman, verisign to promote .tv sites",positive,2,neutral,False,0.99932253,0.00029403556,0.99932253,0.00038346485
honda picks ibm and dassault to help build f1 cars,positive,2,neutral,False,0.99917775,0.00035580122,0.99917775,0.00046640405
mcdonalds stock at 7-year high,positive,2,positive,True,0.99916065,0.000506826,0.00033254665,0.99916065
australias oxiana bids $322 mln for agincourt,positive,2,neutral,False,0.9986513,0.00047142248,0.9986513,0.0008772618
warner may play sour note for sony bmg review,negative,0,negative,True,0.9993812,0.9993812,0.00033276028,0.0002859974
opec ministers say may hold off on more oil cuts,negative,0,neutral,False,0.99276346,0.0024878164,0.99276346,0.004748796
essar says evaluating vodafones partnership offer,neutral,1,neutral,True,0.9992545,0.00025660274,0.9992545,0.00048884156
canadas brookfield bids for australias multiplex,positive,2,neutral,False,0.9990012,0.0005158442,0.9990012,0.00048290112
apple ex-cfo settles with sec report,negative,0,positive,False,0.99724954,0.000428398,0.0023220568,0.99724954
wal-mart same-store sales rise,positive,2,positive,True,0.99917245,0.00047172315,0.00035591694,0.99917245
cingular plans mobile banking service for 2007,positive,2,neutral,False,0.9991684,0.00039968977,0.9991684,0.0004319246
fortune brands profit tops view,positive,2,positive,True,0.9991555,0.00036227496,0.00048216322,0.9991555
britains firstgroup to buy laidlaw,positive,2,neutral,False,0.99859947,0.00031564943,0.99859947,0.0010847936
u.s. jobs report offers more details on earnings,neutral,1,neutral,True,0.9990814,0.00046749497,0.9990814,0.00045110285
alcoas fourth-quarter profit rises on metal prices,positive,2,positive,True,0.999204,0.00048649052,0.00030952724,0.999204
nytimes family will not change share structure ceo,negative,0,neutral,False,0.99911875,0.00033655547,0.99911875,0.0005447082
toyota may add 5 n. america car plants report,positive,2,positive,True,0.9987835,0.00033039745,0.00088605314,0.9987835
qbe insurance to buy winterthur,positive,2,neutral,False,0.99835545,0.00034285377,0.99835545,0.0013016396
citigroup sees $370 mln loss in japan finance unit,negative,0,negative,True,0.9992749,0.9992749,0.00038975084,0.00033528448
ges wmc mortgage to lay off half of staff,negative,0,negative,True,0.9986738,0.9986738,0.0010498761,0.0002763442
"ubs, polygon mull newcastle takeover offer source",positive,2,neutral,False,0.99922884,0.00034129064,0.99922884,0.00042994844
gasoline use hits record despite high pump cost,positive,2,positive,True,0.9936792,0.0016159305,0.0047048484,0.9936792
asarco union says extends labor contract,positive,2,positive,True,0.91758573,0.0016154759,0.08079882,0.91758573
"cbs earnings slip, hurt by radio station sales",negative,0,negative,True,0.9993643,0.9993643,0.00030587634,0.00032978406
"toshiba raises fcast, hitachi losses grow",neutral,1,neutral,True,0.83216274,0.14713338,0.83216274,0.020703947
clear channel agrees to nearly $19 billion sale,positive,2,neutral,False,0.9972676,0.0005415035,0.9972676,0.0021908553
oracle asks court to make sap preserve documents,negative,0,neutral,False,0.99906117,0.00062641816,0.99906117,0.00031244088
bank of america wants to raise deposit cap wsj,positive,2,neutral,False,0.9987471,0.0008077713,0.9987471,0.0004450012
vonage says appeals court grants temporary stay,positive,2,neutral,False,0.980358,0.003393679,0.980358,0.016248249
food prices to rise at grocery stores industry,negative,0,negative,True,0.99086654,0.99086654,0.008367217,0.00076620496
merck wins latest federal vioxx trial,positive,2,positive,True,0.99899346,0.00037408838,0.0006325102,0.99899346
"united, continental in early merger talks reports",positive,2,neutral,False,0.9992095,0.00030372804,0.9992095,0.0004866886
xto energy quarterly profit falls,negative,0,negative,True,0.9993362,0.9993362,0.00027927553,0.00038460272
mccormick profit higher on cost-cutting,positive,2,positive,True,0.99924845,0.00038722847,0.00036427967,0.99924845
sec charges former execs of essi with backdating,negative,0,negative,True,0.99615127,0.99615127,0.0031600958,0.0006886388
deutsche boerse drops euronext bid,negative,0,negative,True,0.99935323,0.99935323,0.00037972588,0.00026705847
alcoa sees opportunity to add aluminum to u.s. cars,positive,2,positive,True,0.99573994,0.00034658646,0.0039134743,0.99573994
coke zero boosts coca-cola,positive,2,positive,True,0.8198532,0.010269184,0.16987768,0.8198532
news corp. interested in chandlers tribune bid,positive,2,neutral,False,0.99917656,0.00033692215,0.99917656,0.0004864438
picky about wine try making your own,neutral,1,neutral,True,0.9992023,0.00032601375,0.9992023,0.00047165854
target gives president special incentive to stay,neutral,1,neutral,True,0.9954562,0.00029324618,0.9954562,0.004250521
dell says to divide commercial business group,neutral,1,neutral,True,0.99914277,0.0005457327,0.99914277,0.00031147088
nokia wins $43 mln network deal in china,positive,2,neutral,False,0.9969517,0.0003054806,0.9969517,0.00274282
wal-mart says nyse finds no violations,positive,2,neutral,False,0.7444525,0.0022957237,0.7444525,0.25325176
papa johns looks to web to boost its share of pie,positive,2,neutral,False,0.9990546,0.00054386974,0.9990546,0.00040150812
nj jury orders merck to pay $47.5 mln in vioxx case,negative,0,negative,True,0.98237944,0.98237944,0.004636999,0.0129834935
biomet circled by buyout firms paper,positive,2,neutral,False,0.99937004,0.00030214473,0.99937004,0.00032790212
buyout firm kkr made friendly bid on vivendi,positive,2,neutral,False,0.9986443,0.00031995433,0.9986443,0.0010357087
mortgage applications fell in latest week mba,negative,0,negative,True,0.99646384,0.99646384,0.0030430143,0.0004932649
gms flagship china jv expects higher sales,positive,2,positive,True,0.99917895,0.00038830683,0.00043270428,0.99917895
"google, clear channel in broad u.s. radio ads deal",positive,2,neutral,False,0.9988556,0.00024122756,0.9988556,0.00090311136
"ti slightly narrows forecasts, shares fall",negative,0,negative,True,0.9994042,0.9994042,0.00033713938,0.0002587063
caterpillar to raise stake in mitsubishi heavy jv,positive,2,neutral,False,0.99905616,0.00026795705,0.99905616,0.00067585695
gm profit plunges after housing finance loss,negative,0,negative,True,0.9993623,0.9993623,0.00027564025,0.00036210104
playboy posts 3rd-quarter profit,positive,2,positive,True,0.99919647,0.00038014926,0.00042339048,0.99919647
mcdonalds says china union to expand to guangdong,neutral,1,neutral,True,0.9988451,0.0002945413,0.9988451,0.0008602551
doubleclick to launch advertising exchange,positive,2,neutral,False,0.9987024,0.00047928063,0.9987024,0.0008182875
russia to seal yukoss demise with samara auction,negative,0,neutral,False,0.99924064,0.00033210326,0.99924064,0.00042724964
schering-plough to buy akzos organon for $14.4 bln,positive,2,neutral,False,0.99892056,0.00035563754,0.99892056,0.0007237128
bjs wholesale to close in-store pharmacies,negative,0,negative,True,0.9712942,0.9712942,0.027985334,0.0007203737
former cendant chairman guilty of fraud conspiracy,negative,0,neutral,False,0.774295,0.21022701,0.774295,0.015478058
txu receives no superior offer and sticks with kkr,neutral,1,neutral,True,0.99899346,0.000348026,0.99899346,0.0006585884
sec cracks down on spam-driven stocks,negative,0,neutral,False,0.98452246,0.0025402596,0.98452246,0.01293733
reuters ceo returns to ma as thomson beckons,positive,2,neutral,False,0.99905616,0.0005900227,0.99905616,0.00035388788
"global markets calmer, subprime probes mount",neutral,1,positive,False,0.96261024,0.0018767954,0.035512947,0.96261024
"simon, farallon bid $1.56 billion for mills",positive,2,neutral,False,0.9980332,0.000567186,0.9980332,0.0013995612
magna would make big chrysler commitment report,positive,2,neutral,False,0.9990829,0.00022062808,0.9990829,0.0006964436
ny adds 13 more lenders to student loan probe,negative,0,neutral,False,0.99050397,0.008904828,0.99050397,0.00059117697
update 2-simon property third-quarter ffo rises 9.4 pct,positive,2,positive,True,0.99734807,0.00094799703,0.0017039,0.99734807
starbucks forms hear music record label,positive,2,neutral,False,0.999298,0.00033050517,0.999298,0.00037151086
ups cancels a380 in new blow for airbus,negative,0,negative,True,0.9991394,0.9991394,0.00063763047,0.00022294439
"tech edges up, but oil and housing hit dow",negative,0,neutral,False,0.9927999,0.0020099883,0.9927999,0.005190123
walgreen sales climb in april,positive,2,positive,True,0.99911433,0.00040307987,0.00048258863,0.99911433
ford boss plans radical overhaul wsj,neutral,1,neutral,True,0.9983436,0.0011173631,0.9983436,0.00053900236
krispy kreme doughnuts sees q3 loss,negative,0,negative,True,0.9993505,0.9993505,0.00034159192,0.0003079543
"airlines rally, but customer service falls",neutral,1,neutral,True,0.97946197,0.01860964,0.97946197,0.0019284505
"ba to chop 1,300 flights as strike looms",negative,0,negative,True,0.99919385,0.99919385,0.0005061751,0.00029992926
u.s. seeks chapter 11 trustee for new century,negative,0,neutral,False,0.99927527,0.00037354341,0.99927527,0.0003511534
jury reaches verdict in trial of former qwest ceo,negative,0,neutral,False,0.99688977,0.0006083952,0.99688977,0.002501733
chip giant intel plans new china plant sources,positive,2,neutral,False,0.9989316,0.00031061994,0.9989316,0.00075782253
healthsouth loss widens after charges,negative,0,negative,True,0.99789536,0.99789536,0.0017316858,0.0003729627
ingersoll-rand warns on outlook,negative,0,negative,True,0.9990375,0.9990375,0.0006973946,0.00026512062
chinas march surplus to see notable change,neutral,1,neutral,True,0.9988926,0.0005513445,0.9988926,0.00055611297
cme profit rises on strong trading,positive,2,positive,True,0.99913675,0.0005288589,0.0003344288,0.99913675
hasbro wallops expectations with spider-mans help,positive,2,positive,True,0.9761723,0.00056705845,0.02326066,0.9761723
whirlpool profit up slightly but u.s. growth slows,neutral,1,neutral,True,0.96770245,0.001952331,0.96770245,0.03034527
honda u.s. sales up 7.3 percent in march,positive,2,positive,True,0.9991405,0.0005169452,0.0003424911,0.9991405
vodafone to sell bharti airtel stake report,neutral,1,neutral,True,0.9982376,0.0012089894,0.9982376,0.0005533363
former monster exec expected to plea wsj,negative,0,neutral,False,0.99778026,0.0010603002,0.99778026,0.0011595141
top bank regulator says subprime borrowers trapped,negative,0,neutral,False,0.7240363,0.27483007,0.7240363,0.0011337334
monsanto bid for delta could run into trouble wsj,negative,0,negative,True,0.99885476,0.99885476,0.0009246304,0.00022059788
ge capital to buy trustreet for $1.15 billion,positive,2,neutral,False,0.9987973,0.00030634017,0.9987973,0.0008963246
delta to file for $12 bln reorganization paper,neutral,1,neutral,True,0.99881554,0.0006584165,0.99881554,0.0005260485
warner music posts wider loss,negative,0,negative,True,0.99927956,0.99927956,0.00042125754,0.00029922443
"u.s. exports to arab world surging, report says",positive,2,positive,True,0.9988105,0.00046042455,0.0007290037,0.9988105
american express profit up as customers increase,positive,2,positive,True,0.9992035,0.0004584008,0.00033816657,0.9992035
"coles sees rival bid by kkr, shares hit record",positive,2,positive,True,0.99903715,0.00031993157,0.00064300647,0.99903715
ge profit meets forecast,positive,2,positive,True,0.9991628,0.0003659216,0.00047135455,0.9991628
amc entertainment sets ipo at 39.5 million shares,neutral,1,neutral,True,0.97409046,0.0010994569,0.97409046,0.02481013
bombardier could launch new jet this year analyst,positive,2,neutral,False,0.9975594,0.00024152556,0.9975594,0.0021990556
best buy profit up as circuit city struggles,positive,2,positive,True,0.9990343,0.00043166368,0.000534045,0.9990343
bhp billiton ceo to step down,negative,0,neutral,False,0.9990386,0.0005980647,0.9990386,0.00036331997
microsoft launches vista version of windows,positive,2,neutral,False,0.99708146,0.00082030776,0.99708146,0.0020983003
"gift cards, cold give stores one last chance",positive,2,neutral,False,0.9989519,0.00027788308,0.9989519,0.0007702267
automakers challenge vermont emissions law,negative,0,neutral,False,0.99791497,0.0009733282,0.99791497,0.0011116668
fortress looks at bid for emi paper,positive,2,neutral,False,0.9991447,0.00045877157,0.9991447,0.00039648073
u.s. investor brandes cut volkswagen stake -paper,negative,0,negative,True,0.9967595,0.9967595,0.0029443982,0.0002960971
iran says opec may cut production if prices fall,negative,0,positive,False,0.56830055,0.0061287405,0.4255707,0.56830055
investors say citigroup must show cost cuts work,negative,0,neutral,False,0.97532666,0.022312146,0.97532666,0.0023612247
wall st on hold ahead of jobs data,neutral,1,neutral,True,0.9953153,0.003836455,0.9953153,0.000848259
oil jumps 3 percent on colder u.s. weather,positive,2,positive,True,0.9992256,0.0004203848,0.00035394804,0.9992256
need compelling data to cut rates feds poole,neutral,1,neutral,True,0.99875855,0.0007575976,0.99875855,0.00048382065
nasdaq makes $5.1 bln bid for lse,positive,2,neutral,False,0.99799806,0.00076402485,0.99799806,0.001237914
investor morale at 10-mth peak in nov,positive,2,positive,True,0.99882334,0.00078700646,0.00038968175,0.99882334
update 2-penn national may lead offer for harrahs - source,positive,2,neutral,False,0.9992536,0.00026240392,0.9992536,0.00048400622
citigroup aims to cut over $1 bln in costs -report,positive,2,neutral,False,0.79812074,0.016372977,0.79812074,0.18550633
reebok sues nike for patent infringement,negative,0,negative,True,0.9989236,0.9989236,0.00043934866,0.00063702813
virgin mobile files with u.s. regulators for ipo,positive,2,neutral,False,0.9991542,0.0004732608,0.9991542,0.0003725359
eads board to meet on tuesday on a350 xwb-paper,neutral,1,neutral,True,0.99920756,0.0004932661,0.99920756,0.0002992074
update 5-lsi logic to buy agere for $3.5 billion in stock,positive,2,neutral,False,0.9886085,0.0003264535,0.9886085,0.011065082
merck says hdl drug not linked to heart problems,positive,2,positive,True,0.9608866,0.001733397,0.037380036,0.9608866
21st century q1 profit falls,negative,0,negative,True,0.9993068,0.9993068,0.00028665905,0.0004066279
"dow ends at record on profits, but gdp weighs",positive,2,positive,True,0.9528098,0.003602853,0.04358734,0.9528098
fed officials see nagging risks to inflation,negative,0,negative,True,0.86469024,0.86469024,0.13338053,0.001929265
citigroup to acquire taiwan bank very soon,positive,2,neutral,False,0.9990834,0.00023128826,0.9990834,0.00068533415
do the housing loan shuffle,neutral,1,neutral,True,0.9991598,0.00044089995,0.9991598,0.0003992707
tech optimism lifts indices,positive,2,positive,True,0.999218,0.0004325572,0.00034938648,0.999218
hp shares fall after quarterly results,negative,0,negative,True,0.9994234,0.9994234,0.00031251597,0.00026408702
accredited home sinks 54 pct as cash falls short,negative,0,negative,True,0.99926203,0.99926203,0.00046803145,0.00026993558
retail sales edged up modestly in february,positive,2,positive,True,0.99901366,0.00056353747,0.00042283355,0.99901366
honeywell ceo u.s. economy doing pretty well,positive,2,positive,True,0.99903333,0.00042854057,0.00053816254,0.99903333
internet to revolutionize tv in 5 years gates,positive,2,neutral,False,0.9893043,0.0002419335,0.9893043,0.010453825
"pepsico profit tops view, backs outlook",positive,2,positive,True,0.9992893,0.00037248357,0.00033826625,0.9992893
fords mulally realigns organizational structure,neutral,1,neutral,True,0.9989705,0.00062462455,0.9989705,0.00040490413
eu-us air pact needs unanimous backing eu lawyers,negative,0,neutral,False,0.99919146,0.00042995453,0.99919146,0.00037854654
factbox- fed policymakers recent comments,neutral,1,neutral,True,0.99930096,0.00042020727,0.99930096,0.00027887392
take an aspirin with that flame-broiled burger,neutral,1,neutral,True,0.9985262,0.0004894206,0.9985262,0.0009843166
yum says half of 07 profit to come from overseas,positive,2,neutral,False,0.99681866,0.0004716489,0.99681866,0.0027097347
proxy adviser recommends caremark reject cvs,negative,0,neutral,False,0.99739033,0.001999484,0.99739033,0.0006101476
fed officials stay focused on inflation risks,negative,0,neutral,False,0.9978672,0.0016091347,0.9978672,0.000523582
ny times invites critics to make presentations,neutral,1,neutral,True,0.99926203,0.00037955528,0.99926203,0.0003584482
yahoo names executive to combat online ad fraud,positive,2,neutral,False,0.9993394,0.0003093865,0.9993394,0.0003512103
schering-plough profit rises on cholesterol drugs,positive,2,positive,True,0.99922407,0.00041307064,0.00036289045,0.99922407
"tis the season to rip off retailers, poll finds",negative,0,neutral,False,0.9985417,0.0005872741,0.9985417,0.00087102945
cit quarterly profit rises,positive,2,positive,True,0.9992182,0.0004189717,0.00036275116,0.9992182
humana profit more than doubles,positive,2,positive,True,0.9991979,0.00041534042,0.00038680158,0.9991979
hr block loss nearly doubles on mortgage weakness,negative,0,negative,True,0.9990791,0.9990791,0.00065615406,0.00026474032
stocks to swing with oil and fed chief,neutral,1,neutral,True,0.9928531,0.0006739294,0.9928531,0.006473014
liberty media eyes cablevision unit report,positive,2,neutral,False,0.99927455,0.00041846064,0.99927455,0.00030703298
wall st banks eye bigger slice of uk mortgage pie,positive,2,neutral,False,0.9988379,0.00038112438,0.9988379,0.0007810255
gm sales rise but market share slips in q1,neutral,1,neutral,True,0.99689996,0.0018205479,0.99689996,0.001279587
zimbabwe probed on blood diamond rules,negative,0,negative,True,0.96079665,0.96079665,0.038220692,0.0009826361
shares seen firm with tech stocks in focus,positive,2,positive,True,0.97916967,0.0005303353,0.020300003,0.97916967
lincoln national explores sale of unit wsj,neutral,1,neutral,True,0.9993099,0.0003192818,0.9993099,0.00037083792
air america parent may find buyer wsj,positive,2,neutral,False,0.99353963,0.0003093906,0.99353963,0.0061510415
u.s. steel buying oilfield equipment maker lone star,positive,2,neutral,False,0.99571157,0.00047112195,0.99571157,0.0038173033
qantas bidder says considering new bid,positive,2,neutral,False,0.99920017,0.000369828,0.99920017,0.00043001847
dutch minister leans toward euronext/nyse approval,positive,2,neutral,False,0.9984503,0.0007730631,0.9984503,0.00077664474
n.korea talks to look beyond reactor closure,neutral,1,neutral,True,0.9985655,0.00055124646,0.9985655,0.0008832287
subprime woes seen worsening if oil hits borrowers,negative,0,negative,True,0.99542856,0.99542856,0.0040590228,0.0005124124
toyota keeps 8.47 mln unit sales forecast for 06/07,positive,2,positive,True,0.99283457,0.005053368,0.0021120834,0.99283457
"nikkei falls as shipping, property shares drop",negative,0,negative,True,0.9994192,0.9994192,0.0003039216,0.00027686765
prescription drug crackdown leads to heroin use,negative,0,neutral,False,0.93864757,0.05751202,0.93864757,0.0038403943
insurance broker gallagher settles suit,positive,2,positive,True,0.99841523,0.00056129665,0.0010234852,0.99841523
amd sees q4 rev below analysts estimates,negative,0,negative,True,0.99928135,0.99928135,0.00024574687,0.00047289915
nyse group approves euronext merger,positive,2,neutral,False,0.9985688,0.00021194648,0.9985688,0.0012193245
gm swings to profit but falls short of estimates,neutral,1,positive,False,0.626766,0.0061895256,0.36704442,0.626766
appeals court stays tobacco racketeering ruling,positive,2,neutral,False,0.54356146,0.0031644758,0.54356146,0.45327404
jan cpi setback to keep fed rate hike bias intact,negative,0,neutral,False,0.98987913,0.009439157,0.98987913,0.00068166497
boeing plans to introduce 787 on 7/8/07,positive,2,neutral,False,0.99858546,0.0007520352,0.99858546,0.0006626
hr block posts q3 loss on mortgage woes,negative,0,negative,True,0.99935204,0.99935204,0.00034303308,0.0003049766
supervalu recalls some del monte pet foods,negative,0,neutral,False,0.9993337,0.00034028364,0.9993337,0.0003260744
penn national may lead offer for harrahs source,positive,2,neutral,False,0.99930346,0.0002727285,0.99930346,0.00042379517
nbc loses dealmaking executive to discovery,negative,0,negative,True,0.9604126,0.9604126,0.039121795,0.00046549446
"feds bies, policy centrist, to step down march 30",neutral,1,neutral,True,0.99905914,0.0005277185,0.99905914,0.00041320454
new century gets court ok to sell core loan unit,positive,2,neutral,False,0.9963176,0.00026290058,0.9963176,0.0034194423
indymac bancorp sees q4 profit well below forecasts,negative,0,negative,True,0.99938965,0.99938965,0.00027992402,0.00033036756
mergers expected to spur more stock-buying,positive,2,positive,True,0.9990663,0.00030465977,0.00062903506,0.9990663
bernanke inflation risks to the upside,negative,0,positive,False,0.99134374,0.0012803706,0.0073758382,0.99134374
backlash prompts careful steps at txu,negative,0,neutral,False,0.97748715,0.021774495,0.97748715,0.00073826505
northwest airlines files reorganization plan,positive,2,neutral,False,0.9988102,0.0006871929,0.9988102,0.00050274073
"circuit city to close stores, change management",negative,0,negative,True,0.9769767,0.9769767,0.02239606,0.00062729506
qualcomm seeks arbitration on nokia license dispute,negative,0,negative,True,0.923355,0.923355,0.07522465,0.0014203765
"clorox profit up, it spending pressures year view",neutral,1,positive,False,0.9992086,0.00044247543,0.00034895926,0.9992086
russias rosneft adds 862 mln bbl reserves in 2006,positive,2,positive,True,0.95602316,0.002153884,0.041823015,0.95602316
"australias summit, paladin shares on trading halt",negative,0,negative,True,0.9964527,0.9964527,0.0032966663,0.00025058605
southwest airlines posts higher earnings,positive,2,positive,True,0.9992292,0.00038186263,0.00038891323,0.9992292
bombardier wins netherlands train order,positive,2,neutral,False,0.89846903,0.0007995901,0.89846903,0.10073143
deal mania surges worldwide,positive,2,positive,True,0.9988751,0.00034836106,0.00077659375,0.9988751
"puma welcomes ppr takeover offer, says price fair",positive,2,neutral,False,0.9976482,0.00030816768,0.9976482,0.0020436798
tiffany profit tops estimates,positive,2,positive,True,0.9991998,0.00045597233,0.00034422014,0.9991998
gm in early talks to buy chrysler source,positive,2,neutral,False,0.99754864,0.00030065986,0.99754864,0.0021507887
"delphi, investor bloc sign $3.4-billion equity deal",positive,2,neutral,False,0.9982736,0.00046897252,0.9982736,0.0012574281
three groups submit bids for chrysler paper,positive,2,neutral,False,0.99924266,0.0003442884,0.99924266,0.00041312046
sonaecom shares fall over 14 pct after failed pt bid,negative,0,negative,True,0.9993369,0.9993369,0.0003153155,0.00034772404
treasurys swagel says u.s. economy healthy,positive,2,positive,True,0.99895394,0.00028917962,0.000756824,0.99895394
washington regulators dismiss avista rate case,negative,0,positive,False,0.96528006,0.0015990486,0.03312093,0.96528006
hr block to disclose more on tax-refund loans,neutral,1,neutral,True,0.9990428,0.0006364881,0.9990428,0.00032071205
merck wins vioxx case in new orleans,positive,2,positive,True,0.99863225,0.0005535107,0.0008142111,0.99863225
"durable goods orders up, investment strong",positive,2,positive,True,0.9991769,0.00047943063,0.00034365826,0.9991769
j.c. penney kicks off brand campaign,positive,2,neutral,False,0.99923813,0.00035251558,0.99923813,0.00040941883
kkr to bid $25.6 billion for first data source,positive,2,neutral,False,0.998845,0.00044221152,0.998845,0.00071275345
eddie bauer ceo resigns after takeover rejected,negative,0,neutral,False,0.9988827,0.0008065722,0.9988827,0.00031062876
vodafone says pushing ahead with hutchison essar bid,positive,2,neutral,False,0.9986504,0.00029715916,0.9986504,0.001052555
circuit city posts quarterly loss,negative,0,negative,True,0.99935645,0.99935645,0.00035536804,0.00028816934
citi target nikko cordial to keep stock listing,positive,2,neutral,False,0.99895537,0.00055854564,0.99895537,0.0004860897
wireless stocks fall on motorola warning,negative,0,negative,True,0.9994118,0.9994118,0.00027008032,0.00031807373
factbox challenges of mining in geologically rich indonesia,neutral,1,neutral,True,0.9951565,0.004374917,0.9951565,0.0004685405
plutos fate sends shiver through toyland,neutral,1,neutral,True,0.8574441,0.14071678,0.8574441,0.0018391958
pepsico buys naked juice from north castle,positive,2,neutral,False,0.99922454,0.00033284715,0.99922454,0.00044258338
us airways withdraws $9.8 billion delta offer,negative,0,neutral,False,0.9915699,0.007986886,0.9915699,0.00044325893
google to buy ad network doubleclick for $3.1 bln,positive,2,neutral,False,0.9953982,0.0003863426,0.9953982,0.0042153657
dubai may sell part of stake in daimlerchrysler,neutral,1,neutral,True,0.99813557,0.0003088521,0.99813557,0.001555556
"pfizer ups profit view, sees more late-stage drugs",positive,2,positive,True,0.99926716,0.0003862594,0.00034655532,0.99926716
weak housing drives down toll profits,negative,0,negative,True,0.9987674,0.9987674,0.00095356954,0.00027911522
"buffett rails against high fees, executive pay",negative,0,neutral,False,0.99901724,0.00042977722,0.99901724,0.0005529734
"vodafone, reliance seen eyeing hutch india unit",positive,2,neutral,False,0.9978941,0.0011290653,0.9978941,0.0009769085
eus kroes says microsoft continues abuse,negative,0,neutral,False,0.6932333,0.30428642,0.6932333,0.0024802575
q3 employment costs up 1.0 percent,negative,0,negative,True,0.9987675,0.9987675,0.0006470059,0.0005855318
"pfizer cuts forecast, as generics cut deeper",negative,0,negative,True,0.99931157,0.99931157,0.00034699435,0.0003414164
"feds bernanke on central bank policy, bias",neutral,1,neutral,True,0.9970722,0.0025936442,0.9970722,0.0003341508
disney close to cable program deals report,positive,2,neutral,False,0.99893636,0.00036099408,0.99893636,0.0007026916
business objects jumps on oracle bid talk traders,positive,2,positive,True,0.99867696,0.00029613674,0.0010268479,0.99867696
merck sees slightly higher 2007 profit,positive,2,positive,True,0.9992099,0.00043506513,0.0003549957,0.9992099
monster stock options investigation widens report,negative,0,neutral,False,0.9801853,0.018747732,0.9801853,0.0010669129
bhp billiton not currently eyeing alcoa sources,neutral,1,neutral,True,0.9983125,0.000630254,0.9983125,0.0010572913
tata offer for corus gets u.s. antitrust approval,positive,2,positive,True,0.80675834,0.0008751551,0.19236653,0.80675834
factbox key facts about indias tata group,neutral,1,neutral,True,0.9992963,0.00043959016,0.9992963,0.0002641411
feds fisher wants inflation below 2 pct,neutral,1,neutral,True,0.9868744,0.010054029,0.9868744,0.0030715563
"sapporo fight fizzes on asahi, kirin tie-up talk",positive,2,negative,False,0.9983255,0.9983255,0.0013934349,0.00028096815
boeing says on track to deliver 787 in late 2008,positive,2,positive,True,0.9960671,0.0011207918,0.0028121658,0.9960671
"jobless claims fell 21,000 last week",positive,2,positive,True,0.9989911,0.0006740977,0.00033477374,0.9989911
wal-mart bank will boost competition in mexico-imf,positive,2,neutral,False,0.9985043,0.00028705914,0.9985043,0.0012086834
conrad black trial hears of payment diversions,negative,0,neutral,False,0.9983259,0.0013275831,0.9983259,0.00034654108
hercules offshore to buy todco for $2.3 billion,positive,2,neutral,False,0.99874806,0.00032563476,0.99874806,0.0009263422
take-two says finance chief resigns,negative,0,neutral,False,0.9992906,0.00045349103,0.9992906,0.0002558703
gannett posts quarterly profit on ad sales rise,positive,2,positive,True,0.999212,0.0004193929,0.00036856698,0.999212
mens wearhouse posts rise in quarterly net income,positive,2,positive,True,0.9992582,0.00035983464,0.00038196586,0.9992582
hyundai motor to appeal chairmans jail sentence,negative,0,neutral,False,0.99812835,0.0006516402,0.99812835,0.0012199142
"dow, chevron phillips to link plastics operations",positive,2,neutral,False,0.9990833,0.00044944749,0.9990833,0.00046726386
toshiba says it sues hynix over nand chips,negative,0,negative,True,0.99902153,0.99902153,0.0004460843,0.00053229457
former wal-mart exec coughlin back in court,negative,0,neutral,False,0.9977458,0.0016218985,0.9977458,0.0006323071
judge oks delphi first half 07 executive bonuses,negative,0,neutral,False,0.99914515,0.00034514844,0.99914515,0.0005096629
wilbur ross to buy collins aikman businesses,positive,2,neutral,False,0.9991841,0.0002963744,0.9991841,0.0005196144
biomet up after report of smith nephew bid,positive,2,positive,True,0.99911875,0.00027727953,0.00060393265,0.99911875
university aid office rated lenders on perks wsj,negative,0,neutral,False,0.9992199,0.00046663237,0.9992199,0.0003134776
most defibrillators buried with patients study,neutral,1,neutral,True,0.99928135,0.00029721763,0.99928135,0.00042147367
stunned airbus workers walk out over job cuts,negative,0,negative,True,0.95024896,0.95024896,0.04884798,0.0009030236
"estee lauder profit slips, dividend raised",neutral,1,negative,False,0.9971624,0.9971624,0.0025085171,0.000329022
home builder sentiment rebounds in feb,positive,2,positive,True,0.9989945,0.0004965094,0.00050894544,0.9989945
jury orders vonage to pay $58 mln in patent case,negative,0,negative,True,0.9855043,0.9855043,0.0037738828,0.010721764
diller sees more competitive hsn in 18 months,positive,2,positive,True,0.98487306,0.0013746636,0.013752289,0.98487306
dollar pares losses on strong data,positive,2,positive,True,0.9988972,0.0007377831,0.00036498276,0.9988972
more ethanol means lower gasoline prices api,positive,2,positive,True,0.8922688,0.0018037314,0.10592752,0.8922688
"iphone on target for end of june launch, att says",positive,2,neutral,False,0.9733377,0.0030093656,0.9733377,0.023652952
samsung elec sees 2007 global lcd market up 22 pct,positive,2,positive,True,0.99918574,0.00042051083,0.00039369482,0.99918574
blackstone ups bid for equity office,positive,2,neutral,False,0.99924207,0.00026183025,0.99924207,0.0004961103
weyerhaeuser fine paper profit 37 cents/share,positive,2,negative,False,0.99822754,0.99822754,0.00093205465,0.00084035535
dow jones profit tops estimates,positive,2,positive,True,0.9991586,0.0005126984,0.0003287162,0.9991586
lg electronics shares surge on handset profit hopes,positive,2,positive,True,0.9991916,0.00044908916,0.00035938536,0.9991916
nexen inc sells $1.5 billion in 2 parts source,neutral,1,neutral,True,0.99767953,0.0009036206,0.99767953,0.0014167927
adb should focus on core mission to help poor-u.s,neutral,1,neutral,True,0.99905926,0.00048274474,0.99905926,0.00045809647
april consumer confidence falls to august low,negative,0,negative,True,0.9993436,0.9993436,0.0003438598,0.00031264723
cancer vaccine stocks soar on dendreon panel vote,positive,2,positive,True,0.9992157,0.00027881505,0.0005054517,0.9992157
samsung 2006 n.american sales up 15 pct to $19 bln,positive,2,positive,True,0.9988642,0.00069414056,0.0004417386,0.9988642
"ford ahead of schedule on cost-cutting, ceo says",positive,2,neutral,False,0.7215527,0.0015144194,0.7215527,0.27693292
"update 4-reckson postpones meeting, giving icahn more time",neutral,1,neutral,True,0.99888617,0.00074037083,0.99888617,0.0003734756
nestle-gerber buy boosts profitability in year one,positive,2,positive,True,0.9989924,0.00035667702,0.0006509438,0.9989924
homebuilder beazer gets grand jury subpoena,negative,0,neutral,False,0.9991867,0.0003199462,0.9991867,0.0004933337
u.s. trade pacts at risk over business-labor clash,negative,0,negative,True,0.9982096,0.9982096,0.0014935085,0.00029689434
"u.s. data, holidays keep markets in limbo",neutral,1,neutral,True,0.890966,0.10718105,0.890966,0.0018529647
apparel retailers suffer through dreary october,negative,0,negative,True,0.997375,0.997375,0.0023066686,0.0003182876
nikko cordial investor pressures citi to raise offer,positive,2,neutral,False,0.9987348,0.00045842226,0.9987348,0.0008068674
"sabmiller year volumes up 10 pct, cool on sn",positive,2,neutral,False,0.58694404,0.008657289,0.58694404,0.40439862
update 3-equity office shareholder favors vornado bid,positive,2,neutral,False,0.99912125,0.00048110422,0.99912125,0.00039765993
"delta says meets us air, plans no merger",neutral,1,neutral,True,0.9992719,0.00036814818,0.9992719,0.0003598847
"krogers quarterly profit soars, shares up",positive,2,positive,True,0.99910104,0.00054703135,0.00035196633,0.99910104
"european shares fall, euro rise hits car sector",negative,0,negative,True,0.9993924,0.9993924,0.00037879313,0.00022891987
"sprint posts higher quarterly profit, revenue",positive,2,positive,True,0.9991642,0.00048112884,0.0003546461,0.9991642
ventas makes offer for sunrise,positive,2,neutral,False,0.99858606,0.00026669723,0.99858606,0.001147363
vodafone says mulls move for hutch india control,positive,2,neutral,False,0.9988427,0.00066179043,0.9988427,0.0004954972
boeing to revive commercial satellite business wsj,positive,2,neutral,False,0.96264327,0.00039700075,0.96264327,0.036959644
u.s. business warns against ending trade benefits,negative,0,negative,True,0.99509454,0.99509454,0.004532646,0.00037284027
yahoo shares rise on reports of microsoft interest,positive,2,positive,True,0.9991959,0.0003865578,0.00041756246,0.9991959
lifting the lid sears -- a retailer or a hedge fund,neutral,1,neutral,True,0.99927026,0.00042886054,0.99927026,0.0003008621
"aol launches india portal, refreshes u.s. site",positive,2,neutral,False,0.99920964,0.00043042758,0.99920964,0.0003598501
"u.s. subprime problems could spread, imf chief says",negative,0,negative,True,0.9755786,0.9755786,0.023644185,0.000777248
ebay confirms plans to buy stubhub for $310 million,positive,2,neutral,False,0.9971738,0.00034423775,0.9971738,0.0024818918
redstone settles lawsuit with son wsj,positive,2,positive,True,0.9715702,0.00064573204,0.0277841,0.9715702
"like his father, thomson patriarch shuns limelight",neutral,1,neutral,True,0.9991405,0.00048146353,0.9991405,0.0003780586
amazon.com q4 profit tops forecasts,positive,2,positive,True,0.99912816,0.0005174106,0.0003544472,0.99912816
heinz profit down on tax rate,negative,0,negative,True,0.9992968,0.9992968,0.0003796029,0.00032355238
"comcast profit triples, spending raises concerns",neutral,1,positive,False,0.83864444,0.0052906075,0.156065,0.83864444
rr donnelley fourth-quarter loss narrows,positive,2,positive,True,0.99834335,0.0009819439,0.00067469233,0.99834335
chronology airbus grapples with restructuring after a380 woes,negative,0,negative,True,0.810203,0.810203,0.18818028,0.0016166812
australias flight center buyout plan rejected,negative,0,neutral,False,0.99504507,0.004452732,0.99504507,0.0005022066
"stocks mixed on job growth, mortgage fears",neutral,1,negative,False,0.9795742,0.9795742,0.02001691,0.00040888833
state street buys rival for $4.5 billion,positive,2,neutral,False,0.99765813,0.0007070165,0.99765813,0.0016348184
"dow chemical earnings fall, but meet estimates",neutral,1,neutral,True,0.9912388,0.004592306,0.9912388,0.0041688294
polo ralph lauren posts higher results,positive,2,positive,True,0.99916255,0.00030375316,0.0005336528,0.99916255
shares end flat in 2007 debut after feds minutes,neutral,1,negative,False,0.9991654,0.9991654,0.0005771037,0.00025748706
"top economies upbeat, call for fx flexibility",positive,2,positive,True,0.9956872,0.0002447381,0.0040680445,0.9956872
"inflation, retail top u.s. stocks agenda",neutral,1,neutral,True,0.99917513,0.00040769373,0.99917513,0.00041717663
feds fisher wont rule out rate hikes,negative,0,neutral,False,0.9810162,0.0050746575,0.9810162,0.013909152
indices rise as oil jumps,positive,2,positive,True,0.9991591,0.0005203864,0.0003205754,0.9991591
"dana names four plants to close in u.s., canada",negative,0,neutral,False,0.9990833,0.0005158846,0.9990833,0.00040082488
stocks gain as exxons rise drowns out bernanke,positive,2,positive,True,0.99918157,0.00039953578,0.00041891795,0.99918157
ge to buy abbott diagnostics units for $8.13 billion,positive,2,neutral,False,0.9982167,0.00024579754,0.9982167,0.001537378
bristol names cornelius ceo,neutral,1,neutral,True,0.9993237,0.00033859015,0.9993237,0.00033767353
money drying up for some investors in buyout firms,negative,0,negative,True,0.9915086,0.9915086,0.008058844,0.00043263676
sears aims to drive sales with virtual showroom,positive,2,neutral,False,0.99920875,0.00031857277,0.99920875,0.00047273442
home building to lead us building decline in 07,negative,0,negative,True,0.9989636,0.9989636,0.00074951595,0.0002868381
alcan says will consider alcoa bid,positive,2,neutral,False,0.99852604,0.00029361187,0.99852604,0.0011803159
"update 5-lcd cartel probe goes global, lg.philips shares sink",negative,0,negative,True,0.99935573,0.99935573,0.00034516933,0.00029918275
"higher fares boost continental, southwest profits",positive,2,positive,True,0.9986351,0.00046852644,0.0008962962,0.9986351
honda u.s. december sales up 3 pct,positive,2,positive,True,0.9991093,0.00054305943,0.0003475908,0.9991093
toyota mulling more north american capacity,positive,2,neutral,False,0.9672919,0.0018100342,0.9672919,0.030898063
tainted pet food found in livestock feed,negative,0,neutral,False,0.99864227,0.0008859937,0.99864227,0.00047184012
qantas says takeover bid for airline has failed,negative,0,negative,True,0.85087854,0.85087854,0.14822754,0.00089396903
boeing ceo says 787 on track,positive,2,positive,True,0.98548174,0.0020177735,0.012500486,0.98548174
oil jumps to $61 on drop in inventories,positive,2,positive,True,0.99912614,0.00057431444,0.0002995245,0.99912614
dutch investor group veb says abn ceo should go,negative,0,neutral,False,0.9985775,0.00064111437,0.9985775,0.0007813529
midwest air turns down airtran bid,neutral,1,neutral,True,0.8100883,0.18885674,0.8100883,0.0010550655
myspace may be offered on japan cell phones murdoch,positive,2,neutral,False,0.99901485,0.00041195453,0.99901485,0.00057321694
no talks set in canadian rail strike,negative,0,neutral,False,0.9929162,0.0060131927,0.9929162,0.0010706685
readers digest to be bought for $2.4 billion,positive,2,neutral,False,0.99729025,0.0004638719,0.99729025,0.0022459347
update 2-sysco profit falls after accounting charge,negative,0,negative,True,0.9993406,0.9993406,0.00031229644,0.0003471766
wendys fourth-quarter same-store sales rise,positive,2,positive,True,0.9992086,0.0004460296,0.000345333,0.9992086
insiders at 6 companies sold stock before warning wsj,negative,0,negative,True,0.9989737,0.9989737,0.0007719046,0.00025441367
denso sees north american revenues rising,positive,2,positive,True,0.99924684,0.00040883012,0.0003443509,0.99924684
rim gets n.america blackberry email working again,positive,2,positive,True,0.8126909,0.0032097287,0.18409932,0.8126909
chrysler to lay off 250 at detroit engine plant report,negative,0,negative,True,0.99887687,0.99887687,0.000838165,0.00028499347
ibm profit up on software and services,positive,2,positive,True,0.99918944,0.00046738412,0.00034317028,0.99918944
rpt-update 2-us appeals court upholds lilly drug patent,positive,2,neutral,False,0.9794685,0.004294243,0.9794685,0.016237184
"nasdaq gives up on agreed lse offer, extends bid",neutral,1,neutral,True,0.9974177,0.0010175736,0.9974177,0.0015647797
texas lawmakers to debate bills affecting txu sale,neutral,1,neutral,True,0.999288,0.00039169437,0.999288,0.00032035753
former qwest ceo found guilty of insider trading,negative,0,negative,True,0.9949975,0.9949975,0.003894378,0.001108107
wal-mart moving employees to new schedule system,neutral,1,neutral,True,0.9989348,0.00042336943,0.9989348,0.00064181146
"halliburton profit rises, in-line with street",positive,2,positive,True,0.999253,0.00041104225,0.0003359752,0.999253
top bookstores gloomy views generate merger buzz,neutral,1,neutral,True,0.9693944,0.00031386787,0.9693944,0.030291682
att offers unlimited mobile-to-home calling plan,positive,2,positive,True,0.66307974,0.0020254075,0.33489484,0.66307974
"ford, toyota chiefs held talks in tokyo-report",neutral,1,neutral,True,0.9992022,0.00039007462,0.9992022,0.00040767595
ubs profit hits record as client money flows in,positive,2,positive,True,0.99916863,0.00049089023,0.00034050984,0.99916863
"delphi settles with sec, does not face fine",positive,2,positive,True,0.9972275,0.0013297672,0.0014427163,0.9972275
uaw to meet in detroit as grim contract talks loom,negative,0,neutral,False,0.9987921,0.00082975015,0.9987921,0.00037816583
u.s. manufacturing sector rebounds in april ism,positive,2,positive,True,0.9989832,0.0006041756,0.00041261438,0.9989832
medco health posts rise in profit,positive,2,positive,True,0.9991417,0.0005135987,0.0003446725,0.9991417
uaw rejects latest delphi contract offer,negative,0,neutral,False,0.99770397,0.0018804601,0.99770397,0.00041553474
citigroup expands in china,positive,2,positive,True,0.9891567,0.00032791548,0.010515344,0.9891567
cvs and caremark in talks on merger,positive,2,neutral,False,0.9990075,0.00032282755,0.9990075,0.00066968694
cablevision loss narrows as subscribers grow,positive,2,positive,True,0.9976927,0.0017161953,0.00059115584,0.9976927
eurotunnel plan seen approved if quorum reached,positive,2,neutral,False,0.9987011,0.0003648205,0.9987011,0.00093415286
"panera cuts forecast, shares fall",negative,0,negative,True,0.9994192,0.9994192,0.00027005633,0.00031069954
tyco sees separation early in second quarter,positive,2,neutral,False,0.9426311,0.0010671059,0.9426311,0.056301862
retail sales stronger than expected in december,positive,2,positive,True,0.999148,0.0005097012,0.00034229498,0.999148
news corp and liberty close to stake deal report,positive,2,neutral,False,0.99909055,0.00031592362,0.99909055,0.00059347367
update 2-express urges caremark holders to reject cvs deal,negative,0,neutral,False,0.9983664,0.0013432238,0.9983664,0.00029042078
wal-mart to open 400 in-store clinics,positive,2,neutral,False,0.99849844,0.00042730055,0.99849844,0.0010742473
u.s. stocks seen little changed ahead of fed,neutral,1,neutral,True,0.998348,0.0008744224,0.998348,0.0007776342
"ford says 25,000 workers gone, plant to close",negative,0,negative,True,0.9981139,0.9981139,0.001542009,0.00034406627
hitachi sees bigger parent-only loss for 2006/07,negative,0,negative,True,0.9992403,0.9992403,0.00047795108,0.00028177808
firstgroup to buy greyhound bus firm,positive,2,neutral,False,0.9989042,0.0003590695,0.9989042,0.00073677365
paulson u.s. housing credit risks contained,positive,2,positive,True,0.8516179,0.004487398,0.1438947,0.8516179
citi shareholders seek power to call special meetings,negative,0,neutral,False,0.9989785,0.00036623704,0.9989785,0.00065532787
"american electric, midamerican plan texas venture",positive,2,neutral,False,0.9990907,0.0003229967,0.9990907,0.00058630673
studios say google benefits from piracy report,negative,0,neutral,False,0.83432,0.000932429,0.83432,0.16474755
"gap december sales weak reviewing gap, old navy plans",negative,0,negative,True,0.9993351,0.9993351,0.0003539757,0.00031095828
ca sues ex-ceo for repayment of $14.9 million,negative,0,negative,True,0.99807525,0.99807525,0.0011138375,0.0008109025
"dell joins microsoft, novell in linux pact",positive,2,neutral,False,0.9988882,0.0003895365,0.9988882,0.00072236825
"oracle, ibm, nec to market linux in japan nikkei",positive,2,neutral,False,0.9987074,0.0007502072,0.9987074,0.0005423887
yum takes slower approach to drive-thrus in china,neutral,1,neutral,True,0.9991036,0.0004897985,0.9991036,0.00040660863
sitel says shareholders vote for merger with clientlogic,positive,2,neutral,False,0.9991435,0.0003900398,0.9991435,0.000466368
wesfarmers mum on coles bid,neutral,1,neutral,True,0.9992422,0.00044482347,0.9992422,0.00031300244
developing powers seen critical to climate pact,neutral,1,neutral,True,0.9985545,0.00052091386,0.9985545,0.000924587
hr block boosts loss on subprime woes,negative,0,negative,True,0.9974076,0.9974076,0.0022893143,0.00030312166
cablevision board accepts dolans buyout offer,positive,2,neutral,False,0.99886876,0.000283183,0.99886876,0.0008480814
"hsbc bad debts hit $10.6 bln, retards profit rise",negative,0,negative,True,0.99923396,0.99923396,0.00042235057,0.00034364508
"smucker profit falls, hurt by higher costs",negative,0,negative,True,0.9993425,0.9993425,0.00030188955,0.00035564866
ibm shares fall after quarterly results,negative,0,negative,True,0.99942774,0.99942774,0.00029360977,0.00027869287
kimberly-clark sees higher costs this year,negative,0,negative,True,0.9989569,0.9989569,0.0006675466,0.00037553
leading economic index up for second straight month,positive,2,positive,True,0.99919254,0.0004498989,0.00035759748,0.99919254
apple shares up after jobs introduces mobile phone,positive,2,positive,True,0.9992242,0.00039999335,0.00037576273,0.9992242
banks mortgages not hurting card payments,positive,2,neutral,False,0.9742634,0.008947466,0.9742634,0.016789086
caremark board supports new cvs offer,positive,2,neutral,False,0.9794159,0.00033456285,0.9794159,0.020249506
house panel to hold subprime hearing,neutral,1,neutral,True,0.9991935,0.00041455877,0.9991935,0.00039198052
omnicom quarterly profit up 10 percent,positive,2,positive,True,0.9991918,0.0004618143,0.00034631742,0.9991918
roche says tamiflu capacity outstrips demand,negative,0,positive,False,0.9953591,0.00075385167,0.0038870536,0.9953591
lilly beats street on cymbalta demand,positive,2,positive,True,0.99914587,0.00040626843,0.00044789794,0.99914587
mercks generics unit gets four final bids sources,positive,2,neutral,False,0.99928325,0.0003026006,0.99928325,0.00041414925
vw brand head in talks with daimlerchrysler report,neutral,1,neutral,True,0.99769574,0.00074108405,0.99769574,0.0015631969
hp settles ink dispute with chinas ninestar,positive,2,positive,True,0.98241925,0.0004710398,0.017109651,0.98241925
"wikipedia founder says to challenge google, yahoo",neutral,1,neutral,True,0.9991843,0.00036718627,0.9991843,0.00044847236
wal-mart report should give clues on fiscal year,neutral,1,neutral,True,0.99934286,0.00037377398,0.99934286,0.00028328283
edison international operating profit up slightly,positive,2,positive,True,0.9992198,0.00039142172,0.0003887976,0.9992198
wal-mart says ceo of global procurement resigns,negative,0,neutral,False,0.999203,0.0005237736,0.999203,0.00027325508
retail sales rose 0.1 pct in feb,positive,2,positive,True,0.9991561,0.0005084296,0.0003355048,0.9991561
"fedex cancels airbus a380 order, switches to boeing",negative,0,negative,True,0.99791783,0.99791783,0.0016730403,0.0004090528
never say financial crisis not coming world bank,negative,0,negative,True,0.697559,0.697559,0.2645744,0.037866604
u.s. supreme court to review microsoft patent case,negative,0,neutral,False,0.9988111,0.00046629712,0.9988111,0.00072267913
"acs ceo, cfo leaving company after options probe",negative,0,neutral,False,0.99865144,0.0009914937,0.99865144,0.00035717982
emerson electric says order growth slowing,negative,0,negative,True,0.9993655,0.9993655,0.000333343,0.0003012215
"nyse shares at new high, exchange stocks rise",positive,2,positive,True,0.99918634,0.00043961345,0.00037405413,0.99918634
eddie bauer accepts $286 mln private equity bid,positive,2,neutral,False,0.9986835,0.00039184248,0.9986835,0.0009247143
"intel to build $2.5 bln china plant, first in asia",positive,2,neutral,False,0.99741024,0.00062326604,0.99741024,0.0019665004
menu foods adds to pet food recall list,negative,0,neutral,False,0.84578407,0.15309665,0.84578407,0.0011193053
eu to start mastercard closed hearing on tuesday,negative,0,neutral,False,0.9993019,0.00031435926,0.9993019,0.00038367405
u.s. to rule on protest of $15 billion boeing deal,neutral,1,neutral,True,0.9983902,0.0010668172,0.9983902,0.0005429734
ge launches $250 million media fund,positive,2,neutral,False,0.9983303,0.00042213587,0.9983303,0.0012475327
clear channel weighs bids decision looms-sources,neutral,1,neutral,True,0.9992198,0.00039398376,0.9992198,0.0003861179
bbc to show trailers and news clips on youtube,positive,2,neutral,False,0.9994137,0.00028706645,0.9994137,0.0002991636
merkel opposes opening up eads shareholder pact,negative,0,negative,True,0.63408417,0.63408417,0.36447003,0.0014457923
emi rejects bid approach,negative,0,neutral,False,0.99889946,0.000651959,0.99889946,0.00044850915
schering-plough ceo cites big hopes for clot drug,positive,2,neutral,False,0.8848225,0.00058602134,0.8848225,0.11459151
northwestern earnings fall after suit settlement,negative,0,negative,True,0.99934655,0.99934655,0.00031011275,0.00034331
oil falls to $58 as fuel stocks weigh,negative,0,negative,True,0.99938893,0.99938893,0.0002567626,0.00035426408
new century says massachusetts demands papers,negative,0,neutral,False,0.9989963,0.0006492449,0.9989963,0.00035444455
pilot union wants to reopen airline contracts,negative,0,neutral,False,0.98757,0.0040755137,0.98757,0.008354584
dupont reports higher first-quarter earnings,positive,2,positive,True,0.99924445,0.00036609758,0.00038942054,0.99924445
"aig earnings more than double, beat estimates",positive,2,positive,True,0.9991504,0.0004755038,0.00037411918,0.9991504
volkswagen welcomes porsche plan to up stake in vw,positive,2,neutral,False,0.99816495,0.00024903374,0.99816495,0.0015860406
wrapup 1-us economy stronger than first thought in 3rd qtr,positive,2,positive,True,0.9990158,0.0005581548,0.0004260693,0.9990158
u.s. govt report clears way for eads helicopter work,positive,2,neutral,False,0.9974401,0.00024200755,0.9974401,0.002317974
aerovironment shares rise 54 percent in debut,positive,2,positive,True,0.9991715,0.00044403464,0.00038448322,0.9991715
end looms for fund manager millers record run,negative,0,negative,True,0.9945364,0.9945364,0.004904917,0.0005588004
top deputy tells wolfowitz to step down sources,negative,0,neutral,False,0.9990933,0.00052066235,0.9990933,0.00038596484
pressure builds on u.s. business to outsource study,negative,0,negative,True,0.7563192,0.7563192,0.24193911,0.0017416538
macquarie-led bid for qantas clears another hurdle,positive,2,neutral,False,0.99822885,0.0003309034,0.99822885,0.0014402514
gap is considering layoffs to cut costs paper,negative,0,negative,True,0.89918804,0.89918804,0.09730511,0.0035069138
pantech to boost supply to cingular in 2007,positive,2,neutral,False,0.5724788,0.0030086471,0.5724788,0.42451262
bernanke says globalization may boost u.s. inflation,negative,0,negative,True,0.6642032,0.6642032,0.2990034,0.03679335
reckson confirms icahn/macklowe bid,positive,2,neutral,False,0.9990355,0.00037372776,0.9990355,0.00059088325
vonage asks for retrial of key patent case,negative,0,neutral,False,0.9977482,0.0015593339,0.9977482,0.00069248624
"newell rubbermaid sees higher charges, savings",neutral,1,negative,False,0.6470922,0.6470922,0.34897274,0.003935069
subprime problems clouding outlook feds fisher,negative,0,negative,True,0.99863476,0.99863476,0.0011037125,0.00026157656
"bayer sells starck to advent, carlyle for $908 mln",neutral,1,neutral,True,0.99894375,0.000451354,0.99894375,0.0006048972
kkr confirms dropped out of sainsbury bidding,negative,0,neutral,False,0.9983333,0.0013942306,0.9983333,0.00027259055
"mellon profit jumps, beats expectations",positive,2,positive,True,0.999141,0.00051513215,0.00034388262,0.999141
"belarus climbs down, russian oil may flow soon",positive,2,negative,False,0.98856467,0.98856467,0.011015369,0.00042005195
siemens shares rise despite scandal barrons,positive,2,positive,True,0.99914956,0.00026056828,0.000589873,0.99914956
gamestop profit rises on strong game sales,positive,2,positive,True,0.99919707,0.0004646722,0.00033827714,0.99919707
euronext investors overwhelmingly back nyse merger,positive,2,positive,True,0.995824,0.00028101512,0.0038949705,0.995824
"midwest industry growth, confidence ebb",negative,0,positive,False,0.8284577,0.012350365,0.1591919,0.8284577
corrected - update 3-express scripts launches offer for caremark,positive,2,neutral,False,0.99897975,0.00046072114,0.99897975,0.0005594672
alcoa sees alcan takeover quickly adding profit,positive,2,positive,True,0.9990741,0.0002571264,0.00066870527,0.9990741
infosys q3 net rises,positive,2,positive,True,0.9992275,0.0004206367,0.00035179747,0.9992275
"nabors warns on earnings, stock tumbles",negative,0,negative,True,0.9993936,0.9993936,0.0002540029,0.00035236287
"starbucks aims for 40,000 new stores",positive,2,neutral,False,0.8633028,0.003736604,0.8633028,0.13296059
brown says up to world bank to rule on wolfowitz,neutral,1,neutral,True,0.99872226,0.00076130807,0.99872226,0.0005164221
beckman affirms commitment to acquire biosite,positive,2,neutral,False,0.99846625,0.00022523258,0.99846625,0.0013086083
ibm seeks growth from deals big and small,positive,2,neutral,False,0.99931884,0.00026206695,0.99931884,0.00041913302
sanofi chairman favors bristol-myers deal paper,positive,2,neutral,False,0.9992661,0.00037378978,0.9992661,0.0003600582
wal-mart chief writes off new york paper,negative,0,neutral,False,0.99908984,0.00049307186,0.99908984,0.00041714858
vonage shares slide on bankruptcy risk warning,negative,0,negative,True,0.9994043,0.9994043,0.00029755002,0.00029807232
"vonage says service continues, believes in appeals",positive,2,neutral,False,0.99854976,0.0007535213,0.99854976,0.0006966826
united surgical going private in $1.8 bln deal,positive,2,neutral,False,0.9987563,0.000547404,0.9987563,0.0006962212
u.s. apartment rents rise,positive,2,neutral,False,0.5167922,0.4538656,0.5167922,0.029342223
charming shoppes profit up sales growth fears weigh,negative,0,positive,False,0.99509996,0.00082383817,0.0040762476,0.99509996
opec to cut oil output,negative,0,positive,False,0.99772745,0.0014870914,0.0007854824,0.99772745
september wholesale inventories rise 0.8 pct,neutral,1,negative,False,0.99728537,0.99728537,0.0013449645,0.0013697152
"when filing taxes, go slow",neutral,1,neutral,True,0.9991811,0.00052605226,0.9991811,0.00029289245
amr possible buyout target businessweek,positive,2,neutral,False,0.999198,0.0003158248,0.999198,0.00048619407
"samsung elec q4 profit falls, h1 outlook tough",negative,0,negative,True,0.9993431,0.9993431,0.0002719705,0.000384889
wall street seen opening the year higher,positive,2,positive,True,0.99908614,0.0002766904,0.0006372238,0.99908614
few limits for big media buyouts,positive,2,neutral,False,0.9985886,0.00029846653,0.9985886,0.0011129113
vornado raises bid for eop blackstone stands firm,positive,2,neutral,False,0.99900156,0.00032333122,0.99900156,0.0006751139
emi taps ames to lead emi music north america,neutral,1,neutral,True,0.99920887,0.00029649487,0.99920887,0.00049467466
big 3 see flat u.s. auto market,negative,0,neutral,False,0.99321496,0.0055130185,0.99321496,0.001272051
disney probe finds pixar backdated options,negative,0,negative,True,0.53135604,0.53135604,0.46638992,0.0022540211
allstate loses $2.8 mln hurricane katrina case,negative,0,negative,True,0.99881494,0.99881494,0.0005742514,0.00061076623
"nokia has record phone sales in q4, prices fall",positive,2,neutral,False,0.96024287,0.019863809,0.96024287,0.019893246
"corrected general mills, conagra profits beat estimates",positive,2,positive,True,0.9991779,0.0004636777,0.00035838637,0.9991779
u.s. calls for freer yuan as economic powers meet,positive,2,neutral,False,0.9980578,0.0010007626,0.9980578,0.00094151986
"eddie bauer finds tax errors, delays investor meeting",negative,0,neutral,False,0.93502116,0.06432018,0.93502116,0.0006586432
citigroup to buy abn amro mortgage group,positive,2,neutral,False,0.9976985,0.00031939655,0.9976985,0.0019821422
mexican wal-mart launches cheap generic drugs,positive,2,neutral,False,0.99772185,0.0012908925,0.99772185,0.0009871259
japan carmakers to ride sales rise,positive,2,positive,True,0.9991947,0.0002961479,0.0005091843,0.9991947
"cpi, retail results to drive stocks",neutral,1,positive,False,0.9987779,0.0002500649,0.00097202056,0.9987779
cboe profit more than triples,positive,2,positive,True,0.99911135,0.00050431566,0.00038435124,0.99911135
former duracell employee stole trade secrets,negative,0,neutral,False,0.9983742,0.0008191692,0.9983742,0.0008065931
healthsouth quraterly net loss narrows,positive,2,positive,True,0.9983693,0.0011029918,0.0005276907,0.9983693
"citi, lehman lead race for indias ifci stake paper",positive,2,neutral,False,0.9989675,0.00026978113,0.9989675,0.00076274324
ge sees gain on swiss re stock sale,positive,2,positive,True,0.9991924,0.00024982032,0.0005578189,0.9991924
pfizer shares at risk following heart-drug failure,negative,0,negative,True,0.99932873,0.99932873,0.00042488374,0.00024630825
feds lacker more policy firming may be needed,negative,0,neutral,False,0.90598005,0.092039585,0.90598005,0.0019802647
"factbox key points of u.s., south korea trade deal",neutral,1,neutral,True,0.99884075,0.00028283472,0.99884075,0.00087645353
toyota to start producing yaris car at chin,positive,2,neutral,False,0.99814105,0.0007824512,0.99814105,0.0010764281
"berkshire quarterly, 2006 profit surge on insurance",positive,2,positive,True,0.9991844,0.00043337795,0.00038216577,0.9991844
palm says court grants stay in ntp lawsuit,positive,2,positive,True,0.9849295,0.0010411254,0.014029356,0.9849295
nasdaq extends offer for lse until february 10,neutral,1,neutral,True,0.99571335,0.0002853339,0.99571335,0.0040012663
pfizer presentation pulled from heart conference,negative,0,neutral,False,0.90418595,0.095273696,0.90418595,0.0005402844
lufthansa may announce 20-plane boeing order wsj,positive,2,neutral,False,0.99846303,0.00031791546,0.99846303,0.0012190791
bps browne urges climate agency to fight warming,neutral,1,neutral,True,0.9984713,0.00083822035,0.9984713,0.0006904559
dow chemical to face $50 billion bid report,positive,2,neutral,False,0.9947272,0.00429157,0.9947272,0.0009812114
"chrysler, gm in talks on vehicle project reports",positive,2,neutral,False,0.9985696,0.00061339524,0.9985696,0.00081690465
hr block says subprime woes delaying unit sale,negative,0,negative,True,0.49978468,0.49978468,0.49786988,0.002345393
u.s. treasurys kimmitt declines comment on dollar,neutral,1,neutral,True,0.99360037,0.0057974015,0.99360037,0.0006023485
instant view 6-boj tankan shows optimism declines,negative,0,negative,True,0.9993868,0.9993868,0.000323167,0.00029001676
u.s. to start buying lockheed f-35 fighters,positive,2,neutral,False,0.99067336,0.0006987778,0.99067336,0.008627799
employers foresee health costs up 8 pct poll,negative,0,negative,True,0.9988305,0.9988305,0.0006231615,0.0005462629
google buys video game ad firm adscape,positive,2,neutral,False,0.9964354,0.0003882318,0.9964354,0.0031763902
"asian stocks hit record as yen slips, oil climbs",positive,2,positive,True,0.9992143,0.0003886831,0.00039702334,0.9992143
cisco says 3rd-quarter routing revenue up 16 pct,positive,2,positive,True,0.9991602,0.00048292428,0.0003569728,0.9991602
monsanto asks court to allow sale of gmo alfalfa,positive,2,neutral,False,0.998713,0.00037943127,0.998713,0.00090760144
corrected web traffic growth slows on black friday,negative,0,negative,True,0.9992939,0.9992939,0.0004429021,0.00026311245
doral in private equity talks,positive,2,neutral,False,0.9986314,0.0006381827,0.9986314,0.0007302984
"update 2-icahn, macklowe bid for parts of reckson-sources",positive,2,neutral,False,0.99923944,0.00038732262,0.99923944,0.00037324373
banker withdraws from consideration for treasury post,negative,0,neutral,False,0.99923277,0.00045604433,0.99923277,0.00031109134
costco jan same-store sales up 2 pct,positive,2,positive,True,0.99917126,0.00051298924,0.00031577412,0.99917126
northwest air unsecured claims may get 66-83 pct,positive,2,neutral,False,0.9285968,0.06548098,0.9285968,0.0059221922
"ba, goldman not planning amr bid sources",negative,0,neutral,False,0.9988206,0.0005963425,0.9988206,0.0005830212
no surprise if euro holdings mount feds fisher,neutral,1,neutral,True,0.9969703,0.0021741935,0.9969703,0.0008554413
cnet profit falls on higher costs,negative,0,negative,True,0.99933404,0.99933404,0.00032003428,0.00034596235
csk auto quarterly sales rise,positive,2,positive,True,0.9991992,0.00044154032,0.0003592223,0.9991992
hp to maintain mercury rd plant after buyout,positive,2,neutral,False,0.9984849,0.0005042076,0.9984849,0.0010109056
bush to project budget surplus for fiscal 2012,positive,2,neutral,False,0.9986645,0.00072455517,0.9986645,0.0006110188
adelphia says reorganization may take effect january 17,positive,2,neutral,False,0.9986619,0.000763216,0.9986619,0.00057492807
nine foreign banks get first china registration nod,positive,2,neutral,False,0.998085,0.0002858529,0.998085,0.0016290429
buffett faulted for keeping petrochina stake,negative,0,negative,True,0.8962958,0.8962958,0.1028719,0.000832355
eyes on fomc as stocks seen trending higher,positive,2,positive,True,0.99921346,0.0002995921,0.00048692734,0.99921346
gm to raise capital spending for 2007 and 2008,positive,2,neutral,False,0.99779934,0.00048527328,0.99779934,0.0017152826
"wal-marts asda says to create 8,000 jobs in uk",positive,2,positive,True,0.9989266,0.00053179095,0.00054162886,0.9989266
bancrofts to vote against news corp bid-dow jones,negative,0,neutral,False,0.979619,0.019213429,0.979619,0.0011675698
when she earns more than he does,neutral,1,neutral,True,0.9988324,0.00040191627,0.9988324,0.00076574617
housing may feed stocks angst in a fed week,negative,0,negative,True,0.992494,0.992494,0.006929642,0.0005763113
"online, organics back tesco christmas cheer",positive,2,neutral,False,0.95486766,0.001293005,0.95486766,0.043839373
"factboxsales of hybrid cars in europe, u.s.",neutral,1,neutral,True,0.9989698,0.00044494975,0.9989698,0.00058526016
tribune considering self-help plan wsj,neutral,1,neutral,True,0.99896,0.0005968331,0.99896,0.00044307043
wall street looks to start flat to slightly higher,positive,2,positive,True,0.9905764,0.0006229356,0.0088007115,0.9905764
business groups urge export control reforms,positive,2,neutral,False,0.99189514,0.0067811916,0.99189514,0.001323613
nasdaq to close jan 2 to mark president fords death,neutral,1,neutral,True,0.9992199,0.0003491743,0.9992199,0.0004309873
"venture industry likes health, web, energy",positive,2,neutral,False,0.99855906,0.00033456928,0.99855906,0.0011063501
countrywide sees healthy market by 2009,positive,2,positive,True,0.99923027,0.00038464577,0.00038514644,0.99923027
iran still a cloud for chastened world markets,negative,0,negative,True,0.9838905,0.9838905,0.015570162,0.0005392789
home price rise is lowest since q2 1998,negative,0,negative,True,0.9349433,0.9349433,0.06240743,0.0026492353
berkshire says yahoo cfo decker to join board,neutral,1,neutral,True,0.99848455,0.00020618601,0.99848455,0.0013092951
"asian marts, jobs on stocks radar",neutral,1,neutral,True,0.9992848,0.0002912046,0.9992848,0.00042390934
freeport deal for phelps gets u.s. antitrust nod,positive,2,neutral,False,0.6707583,0.0018947375,0.6707583,0.32734692
"cbs buying back $1.4 bln in stock, shares jump",positive,2,positive,True,0.999151,0.0004531769,0.0003958655,0.999151
travel search site sidestep buys hotel reviewer,positive,2,neutral,False,0.99918824,0.00039340305,0.99918824,0.00041831136
kerkorian offers $4.5 billion to buy chrysler,positive,2,neutral,False,0.9981267,0.00032816883,0.9981267,0.0015451438
nokia files claims against qualcomm in europe,negative,0,negative,True,0.99899906,0.99899906,0.00043941283,0.00056147814
isuzu buys land for u.s. truck plant in alabama,positive,2,neutral,False,0.9991155,0.00022274164,0.9991155,0.00066177046
fortress ipo opens up 89 pct in market debut,positive,2,positive,True,0.99919444,0.00045140804,0.0003542088,0.99919444
rim needs more time to bring filings up to date lawyer,negative,0,neutral,False,0.9985305,0.0009054727,0.9985305,0.00056397036
fcc eases way for telephone cos to offer tv,positive,2,neutral,False,0.9983924,0.00026423487,0.9983924,0.0013433242
"wyser-pratte sells valeo stake, sees lbo deal",neutral,1,neutral,True,0.99908006,0.00026076968,0.99908006,0.0006590489
former aig head buys up n.y. times shares report,positive,2,positive,True,0.99883395,0.00029319248,0.00087287085,0.99883395
gap ceo paul pressler steps down,negative,0,neutral,False,0.9992343,0.00046163157,0.9992343,0.0003040863
saudi arabia tells japan to cut its nov crude supply,negative,0,neutral,False,0.9935417,0.0017288348,0.9935417,0.004729388
swedish staff wont lose jobs in scania deal man,positive,2,neutral,False,0.6405635,0.008149153,0.6405635,0.35128734
"asean, china agree to cut barriers to services",positive,2,neutral,False,0.9967709,0.00027021777,0.9967709,0.002958809
angola to see $50 billion oil investment sonangol,positive,2,positive,True,0.79197747,0.002787597,0.2052349,0.79197747
"foot locker q3 earns flat, to open new chain",neutral,1,neutral,True,0.999186,0.00029503714,0.999186,0.00051895104
xm radio says to be in 1.8 million gm cars in 2007,positive,2,neutral,False,0.9804319,0.00046268548,0.9804319,0.019105336
ford talks to prodrive on aston martin sale paper,neutral,1,neutral,True,0.9992711,0.0002980997,0.9992711,0.00043081626
bed bath beyond posts higher quarterly profit,positive,2,positive,True,0.9992587,0.00035521804,0.00038609427,0.9992587
dubais istithmar buys into u.s. mandarin hotel,positive,2,neutral,False,0.9987392,0.00022485951,0.9987392,0.0010359691
treasury chief feeling good about economy,positive,2,positive,True,0.9990497,0.00035792132,0.0005922931,0.9990497
dow notches fresh record on mergers,positive,2,positive,True,0.99886096,0.00048612137,0.0006529408,0.99886096
update 4-us judge denies class status in merck vioxx cases,positive,2,neutral,False,0.71588695,0.0041695875,0.71588695,0.2799435
"gm, ford expect lower u.s. sales in february",negative,0,negative,True,0.99934345,0.99934345,0.00030987026,0.00034668492
northeast utilities post 3rd-qtr profit,positive,2,positive,True,0.9990138,0.00049792544,0.00048824158,0.9990138
bank of montreal eyes lasalle bank assets analyst,positive,2,neutral,False,0.9983236,0.0012445755,0.9983236,0.0004317813
gazproms sakhalin-2 buy may let ebrd off the hook,positive,2,positive,True,0.9946971,0.0002457791,0.0050571617,0.9946971
eaton profit up but still sees industry decline,neutral,1,neutral,True,0.99373937,0.00055182603,0.99373937,0.005708856
citigroup secures control of nikko cordial,positive,2,neutral,False,0.9969867,0.00023105239,0.9969867,0.0027822712
googles earnings growth may stall paper,negative,0,negative,True,0.998543,0.998543,0.0011105962,0.00034640494
gm signals it is closer to labor deal with delphi,positive,2,positive,True,0.9684529,0.0010526088,0.030494472,0.9684529
prologis says to buy all units in macquarie trust,positive,2,neutral,False,0.99892646,0.0003763265,0.99892646,0.00069716846
singapores dbs in talks to bid for koreas keb sources,positive,2,neutral,False,0.99910384,0.0003907524,0.99910384,0.0005053063
coca-cola enterprises profit misses estimates,negative,0,negative,True,0.9993799,0.9993799,0.00030514508,0.00031496055
us air says morgan stanley to help finance delta bid,positive,2,neutral,False,0.9992951,0.00032008192,0.9992951,0.00038476082
mshita to invest $2.4 billion on display plant,positive,2,neutral,False,0.99584275,0.00064531504,0.99584275,0.0035119227
gold moves higher as weaker dollar spurs buying,positive,2,positive,True,0.9992131,0.0004578617,0.00032906348,0.9992131
"sirius, xm say fcc rules do not bar their merger",positive,2,neutral,False,0.9965443,0.00021915788,0.9965443,0.003236574
"canwest, goldman to buy alliance for c$2.3 billion",positive,2,neutral,False,0.9990025,0.00036358775,0.9990025,0.00063396414
"holiday, deer push jobless claims to 1-yr high",negative,0,negative,True,0.6016232,0.6016232,0.25033268,0.14804417
"sprint q3 profit falls, subscriber growth weak",negative,0,negative,True,0.99936324,0.99936324,0.00028630334,0.00035043544
whirlpool looks to return maytag to best buy,positive,2,neutral,False,0.9975721,0.00037954032,0.9975721,0.002048329
late oil spike hits futures,negative,0,negative,True,0.5035163,0.5035163,0.0073333676,0.48915032
belarus insists deal in sight in gas talks,positive,2,neutral,False,0.9233391,0.0010177068,0.9233391,0.07564321
eu backs airbus in boeing spat,positive,2,neutral,False,0.9382256,0.059489317,0.9382256,0.0022849545
"infosys q4 jumps, forecasts slower year growth",neutral,1,positive,False,0.96727586,0.0012917492,0.031432346,0.96727586
"jobless claims jump to 321,000 in latest week",negative,0,negative,True,0.9961337,0.9961337,0.001909958,0.0019564067
wal-mart to enter india in bharti retail venture,positive,2,neutral,False,0.99909794,0.00041823744,0.99909794,0.00048383875
harrahs considering two $87/share bids wsj,positive,2,neutral,False,0.9988844,0.0003900984,0.9988844,0.0007255559
co2 squares up with performance at geneva car show,neutral,1,neutral,True,0.9986966,0.00032415957,0.9986966,0.0009792174
mirant exploring sale of company,positive,2,neutral,False,0.9991837,0.00035241738,0.9991837,0.0004638482
gateway posts quarterly profit on tax benefit,positive,2,positive,True,0.9992526,0.0003492883,0.00039810606,0.9992526
kerkorian cuts gm stake -- report says to zero,negative,0,negative,True,0.9953543,0.9953543,0.0043688314,0.00027699978
google gives employees way to value stock options,neutral,1,neutral,True,0.997888,0.00025142083,0.997888,0.0018604983
"siemens to buy ugs for $3.5 billion, plans ipo of vdo",positive,2,neutral,False,0.99784255,0.00026873412,0.99784255,0.0018887442
amgen delays construction of ireland plant 2 yrs,negative,0,neutral,False,0.5030115,0.494393,0.5030115,0.002595457
steven madden profit falls but shares rise,neutral,1,neutral,True,0.9885141,0.0043340772,0.9885141,0.0071518007
second nikko investor offers shares above citi bid,positive,2,neutral,False,0.9679418,0.000792423,0.9679418,0.031265784
renault nurtures engineering center after suicides,negative,0,neutral,False,0.998676,0.0007547908,0.998676,0.00056922564
no nationalization wave in latin america slim,positive,2,neutral,False,0.9985232,0.0008655836,0.9985232,0.0006112141
dupont to cut jobs in streamlining,negative,0,negative,True,0.952654,0.952654,0.045340188,0.0020057939
carmakers lobby to end u.s. steel tariffs paper,positive,2,neutral,False,0.9861558,0.0008274725,0.9861558,0.013016704
cvs to buy caremark for $20.7 billion,positive,2,neutral,False,0.99789363,0.00047277368,0.99789363,0.0016336222
court wont hear challenge to state cigarette fee,negative,0,neutral,False,0.99800867,0.0010549253,0.99800867,0.00093644444
northrop picks ge engine for tanker bid proposal,positive,2,neutral,False,0.99932027,0.00027240088,0.99932027,0.0004073322
shell q4 profits up as output rises,positive,2,positive,True,0.9991468,0.0005355848,0.00031755117,0.9991468
gm shares could stall as focus shifts to risks,negative,0,negative,True,0.9991781,0.9991781,0.0006230301,0.0001987442
founder michael dell back in charge of dell inc,positive,2,neutral,False,0.99918205,0.00029272074,0.99918205,0.0005251165
wealthy say no better at finding top hedge funds,neutral,1,neutral,True,0.9992206,0.00038625117,0.9992206,0.00039303926
partygaming in talks to buy austria bwin unit,positive,2,neutral,False,0.99865794,0.00028890066,0.99865794,0.0010530758
"dow at record over 12,500",positive,2,negative,False,0.9511426,0.9511426,0.001327812,0.047529478
citigroup eyes bid for uk online bank egg paper,positive,2,neutral,False,0.9992047,0.0004570281,0.9992047,0.00033826468
alcatel completes acquisition of lucent,positive,2,neutral,False,0.9971355,0.00025313816,0.9971355,0.002611278
ousted ceos stay on as exit deals worked out,negative,0,neutral,False,0.9991829,0.00046485,0.9991829,0.0003521582
"lockheed, northrop profits up, shares mixed",neutral,1,positive,False,0.98872805,0.0003246493,0.010947331,0.98872805
smith international q4 profit jumps,positive,2,positive,True,0.9991392,0.00049327855,0.00036754608,0.9991392
"bernanke fed watching spending, capacity",neutral,1,neutral,True,0.99825495,0.0009831126,0.99825495,0.00076201314
black friday poised to be best in years,positive,2,positive,True,0.9986216,0.0005609909,0.0008174202,0.9986216
dynegy posts first-quarter profit,positive,2,positive,True,0.9992061,0.00033947593,0.0004544159,0.9992061
subprime weakness likely to depress gdp growth sp,negative,0,negative,True,0.99922156,0.99922156,0.00047702793,0.0003013485
drug profits blow past wall st estimates,positive,2,positive,True,0.99910456,0.0005427382,0.00035264733,0.99910456
weatherford profit jumps 78 percent,positive,2,positive,True,0.9991934,0.00045888952,0.00034769234,0.9991934
pier 1 names tjx cos. executive as ceo,neutral,1,neutral,True,0.9993413,0.00038149924,0.9993413,0.00027726698
"u.s. charges 13 in insider trading, bribery cases",negative,0,negative,True,0.9876495,0.9876495,0.0089681735,0.0033823706
union opposes chrysler sale to private equity paper,negative,0,neutral,False,0.9987753,0.0007315437,0.9987753,0.000493206
carmakers to calif. attorney general drop suit,negative,0,positive,False,0.99698824,0.0006519713,0.0023598482,0.99698824
emi being eyed by 3 u.s. private equity firms report,positive,2,neutral,False,0.99485695,0.000558411,0.99485695,0.004584541
"fed to hold rates steady, cite inflation worries",neutral,1,neutral,True,0.9870799,0.010925644,0.9870799,0.001994325
update 3-ubs says cooperating in u.s. treasury bonds probe,negative,0,neutral,False,0.99784565,0.0006436155,0.99784565,0.0015107521
corrected instant view1-cisco profit rises,positive,2,positive,True,0.9992409,0.00034921357,0.00040993956,0.9992409
nec says will be able to keep nasdaq adr listing,positive,2,neutral,False,0.9459961,0.00051631284,0.9459961,0.0534877
instant view 4-lone star/keb deal illegal-s.korea prosecutors,negative,0,neutral,False,0.9694288,0.02961861,0.9694288,0.0009525845
german minister says wolfowitz must decide,neutral,1,neutral,True,0.9991233,0.0005016314,0.9991233,0.00037506875
"freeport, phelps shareholders approve deal",positive,2,neutral,False,0.9990246,0.00019255617,0.9990246,0.00078281446
"abn, barclays in exclusive $160 billion merger talks",positive,2,neutral,False,0.9964496,0.00033476736,0.9964496,0.003215715
warner music quarterly profit drops,negative,0,negative,True,0.999371,0.999371,0.0002726473,0.00035633685
ntl shareholder branson backs itv deal source,positive,2,neutral,False,0.9881352,0.00030515846,0.9881352,0.01155959
"gm takes aim at lexus, acura with new buick",positive,2,neutral,False,0.9988104,0.0005951932,0.9988104,0.00059439515
u.s. consumer electronics sales to hit record in 2007,positive,2,positive,True,0.9989261,0.0006242264,0.00044970517,0.9989261
yahoo signs first partners in mobile ad push,positive,2,neutral,False,0.99890745,0.00028000303,0.99890745,0.0008125812
xerox sees 2007 profit in line with analyst view,positive,2,positive,True,0.99874324,0.0006704867,0.00058630854,0.99874324
fed starts meeting as markets bet rates on hold,neutral,1,neutral,True,0.9986993,0.00080541184,0.9986993,0.0004952239
ohio lawmaker says wal-mart has big banking plans,neutral,1,neutral,True,0.9989806,0.00040268205,0.9989806,0.0006167737
"oil falls $1 on u.s. warmth, opec cut doubts",negative,0,negative,True,0.99937147,0.99937147,0.0003260444,0.0003024461
"dollar general to close 400 stores, names president",negative,0,negative,True,0.8756549,0.8756549,0.12306653,0.0012785969
kellwood third-quarter profit hit by restructuring costs,negative,0,negative,True,0.9992861,0.9992861,0.0003996637,0.00031425746
wal-mart sees december same-store sales up,positive,2,positive,True,0.9992015,0.0004426875,0.00035587465,0.9992015
estee lauder sees double-digit profit growth,positive,2,positive,True,0.99919015,0.0004097476,0.00040014568,0.99919015
stocks to heed fed and cpi,neutral,1,neutral,True,0.998528,0.00040748445,0.998528,0.0010645388
bristol-myers hires banks for sale advice sources,positive,2,neutral,False,0.99916196,0.0004874314,0.99916196,0.0003507092
"j.c. penney profit up, shares rise",positive,2,positive,True,0.99918514,0.00046877822,0.00034612027,0.99918514
kinder morgan to buy rest of canadian ngl pipeline,positive,2,neutral,False,0.99815804,0.00017927047,0.99815804,0.0016626482
hyundai targets 2007 revenue growth spurt,positive,2,positive,True,0.9978738,0.0010483494,0.0010779261,0.9978738
"stocks rise on oil, aig techs lift nasdaq",positive,2,positive,True,0.99918586,0.00047480562,0.000339271,0.99918586
funds want to freeze outgoing bp ceo brownes pay,negative,0,neutral,False,0.99738437,0.0022829983,0.99738437,0.00033270405
"unilever suffers tough q4, sending shares down",negative,0,negative,True,0.99941266,0.99941266,0.0002716856,0.00031567249
cummins 4th-quarter net rises,positive,2,positive,True,0.9992199,0.00044494317,0.00033519836,0.9992199
china automakers see tough road to global market,negative,0,negative,True,0.99772996,0.99772996,0.0019886254,0.0002814265
jetblue says flight problems to hurt earnings,negative,0,negative,True,0.99932075,0.99932075,0.00042738375,0.00025183582
factory orders slump could derail economic recovery,negative,0,negative,True,0.99939895,0.99939895,0.00028414617,0.00031686766
u.s. security scares foreign visitors away,negative,0,neutral,False,0.93688667,0.062067512,0.93688667,0.001045849
"stocks fall on weak gdp data, intel drops",negative,0,negative,True,0.9994299,0.9994299,0.00027704943,0.00029302994
delphi expects cerberus to quit investor group,negative,0,neutral,False,0.99859625,0.0008884833,0.99859625,0.0005151642
dow in joint venture talks with reliance report,positive,2,neutral,False,0.9968905,0.00037320744,0.9968905,0.002736379
viacom posts lower quarterly profit due to films,negative,0,negative,True,0.9993339,0.9993339,0.00031488002,0.00035117439
cme ceo says no need to respond to ice offer report,neutral,1,neutral,True,0.9991617,0.000429014,0.9991617,0.00040931566
"new century, other u.s. subprime lenders shares drop",negative,0,negative,True,0.9993849,0.9993849,0.000310656,0.00030441038
"major reuters holder, valueact, says would support sale",positive,2,neutral,False,0.9985147,0.00033099373,0.9985147,0.0011542079
microsoft to buy voice recognition company tellme,positive,2,neutral,False,0.9959998,0.00043791943,0.9959998,0.0035623624
"accenture to raise india staff to 35,000 by august",positive,2,neutral,False,0.70329654,0.0039021436,0.70329654,0.29280135
stronach says magna undecided on chrysler bid report,neutral,1,neutral,True,0.99911994,0.0005362146,0.99911994,0.0003438963
chronology nigerian militant attacks on oil industry,negative,0,negative,True,0.99146676,0.99146676,0.008116481,0.00041676074
carmax profit nearly doubles,positive,2,positive,True,0.9991862,0.0004423225,0.0003714888,0.9991862
agilent earnings decline but revenues grow,neutral,1,neutral,True,0.9926891,0.0055386596,0.9926891,0.0017722663
"paulson china, congress to air differences on yuan",neutral,1,neutral,True,0.99887115,0.0008004663,0.99887115,0.00032840765
third nikko investor offers shares above citi bid,positive,2,neutral,False,0.9566346,0.0008680208,0.9566346,0.042497393
bernanke to testify before congress in february wsj,neutral,1,neutral,True,0.99934524,0.00036460295,0.99934524,0.00029005198
thomson confirms it has approached reuters,positive,2,neutral,False,0.9545594,0.043893285,0.9545594,0.0015473008
clear channel board agrees to higher bid,positive,2,neutral,False,0.9881196,0.0004110456,0.9881196,0.011469282
treasurys paulson sees housing downturn contained,positive,2,positive,True,0.9893534,0.005192475,0.0054540606,0.9893534
"ahold q4 sales down, u.s. retail lags",negative,0,negative,True,0.9993587,0.9993587,0.00030169386,0.00033961184
update 3-harley 4th-qtr net rises nearly 10 percent,positive,2,positive,True,0.99920887,0.00044994766,0.00034122312,0.99920887
bristol-myers hires banks for sale advice ft,positive,2,neutral,False,0.99895966,0.0006323453,0.99895966,0.0004079451
"goldman, citigroup invest $52 mln in india icsa",positive,2,neutral,False,0.98563427,0.00084957294,0.98563427,0.0135161495
appeals court backs decision clearing enron founder,positive,2,neutral,False,0.9958188,0.0015099598,0.9958188,0.0026712068
citigroup expects to fill cfo job within 45 days,neutral,1,neutral,True,0.9982712,0.00030079327,0.9982712,0.0014279344
biomet names binder ceo,neutral,1,neutral,True,0.99929154,0.00031048866,0.99929154,0.00039805347
"nike raises quarterly dividend, appoints new board member",positive,2,positive,True,0.842916,0.00045173988,0.1566323,0.842916
del monte sees 2 cents share charge to 07 earnings,negative,0,negative,True,0.9990707,0.9990707,0.0005582405,0.00037105355
roche could buy small or medium sized company ceo,positive,2,neutral,False,0.9985335,0.000279456,0.9985335,0.0011870238
ford posts biggest loss in 14 years,negative,0,negative,True,0.9992956,0.9992956,0.00040612323,0.0002983226
ford slips to no. 4 as u.s. november car sales slump,negative,0,negative,True,0.9994037,0.9994037,0.0003140847,0.0002822419
court rules for philip morris on damage award,positive,2,neutral,False,0.99802375,0.0015886384,0.99802375,0.00038757815
"innovation, design freshen made in taiwan tech label",positive,2,neutral,False,0.99913824,0.0002766671,0.99913824,0.0005850935
"sprint profit under pressure, will cut 5,000 jobs",negative,0,negative,True,0.99924517,0.99924517,0.00041372667,0.00034109835
reckson gets $4.6 bln bid from icahn/macklowe,positive,2,neutral,False,0.99791795,0.00057942077,0.99791795,0.0015026565
mcclatchy sees ad revenue down in first half of 2007,negative,0,negative,True,0.9993863,0.9993863,0.0003195807,0.00029412276
medicines co. shares tumble after u.s. bill dies,negative,0,negative,True,0.99940574,0.99940574,0.000295646,0.0002985772
indexes recover from february sell-off,positive,2,positive,True,0.9988049,0.0006303455,0.00056467444,0.9988049
"oil falls as warm weather blankets u.s,",negative,0,negative,True,0.99922264,0.99922264,0.0005639543,0.00021346366
student aid officer quits loans rulemaker panel,negative,0,neutral,False,0.99918467,0.0004139475,0.99918467,0.00040141644
homes picture mixed after starts data,neutral,1,neutral,True,0.9554985,0.043219723,0.9554985,0.0012817584
"dow ends at record, lifted by caterpillar, boeing",positive,2,positive,True,0.99924904,0.0003879822,0.00036297966,0.99924904
u.s. auto sales seen up for october,positive,2,positive,True,0.9990701,0.0004409222,0.00048897834,0.9990701
"steelcase profit up, international business strong",positive,2,positive,True,0.9991685,0.00047771283,0.00035378186,0.9991685
ontario teachers in $2.4 bln marine terminals deal,positive,2,neutral,False,0.9981224,0.0004539611,0.9981224,0.0014236432
new york times sells broadcast group for $575 million,neutral,1,neutral,True,0.99917537,0.0004007976,0.99917537,0.00042378393
"govt, company data see manufacturing slowdown",negative,0,negative,True,0.9993704,0.9993704,0.00034273101,0.00028687142
delta ceo says not in merger talks with northwest,negative,0,neutral,False,0.9989868,0.00061577867,0.9989868,0.0003973689
hanesbrands earnings fall on costs,negative,0,negative,True,0.9993759,0.9993759,0.00034410218,0.0002800996
xm satellite quarterly loss narrows,positive,2,positive,True,0.997849,0.0016125158,0.00053845544,0.997849
hp cfo wayman to retire,neutral,1,neutral,True,0.9991918,0.00038093756,0.9991918,0.00042723308
alcoa reaches labor pact with machinists members,positive,2,positive,True,0.8163566,0.0020345368,0.18160889,0.8163566
"tds, us cellular to restate past financial",negative,0,neutral,False,0.99800247,0.0016014904,0.99800247,0.0003960328
economy to grow slowly in early 2007 blue chip,positive,2,neutral,False,0.901403,0.09093567,0.901403,0.0076612304
monster online jobs index edges up in april,positive,2,positive,True,0.9991259,0.0004871963,0.0003868763,0.9991259
alltel net profit falls after wireline spin-off,negative,0,negative,True,0.9993376,0.9993376,0.00031744287,0.00034488903
hilton plans waldorf-astoria in beverly hills,positive,2,neutral,False,0.9989691,0.00046124108,0.9989691,0.00056966586
"disney profit doubles on networks, studios, parks",positive,2,positive,True,0.9984205,0.0003235536,0.001255944,0.9984205
dow chemical up on buyout report from tabloid,positive,2,positive,True,0.99921036,0.00028566204,0.0005039242,0.99921036
anixter quarterly profit rises 160 percent,positive,2,positive,True,0.999185,0.00048146796,0.00033350632,0.999185
advisers iss recommend yes vote on nyse merger,positive,2,neutral,False,0.9988061,0.00029073164,0.9988061,0.0009030907
bp ceo quits as affair exposed,negative,0,neutral,False,0.9976521,0.0019005146,0.9976521,0.00044735652
european nations pile pressure on wolfowitz,negative,0,neutral,False,0.99824464,0.0011832874,0.99824464,0.0005720555
host says g-20 summit to discuss energy security,neutral,1,neutral,True,0.99935097,0.00026101232,0.99935097,0.00038796145
"kuwait reports 20 cases of bird flu at zoo, farm",negative,0,neutral,False,0.9907927,0.008637496,0.9907927,0.00056978886
buffett to pay cio candidates for performance,neutral,1,neutral,True,0.99929786,0.00027613662,0.99929786,0.0004260445
fox studio reports $3.56 billion box office in 2006,positive,2,neutral,False,0.70724756,0.009549294,0.70724756,0.2832032
qantas bid group considers new offer after flop,positive,2,neutral,False,0.99909675,0.00051086146,0.99909675,0.000392461
"stocks focus on earnings, inflation",neutral,1,neutral,True,0.9989391,0.0005415022,0.9989391,0.00051948003
former swift ceo bids to buy out firm,positive,2,neutral,False,0.99888223,0.0005955836,0.99888223,0.00052220514
macquarie bids $1.4 bln for metering firm techem,positive,2,neutral,False,0.9981415,0.0006211497,0.9981415,0.0012373106
phelps dodge sees higher 1st-qtr copper production,positive,2,positive,True,0.9990735,0.00059135,0.00033517307,0.9990735
paulson says need to apply business rules lightly,positive,2,neutral,False,0.99906963,0.00060984504,0.99906963,0.0003204342
data eases fears of sharp economic slowdown,positive,2,positive,True,0.9970674,0.0021179672,0.00081459986,0.9970674
will u.s. elections entice stock bulls,neutral,1,positive,False,0.9602596,0.0004353043,0.039305042,0.9602596
panama asks for 2008 audit for its ship fleet,neutral,1,neutral,True,0.99927956,0.0004492345,0.99927956,0.00027124168
qualcomm lowers profit forecast,negative,0,negative,True,0.99934703,0.99934703,0.00029597728,0.0003570964
brazil bypasses patent on merck aids drug,negative,0,neutral,False,0.6233193,0.00073077984,0.6233193,0.3759499
pepsi bottling group profit up,positive,2,positive,True,0.99922097,0.00040309003,0.00037589704,0.99922097
"thq raises quarterly, fiscal-year outlooks",positive,2,positive,True,0.9992574,0.00033827286,0.00040438052,0.9992574
u.s. q4 gdp revised up on inventories,positive,2,positive,True,0.94669366,0.048151616,0.0051547177,0.94669366
bmw aims for 6th straight year of unit sales growth,positive,2,positive,True,0.99855083,0.00068825594,0.0007608947,0.99855083
apple shares surge after upbeat earnings,positive,2,positive,True,0.9991881,0.00045805683,0.00035384987,0.9991881
sanmina says it will miss 10-k filing deadline,negative,0,neutral,False,0.9943528,0.0051897904,0.9943528,0.00045746547
alcoa-alcan deal aims to forge powerhouse,positive,2,neutral,False,0.9990088,0.000324888,0.9990088,0.0006662869
gm says internal accounting controls ineffective,negative,0,negative,True,0.9768192,0.9768192,0.022692028,0.000488766
cisco to buy maker of computer network equipment,positive,2,neutral,False,0.99830675,0.00033852618,0.99830675,0.0013546634
expedia shares tumble after earnings miss forecast,negative,0,negative,True,0.99940264,0.99940264,0.0002581578,0.00033920418
fund managers must innovate to lure new money study,neutral,1,neutral,True,0.99913615,0.0003665038,0.99913615,0.0004973891
emerson profit rises 12 percent,positive,2,positive,True,0.9992137,0.0004560872,0.00033024512,0.9992137
g20 to urge adequate forex flexibility source,neutral,1,neutral,True,0.9987319,0.0008736989,0.9987319,0.0003944369
mortgage insurer mgic to buy radian for $5.47 bln,positive,2,neutral,False,0.9985728,0.0003957068,0.9985728,0.0010314933
chronology-evolution of income trusts in canada,neutral,1,neutral,True,0.99934703,0.00039891616,0.99934703,0.00025404023
upbeat sony ericsson makes record q4 profit,positive,2,positive,True,0.99916816,0.0003802248,0.000451644,0.99916816
xl capital to buyback $1 bln class a shares,positive,2,positive,True,0.99756145,0.00047766732,0.0019609095,0.99756145
euronext shareholders to vote on nyse merger,neutral,1,neutral,True,0.99928904,0.00033240355,0.99928904,0.00037853443
"update 3-pathmark loss narrower than expected, shares rise",positive,2,positive,True,0.9991561,0.00036859745,0.00047527527,0.9991561
aquacell cfo pleads guilty to lying to auditors,negative,0,negative,True,0.9194566,0.9194566,0.07470825,0.005835176
citigroup wins final approval for china bank deal,positive,2,neutral,False,0.94095963,0.00040976805,0.94095963,0.058630608
citigroup wins $3.1 bln battle for guangdong bank,positive,2,neutral,False,0.824938,0.00084599975,0.824938,0.174216
singtel says premature to comment on vodafone talks,neutral,1,neutral,True,0.99877316,0.0006760728,0.99877316,0.00055073574
community health almost buys triad report,neutral,1,neutral,True,0.9944352,0.000690763,0.9944352,0.0048740436
chevron profit beats the street,positive,2,positive,True,0.9992086,0.00036305966,0.00042836994,0.9992086
wrapup 4-us economy stronger than first thought in 3rd qtr,positive,2,positive,True,0.99905986,0.0005533955,0.00038679977,0.99905986
merrill lynch plans up to $6 billion stock buyback,positive,2,positive,True,0.99780804,0.0005073754,0.0016845744,0.99780804
"mazda lifts forecasts as q2 jumps, yen softens",positive,2,positive,True,0.99928683,0.00037023623,0.00034294557,0.99928683
heinz third-quarter profit soars beats forecast,positive,2,positive,True,0.9991326,0.00051948155,0.0003479149,0.9991326
gm global sales down just slightly in 2006,negative,0,negative,True,0.99932015,0.99932015,0.00029805294,0.0003817707
"liquid coal a cheaper, cleaner 21st century fuel",neutral,1,neutral,True,0.99846315,0.0004337386,0.99846315,0.0011031892
top drugstores oct sales beat expectations,positive,2,positive,True,0.999198,0.0004094793,0.00039256088,0.999198
apple board defends jobs over options grants,negative,0,neutral,False,0.99727744,0.0021986025,0.99727744,0.0005239399
u.s. airlines scale back fare increases,negative,0,positive,False,0.99281365,0.0007972252,0.0063891583,0.99281365
wal-mart moving dc lobbyist to new job in arkansas,neutral,1,neutral,True,0.9992034,0.00040315522,0.9992034,0.00039348088
porsche slightly improves vw bid,positive,2,positive,True,0.9970585,0.00032012817,0.0026214009,0.9970585
"gm says may build engine, powertrain plant in india",positive,2,neutral,False,0.99790144,0.000390669,0.99790144,0.0017079479
u.s. november new homes sales rise 3.4 pct,positive,2,positive,True,0.99914443,0.0004586768,0.00039684717,0.99914443
echostar reports lower third-quarter profit,negative,0,negative,True,0.9993463,0.9993463,0.0002954266,0.00035819173
"jobless claims fall, leading indicator slips",neutral,1,positive,False,0.99891734,0.00067128625,0.00041139786,0.99891734
gm to buy more auto parts from india,positive,2,neutral,False,0.99784136,0.00025289637,0.99784136,0.0019057689
"gold hits 3-week high, palladium jumps 3 percent",positive,2,positive,True,0.9991203,0.0005384586,0.00034124593,0.9991203
stocks await black friday in holiday week,neutral,1,neutral,True,0.9987658,0.00065237295,0.9987658,0.00058184954
rbs trio proposes $24.5 billion bid for lasalle sources,positive,2,neutral,False,0.99865866,0.0007554808,0.99865866,0.00058588723
sirius plans to buy xm in $4.6 bln stock deal,positive,2,neutral,False,0.9715666,0.000537326,0.9715666,0.027896162
bolivia energy deals to take effect wednesday,neutral,1,neutral,True,0.99878234,0.00027056792,0.99878234,0.0009471642
boeing eyes $15 billion in indian work report,positive,2,positive,True,0.9172445,0.0058876663,0.07686785,0.9172445
wrapup 3-russia halts oil exports to belarus europe hit,negative,0,negative,True,0.9993242,0.9993242,0.0004167521,0.00025904604
"instant view 2-u.s. jan new home sales, feb chicago pmi",neutral,1,neutral,True,0.99923635,0.0002984591,0.99923635,0.00046516798
hong kong tycoon henry fok dies at 83,neutral,1,neutral,True,0.9991479,0.00038869283,0.9991479,0.0004634708
imclone says erbitux drug works as initial therapy,positive,2,positive,True,0.97922647,0.0015691306,0.019204406,0.97922647
"four seasons agrees to gates, alwaleed buyout bid",positive,2,neutral,False,0.99500775,0.00048600373,0.99500775,0.0045062597
chrysler shows off family room on wheels,positive,2,neutral,False,0.99909306,0.00032454502,0.99909306,0.0005823455
atlantic city casinos in deal for ny train service,positive,2,neutral,False,0.99895525,0.00030487758,0.99895525,0.0007398482
diamond sector to lift veil of secrecy,neutral,1,neutral,True,0.99236906,0.00026761735,0.99236906,0.0073633674
google to broker print ads in newspapers,positive,2,neutral,False,0.9991321,0.00032286256,0.9991321,0.0005450725
oil steady after surprise u.s. crude stocks jump,negative,0,neutral,False,0.92389846,0.007188092,0.92389846,0.06891347
"corrected dow stalls march to 13,000",negative,0,neutral,False,0.9983668,0.0008127054,0.9983668,0.000820466
yahoo declines comment on reports of microsoft talks,neutral,1,neutral,True,0.99860364,0.0007506287,0.99860364,0.00064563943
two emi bosses face the music after profit warning,negative,0,neutral,False,0.5554432,0.44374555,0.5554432,0.0008112527
"united tech profit up 6.6 pct, foreign growth key",positive,2,positive,True,0.99921775,0.0004550047,0.00032719056,0.99921775
dolans in talks to take cablevision private report,positive,2,neutral,False,0.99885774,0.0005099289,0.99885774,0.00063239475
adp board oks brokerage spinoff,positive,2,neutral,False,0.9989951,0.0005121153,0.9989951,0.0004927793
abb net profit soars to $537 mln in q1,positive,2,positive,True,0.9989279,0.0007309427,0.0003411529,0.9989279
nintendo eyes 62 percent profit rise in 06/07,positive,2,positive,True,0.9991278,0.0005323951,0.000339834,0.9991278
boeing says dhl orders six freighter aircraft,positive,2,neutral,False,0.99474937,0.00059548876,0.99474937,0.0046551162
meredith buys interactive ad agencies,positive,2,neutral,False,0.9989543,0.00027255237,0.9989543,0.00077304477
harrahs ceo expects no further takeover bids,negative,0,neutral,False,0.99908245,0.00038871187,0.99908245,0.0005288468
update 3-bristol to pay $499 mln in tentative pact with us,negative,0,neutral,False,0.9972994,0.000557102,0.9972994,0.0021434885
america movil bid designed to grab lead in brazil,positive,2,neutral,False,0.9979673,0.00049862877,0.9979673,0.0015341141
youtube-cbs deal unravels wsj,negative,0,negative,True,0.99650276,0.99650276,0.0031731022,0.0003242316
bce in talks with kkr and pension funds,positive,2,neutral,False,0.99851507,0.00086632307,0.99851507,0.0006185631
nyse changes options pricing on penny pilot issues,neutral,1,neutral,True,0.9989188,0.0003464477,0.9989188,0.0007348308
sempra energy net profit falls in quarter,negative,0,negative,True,0.999343,0.999343,0.00029341158,0.00036357174
rim to roll out virtual blackberry software,positive,2,neutral,False,0.9992054,0.00039968322,0.9992054,0.0003949607
fedex to pay $53.5 mln to settle racial bias suit,negative,0,positive,False,0.9987595,0.0006563108,0.0005841631,0.9987595
greenspan says carry trade has limited room to run,negative,0,negative,True,0.9987876,0.9987876,0.00083364674,0.0003787015
nokia ceo says qualcomm cant set industry rules,negative,0,neutral,False,0.99839896,0.0011158342,0.99839896,0.00048520474
chrysler says now has u.s. inventory under control,positive,2,positive,True,0.9196971,0.004243535,0.07605937,0.9196971
"airbus workers put down tools, march to fight job cuts",negative,0,neutral,False,0.996947,0.002170995,0.996947,0.00088212517
baker report to criticize bp on safety,negative,0,negative,True,0.9837939,0.9837939,0.015835786,0.00037032898
fda rejects mercks vioxx successor,negative,0,neutral,False,0.99194264,0.007657181,0.99194264,0.0004001011
analyst says sangamo biosciences could be target magazine,positive,2,positive,True,0.626084,0.00530616,0.36860976,0.626084
nokia says qualcomm top user of nokia patents,negative,0,neutral,False,0.9905054,0.0002952194,0.9905054,0.009199369
hellman friedman closes $8.4 bln equity fund,positive,2,neutral,False,0.9977507,0.000855299,0.9977507,0.0013939567
airtran raises midwest bid to $345 million,positive,2,neutral,False,0.99460006,0.00044348024,0.99460006,0.004956464
biosite says inverness plans competing bid,positive,2,neutral,False,0.99935466,0.0003146302,0.99935466,0.0003306819
salmonella found at peanut butter plant fda,negative,0,negative,True,0.75248337,0.75248337,0.24577601,0.0017406208
mexican government renews tortilla price accord,positive,2,neutral,False,0.9052933,0.0008845629,0.9052933,0.09382208
time warner cable gets closer to going public,positive,2,neutral,False,0.9992512,0.0003603218,0.9992512,0.00038845825
eads defense head eyes higher profitability,positive,2,positive,True,0.9163474,0.0021265063,0.08152605,0.9163474
citigroup cfo krawcheck returns to old job at bank,neutral,1,neutral,True,0.9987552,0.0007934196,0.9987552,0.00045137253
"gannett could raise div, spin off tv unit report",positive,2,neutral,False,0.99778336,0.00026546442,0.99778336,0.0019512307
investors see dow jones bid likely to go higher,positive,2,positive,True,0.99918073,0.00032874665,0.000490469,0.99918073
u.s. probe could jeopardize abn-barclays deal report,negative,0,negative,True,0.998395,0.998395,0.001205721,0.0003991341
icahn and macklowe disclose stake in reckson,positive,2,neutral,False,0.999283,0.00028540805,0.999283,0.00043154013
motorola board wont endorse icahn nomination,negative,0,neutral,False,0.99925905,0.0004204256,0.99925905,0.00032056434
qualcomm investors back legal fight ceo,negative,0,neutral,False,0.9268374,0.005755399,0.9268374,0.06740715
"citigroup to be known as citi, dumps umbrella",neutral,1,neutral,True,0.996439,0.0027213977,0.996439,0.000839684
imf warns g20 economic powers of inflation risk,negative,0,negative,True,0.99924856,0.99924856,0.0005191521,0.00023232203
apple introduces svelte multimedia iphone,positive,2,neutral,False,0.9989448,0.0004168425,0.9989448,0.0006384049
china stocks open down but quickly recover,positive,2,neutral,False,0.9825943,0.009443848,0.9825943,0.007961906
palm takeover interest continues sources,positive,2,neutral,False,0.96140337,0.001222367,0.96140337,0.037374157
ford wont sell ford credit,neutral,1,neutral,True,0.99629706,0.0024065282,0.99629706,0.0012964238
"saudi shortlists verizon, pccw for fixed-line bid",positive,2,neutral,False,0.99919134,0.00036543526,0.99919134,0.00044318615
"cott in merger talks with cadbury, wsj says",positive,2,neutral,False,0.9990212,0.00041407777,0.9990212,0.0005646787
factbox key facts about november u.s. auto sales,neutral,1,neutral,True,0.99928755,0.0003220569,0.99928755,0.0003903472
"lotte, hershey launch china candy venture",positive,2,neutral,False,0.9990062,0.000270554,0.9990062,0.0007231922
lufthansa wants iberia data for possible deal paper,positive,2,neutral,False,0.99914074,0.00049612863,0.99914074,0.00036311636
home loan demand soars in first week of new year,positive,2,positive,True,0.6037897,0.002062557,0.39414775,0.6037897
"apple, cisco agree both can use iphone name",positive,2,neutral,False,0.9897078,0.0003753792,0.9897078,0.009916795
daimlerchryslers fy report date in danger paper,negative,0,negative,True,0.9991528,0.9991528,0.0005438693,0.00030340074
bernanke sees inflation easing,positive,2,positive,True,0.99809784,0.001055581,0.0008466412,0.99809784
"oracle sues rival sap, charges corporate theft",negative,0,negative,True,0.9987668,0.9987668,0.00061996677,0.0006133213
america movil net profit jumps 52 pct,positive,2,positive,True,0.9991155,0.00054771575,0.00033673903,0.9991155
microsoft says open to more linux-type dealsreport,positive,2,neutral,False,0.8816145,0.00078528596,0.8816145,0.11760024
houghton mifflin sold to riverdeep,positive,2,neutral,False,0.9989158,0.00062308274,0.9989158,0.0004611532
liberty gets sports channels in news corp deal wsj,positive,2,neutral,False,0.9989311,0.00030034294,0.9989311,0.00076860667
exchange ma points to global players,neutral,1,neutral,True,0.99936265,0.0003068944,0.99936265,0.0003305329
korean car designers step onto global stage,positive,2,neutral,False,0.9992518,0.0002518749,0.9992518,0.00049636053
free-market economist milton friedman dead at 94,neutral,1,neutral,True,0.9988732,0.0005464025,0.9988732,0.0005803921
nordstrom quarterly profit rises,positive,2,positive,True,0.99920493,0.00045351675,0.00034162,0.99920493
amd warns on revenue,negative,0,negative,True,0.99930346,0.99930346,0.00043721934,0.0002593244
bush sr worried china faces trade backlash in u.s.,negative,0,negative,True,0.99918956,0.99918956,0.0005988862,0.00021158993
"income, spending rose solidly in september",positive,2,positive,True,0.9988223,0.00034356953,0.0008341959,0.9988223
"dow hits another record, with help from earnings",positive,2,positive,True,0.9992149,0.0004402864,0.00034482297,0.9992149
lg elec wins contest for low-cost 3g phone contract,positive,2,neutral,False,0.974859,0.00044471055,0.974859,0.024696235
estee lauder profit up but weak sales hit stock,negative,0,positive,False,0.8065777,0.0028043655,0.190618,0.8065777
oil drops 4.3 percent as iran tensions ease,negative,0,negative,True,0.99934703,0.99934703,0.00026201314,0.00039098595
"omnicom quarterly earnings rise, beat forecasts",positive,2,positive,True,0.99919254,0.00045042176,0.0003570523,0.99919254
"ag edwards profit surges, shares hit record",positive,2,positive,True,0.9991184,0.0005334246,0.00034820844,0.9991184
corrected industrial output rose 1.0 pct in february,positive,2,positive,True,0.99857247,0.0010009508,0.00042656108,0.99857247
australias healthscope offers to take over symbion,positive,2,neutral,False,0.99933296,0.0003162478,0.99933296,0.00035069615
boeing sole bidder in $2.5 bln s.korea jet deal,positive,2,neutral,False,0.9992225,0.00028182523,0.9992225,0.0004956022
china inflation ticks higher as food prices rise,negative,0,negative,True,0.9936195,0.9936195,0.0040142117,0.002366253
"motorola to cut 3,500 jobs",negative,0,negative,True,0.99907494,0.99907494,0.0005628109,0.0003622371
bp says deal with venezuela by may looks unlikely,negative,0,negative,True,0.93519163,0.93519163,0.063604504,0.0012039028
enrons skilling gets 24 years,negative,0,neutral,False,0.99766445,0.00033812097,0.99766445,0.0019974087
"eaton sees flat 07 sales, shares drop",negative,0,negative,True,0.99940205,0.99940205,0.00036858182,0.00022937532
eu investigators urge charge against intel wsj,negative,0,neutral,False,0.7971828,0.20040299,0.7971828,0.0024141585
porsche makes vw bid it hopes market refuses,neutral,1,neutral,True,0.9984169,0.000882611,0.9984169,0.00070042996
shareholders reject say on pay,neutral,1,neutral,True,0.9991899,0.00044077114,0.9991899,0.0003694234
"fannie, freddie to unveil subprime plans wsj",neutral,1,neutral,True,0.99899286,0.0006095471,0.99899286,0.00039763478
"countrywide profit falls 37 pct, cuts forecast",negative,0,negative,True,0.9993237,0.9993237,0.0002654823,0.0004107592
"citigroup may cut 15,000 jobs papers",negative,0,negative,True,0.99904066,0.99904066,0.00056276936,0.00039660776
yen rallies as asia stock run-up loses steam,negative,0,positive,False,0.99593747,0.00079043384,0.0032721215,0.99593747
airtran still seeks to buy midwest,positive,2,neutral,False,0.92595065,0.0013589943,0.92595065,0.07269036
ford january sales down 19 pct,negative,0,negative,True,0.9993488,0.9993488,0.0002728538,0.0003783589
toyota seen outpacing ford in u.s. december sales,positive,2,positive,True,0.99919146,0.0004448062,0.0003636985,0.99919146
liquidnet ceo says may go public in 2008,positive,2,neutral,False,0.9988733,0.00054057955,0.9988733,0.0005861376
citigroup may buy old lane hedge fund firm report,positive,2,positive,True,0.9350249,0.00062775647,0.06434736,0.9350249
"us air says remains a delta bidder, welcomes plan",positive,2,neutral,False,0.9992836,0.0002936511,0.9992836,0.00042280363
sirius loss narrows as subscribers grow,positive,2,positive,True,0.99816257,0.0012541851,0.0005832498,0.99816257
united airlines to add $10 surcharge on la flights,positive,2,neutral,False,0.998626,0.0005802199,0.998626,0.00079381117
wall street underwriters enjoy record year,positive,2,positive,True,0.99717724,0.00032179325,0.0025009953,0.99717724
realtors see a drop in existing home sales for second year,negative,0,negative,True,0.99931836,0.99931836,0.00040891315,0.00027267015
asias 2007 growth hinges on u.s. economy,negative,0,neutral,False,0.99771345,0.0013056436,0.99771345,0.0009808436
michaels posts rise in third-quarter sales,positive,2,positive,True,0.9992372,0.00041320606,0.00034961867,0.9992372
nasdaq says dell is out of compliance company,negative,0,neutral,False,0.9818287,0.008350352,0.9818287,0.009820923
"exxon, ongc and inpex win libya oil blocs",positive,2,positive,True,0.99718374,0.0004216316,0.0023945468,0.99718374
starbucks profit falls due to accounting changes,negative,0,negative,True,0.9993741,0.9993741,0.0003090148,0.00031691932
bp says to implement baker report safety guidance,positive,2,neutral,False,0.99875426,0.00075231015,0.99875426,0.00049341895
beijing capital buys parent assets for $2 billion,positive,2,neutral,False,0.99882144,0.00046693895,0.99882144,0.00071153865
"six flags loss widens, shares fall",negative,0,negative,True,0.9993944,0.9993944,0.00031720608,0.00028835481
ford u.s. february sales down 13 percent,negative,0,negative,True,0.9992918,0.9992918,0.000284983,0.00042328794
phelps dodge profit soars in probable swan-song,positive,2,positive,True,0.9981206,0.0006267189,0.0012526539,0.9981206
cadbury seeking cost cuts paper,positive,2,neutral,False,0.9971307,0.0022489561,0.9971307,0.00062039524
"former hp chairman dunn, others, to plead guilty",negative,0,neutral,False,0.9988856,0.0004030902,0.9988856,0.00071141403
wal-mart sees slim december same-store sales growth,negative,0,negative,True,0.99936897,0.99936897,0.0003183763,0.00031267188
abbott posts loss on kos purchase,negative,0,negative,True,0.9992804,0.9992804,0.0004171963,0.0003025091
thomson wont comment on rumors of reuters bid,neutral,1,neutral,True,0.9990363,0.00055224897,0.9990363,0.000411426
"federated posts 3rd-quarter loss, hurt by may costs",negative,0,negative,True,0.99934536,0.99934536,0.00035940539,0.00029521732
first nonprescription diet drug wins approval,positive,2,positive,True,0.99727076,0.00043880852,0.0022904535,0.99727076
sony q3 profit down on ps3,negative,0,negative,True,0.99933296,0.99933296,0.00027215068,0.00039494087
no need to fear a recession policy-makers,positive,2,neutral,False,0.9945468,0.0021749875,0.9945468,0.0032783255
trw automotive eyes siemens unit ft,positive,2,neutral,False,0.9991042,0.00048592873,0.9991042,0.00040988077
monster expands newspaper alliances for job ads,positive,2,neutral,False,0.99898916,0.00022544169,0.99898916,0.0007853814
blair to appeal to bush on open skies paper,neutral,1,neutral,True,0.99921656,0.00032636372,0.99921656,0.00045702007
"oil rebounds on iran, gasoline worries",positive,2,positive,True,0.9991202,0.00041634846,0.00046352862,0.9991202
"u.s. sept new home sales, durables rose",positive,2,positive,True,0.9989844,0.00029481,0.0007207343,0.9989844
malaysia tycoon to buy out telco maxis,positive,2,neutral,False,0.99918395,0.00027510713,0.99918395,0.0005409339
"us air posts profit, revenue outlook hits shares",negative,0,negative,True,0.9993387,0.9993387,0.00035712105,0.00030412793
durable goods orders surprise with strength,positive,2,positive,True,0.99915516,0.0004885096,0.00035633935,0.99915516
goodyear to freeze u.s. salaried worker pensions,negative,0,negative,True,0.99879944,0.99879944,0.00095932116,0.00024124805
polo ralph lauren forms group to develop new brands,positive,2,neutral,False,0.9993556,0.00027872325,0.9993556,0.000365586
"morphosys extends pfizer deal, keeps forecasts",positive,2,positive,True,0.9981437,0.00026677517,0.0015895842,0.9981437
connecticut ag expands probe of allstate,negative,0,negative,True,0.998326,0.998326,0.0010004884,0.0006734302
indias essar to buy canadian steelmaker algoma,positive,2,neutral,False,0.9988148,0.00027512276,0.9988148,0.0009099855
novellus 4th-qtr net jumps,positive,2,positive,True,0.9991991,0.0004382147,0.00036275332,0.9991991
"wall street to gain as ma, results boost sentiment",positive,2,positive,True,0.9992569,0.0003681177,0.00037501464,0.9992569
virgin america expects u.s. to deny right to fly,negative,0,neutral,False,0.9961498,0.003342429,0.9961498,0.0005077566
walgreen selling hand gel as cigarette substitute,neutral,1,neutral,True,0.99914396,0.00040787875,0.99914396,0.00044816374
arcelor mittal to take 40 pct stake in noble,positive,2,neutral,False,0.99892575,0.0003221086,0.99892575,0.0007521222
gap names muto as president of gap adult,neutral,1,neutral,True,0.9993333,0.00030589948,0.9993333,0.00036073395
apple options probe spotlights ex-officials paper,negative,0,neutral,False,0.9987923,0.00093287026,0.9987923,0.0002747953
chevron optimistic about venezuelan takeover,positive,2,positive,True,0.99901485,0.00026728574,0.00071783504,0.99901485
sirius pays howard stern $83 mln stock bonus,neutral,1,neutral,True,0.9363343,0.000639875,0.9363343,0.06302577
apn says gets takeover offer from independent news,positive,2,neutral,False,0.99905473,0.00032799752,0.99905473,0.00061732467
eu takes aim at apple over itunes,negative,0,neutral,False,0.9958585,0.0035762938,0.9958585,0.0005652019
nymex ceo eyes cme as more exchange mergers due,positive,2,neutral,False,0.99710494,0.0003522697,0.99710494,0.0025427688
intel to decide on india chip plant once policy ready,neutral,1,neutral,True,0.99923193,0.00032804382,0.99923193,0.00044006784
trade gap sets record again in 2006,negative,0,negative,True,0.99664056,0.99664056,0.0029070352,0.0004524342
lg elec aims to raise 2007 air-con sales 18 pct,positive,2,positive,True,0.9987534,0.00033859903,0.000907941,0.9987534
telecom italia power struggle festers,negative,0,neutral,False,0.74066174,0.25769514,0.74066174,0.001643138
delphi loss widens on buyouts,negative,0,negative,True,0.998665,0.998665,0.00087064697,0.00046440086
oil steady as warmer weather counters refinery woes,neutral,1,positive,False,0.8515137,0.0020028632,0.14648347,0.8515137
stocks set for cautious open ahead of bernanke,neutral,1,neutral,True,0.994842,0.0042008697,0.994842,0.0009572088
lopsided japan gdp a bit of a problem oecds cotis,negative,0,neutral,False,0.62568915,0.3654974,0.62568915,0.008813438
dollar edges higher after recent slump,positive,2,positive,True,0.9990651,0.0005393858,0.00039551736,0.9990651
"expressjet profit slips, shares fall",negative,0,negative,True,0.99941826,0.99941826,0.00027986077,0.00030194613
s.korea group to invest $1.1 billion in nickel,positive,2,neutral,False,0.9952565,0.0009445621,0.9952565,0.0037990238
update 3-costco december same-store sales jump 9 pct,positive,2,positive,True,0.9991285,0.00051752623,0.0003539256,0.9991285
hewlett-packard in unilever outsourcing talks,positive,2,negative,False,0.9748692,0.9748692,0.024189603,0.00094121386
microsoft to start selling vista at retail january 30,positive,2,neutral,False,0.99755186,0.000892749,0.99755186,0.0015554605
factbox-uks sainsbury family foils private equity bid,negative,0,neutral,False,0.9548583,0.044423573,0.9548583,0.0007181872
ciena profit beats expectations,positive,2,positive,True,0.9992285,0.00041048732,0.0003610318,0.9992285
"oil up $1, rebounds from 20-month low",positive,2,positive,True,0.99918336,0.0004655938,0.00035102924,0.99918336
lg.philips aims to make 11 mln modules by 11 poland,positive,2,neutral,False,0.99276865,0.001788447,0.99276865,0.0054429066
united utilities sells vertex,neutral,1,neutral,True,0.9989157,0.0005929178,0.9989157,0.00049144577
unitedhealth cuts 2007 revenue forecast,negative,0,negative,True,0.99938726,0.99938726,0.00028880688,0.00032396638
"toll, beazer say housing slowdown continues",negative,0,negative,True,0.9609827,0.9609827,0.03689875,0.0021186061
lazard quarterly profit disappoints as shares drop,negative,0,negative,True,0.99941325,0.99941325,0.00027974384,0.0003069822
sunglasses maker oakley net income triples,positive,2,positive,True,0.9989196,0.0003230871,0.0007572998,0.9989196
sirius to buy xm in $4.6 billion stock deal,positive,2,neutral,False,0.9847749,0.00046692116,0.9847749,0.014758273
ford shares rise on hope toyota could help on costs,positive,2,positive,True,0.99924517,0.00034757206,0.00040727906,0.99924517
update 2-first data gives 2007 profit view below estimates,negative,0,negative,True,0.99940526,0.99940526,0.00027629038,0.00031851116
"nyse posts profit vs. loss, but shares down",neutral,1,neutral,True,0.99026275,0.0049773403,0.99026275,0.0047597815
housing market slower but no recession coming freddie mac,neutral,1,neutral,True,0.9840238,0.0089161955,0.9840238,0.007059944
"sirius 3rd-quarter loss narrows, reaffirms outlook",positive,2,positive,True,0.9991019,0.00055466255,0.00034348905,0.9991019
pg tests smaller bottles of liquid detergents,neutral,1,neutral,True,0.9991949,0.00035372574,0.9991949,0.00045131854
nikkei slips but myojo jumps as food fight heats up,negative,0,neutral,False,0.97604865,0.00077738566,0.97604865,0.023174012
factbox thomson in talks to buy reuters for $17.6 bln,positive,2,neutral,False,0.99670666,0.00035386928,0.99670666,0.0029394894
"dell earnings beat wall st estimates, shares leap",positive,2,positive,True,0.9991749,0.0004753291,0.0003497261,0.9991749
toyota u.s. sales up 7.7 pct in march,positive,2,positive,True,0.9991406,0.0005111842,0.0003481222,0.9991406
"providence, blackstone chasing alltel source",positive,2,neutral,False,0.9986702,0.0007967398,0.9986702,0.0005330578
feds moskow warns of rising protectionism on trade,negative,0,negative,True,0.9980044,0.9980044,0.0017455614,0.00025012493
"kkr, goldman sachs to acquire harman",positive,2,neutral,False,0.9986506,0.000249533,0.9986506,0.0010998789
belarus top gas negotiator arrives in moscow,neutral,1,neutral,True,0.99930716,0.00029516302,0.99930716,0.0003976036
anheuser-busch enters india with joint venture,positive,2,neutral,False,0.99913883,0.0003332337,0.99913883,0.0005278906
blackstone ipo may be tough for some to swallow,negative,0,neutral,False,0.9983719,0.0009681522,0.9983719,0.0006599612
cbs hires new producer for lagging couric newscast,neutral,1,neutral,True,0.998713,0.00036200226,0.998713,0.0009249424
u.s. picks 24 companies to provide satellite service,positive,2,neutral,False,0.99935716,0.00030585894,0.99935716,0.00033702867
toyota to build new plant in india by 2010 report,positive,2,neutral,False,0.9966271,0.00034059247,0.9966271,0.0030323241
china didnt trigger global stocks rout regulator,neutral,1,negative,False,0.79181546,0.79181546,0.027480826,0.1807037
dollar sinks to record low vs euro,negative,0,negative,True,0.9993156,0.9993156,0.00031904771,0.00036535074
credit suisse names new ceo as profits surge,positive,2,positive,True,0.9990062,0.0002949511,0.0006988711,0.9990062
softbank ceo mum on iphone debut in japan,neutral,1,neutral,True,0.99742377,0.0021837885,0.99742377,0.0003925121
"as fed holds rates, emerging fx keeps gaining",positive,2,positive,True,0.99802715,0.0003352556,0.0016375621,0.99802715
corporate governance report cards prove tricky,neutral,1,neutral,True,0.9989982,0.00067926943,0.9989982,0.00032253098
hyundai motor sales fall,negative,0,negative,True,0.999303,0.999303,0.00037971296,0.00031736738
tatas winning bid hailed as victory for india,positive,2,neutral,False,0.9939334,0.0002204944,0.9939334,0.005846115
split decision by jury on merck vioxx cases,negative,0,neutral,False,0.9989837,0.00055009744,0.9989837,0.00046624962
cingular deal may help nokia talks ceo,positive,2,neutral,False,0.99843234,0.00021241991,0.99843234,0.0013552486
mizuho to sell nikko shares to citi report,neutral,1,negative,False,0.9991241,0.9991241,0.0006323257,0.00024362106
"roche ceo says may raise stakes in genentech,chugai",positive,2,neutral,False,0.99492055,0.00027752892,0.99492055,0.004801853
"citigroup to freeze pension plan, expand 401k",negative,0,neutral,False,0.9869682,0.01165174,0.9869682,0.0013800554
canada gas exports to u.s. could plunge analyst,negative,0,negative,True,0.999426,0.999426,0.00027509007,0.00029894963
mild jobs may lift stocks as 07 starts,positive,2,positive,True,0.9992405,0.00034287001,0.00041662029,0.9992405
cbot delays shareholder vote on cme merger,negative,0,neutral,False,0.9991659,0.00046778002,0.9991659,0.0003663562
hsbc to buy swiss life out of french insurance jv,positive,2,neutral,False,0.99614185,0.0002683193,0.99614185,0.0035897938
"la times, chicago tribune to cut jobs",negative,0,negative,True,0.99876815,0.99876815,0.0009573294,0.0002744393
quanta to buy infrasource for $1.26 bln,positive,2,neutral,False,0.99780136,0.00038615838,0.99780136,0.0018125405
eu to urge china to open economy further,positive,2,neutral,False,0.9956246,0.0013115618,0.9956246,0.0030638133
"nippon steel, jfe set for record profits paper",positive,2,positive,True,0.999097,0.00050745386,0.0003956137,0.999097
cvs ups caremark bid again,positive,2,positive,True,0.99281526,0.00035566182,0.0068290783,0.99281526
yahoo japan profit rises 20 pct,positive,2,positive,True,0.99916947,0.0004991432,0.00033139213,0.99916947
bae raises $1.5 billion to fund armor deal,positive,2,neutral,False,0.999005,0.00047421828,0.999005,0.0005207256
state farm close to settling katrina suits,positive,2,positive,True,0.9263111,0.0011931633,0.072495826,0.9263111
unitedhealth stock could hit 70s in two years report,positive,2,positive,True,0.9992137,0.00036457807,0.00042169928,0.9992137
sirius faces second house hearing on xm deal,negative,0,neutral,False,0.99923897,0.00028446346,0.99923897,0.00047655197
nbc universal unveils international tv growth plan,positive,2,neutral,False,0.9989391,0.00024064984,0.9989391,0.0008201863
jobs data eyed as markets swing into 2007,neutral,1,neutral,True,0.9963243,0.0021477535,0.9963243,0.0015280073
ford u.s. october sales up 8 pct,positive,2,positive,True,0.99909675,0.0005126101,0.00039063205,0.99909675
paulson warns on trade protectionism,negative,0,negative,True,0.6655885,0.6655885,0.33323783,0.0011737158
ciscos router exec mike volpi resigns,negative,0,neutral,False,0.99876714,0.00068384886,0.99876714,0.0005489435
sandisk adds larger screen to challenge ipod,positive,2,neutral,False,0.9973205,0.00082652335,0.9973205,0.0018530488
"earnings, data in spotlight for stocks",neutral,1,neutral,True,0.99902105,0.00024996433,0.99902105,0.0007289537
"pet food recall expands, some dog biscuits pulled",negative,0,negative,True,0.99797195,0.99797195,0.001746394,0.00028156055
staffing stocks mostly higher after jobs report,positive,2,positive,True,0.9992465,0.00039508732,0.00035842415,0.9992465
best buy to enter new overseas markets,positive,2,neutral,False,0.99821764,0.00022379844,0.99821764,0.001558469
piper jaffray disputes report of weak itunes sales,positive,2,negative,False,0.99141073,0.99141073,0.005448317,0.003140873
hp ends advisory relationship with sonsini report,negative,0,neutral,False,0.99901843,0.00029265718,0.99901843,0.00068894605
clear channel bids due in coming days sources,neutral,1,neutral,True,0.9991698,0.0004059451,0.9991698,0.00042424412
security bottlenecks snarl u.s.-canada trade,negative,0,negative,True,0.9807983,0.9807983,0.018408172,0.00079357764
dows latest winning streak packed little punch,negative,0,negative,True,0.6789231,0.6789231,0.3197829,0.0012939819
wal-mart classifies customers nyt,neutral,1,negative,False,0.9808929,0.9808929,0.018444745,0.0006622723
factbox-who said what about world banks wolfowitz,neutral,1,neutral,True,0.99914944,0.00059149927,0.99914944,0.00025901632
wyeth shares could rise more than 20 pct barrons,positive,2,positive,True,0.9992163,0.0004270327,0.00035658153,0.9992163
carmaker psa says likely to cut jobs - report,negative,0,negative,True,0.99923074,0.99923074,0.0004826881,0.0002865828
schering-plough profit jumps far above forecasts,positive,2,positive,True,0.9991364,0.00051526,0.00034840268,0.9991364
apple iphone margins to near 50 pct analyst report,positive,2,positive,True,0.9978829,0.0013215357,0.0007955872,0.9978829
agencies issue subprime guidance sources,neutral,1,neutral,True,0.9992011,0.00048670868,0.9992011,0.00031219184
conrad black trial readies for key witness radler,negative,0,neutral,False,0.9991229,0.0004713016,0.9991229,0.00040574334
citigroup in talks to buy old lane wsj,positive,2,neutral,False,0.9954022,0.00027203813,0.9954022,0.0043257307
viacom asks youtube to purge certain clips source,negative,0,neutral,False,0.5220345,0.4768427,0.5220345,0.0011227673
november layoffs rise by 11 percent survey,negative,0,negative,True,0.9988833,0.9988833,0.00070126855,0.0004154659
"china says u.s., eu need to do more on doha round",negative,0,neutral,False,0.99900216,0.00037915833,0.99900216,0.0006187008
"siemens, nokia joint venture to start on april 1",positive,2,neutral,False,0.9991623,0.00040202984,0.9991623,0.00043572532
jack in the box profit rises,positive,2,positive,True,0.9992022,0.0003872757,0.0004105395,0.9992022
paulson strong dollar clearly in u.s. interest,positive,2,positive,True,0.9978776,0.0008066256,0.0013157851,0.9978776
court dismisses 4 claims against grasso,positive,2,positive,True,0.98658305,0.0013751606,0.012041803,0.98658305
"mesa air, delta air lines in new code share agreement",positive,2,neutral,False,0.9988275,0.00026095475,0.9988275,0.0009115297
"sanyo elec now sees annual loss, unveils job cuts",negative,0,negative,True,0.99934655,0.99934655,0.00034210956,0.00031132356
"wall street set for weaker start, results eyed",negative,0,negative,True,0.9993249,0.9993249,0.00045320825,0.00022191933
far-flung exurbs hard hit by housing downturn,negative,0,negative,True,0.9964557,0.9964557,0.003228093,0.00031607135
games lift vivendi profits,positive,2,positive,True,0.998133,0.00036564472,0.0015014145,0.998133
microsoft to pay up to $180 mln to settle iowa suit,negative,0,positive,False,0.99874794,0.0007339789,0.0005180117,0.99874794
market best for policing hedge funds regulators,neutral,1,neutral,True,0.99930954,0.0003639946,0.99930954,0.00032644204
"alcoa shares climb on restructuring, job cuts",positive,2,positive,True,0.99925226,0.00036869693,0.00037902218,0.99925226
subprime weakness may be behind cdo spurt report,negative,0,negative,True,0.99233174,0.99233174,0.005416947,0.0022512765
user-generated web sites in clicks-to-cash dilemma,neutral,1,neutral,True,0.9962064,0.0033589643,0.9962064,0.00043461513
ti quarterly profit rises,positive,2,positive,True,0.9992255,0.00040076804,0.0003736714,0.9992255
fda oks wide sales of silicone breast implants,positive,2,neutral,False,0.996191,0.0028364954,0.996191,0.0009725404
hancock files for chapter 11 bankruptcy,negative,0,negative,True,0.995845,0.995845,0.0034734067,0.00068156916
aep profit falls on charge from plant sale,negative,0,negative,True,0.9993839,0.9993839,0.00030116903,0.00031489818
new century woes grow,negative,0,negative,True,0.9987379,0.9987379,0.00092564133,0.00033641566
rim moves to prevent another blackberry outage,positive,2,neutral,False,0.9970176,0.002378352,0.9970176,0.0006040574
time warner could spin aol stake this year ubs,positive,2,neutral,False,0.9988532,0.00022218612,0.9988532,0.00092456286
calpine posts narrower quarterly loss,positive,2,positive,True,0.998393,0.0009642465,0.0006427445,0.998393
moskow says fed must be vigilant on inflation,negative,0,neutral,False,0.99728274,0.0020278927,0.99728274,0.00068930426
bmw group vehicle sales rise in february,positive,2,positive,True,0.99910897,0.00030864717,0.0005823381,0.99910897
clear channel sells assets as part of buyout plan,positive,2,neutral,False,0.9990451,0.00034262714,0.9990451,0.0006122306
usda 20 mln birds on farms may have had bad feed,negative,0,neutral,False,0.92106515,0.07779887,0.92106515,0.0011359906
delta valuation rises above us airways bid,positive,2,positive,True,0.99918944,0.00030986447,0.00050071295,0.99918944
home builder stocks rise on strong sales report,positive,2,positive,True,0.99920636,0.0003516753,0.0004419508,0.99920636
timberland may put itself up for sale source,positive,2,neutral,False,0.9988061,0.0007115915,0.9988061,0.00048228286
campbell profit beats views on strong soup sales,positive,2,positive,True,0.99920136,0.0004642277,0.00033438503,0.99920136
lone star says seeking to sell two s.korea firms,neutral,1,neutral,True,0.99921334,0.00047974612,0.99921334,0.0003068193
top five subprime lenders asked to testify dodd,negative,0,neutral,False,0.9992865,0.00042222498,0.9992865,0.00029140283
"bloomberg not looking to buy reuters, dow jones",negative,0,neutral,False,0.9932619,0.0042530876,0.9932619,0.0024849928
swisscom to bid $4.9 bln for italys fastweb,positive,2,neutral,False,0.99875,0.00051057705,0.99875,0.00073942996
liz claiborne posts lower quarterly profit,negative,0,negative,True,0.99934286,0.99934286,0.00031061302,0.00034650325
viacom lands video deal with joost,positive,2,neutral,False,0.9978144,0.00025286083,0.9978144,0.0019327028
"xm satellite posts smaller loss, stock rises",positive,2,positive,True,0.9990971,0.00035535355,0.0005475286,0.9990971
ibm develops technology to check drug authenticity,positive,2,neutral,False,0.99925107,0.00032507066,0.99925107,0.00042378006
correcting your money mistakes,neutral,1,neutral,True,0.9992755,0.00034508793,0.9992755,0.00037944876
"sony says to recall 250,000 batteries for own pcs",negative,0,negative,True,0.9988386,0.9988386,0.0007738846,0.00038757917
dow ends up in best streak in 4 years alcoa gains,positive,2,positive,True,0.9990865,0.0005860625,0.00032739382,0.9990865
"motorola quarterly profit falls, margins disappoint",negative,0,negative,True,0.9993605,0.9993605,0.0002960067,0.00034342223
former banker relates wall st high jinks,neutral,1,neutral,True,0.99809545,0.0009367377,0.99809545,0.0009677909
apples jobs questioned by u.s. authorities reports,negative,0,neutral,False,0.92730606,0.07137103,0.92730606,0.0013228337
american express earnings up 21 pct,positive,2,positive,True,0.9991906,0.00048315787,0.0003262236,0.9991906
best buy says testing cell phone only stores,neutral,1,neutral,True,0.99916315,0.00036879894,0.99916315,0.0004681491
"applebees exploring options, including sale",positive,2,neutral,False,0.99887055,0.00066172716,0.99887055,0.00046776465
frances jcdecaux eyes clear channel outdoor,positive,2,neutral,False,0.9906715,0.0004722097,0.9906715,0.0088563105
astrazeneca near deal to buy medimmune report,positive,2,neutral,False,0.9975936,0.00021887603,0.9975936,0.0021875645
novell posts a profit but outlook disappoints,negative,0,neutral,False,0.9916072,0.0057113436,0.9916072,0.0026814581
defense in black trial slams witness on payments,negative,0,neutral,False,0.99864584,0.0009789618,0.99864584,0.0003752069
merck profit rises as new drugs fill void,positive,2,positive,True,0.9991737,0.000496661,0.0003296215,0.9991737
american airlines ramps up competition in new york,positive,2,neutral,False,0.9981651,0.00065703114,0.9981651,0.001177883
us stocks-dow at record as exxon rises oracle hits tech,positive,2,positive,True,0.9992362,0.00038535427,0.00037843807,0.9992362
ups shares fall on 07 outlook,negative,0,negative,True,0.99942243,0.99942243,0.00030004422,0.0002775776
wal-mart adds 11 more states to $4 generics plan,positive,2,neutral,False,0.9958704,0.00025337748,0.9958704,0.0038762318
stocks set to open down heading into holiday,negative,0,negative,True,0.99696916,0.99696916,0.0027537425,0.00027711524
inflation main risk facing economy feds lacker,negative,0,negative,True,0.9942737,0.9942737,0.005229016,0.00049719657
u.s. investor heyman reveals 8.8 pct lse stake,positive,2,neutral,False,0.9988172,0.00058853376,0.9988172,0.0005942104
sainsbury family sinks $20 billion bid hopes,negative,0,negative,True,0.82822186,0.82822186,0.17092276,0.00085543416
toll profit down but says worst may be over,neutral,1,negative,False,0.9988985,0.9988985,0.0007118253,0.0003896011
china says poses no threat to global energy security,positive,2,neutral,False,0.7315622,0.0039045603,0.7315622,0.26453328
high-end wireless vulnerable to apple iphone,negative,0,negative,True,0.80479556,0.80479556,0.19335406,0.00185041
"update 3-disney cfo sees improvements in studios, parks",positive,2,positive,True,0.52070594,0.0008345281,0.47845954,0.52070594
clear channel delays vote on $19 bln buyout deal,negative,0,neutral,False,0.9988362,0.00034458516,0.9988362,0.00081918266
anheuser-busch to expand china production,positive,2,positive,True,0.8684589,0.00083841477,0.1307027,0.8684589
new products could boost adobe shares barrons,positive,2,positive,True,0.9976962,0.00021962811,0.0020840915,0.9976962
fortress to buy railamerica for $640 million,positive,2,neutral,False,0.9988312,0.00031379046,0.9988312,0.00085502944
"honda to recall 166,000 accord, other cars in u.s",negative,0,negative,True,0.99894446,0.99894446,0.00070130744,0.00035422304
boeing plane orders surge in february,positive,2,positive,True,0.99909747,0.00045956875,0.00044293512,0.99909747
star cruises to withdraw from singapore casino,negative,0,neutral,False,0.99915993,0.0004919397,0.99915993,0.00034815748
"american, southwest post profits as airfares rise",positive,2,positive,True,0.9991935,0.0004360865,0.0003704807,0.9991935
michelin wins 10-year $1.7 billion us military contract,positive,2,positive,True,0.9952615,0.000569261,0.004169244,0.9952615
wrigley to raise prices by an average 10 percent,positive,2,negative,False,0.93703383,0.93703383,0.05105233,0.011913837
delta bondholders form group to support us air bid,positive,2,neutral,False,0.9990313,0.00045044447,0.9990313,0.0005182503
univar says brenntag has rival bid for chemcentral,positive,2,neutral,False,0.9992887,0.00029800207,0.9992887,0.00041323053
corporate crisis go on the attack,neutral,1,negative,False,0.9968976,0.9968976,0.0028139602,0.00028840711
"microsoft, novell reach agreement on linux source",positive,2,neutral,False,0.9041049,0.0011910392,0.9041049,0.09470403
chubb to pay $17 mln in commission settlement,negative,0,positive,False,0.99863654,0.00068769953,0.00067576306,0.99863654
ba considers 1 bln stg bid for rival bmi paper,positive,2,neutral,False,0.998922,0.0005650352,0.998922,0.00051301724
biovail stock up on dividend hike,positive,2,positive,True,0.99924856,0.0003949386,0.00035646858,0.99924856
costly fuel cools americans love for cars,negative,0,neutral,False,0.99740297,0.00072461984,0.99740297,0.0018724209
ppr pounces on puma with takeover bid,positive,2,neutral,False,0.99684215,0.00034689467,0.99684215,0.0028109902
"belarus resumes russian oil flow, ending 3-day halt",positive,2,positive,True,0.99766016,0.0008557321,0.0014840846,0.99766016
"visa, morgan stanley settle antitrust dispute ft",positive,2,positive,True,0.9987024,0.00045005232,0.00084750034,0.9987024
g7 drive to boost imf econ policy role loses speed,negative,0,negative,True,0.925215,0.925215,0.07417854,0.00060648756
wal-mart adds 12 states to $4 generic drug plan,positive,2,positive,True,0.7896887,0.00079648395,0.2095148,0.7896887
regulators probe unusual dow jones trading,negative,0,negative,True,0.99920446,0.99920446,0.00041409157,0.00038147462
news corp set to launch myspace.com china venture,positive,2,neutral,False,0.9992976,0.00032972745,0.9992976,0.0003726146
dont look for quick results from china trip paulson,neutral,1,neutral,True,0.9991572,0.00037962716,0.9991572,0.00046322626
probe of valero refinery fire begins in texas,negative,0,neutral,False,0.9815122,0.016372638,0.9815122,0.0021151013
"u.s. industry struggles, jobless lines lengthen",negative,0,negative,True,0.9992576,0.9992576,0.00044125586,0.00030117205
northwest air quarterly net loss narrows,positive,2,positive,True,0.9981007,0.0013500006,0.0005493004,0.9981007
australias macquarie raises offer for alinta,positive,2,neutral,False,0.9989648,0.000249259,0.9989648,0.0007859136
levi strauss quarterly net profit doubles,positive,2,positive,True,0.99920183,0.00041115863,0.0003870797,0.99920183
teva gets fda nod for generic version of dostinex,positive,2,positive,True,0.99767154,0.00038550879,0.0019428879,0.99767154
"countrywide ceo gets $43 mln pay, $79 mln gain",neutral,1,neutral,True,0.84713423,0.0015033064,0.84713423,0.15136251
airline partners says will not raise qantas offer,negative,0,neutral,False,0.99890125,0.0008213716,0.99890125,0.00027729187
bridgestone to buy bandag,positive,2,positive,True,0.5116586,0.0010707328,0.48727065,0.5116586
"alcoa deal talk, oils rebound drive stocks rally",positive,2,positive,True,0.9992532,0.00034695675,0.0003997781,0.9992532
emi set to reject permira offer,negative,0,neutral,False,0.99840647,0.0011111059,0.99840647,0.00048242658
indexes rise on mergers,positive,2,positive,True,0.9991647,0.00030900308,0.00052627595,0.9991647
vornado team makes $21.6 bln bid for equity office,positive,2,neutral,False,0.99916863,0.00041257602,0.99916863,0.0004188462
justice dept. probing past kb home options,negative,0,neutral,False,0.99875724,0.0009406317,0.99875724,0.00030216193
harman to be bought for about $8 billion,positive,2,neutral,False,0.9967679,0.00054546923,0.9967679,0.0026865636
office depot posts higher profit,positive,2,positive,True,0.9991861,0.00037799313,0.0004359049,0.9991861
whirlpool to sell hoover to techtronic,neutral,1,neutral,True,0.99884486,0.0004527595,0.99884486,0.0007024585
fortune brands names chief operating officer,neutral,1,neutral,True,0.9993562,0.00028522595,0.9993562,0.0003585324
jones apparel forecasts q4 net loss of $2.48/shr,negative,0,negative,True,0.9992286,0.9992286,0.00036885365,0.00040247256
factbox-u.s. auto sales fall in march,negative,0,negative,True,0.99936754,0.99936754,0.0003394369,0.0002931086
alumina says no information on alcoa bid rumours,neutral,1,neutral,True,0.9991536,0.00042108662,0.9991536,0.0004253761
eu backs u.s. air pact with 5-month delay,neutral,1,neutral,True,0.9979646,0.0009582538,0.9979646,0.0010771061
unitedhealth posts $1.2 billion quarterly profit,positive,2,positive,True,0.9991442,0.00044515904,0.00041067545,0.9991442
roche sees lower 2007 pandemic tamiflu sales,negative,0,negative,True,0.99935275,0.99935275,0.0003183262,0.00032892058
update 4-hilton sees profit up 16-22 pct per year through 09,positive,2,positive,True,0.9992113,0.00041738158,0.00037124293,0.9992113
kerkorian offers $4.5 bln to buy chrysler,positive,2,neutral,False,0.997617,0.0003282591,0.997617,0.0020548366
nissan q2 operating profit dips,negative,0,negative,True,0.99926764,0.99926764,0.0002780947,0.00045423178
coke reorganizes n america beverages into 3 units,neutral,1,neutral,True,0.9983284,0.0007801776,0.9983284,0.0008914319
merck to pay $2.9 billion to settle u.s. tax claims,negative,0,positive,False,0.9984522,0.00075071893,0.0007970614,0.9984522
two bids submitted for clear channel sources,positive,2,neutral,False,0.99924505,0.00032874465,0.99924505,0.0004262337
blockbuster reports wider loss,negative,0,negative,True,0.99928266,0.99928266,0.00039900307,0.0003184223
factory orders fell 4.7 percent,negative,0,negative,True,0.99933845,0.99933845,0.00029610915,0.00036535595
allion healthcare says to restate certain 2005 results,negative,0,negative,True,0.79430544,0.79430544,0.20395583,0.0017387503
"goodyear, union negotiators to meet tuesday",neutral,1,neutral,True,0.9992705,0.00038855706,0.9992705,0.00034087792
big airlines get boost from jet fuel drop,positive,2,positive,True,0.9980331,0.00030220184,0.0016647007,0.9980331
producer prices fell 0.6 percent in january,positive,2,negative,False,0.999355,0.999355,0.00027260475,0.0003724555
tokyo bourse to tie up with lse report,positive,2,neutral,False,0.999057,0.00055762735,0.999057,0.00038535573
"corrected murdochs dow deal may up asia clout, but not china",positive,2,neutral,False,0.999137,0.00043548245,0.999137,0.00042762005
australias coles sale plan not impacting revamp,neutral,1,neutral,True,0.99893814,0.00040845753,0.99893814,0.0006534389
govt drops 5 ex-nyse specialist cases,positive,2,neutral,False,0.8619751,0.001503243,0.8619751,0.13652174
sca says to buy pg european tissue unit,positive,2,neutral,False,0.9978557,0.00021493045,0.9978557,0.0019293659
first conviction in hp board leak scandal case,negative,0,neutral,False,0.8864574,0.109825365,0.8864574,0.0037173065
nokia reorganizes north american operations,neutral,1,neutral,True,0.9985202,0.0009125624,0.9985202,0.00056729524
celanese first quarter earnings rise 72 pct,positive,2,positive,True,0.9991721,0.0004725269,0.00035540413,0.9991721
cellcom ipo underwriters reject option to buy shares,negative,0,neutral,False,0.9953497,0.004243677,0.9953497,0.0004066295
lilly encouraged off-label zyprexa use paper,negative,0,neutral,False,0.99854195,0.00065808167,0.99854195,0.0008000163
pfizer shares plunge after cholesterol drug fails,negative,0,negative,True,0.9994079,0.9994079,0.00028178157,0.000310375
malaysian fly asian in $2.75 bln airbus deal report,positive,2,neutral,False,0.99885607,0.0002693896,0.99885607,0.0008745683
factbox-major auto parts deals this year,neutral,1,neutral,True,0.99936193,0.00021847374,0.99936193,0.00041956917
reckson asks icahn group to provide data on bid,neutral,1,neutral,True,0.9993611,0.0003818526,0.9993611,0.0002571009
"conocophillips raises share buyback plan, dividend",positive,2,positive,True,0.9990387,0.0003520016,0.0006093175,0.9990387
"netflix launches 1,000-title online movie feature",positive,2,neutral,False,0.9987502,0.0003320172,0.9987502,0.0009177304
readers digest accepts $1.6 billion takeover bid,positive,2,neutral,False,0.99850464,0.00032952768,0.99850464,0.0011659631
fda panel urges limits on sanofi antibiotic,negative,0,negative,True,0.978251,0.978251,0.02110554,0.000643535
u.s. defense stocks take hit after election results,negative,0,negative,True,0.9994135,0.9994135,0.0003420258,0.0002444537
u.s. airlines raise fares to offset high fuel cost,positive,2,neutral,False,0.925409,0.0015929368,0.925409,0.07299796
bojs haru says yen weakness positive for economy,positive,2,positive,True,0.9988887,0.0005144341,0.00059692253,0.9988887
delphi delays filing quarterly report,negative,0,neutral,False,0.99832934,0.0013889909,0.99832934,0.00028174493
bae in final talks to buy armor holdings paper,positive,2,neutral,False,0.99928194,0.00030242364,0.99928194,0.00041565567
wal-mart stake of helen walton goes to charity,neutral,1,neutral,True,0.9991715,0.00033865287,0.9991715,0.00048985693
mgm mirage in talks to build hotels in china,positive,2,neutral,False,0.99893254,0.00030974284,0.99893254,0.0007577622
starbucks first quarter profit up 18 percent,positive,2,positive,True,0.9991867,0.00047763635,0.00033571557,0.9991867
"nissan profit down on weak u.s. sales, cuts forecast",negative,0,negative,True,0.9993735,0.9993735,0.0002877036,0.0003388257
disney studios ends year with $3.26 billion box office,positive,2,positive,True,0.69856143,0.009391084,0.2920475,0.69856143
oil rises on cold u.s. weather forecasts,positive,2,positive,True,0.99916553,0.00039291155,0.00044155284,0.99916553
nyse/nasd regulation merger challenged by broker,negative,0,negative,True,0.9981875,0.9981875,0.0015429584,0.00026953427
charles schwab earnings could hit $1 billion,positive,2,positive,True,0.99903846,0.0005087523,0.00045287423,0.99903846
s.korea issues warrant to detain two lone star execs,negative,0,neutral,False,0.9957617,0.003349329,0.9957617,0.00088900013
chrysler to target $1000 per vehicle cost cuts,positive,2,neutral,False,0.96965384,0.014664139,0.96965384,0.015682062
apple rolls out much-anticipated iphone,positive,2,neutral,False,0.9983975,0.00043492042,0.9983975,0.0011675126
"ge should spin off nbc, other units citigroup",positive,2,neutral,False,0.9986947,0.00045967643,0.9986947,0.0008455809
update 3-intuit to buy digital insight for $1.35 billion,positive,2,neutral,False,0.99836713,0.00034725212,0.99836713,0.0012856525
goldman seeks more middle-market deals,positive,2,neutral,False,0.9989207,0.0006497965,0.9989207,0.00042949742
deals push dow to its fifth record in a row,positive,2,positive,True,0.9989428,0.0004608671,0.0005963924,0.9989428
no need for u.s. or japan rate rises for now oecd,positive,2,neutral,False,0.99735814,0.00136384,0.99735814,0.0012779497
kodak launches printer to compete with hp,positive,2,neutral,False,0.99905604,0.0004684451,0.99905604,0.00047553348
factbox-projects backed by russias investment fund,neutral,1,neutral,True,0.9992447,0.0003686398,0.9992447,0.00038661738
hp sues acer for patent breach,negative,0,negative,True,0.9989685,0.9989685,0.000441144,0.0005904859
"abn gets new lasalle bid for $24.5 bln, to hold vote",positive,2,neutral,False,0.9988807,0.00033817117,0.9988807,0.0007810955
warner music shares up after analyst note,positive,2,positive,True,0.9992299,0.0003876471,0.00038249634,0.9992299
"hyundai steel in talks with thyssenkrupp, jfe",positive,2,neutral,False,0.99785453,0.00046416404,0.99785453,0.0016812502
lse shares signal nasdaq bid may fail analysts,negative,0,negative,True,0.99934655,0.99934655,0.00041616333,0.00023726045
citigroup to buy pandits old lane hedge fund,positive,2,neutral,False,0.99195427,0.0003127832,0.99195427,0.007732928
sony looks for profits elsewhere to offset ps3,positive,2,neutral,False,0.9927833,0.0058858786,0.9927833,0.0013308157
indexes fall as investors sell aprils stars,negative,0,negative,True,0.9993845,0.9993845,0.00027810255,0.00033744427
blackstone raising $10 billion as property funds go big,positive,2,neutral,False,0.998089,0.000581285,0.998089,0.0013296485
cvc seeks friendly boehler-uddeholm takeover,positive,2,neutral,False,0.99919456,0.00043652797,0.99919456,0.00036891567
wal-mart ceo says cautious as fuel prices rise,negative,0,neutral,False,0.9917372,0.007548531,0.9917372,0.0007143333
ge to close 273 japan consumer credit locations,negative,0,neutral,False,0.92044055,0.078864016,0.92044055,0.0006954329
gm gives out stock bonuses for first time since 2003,positive,2,positive,True,0.9128407,0.0005683288,0.08659093,0.9128407
anheuser-busch profit misses view,negative,0,negative,True,0.99939096,0.99939096,0.00031451383,0.00029448565
"sun microsystems revenue misses, shares fall",negative,0,negative,True,0.9994143,0.9994143,0.00029033358,0.0002953977
matsushita to mass-produce heatproof batteries,positive,2,neutral,False,0.9980246,0.0006338462,0.9980246,0.0013415838
delta air lines wont seek white knight,negative,0,neutral,False,0.9987459,0.00078737,0.9987459,0.0004667118
uaw to begin gm contract talks in july,neutral,1,neutral,True,0.99904627,0.00034265776,0.99904627,0.0006111306
subprime lenders made record exceptions analysts,negative,0,neutral,False,0.94556814,0.0018788814,0.94556814,0.05255306
inflation pressures fell in february ecri,positive,2,positive,True,0.9970458,0.0019461196,0.0010080595,0.9970458
wal-mart could announce new ad agency report,neutral,1,neutral,True,0.9992086,0.0003197952,0.9992086,0.0004715763
"ntl drops itv bid, takes bskyb to regulators",negative,0,negative,True,0.7489989,0.7489989,0.25011113,0.0008899609
"update 4-cigna earnings rise, shares up after 07 forecast",positive,2,positive,True,0.99918884,0.00046142307,0.00034976532,0.99918884
"oil steadies, yen rises on boj remarks",neutral,1,positive,False,0.7998762,0.0034785036,0.19664532,0.7998762
ex-black manager tells trial fees were legal,positive,2,neutral,False,0.99902093,0.00044965392,0.99902093,0.0005294061
universal electronics has growing niche barrons,positive,2,neutral,False,0.99865985,0.00030275548,0.99865985,0.0010374109
txu says it does not expect superior takeover bid,negative,0,neutral,False,0.9990338,0.00040571974,0.9990338,0.0005604662
stocks mark worst drop in months,negative,0,negative,True,0.9993407,0.9993407,0.0002553023,0.00040400043
american apparel close to being bought wsj,positive,2,neutral,False,0.9975731,0.0002527175,0.9975731,0.0021742552
"u.s. firms may take stake in reliance comm unit, newspaper says",positive,2,neutral,False,0.9990662,0.0003427113,0.9990662,0.00059111277
"cooper tire breezes past estimates, shares jump",positive,2,positive,True,0.9992162,0.00043699835,0.00034678547,0.9992162
caterpillar profit tops estimates,positive,2,positive,True,0.9991961,0.00046543195,0.00033841087,0.9991961
vw works council head wants piech to stay on board,neutral,1,neutral,True,0.9991461,0.0004851089,0.9991461,0.0003687441
reuters shares rise on consolidation talk traders,positive,2,positive,True,0.99924767,0.00039316577,0.00035923743,0.99924767
home depot discloses errors tied to stock options,negative,0,neutral,False,0.616365,0.38268995,0.616365,0.00094502803
paulson strong dollar in u.s. interest,positive,2,positive,True,0.9850981,0.0035393846,0.011362433,0.9850981
japan banks to give credit in citis nikko bid-paper,positive,2,neutral,False,0.9989292,0.00035068035,0.9989292,0.0007201013
fcc chair open to expanded airwave auction plan,neutral,1,neutral,True,0.99865204,0.00029756714,0.99865204,0.0010503654
"best buy to open 130 stores in u.s., china, canada",positive,2,neutral,False,0.9981001,0.00020037309,0.9981001,0.0016996016
stocks drop as more home loans go bad micron warns,negative,0,negative,True,0.99942076,0.99942076,0.0002930432,0.0002861765
home depot to buy big stake in chinas homeway,positive,2,neutral,False,0.99691224,0.00027234224,0.99691224,0.0028153905
rim forecasts growth sec upgrades options probe,neutral,1,positive,False,0.99915624,0.0004223725,0.00042134657,0.99915624
infineon confident as phone-chip unit narrows loss,positive,2,positive,True,0.99918574,0.00045111103,0.00036315832,0.99918574
goodyear union votes on new contract,neutral,1,neutral,True,0.9987859,0.0006136648,0.9987859,0.000600411
ford plans to secure $18 bln in financing,positive,2,neutral,False,0.9969944,0.0014689987,0.9969944,0.0015365875
"cnh global profit tops street view, shares surge",positive,2,positive,True,0.9991478,0.0005105557,0.00034160342,0.9991478
shell drops gulf lng port,negative,0,negative,True,0.6845575,0.6845575,0.31426096,0.0011815797
kronos to be taken private in $1.8 billion deal,positive,2,neutral,False,0.9985593,0.0006420269,0.9985593,0.00079876505
"bmo to cut 1,000 jobs",negative,0,negative,True,0.9989506,0.9989506,0.00060874806,0.00044064838
shareholder challenges buffetts petrochina stake,negative,0,negative,True,0.99838614,0.99838614,0.0013695334,0.00024437223
blackstone among suitors for gms allison sources,positive,2,neutral,False,0.9991898,0.0004101016,0.9991898,0.0004001083
"ual turns profit, but fuel concerns hit stock",negative,0,neutral,False,0.62150425,0.19956242,0.62150425,0.17893335
merck says fda rejects arcoxia drug,negative,0,negative,True,0.9908172,0.9908172,0.008536435,0.00064640446
fcc chief seeks to end att-bellsouth stalemate,positive,2,neutral,False,0.9992335,0.0004009628,0.9992335,0.0003655429
wal-mart clarifies healthcare figures,neutral,1,neutral,True,0.9993368,0.00037880236,0.9993368,0.0002843814
gm blasts proposed change in u.s. fuel economy rules,negative,0,neutral,False,0.9989956,0.0004822228,0.9989956,0.0005221835
coventry health quarterly profit rises,positive,2,positive,True,0.9992355,0.00039980453,0.00036473974,0.9992355
"buffett likes railroads, outlook not sensational",neutral,1,positive,False,0.72485745,0.003172765,0.27196977,0.72485745
tech data posts higher quarterly net profit,positive,2,positive,True,0.999153,0.000500743,0.0003462056,0.999153
china sets up task force on illegal share activity,negative,0,neutral,False,0.99531955,0.0037108122,0.99531955,0.0009696124
"inbev, anheuser-busch shares rise on merger report",positive,2,positive,True,0.9992816,0.0003382722,0.00038014035,0.9992816
novelis in sale talks india group said interested,positive,2,neutral,False,0.99917537,0.000333189,0.99917537,0.00049147
us airways sees slight profit for first quarter,positive,2,positive,True,0.99641174,0.0006340368,0.0029542868,0.99641174
inflation expectations key to policy fed,neutral,1,neutral,True,0.9988864,0.00061110937,0.9988864,0.0005024918
daimlerchrysler hires ex-fbi head freeh amid probe,negative,0,neutral,False,0.9988411,0.00068904716,0.9988411,0.00046979947
dow jones seeks to buy but says valuations too high,neutral,1,neutral,True,0.9928894,0.0027657577,0.9928894,0.004344775
home loan demand rises despite higher rates,positive,2,positive,True,0.9213507,0.0018523815,0.07679695,0.9213507
world economy switches engines as us shudders oecd,neutral,1,neutral,True,0.9490403,0.049622472,0.9490403,0.0013372428
sallie deal sets precedent for financial firm lbos,positive,2,neutral,False,0.9989819,0.00028635,0.9989819,0.00073166675
u.s. prosecutors reviewing rim options grants,negative,0,neutral,False,0.99867934,0.0008973425,0.99867934,0.00042339417
"express scripts profit jumps, raises 2007 view",positive,2,positive,True,0.9991817,0.0005061344,0.00031213128,0.9991817
s.koreas posco jumps on news of buffett stake buy,positive,2,positive,True,0.9991974,0.00032234465,0.0004802628,0.9991974
holiday sales seen modestly higher survey,positive,2,positive,True,0.99914086,0.00047124352,0.00038787953,0.99914086
tyson foods to resume beef exports to s.korea,positive,2,positive,True,0.99253285,0.0010378434,0.006429306,0.99253285
dow and nasdaq inch up with techs,positive,2,positive,True,0.9992399,0.00036999336,0.00039008708,0.9992399
u.s. judge rules barclays back in enron lawsuit,negative,0,neutral,False,0.9519962,0.009390812,0.9519962,0.038612973
anheuser-busch 4th-qtr profit up,positive,2,positive,True,0.999223,0.00042562842,0.0003513531,0.999223
"wal-mart reorganizes merchandising, marketing",neutral,1,neutral,True,0.9971227,0.0020256992,0.9971227,0.00085150625
motorola tried to work with icahn on board member,neutral,1,neutral,True,0.99929714,0.0003565974,0.99929714,0.00034630587
wal-mart fights back over firings report,negative,0,neutral,False,0.99629444,0.002718409,0.99629444,0.0009872434
asia markets to feel bite of u.s. subprime woes,negative,0,negative,True,0.9976113,0.9976113,0.0020912422,0.00029747287
j.c. penney profit better than expected,positive,2,positive,True,0.9991623,0.0005009296,0.00033674212,0.9991623
loews quarterly profit up nearly six-fold,positive,2,positive,True,0.9991542,0.00050316,0.00034261146,0.9991542
economy stronger than first thought in third quarter,positive,2,positive,True,0.99915254,0.00048693034,0.00036053368,0.99915254
audi sees record revenue and earnings in 2006,positive,2,positive,True,0.9992254,0.00035788133,0.00041674584,0.9992254
"lawmakers question us air, delta on merger impact",negative,0,neutral,False,0.99835473,0.0013989824,0.99835473,0.00024619707
correctedamd sees q4 rev below analysts estimates,negative,0,negative,True,0.9993249,0.9993249,0.00025685143,0.0004183067
cvc drops plan to bid for uks sainsbury,negative,0,neutral,False,0.9988732,0.0007434939,0.9988732,0.00038335842
pier 1 december same-store sales down 10.7 percent,negative,0,negative,True,0.99932873,0.99932873,0.00029313247,0.0003781417
oxy slows plan to build lng terminal in texas,negative,0,neutral,False,0.9985624,0.0006635025,0.9985624,0.00077415217
tyco quarterly profit down on charges,negative,0,negative,True,0.9993674,0.9993674,0.0002897753,0.00034285715
u.s. oks first anti-subsidy probe vs china since 91,negative,0,negative,True,0.99873394,0.99873394,0.0006204353,0.0006456467
update 4-russian oil supplies to poland and germany halted,negative,0,neutral,False,0.80918217,0.18322417,0.80918217,0.007593686
update 2-slims america movil swallows its holding company,positive,2,neutral,False,0.9950293,0.0045734714,0.9950293,0.00039724263
"lg.philips says investigated by s.korea, japan, u.s.",negative,0,neutral,False,0.99830556,0.0012525455,0.99830556,0.00044183762
"corrected harley-davidson profit, sales hit by strike",negative,0,negative,True,0.9991229,0.9991229,0.00053316995,0.00034393242
pw eagle to be bought by j-m manufacturing,positive,2,neutral,False,0.99913293,0.00030598926,0.99913293,0.0005611278
longs drug stores december same-store us sales up 1 pct,positive,2,positive,True,0.9990446,0.0005879112,0.000367424,0.9990446
dow down as oil nears $61,negative,0,negative,True,0.9993794,0.9993794,0.00028876247,0.00033176757
gm says subprime maelstrom caused shortfall,negative,0,negative,True,0.9973672,0.9973672,0.002049602,0.0005831586
ping an shares jump 51 percent,positive,2,positive,True,0.9991447,0.0004869003,0.00036841354,0.9991447
"adidas says 2006 sales jump on world cup, reebok",positive,2,positive,True,0.9989342,0.00046617712,0.00059958774,0.9989342
morgan stanley to spin off discover,positive,2,neutral,False,0.9992254,0.00028766147,0.9992254,0.00048695982
rio tinto h2 profit up on high prices,positive,2,positive,True,0.9992093,0.00046670483,0.00032392197,0.9992093
update 3-berkshire hathaway profit nearly quintuples,positive,2,positive,True,0.99900323,0.0003972746,0.0005995276,0.99900323
unitedhealth to buy sierra health for $2.4 bln,positive,2,neutral,False,0.99777955,0.00037920027,0.99777955,0.0018412875
"dow, sp fall on inflation worries, hp results",negative,0,negative,True,0.99942243,0.99942243,0.0002758352,0.00030178815
medtronic says to appeal patent ruling,negative,0,neutral,False,0.974342,0.0037495366,0.974342,0.021908484
j.c. penney fires chief operating officer,negative,0,neutral,False,0.96990335,0.029355004,0.96990335,0.00074156385
alberto-culver to name kraft exec as cfo,neutral,1,neutral,True,0.9993839,0.00027070226,0.9993839,0.0003454109
paulson defends yen value despite european worries,neutral,1,neutral,True,0.97805846,0.014218003,0.97805846,0.007723506
matsushita may reinvest in jvc after sale paper,neutral,1,neutral,True,0.9873833,0.00030938184,0.9873833,0.012307381
"dell hires new managers, restructures product group",neutral,1,neutral,True,0.99760497,0.0010492781,0.99760497,0.0013457832
"txu agrees to kkr, texas pacific buyout report",positive,2,neutral,False,0.66054267,0.0011378869,0.66054267,0.33831945
venezuelas oil nationalization could crimp output iea,negative,0,negative,True,0.9991854,0.9991854,0.00053476385,0.00027978464
daimlerchrysler warns of n. american layoffs,negative,0,negative,True,0.999131,0.999131,0.00057339185,0.00029565688
"global markets-rates outlook saps dollar, yen stocks ease",negative,0,negative,True,0.9991147,0.9991147,0.0006316014,0.00025373278
abn lifts standstill for rbs group due diligence,positive,2,neutral,False,0.9955851,0.000416433,0.9955851,0.003998466
sony to sell worlds lightest notebook pc in dec,positive,2,neutral,False,0.9990331,0.0002498186,0.9990331,0.0007170278
dissident shareholders win control at take-two,positive,2,neutral,False,0.9989812,0.00044231486,0.9989812,0.0005765364
update 4-shell ceo in moscow in search of gazprom deal,positive,2,neutral,False,0.99922657,0.00048035744,0.99922657,0.00029298596
celgene says barr seeking generic of thalidomide,negative,0,neutral,False,0.998486,0.00046199333,0.998486,0.0010520793
suits join greens to ride renewables wave,positive,2,neutral,False,0.9936766,0.0003451057,0.9936766,0.005978303
"doubleclick eyes sale, talks with microsoft report",positive,2,neutral,False,0.99903524,0.00040857168,0.99903524,0.00055612286
"citigroup to slash 17,000 jobs, cut $4.6 bln costs",negative,0,negative,True,0.99884254,0.99884254,0.00072737667,0.0004300897
e.w. scripps shines among floundering group-barrons,positive,2,neutral,False,0.9929651,0.00038454353,0.9929651,0.006650247
lone star to sell stake in tokyo star sources,neutral,1,neutral,True,0.99925154,0.0003317438,0.99925154,0.00041666802
late support revives qantas bid buyout group,positive,2,neutral,False,0.91413087,0.0007645679,0.91413087,0.085104585
palm sees overseas growth,positive,2,positive,True,0.99913293,0.00037871103,0.0004884204,0.99913293
"nyse, others buy 20 pct stake in indias nse bourse",positive,2,neutral,False,0.99554414,0.000686649,0.99554414,0.0037692685
qualcomm posts higher q1 profit,positive,2,positive,True,0.999151,0.00050180155,0.0003472172,0.999151
huntington to buy sky financial for $3.6 bln,positive,2,neutral,False,0.99840146,0.00039665462,0.99840146,0.0012018731
feds stern lauds benefits of inflation targets,neutral,1,neutral,True,0.9965274,0.0024586306,0.9965274,0.0010140681
weight watchers shares fall on disappointing outlook,negative,0,negative,True,0.99944824,0.99944824,0.0002790036,0.00027270324
business says carbon trading market must be global,neutral,1,neutral,True,0.99911124,0.00048093888,0.99911124,0.00040781326
ex-minerva ceo in joint venture with goldman sachs fund report,positive,2,neutral,False,0.9993457,0.00034071118,0.9993457,0.00031354607
wall street hurt by mortgage worries,negative,0,negative,True,0.9976674,0.9976674,0.0020776333,0.00025502677
handheld entertainment buys yourdailymedia.com,positive,2,neutral,False,0.9993493,0.00026009945,0.9993493,0.00039066668
"mcdonalds quarterly net rises, expanding in asia",positive,2,positive,True,0.9992156,0.00044498756,0.00033941213,0.9992156
blackstone to sell some properties to macklowe - source,neutral,1,neutral,True,0.99918705,0.00042301457,0.99918705,0.00038998146
micron sees falling margins for some memory chips,negative,0,negative,True,0.9993697,0.9993697,0.00031049666,0.0003198309
"nintendo 06/07 sales, profit beat forecasts on ds",positive,2,positive,True,0.99918777,0.00047185548,0.00034035227,0.99918777
shell to pay $353 million in overbooking settlement,negative,0,positive,False,0.998374,0.00088131696,0.0007446448,0.998374
motorola to use 3g chips from texas instruments,positive,2,neutral,False,0.99901617,0.00047943345,0.99901617,0.00050429546
stocks slip on concerns about jobs and profits,negative,0,negative,True,0.99942386,0.99942386,0.0002940292,0.000282127
couche-tard expands in florida,positive,2,positive,True,0.8561152,0.000901501,0.14298329,0.8561152
russia rejects expansion of chevron oil link paper,negative,0,neutral,False,0.9987803,0.0008772994,0.9987803,0.00034242086
adam smith gets orourke alternative,neutral,1,neutral,True,0.9992636,0.00039833394,0.9992636,0.00033812065
flextronics posts higher quarterly profit,positive,2,positive,True,0.99919826,0.00044020556,0.0003615251,0.99919826
univar buys u.s. chemical distributor for $600 mln,positive,2,neutral,False,0.99880123,0.00026954827,0.99880123,0.0009292039
ford ceo says ahead of schedule on buyouts report,positive,2,positive,True,0.6227382,0.0010567651,0.37620506,0.6227382
"m comes to nyse, as macys, not microsoft",neutral,1,neutral,True,0.9979532,0.0008418166,0.9979532,0.0012049401
microsoft profit rises 11 percent,positive,2,positive,True,0.9992105,0.00045277365,0.00033676284,0.9992105
icahn says may not get motorola board seat,negative,0,neutral,False,0.9100096,0.08926769,0.9100096,0.0007226561
sabmiller considers $12.8bln bid for brewer sn paper,positive,2,neutral,False,0.99879324,0.00052447285,0.99879324,0.0006822369
schering-plough sees limited organon job losses,positive,2,negative,False,0.99462825,0.99462825,0.0034017235,0.001969982
stocks gain on takeovers,positive,2,positive,True,0.9992211,0.00038045572,0.00039845417,0.9992211
bank of america awards ceo lewis $11.07 mln stock,neutral,1,neutral,True,0.9956358,0.00028567106,0.9956358,0.004078559
morgan stanley ceo awarded $40 mln bonus,neutral,1,neutral,True,0.7474161,0.0012092353,0.7474161,0.25137466
att pulls out of t.italia talks media,negative,0,neutral,False,0.9988703,0.00074299413,0.9988703,0.0003866084
"oil drops 3.4 percent, saudi says dont panic",negative,0,negative,True,0.9993924,0.9993924,0.00027283057,0.0003347751
shell may struggle to recoup sakhalin-2 costs,negative,0,negative,True,0.9989421,0.9989421,0.00081468426,0.00024332313
"wall street seen opening flat, eyes on data",neutral,1,neutral,True,0.99824995,0.0011098918,0.99824995,0.0006400829
"nasdaq issues weak forecast, shares plunge",negative,0,negative,True,0.99944097,0.99944097,0.00028838092,0.00027065547
wal-mart cuts prices on food ahead of holidays,negative,0,neutral,False,0.9835625,0.0013100189,0.9835625,0.01512745
yahoo expands mobile web search deals,positive,2,neutral,False,0.70715904,0.0007774292,0.70715904,0.29206356
"macklowe leaves icahn alone on reckson bid, source says",negative,0,neutral,False,0.99915373,0.00036895514,0.99915373,0.00047732092
2006 trade gap widens to record,negative,0,negative,True,0.99891305,0.99891305,0.0006707817,0.0004161915
update 3-monster says overstated 97-05 profit by $271.9 mln,negative,0,negative,True,0.9269758,0.9269758,0.068526655,0.0044975723
"itt profit beats wall st, raises forecast",positive,2,positive,True,0.99917585,0.000505908,0.00031820763,0.99917585
private equity firms bidding for sabre source,positive,2,neutral,False,0.9992843,0.00032104147,0.9992843,0.0003945986
stocks end flat as fed stance questioned,neutral,1,negative,False,0.6565752,0.6565752,0.3410419,0.002382953
yahoo to provide music services for sandisk player,positive,2,neutral,False,0.9992085,0.0002746863,0.9992085,0.0005168973
cingular launches u.s. mobile banking,positive,2,neutral,False,0.9989017,0.0005019501,0.9989017,0.0005963355
"teck cominco profit up, plans share split",positive,2,positive,True,0.9992624,0.000350502,0.0003870701,0.9992624
united rentals to sell traffic control unit,neutral,1,neutral,True,0.999171,0.00034729895,0.999171,0.00048168807
jj bladder drug needs stronger caution fda staff,negative,0,neutral,False,0.729118,0.26809773,0.729118,0.0027843476
seven-eleven japan to offer cheaper soft drinks,negative,0,neutral,False,0.9990387,0.0006297619,0.9990387,0.00033158742
u.s. settles with darden restaurants over gift cards,negative,0,positive,False,0.99838996,0.0005238322,0.001086246,0.99838996
posco denies report arcelor mittal eyeing bid,negative,0,neutral,False,0.9989687,0.00036898075,0.9989687,0.00066235824
local shopping center vacancy rises,negative,0,neutral,False,0.99504304,0.0041752416,0.99504304,0.00078174623
update 3-buyout firms sued over club deals,negative,0,negative,True,0.99874413,0.99874413,0.0009148665,0.0003409607
big oil bids for giant uae gas project,positive,2,neutral,False,0.9991474,0.0002901359,0.9991474,0.00056247215
feds moskow still focused on inflation risks,negative,0,neutral,False,0.93183845,0.06667998,0.93183845,0.0014815999
"stocks to watch bad home loans, cpi",negative,0,neutral,False,0.9991104,0.0004924854,0.9991104,0.00039703393
fico score provider fair isaac sinks,negative,0,negative,True,0.99929535,0.99929535,0.00041692535,0.0002877132
"gap ads spur customer interest, but what of sales",neutral,1,neutral,True,0.999124,0.00036390516,0.999124,0.00051212596
eddie bauer says waiting period under hart-scott-rodino expires,positive,2,neutral,False,0.99876547,0.00045894287,0.99876547,0.00077551894
"oil falls on warmer u.s. weather, opec",negative,0,negative,True,0.99941933,0.99941933,0.00034548706,0.00023521332
"lafarge q3 net up 32 pct, ahead of forecasts",positive,2,positive,True,0.9991642,0.00051373336,0.00032207675,0.9991642
"juniper profit falls, shares down on outlook",negative,0,negative,True,0.9993919,0.9993919,0.00026415227,0.00034398766
u.s. existing home sales slip in december,negative,0,negative,True,0.99911374,0.99911374,0.00052041217,0.00036594534
cemex offers to buy rinker for $12.8 billion,positive,2,neutral,False,0.997881,0.00043367076,0.997881,0.0016852157
bid for harrahs expected to be raised to $87 paper,positive,2,neutral,False,0.99772364,0.0003607371,0.99772364,0.0019156574
el paso pipeline explosion in wyoming kills 1,negative,0,neutral,False,0.99809986,0.0012046352,0.99809986,0.0006955858
"hershey open to combination, cadbury eyed report",positive,2,neutral,False,0.9983956,0.00026814966,0.9983956,0.0013362188
update 2-wal-mart sees improvment in health plan enrollment,positive,2,neutral,False,0.997563,0.001903234,0.997563,0.00053381006
corrected boeing profit up on jet deliveries,positive,2,positive,True,0.9991736,0.00052434596,0.00030201272,0.9991736
us stocks-stocks climb on higher profit forecasts,positive,2,positive,True,0.9991702,0.00049578375,0.00033400455,0.9991702
itt could continue strong growth barrons,positive,2,positive,True,0.99924135,0.00038126798,0.0003774065,0.99924135
marvel entertainment posts lower quarterly profit,negative,0,negative,True,0.9993393,0.9993393,0.00030597133,0.00035474566
northrop may not bid in air tanker contract paper,negative,0,neutral,False,0.99904555,0.000671474,0.99904555,0.00028294558
kodak says in license agreement with sony,positive,2,neutral,False,0.9989843,0.00029416344,0.9989843,0.0007215926
apple ex-cfo links jobs to backdated options,negative,0,neutral,False,0.99831283,0.0010034485,0.99831283,0.0006837324
valassis to buy advo at lower price suits dropped,positive,2,positive,True,0.90380645,0.002500598,0.09369295,0.90380645
"blackberry e-mail outage upsets white house, wall st",negative,0,negative,True,0.99891794,0.99891794,0.0007887901,0.00029329464
clear channel outdoor posts higher profit,positive,2,positive,True,0.99922395,0.00040346946,0.0003725219,0.99922395
job growth surprisingly strong in december,positive,2,positive,True,0.99917704,0.00044997624,0.00037295645,0.99917704
stocks rebound on bernanke assurance,positive,2,positive,True,0.9992286,0.00041276612,0.0003586526,0.9992286
karstadt sees mytravel integrated in 24 months,neutral,1,neutral,True,0.9991334,0.0004902547,0.9991334,0.00037633785
time warner to sell magazines to bonnier report,neutral,1,neutral,True,0.9992606,0.00029495254,0.9992606,0.00044449265
"gm, ford shares rise on brokerage upgrade",positive,2,positive,True,0.99924964,0.00040781978,0.0003425047,0.99924964
cenveo to buy cadmus,positive,2,positive,True,0.9789917,0.0005119272,0.020496367,0.9789917
microsoft hires ex-apprentice star as judge,neutral,1,neutral,True,0.9992318,0.00026035475,0.9992318,0.00050779496
anadarko sells part of k2 gulf of mexico field,neutral,1,neutral,True,0.99930453,0.00029409924,0.99930453,0.0004013823
googles youtube signing smaller partnerships paper,positive,2,neutral,False,0.99915004,0.00043958199,0.99915004,0.00041034588
court rejects class action against banks ny times,positive,2,positive,True,0.9453915,0.01986516,0.034743413,0.9453915
news corp. makes $5 billion bid for dow jones,positive,2,neutral,False,0.9986304,0.0005127274,0.9986304,0.00085694063
canon profit to rise for another record year,positive,2,positive,True,0.9992059,0.00047240188,0.00032171753,0.9992059
"chinas economy surges, more tightening seen",positive,2,positive,True,0.99876475,0.0003918628,0.00084345543,0.99876475
corrected official toyota q3 beats expectations,positive,2,positive,True,0.99919325,0.0004026681,0.0004041433,0.99919325
wall street seen down before key economic data,negative,0,neutral,False,0.9985727,0.001042364,0.9985727,0.00038495247
home depot investors try to halt ex-ceo exit pay,negative,0,negative,True,0.89266115,0.89266115,0.10643267,0.00090625894
gm u.s. october sales up 22 pct,positive,2,positive,True,0.9990988,0.000542876,0.0003583568,0.9990988
"banks shares push stocks up, easing mortgage woes",positive,2,positive,True,0.99913824,0.0003262734,0.0005354062,0.99913824
man ceo plays down chance of raised bid report,negative,0,neutral,False,0.9990062,0.00057469093,0.9990062,0.00041905858
instant view 3-michael dell returns as dell inc. ceo,positive,2,neutral,False,0.9992341,0.00027774693,0.9992341,0.0004881306
south korea picks boeing for surveillance planes,positive,2,neutral,False,0.99893636,0.00050611823,0.99893636,0.00055753713
"nasdaq, omx talked, but deal not imminent report",neutral,1,neutral,True,0.99763405,0.0006479098,0.99763405,0.0017180676
monsanto beats expectations with results,positive,2,positive,True,0.9992149,0.00033715784,0.00044798703,0.9992149
"nissan will consider us automakers assets, plants",positive,2,neutral,False,0.9992778,0.00026133467,0.9992778,0.00046088296
"dow jones to cut field office jobs, add others",negative,0,neutral,False,0.9907346,0.005875371,0.9907346,0.003390054
big oil firms expand in unconventional oil sector,positive,2,neutral,False,0.78727657,0.0007815354,0.78727657,0.21194197
abn receives approaches from several banks sources,positive,2,neutral,False,0.99913955,0.00038783133,0.99913955,0.00047259426
factbox abn amro gets rival approach that tops agreed bid,positive,2,neutral,False,0.9990221,0.00045083958,0.9990221,0.00052700297
singapore oil storage caverns delayed,negative,0,neutral,False,0.9980508,0.0011785021,0.9980508,0.0007707453
goodrich to sell $10 bln in components to airbus,positive,2,neutral,False,0.99875975,0.00042852823,0.99875975,0.0008118074
oil field delays mean higher 2010 crude price eia,positive,2,positive,True,0.99264187,0.0016150757,0.0057430086,0.99264187
txu bidders pledge no sale for 5 years wsj,neutral,1,neutral,True,0.9989077,0.00070048886,0.9989077,0.00039174623
boeing poised to receive $10 billion in orders wsj,positive,2,positive,True,0.9990963,0.00043412915,0.00046956737,0.9990963
cisco profit and outlook beat expectations,positive,2,positive,True,0.9991596,0.0005033698,0.00033708065,0.9991596
jj new stent device fails in study,negative,0,negative,True,0.9268686,0.9268686,0.07211366,0.0010176995
china firm denies role in pet deaths food scare,negative,0,neutral,False,0.9983354,0.000889052,0.9983354,0.00077557145
home depot says buys chinas the home way,positive,2,neutral,False,0.9992138,0.00031819273,0.9992138,0.00046803738
gap hires goldman sachs shares surge,positive,2,positive,True,0.9992305,0.00037785058,0.00039164978,0.9992305
research firm hunts for clues in insider sales,neutral,1,neutral,True,0.9992774,0.0003635,0.9992774,0.00035911406
japan july-september gdp growth tops forecasts,positive,2,positive,True,0.9990428,0.000575397,0.00038180052,0.9990428
nintendo shares hit record high ahead of wii debut,positive,2,positive,True,0.99920505,0.0004256715,0.00036927543,0.99920505
u.s.-based airtran raises offer for midwest air,positive,2,neutral,False,0.9985851,0.00024243236,0.9985851,0.0011724018
northwest airlines details reorganization plan,neutral,1,neutral,True,0.9990901,0.00049535645,0.9990901,0.00041460386
wal-mart makes two executive appointments in u.s,neutral,1,neutral,True,0.9993926,0.00028277058,0.9993926,0.00032464546
"hedge fund risks worst since 98 crisis, fed says",negative,0,negative,True,0.9992823,0.9992823,0.0004466859,0.0002709707
corrected judge grants partial stay in vonage patent case,positive,2,positive,True,0.82280564,0.0049194186,0.17227492,0.82280564
"borgwarner profit off 36 percent, misses forecasts",negative,0,negative,True,0.99931145,0.99931145,0.0002782231,0.0004102693
"barclays deal for abn-amro looms, boa to buy lasalle",positive,2,neutral,False,0.9989975,0.00019006553,0.9989975,0.0008124297
daewoo elec lenders to vote on videocon bid source,neutral,1,neutral,True,0.9992204,0.0004169885,0.9992204,0.00036255424
timberland quarterly profit falls forecast weak,negative,0,negative,True,0.9994147,0.9994147,0.00027556115,0.00030974552
oracle shows no momentum in linux effort,negative,0,negative,True,0.82951427,0.82951427,0.16896991,0.0015157734
fedex beats views but outlook is weak,negative,0,neutral,False,0.99403906,0.0014003075,0.99403906,0.004560705
union says to start intensive talks with delphi,neutral,1,neutral,True,0.99717414,0.0013179667,0.99717414,0.0015079362
ford says november retail sales down disappointing 7 pct,negative,0,negative,True,0.9993655,0.9993655,0.00030082648,0.00033366165
home depot set to announce china deal,positive,2,neutral,False,0.99921656,0.00027319495,0.99921656,0.00051021576
nintendo wii u.s. sales top sonys ps3 npd,positive,2,positive,True,0.99889636,0.0004850841,0.00061856775,0.99889636
medimmune sees 1st-quarter profit nearly tripling,positive,2,positive,True,0.9991359,0.00050013873,0.00036393272,0.9991359
goldman raises $6.5 billion infrastructure fund,positive,2,neutral,False,0.99814785,0.0005439076,0.99814785,0.0013083013
dollar weakness poses growth risk oecd chief,negative,0,negative,True,0.9992894,0.9992894,0.00047062663,0.00023995333
imf warns financial market risks have increased,negative,0,negative,True,0.9991598,0.9991598,0.00054865814,0.0002915869
fomc keeps rates steady,neutral,1,neutral,True,0.9970878,0.0021605485,0.9970878,0.00075173914
limiteds november same-store sales jump 12 pct,positive,2,positive,True,0.9990841,0.00057025993,0.00034567036,0.9990841
tribune re-evaluating restructuring report,neutral,1,neutral,True,0.9982667,0.001084294,0.9982667,0.00064895325
"stocks end day, week down on housing and chip woes",negative,0,negative,True,0.99942434,0.99942434,0.0002965981,0.00027918536
zell has $13 billion proposal for tribune,positive,2,neutral,False,0.9991301,0.00034955633,0.9991301,0.0005203244
asia central banks unlikely to follow thailand,neutral,1,neutral,True,0.9979297,0.0015379167,0.9979297,0.0005324019
weight watchers posts higher 4th-qtr profit,positive,2,positive,True,0.9991997,0.00046926117,0.00033104615,0.9991997
coast guard drops lockheed and northrop,negative,0,neutral,False,0.9987237,0.00072068954,0.9987237,0.00055558747
sungards third-quarter revenues rise,positive,2,positive,True,0.9992077,0.00041415432,0.00037822427,0.9992077
productivity gains sharply in 4th quarter,positive,2,positive,True,0.99908984,0.0005336966,0.0003764959,0.99908984
gm product chief targets growth in downsized suvs,positive,2,neutral,False,0.98969144,0.0013308326,0.98969144,0.008977729
microsoft files new antitrust documents with eu,negative,0,negative,True,0.96140736,0.96140736,0.03680442,0.001788221
best buy quarterly profit rises,positive,2,positive,True,0.9991935,0.0004687001,0.0003377793,0.9991935
apples itunes music sales collapses in h1 survey,negative,0,negative,True,0.9993506,0.9993506,0.00030784452,0.00034150417
changes in trust policy beyond absurd ci ceo,negative,0,neutral,False,0.9990382,0.00031035754,0.9990382,0.00065144995
"siemens, nokia reiterate jv to close this quarter",positive,2,neutral,False,0.99853706,0.0007337259,0.99853706,0.00072918343
ford enters credit agreement for over $18 bln,positive,2,neutral,False,0.99708015,0.0005477198,0.99708015,0.0023720635
blackberry outage analysis to take more time -rim,negative,0,neutral,False,0.9863855,0.012778668,0.9863855,0.00083575235
baidu quarterly profit soars,positive,2,positive,True,0.9990695,0.00054683804,0.0003836331,0.9990695
update 2-realnetworks reports leap in quarterly earnings,positive,2,positive,True,0.99923396,0.00036065624,0.00040535716,0.99923396
texas puc proposes 6-month review of txu buyout,negative,0,neutral,False,0.99923325,0.0003030261,0.99923325,0.0004637739
corrected apple says intel to supply iphone cpu story withdrawn,neutral,1,neutral,True,0.99855214,0.0007846609,0.99855214,0.0006631918
"bank of new york tops views, net quadruples",positive,2,positive,True,0.99901474,0.00031477076,0.0006704324,0.99901474
update 3-american apparel to be bought by endeavor,positive,2,neutral,False,0.9993687,0.00026423202,0.9993687,0.00036707488
verizon to sign asian cable agreement paper,positive,2,neutral,False,0.99911684,0.00031215686,0.99911684,0.00057098904
dow chemicals avoiding bhopal tragedy activists,negative,0,neutral,False,0.99886477,0.0005355971,0.99886477,0.00059966807
virgin america again seeks u.s. approval to fly,positive,2,neutral,False,0.99934,0.00029526616,0.99934,0.00036468814
electrolux shares soar as q4 beats forecasts,positive,2,positive,True,0.9991854,0.00045641343,0.00035819583,0.9991854
lone star may scrap keb deal,negative,0,neutral,False,0.81864566,0.179286,0.81864566,0.0020683173
update 3-casino firm melco pbl raises $1.14 bln in u.s. ipo,positive,2,neutral,False,0.9729591,0.0007247946,0.9729591,0.026316168
panel urges repeal of 30s era antitrust law,neutral,1,neutral,True,0.99824405,0.0008237599,0.99824405,0.0009322861
microsoft says vista sales doubling windows xp pace,positive,2,positive,True,0.99914277,0.00044406025,0.00041320996,0.99914277
"microsoft, novell reach agreement on linux",positive,2,neutral,False,0.61982703,0.0016021413,0.61982703,0.37857077
business jets sales lift bombardier profit,positive,2,positive,True,0.9990701,0.00039095947,0.000538955,0.9990701
world stocks at record levels as economy pleases,positive,2,positive,True,0.9992107,0.00043337178,0.0003559302,0.9992107
gm urges china to lead by embracing wto spirit,positive,2,neutral,False,0.9988926,0.00040906962,0.9988926,0.0006983932
best buy to buy voice and data services provider,positive,2,neutral,False,0.99858105,0.0002285504,0.99858105,0.0011904289
consumer confidence dips in december,negative,0,negative,True,0.99935275,0.99935275,0.00033512275,0.00031208587
sportingbet says louisiana drops charges,positive,2,positive,True,0.9927086,0.00094503525,0.006346343,0.9927086
"storms, housing hit retail sales report",negative,0,negative,True,0.999316,0.999316,0.000421009,0.00026299208
time warner cable sees revenue growth,positive,2,positive,True,0.9992588,0.00039352223,0.0003476763,0.9992588
buffett says berkshire set for big takeovers paper,positive,2,neutral,False,0.99827194,0.00028878628,0.99827194,0.0014392473
durable goods orders slid 8.3 pct in oct,negative,0,negative,True,0.9992988,0.9992988,0.00028701013,0.0004142073
nikko investors seen likely to sell to citigroup,positive,2,negative,False,0.998408,0.998408,0.0011928001,0.00039916704
bids expected for putnam investments this week-wsj,positive,2,neutral,False,0.9993069,0.00028834364,0.9993069,0.00040477098
"european shares up in thin volume on ma, earnings",positive,2,positive,True,0.9991737,0.00029861322,0.00052770105,0.9991737
more solid earnings may keep rally going,positive,2,positive,True,0.9992399,0.00034905275,0.00041109254,0.9992399
volkswagen leaves options open in man-scania deal,neutral,1,neutral,True,0.99886346,0.0003800726,0.99886346,0.0007565109
"rite aid up as target price raised, results loom",positive,2,positive,True,0.99917585,0.00029670258,0.0005274094,0.99917585
clear channel mulls raised bid vote date changed,positive,2,neutral,False,0.9991698,0.00045641416,0.9991698,0.00037377412
weak home building drags down economic growth,negative,0,negative,True,0.9993161,0.9993161,0.00036033834,0.00032360182
"cme profit up, shares slip",neutral,1,neutral,True,0.99526113,0.0022635958,0.99526113,0.0024752975
"fed holds rates steady, sees housing stabilizing",positive,2,neutral,False,0.98974824,0.0053700376,0.98974824,0.0048816986
lear shares jump on prospects of better deal,positive,2,positive,True,0.9992162,0.000336923,0.00044683722,0.9992162
"rbs group threatens hostile offer, abn opens books",positive,2,neutral,False,0.9989165,0.00074428844,0.9989165,0.0003392672
mccormick tribune foundation reviewing tribune stake,neutral,1,neutral,True,0.9993988,0.000336481,0.9993988,0.00026467128
news corp joins chandlers bid for tribune,positive,2,neutral,False,0.9992816,0.00033328953,0.9992816,0.00038514344
"generic norvasc seen soon, as decision hits pfizer",negative,0,neutral,False,0.9984036,0.0005349081,0.9984036,0.0010615318
payless shoesource to buy collective international,positive,2,neutral,False,0.9990841,0.00039196564,0.9990841,0.0005239136
autoshow-porsche more upbeat on 2006/07 outlook,positive,2,positive,True,0.99926716,0.00037255418,0.00036027154,0.99926716
continental airlines would consider merger,positive,2,neutral,False,0.9989404,0.00024953496,0.9989404,0.00081012375
emi and apple agree to music catalog deal,positive,2,neutral,False,0.9977064,0.0002943332,0.9977064,0.0019991994
foreign firms bow to bolivia energy nationalization,negative,0,neutral,False,0.996089,0.0013198631,0.996089,0.0025912013
judge refuses harsh sentence for ex-healthsouth cfo,positive,2,neutral,False,0.99483746,0.0011141464,0.99483746,0.00404828
"u.s. venture investors betting on energy, web 2.0",positive,2,neutral,False,0.99908113,0.00039655552,0.99908113,0.00052229245
home depot to sell $5 bln in 3-part debt sale,neutral,1,neutral,True,0.9981383,0.0010507876,0.9981383,0.0008109066
panel finds safety issues at all bps u.s. refineries,negative,0,negative,True,0.879308,0.879308,0.11907539,0.0016166448
british brides say i do to green weddings,neutral,1,neutral,True,0.9991866,0.0003875545,0.9991866,0.00042584428
"bae systems, abu dhabi mull aerospace business",positive,2,neutral,False,0.9990902,0.00040281555,0.9990902,0.00050706393
expressjet earnings slip on expenses,negative,0,negative,True,0.99937433,0.99937433,0.0003441115,0.00028159126
ebay partners with tom in china shift,positive,2,neutral,False,0.9990062,0.0003126007,0.9990062,0.0006811762
"european shares fall as energy, bank stocks weigh",negative,0,negative,True,0.99942625,0.99942625,0.00031057728,0.000263208
shopkeepers protest as wal-mart checks out india,negative,0,neutral,False,0.566114,0.43233514,0.566114,0.0015508297
retail pump prices to hit $3.01 this summer eia,negative,0,negative,True,0.74405104,0.74405104,0.2474745,0.008474492
"us air pitches takeover offer to delta, creditors",positive,2,neutral,False,0.9992654,0.00030189272,0.9992654,0.00043272082
cardinal health in $11 mln settlement with spitzer,negative,0,positive,False,0.9944601,0.0007806011,0.0047592805,0.9944601
"glaxo speaks to uk about bird flu vaccine, paper says",positive,2,neutral,False,0.99927694,0.00034071715,0.99927694,0.00038233222
corrected mergertalk hedge funds muscle in on bankruptcies,neutral,1,neutral,True,0.99246585,0.0062972773,0.99246585,0.0012369348
total says govt control may hurt venezuela project,negative,0,negative,True,0.9953513,0.9953513,0.004347549,0.00030119243
falling dollar may benefit some firms,positive,2,positive,True,0.9979824,0.0006842349,0.0013334105,0.9979824
greenspan warns subprime woes could spread,negative,0,negative,True,0.99898607,0.99898607,0.00072438456,0.0002895595
"consumer confidence ebbs, boosts rate hopes",neutral,1,negative,False,0.9986083,0.9986083,0.0011041359,0.00028754937
station casinos to go private in $5.4 bln deal,positive,2,neutral,False,0.998982,0.0005065436,0.998982,0.00051131897
finance canada statement on income trust taxation,neutral,1,neutral,True,0.999212,0.0004996155,0.999212,0.00028838447
zell wins bidding for tribune wsj,positive,2,neutral,False,0.99763405,0.0002681427,0.99763405,0.002097812
wanxiang in talks with ford over parts arm ft,positive,2,neutral,False,0.9963654,0.0012610953,0.9963654,0.0023735077
"accounting firms want company accounts revamp, paper says",neutral,1,neutral,True,0.9984623,0.001214219,0.9984623,0.0003234863
brazils csn bids $9.6 bln for corus,positive,2,neutral,False,0.9982747,0.0006185293,0.9982747,0.0011067848
update 2-swedens meda buys 3m european pharma unit,positive,2,neutral,False,0.998524,0.00034709772,0.998524,0.0011288988
luxury retailer saks sees strong spring season,positive,2,positive,True,0.9987901,0.00031538468,0.00089450565,0.9987901
jobless claims drop suggests solid economy,positive,2,positive,True,0.9990159,0.00061379734,0.0003702558,0.9990159
apple says iphone models to cost $499 and $599,neutral,1,neutral,True,0.99684733,0.0018331392,0.99684733,0.0013194756
"delta to sell 38 boeing planes, orders 10 more",neutral,1,neutral,True,0.9862912,0.0005539188,0.9862912,0.013154895
"goodyear posts loss, raises cost-cutting targets",negative,0,neutral,False,0.9782244,0.007194905,0.9782244,0.014580588
ibm to buy privately held software maker vallent,positive,2,neutral,False,0.99791104,0.00031543846,0.99791104,0.0017734489
gauge of u.s. economy rose in latest week ecri,positive,2,positive,True,0.9989569,0.0006145793,0.00042853865,0.9989569
dollar slides to 1-1/2-year low vs euro,negative,0,negative,True,0.9993212,0.9993212,0.00030107432,0.00037781283
"longs, rite aid agree to store swap",positive,2,neutral,False,0.9990392,0.00040422898,0.9990392,0.00055659725
"airline industry needs consolidation, ual chief says",neutral,1,neutral,True,0.9966253,0.002819752,0.9966253,0.00055493193
"sabre deal with texas pacific, silver lake seen",positive,2,neutral,False,0.9990362,0.0003167738,0.9990362,0.0006470677
"gm contemplates the living, breathing hummer",neutral,1,neutral,True,0.9992005,0.00044755393,0.9992005,0.00035199334
"wrapup 1-u.s. oct producer prices, retail sales down",negative,0,negative,True,0.9993049,0.9993049,0.00037544683,0.0003196147
"cisco shares rise after strong results, broker upgrades",positive,2,positive,True,0.99918216,0.0004703157,0.00034747345,0.99918216
sun micro confirms will use some intel chips,positive,2,neutral,False,0.999302,0.00032344423,0.999302,0.00037455335
victorias secret president joins lord and taylor,negative,0,neutral,False,0.9993673,0.0002720967,0.9993673,0.00036062457
work shift causes minor delays at northwest air,negative,0,neutral,False,0.9778054,0.020843808,0.9778054,0.0013508886
pepsico profit up on frito-lay gatorade sales down,neutral,1,positive,False,0.84360844,0.0046414947,0.15175001,0.84360844
indexes flat though dow ekes out record high,positive,2,neutral,False,0.98867106,0.0012902321,0.98867106,0.01003877
service sector stronger than expected,positive,2,positive,True,0.9991647,0.0004875817,0.00034776525,0.9991647
strong jobs growth deepens productivity mystery,neutral,1,positive,False,0.99763477,0.00084105576,0.0015241336,0.99763477
november housing starts up,positive,2,positive,True,0.98774403,0.000879446,0.011376542,0.98774403
"poor french mobile, music sales dent vivendi q3",negative,0,negative,True,0.99935395,0.99935395,0.0003309173,0.00031508697
"for stocks, earnings may trump fed and jobs",positive,2,neutral,False,0.9965403,0.00028849763,0.9965403,0.003171308
nigerian oil minister says no decision on opec meeting,neutral,1,neutral,True,0.99888057,0.0005650587,0.99888057,0.00055445934
kellogg earnings beat street on strong sales,positive,2,positive,True,0.9992225,0.00043146263,0.0003459648,0.9992225
january consumer sentiment jumps to 3-year high,positive,2,positive,True,0.99908197,0.000587109,0.000330909,0.99908197
super-rich population surges in 2006 survey,positive,2,positive,True,0.69000596,0.001252525,0.30874157,0.69000596
jobs data raise hopes for payrolls boost,positive,2,positive,True,0.99922013,0.0004651181,0.00031474512,0.99922013
rim says most blackberry service restored,positive,2,neutral,False,0.965024,0.0027619484,0.965024,0.03221405
bp ceo browne to retire earlier than planned,negative,0,neutral,False,0.99911076,0.00034282403,0.99911076,0.00054640236
chinas economy seen growing in 07,positive,2,positive,True,0.99917716,0.00042431284,0.0003985343,0.99917716
slowdown ahead for u.s. manufacturers study,negative,0,negative,True,0.99720436,0.99720436,0.0024933591,0.00030226147
u.s. private equity firms invest in uk biofuels,positive,2,neutral,False,0.99839956,0.00041112266,0.99839956,0.001189329
uaw not ready to concede chrysler will be sold,negative,0,neutral,False,0.9988305,0.0006170467,0.9988305,0.0005524307
"gazprom, gdf to sign major deal on tuesday",positive,2,neutral,False,0.99721044,0.00024326649,0.99721044,0.0025463286
small brokers hope to block nyse-nasd linkup,negative,0,neutral,False,0.9978661,0.00164864,0.9978661,0.00048538065
feds bernanke inflation risks to the upside,negative,0,positive,False,0.9728531,0.006668688,0.020478234,0.9728531
march manufacturing growth weaker than feb ism,negative,0,negative,True,0.99933237,0.99933237,0.00033708208,0.00033051433
jarden set to buy k2 for $1.2 bln wsj,positive,2,neutral,False,0.99256575,0.00041107993,0.99256575,0.0070231506
education finance in $2.5 mln new york settlement,negative,0,positive,False,0.99161947,0.00082730164,0.0075531583,0.99161947
ford cash in focus as clock ticks on turnaround,negative,0,neutral,False,0.99739397,0.00068487175,0.99739397,0.0019211249
blackstone in talks to buy china plastics firm,positive,2,neutral,False,0.99881077,0.00029857337,0.99881077,0.00089064846
rim gets inquiry from sec over options review,negative,0,negative,True,0.9956743,0.9956743,0.0039349105,0.00039074305
"bank of america profit up 5 pct, card losses rise",neutral,1,positive,False,0.9981816,0.0006166464,0.0012017922,0.9981816
alltel 1st-qtr net off subscribers beat estimates,neutral,1,positive,False,0.9991394,0.00041765417,0.00044294386,0.9991394
puma q4 earnings fall,negative,0,negative,True,0.99930346,0.99930346,0.00028921044,0.00040730555
u.s. bancorp to buy montanas united financial,positive,2,neutral,False,0.9990791,0.00029909026,0.9990791,0.0006218655
ford u.s. december sales down 13 pct,negative,0,negative,True,0.9993068,0.9993068,0.0002817552,0.00041141186
charges push beazer homes to quarterly loss,negative,0,negative,True,0.9993074,0.9993074,0.00034872378,0.00034390244
star witness radler details deals at black trial,negative,0,neutral,False,0.9992861,0.00040531144,0.9992861,0.00030862124
"oil, bernanke to sway stocks",neutral,1,neutral,True,0.99900573,0.00040092412,0.99900573,0.0005933301
corrected - dubai-led fund confirms eads investment interest,positive,2,neutral,False,0.9986646,0.0007698058,0.9986646,0.0005656088
oil supply row worsens russias reputation in eu,negative,0,negative,True,0.99828786,0.99828786,0.0014806439,0.00023150863
"sec, treasury to share money laundering info",neutral,1,neutral,True,0.9986506,0.00092750567,0.9986506,0.00042187804
citigroup ceo says sees no more management changes,neutral,1,neutral,True,0.9980562,0.000869866,0.9980562,0.0010740352
fleetwood 3rd-quarter revenue down 25 pct,negative,0,negative,True,0.99929607,0.99929607,0.00028739584,0.0004164412
zetsche steps back into chrysler spotlight,neutral,1,neutral,True,0.99911684,0.00035111766,0.99911684,0.00053205254
reliant energy names new chief executive,neutral,1,neutral,True,0.99936515,0.00026046846,0.99936515,0.00037448324
opec keeps oil output curbs wary on economy,negative,0,neutral,False,0.8491625,0.14207698,0.8491625,0.008760467
dow sets record close,positive,2,positive,True,0.998314,0.0007880449,0.00089792744,0.998314
boyd gaming quarterly profit more than doubles,positive,2,positive,True,0.99917346,0.00043886845,0.00038764294,0.99917346
u.s. broadcast group takes swipe at cable industry,negative,0,neutral,False,0.9484663,0.050803095,0.9484663,0.0007306857
chrysler workers in bullseye hope for reprieve,negative,0,neutral,False,0.9929397,0.001729205,0.9929397,0.005331014
lehman is sued for alleged stock option backdating,negative,0,negative,True,0.99884784,0.99884784,0.00057785003,0.0005743383
u.s. facing serious long-term fiscal risks bernanke,negative,0,negative,True,0.997138,0.997138,0.0024767616,0.00038529912
kohls quarterly profit rises 45 percent,positive,2,positive,True,0.9992005,0.0004668899,0.00033258463,0.9992005
wrigley goes beyond family for first time for ceo,neutral,1,neutral,True,0.99913377,0.000383291,0.99913377,0.0004830221
trust moves could rattle more than canadian taxes,negative,0,neutral,False,0.9989502,0.00041001439,0.9989502,0.00063981715
"traffic down, spending up in holiday retail debut",neutral,1,neutral,True,0.99695826,0.0016539025,0.99695826,0.0013878434
"wpp, u.s. equity firm to bid for sportfive, paper says",positive,2,neutral,False,0.9992773,0.00038224793,0.9992773,0.00034043097
goldman cfo says hedge fund woes could hit 1st-qtr,negative,0,negative,True,0.9993766,0.9993766,0.00035255076,0.0002708743
disney plans major expansions to walt disney world,positive,2,neutral,False,0.90627134,0.0010474427,0.90627134,0.09268121
walgreen ceo set to add chairman role in july,neutral,1,neutral,True,0.9992823,0.00031056575,0.9992823,0.0004071462
time warner cable says it becomes a public company,positive,2,neutral,False,0.9990325,0.00054862845,0.9990325,0.0004188926
google confident digital liability law protects it,positive,2,neutral,False,0.8713646,0.12587887,0.8713646,0.0027564971
"lockheed, utx protest boeing helicopter deal",negative,0,neutral,False,0.9792575,0.0201638,0.9792575,0.00057865604
japans cup noodle king dies aged 96,neutral,1,neutral,True,0.99899346,0.00027661776,0.99899346,0.0007298403
corrected alcoa-alcan deal aims to forge aluminum powerhouse,positive,2,neutral,False,0.9988765,0.0003791587,0.9988765,0.0007443417
chrysler expects restructuring plan by february,neutral,1,neutral,True,0.9762191,0.022627413,0.9762191,0.0011535469
"update 2-patterson quarterly profit rises, shares jump",positive,2,positive,True,0.9991893,0.00045327903,0.00035742932,0.9991893
november producer prices jump 2 pct,negative,0,positive,False,0.99868923,0.0007794394,0.00053136953,0.99868923
oil tumbles below $59,negative,0,negative,True,0.9992779,0.9992779,0.00026218194,0.00045992777
youtube founders split $650 mln in google payday,neutral,1,neutral,True,0.99878496,0.00088946085,0.99878496,0.0003256011
factbox-bank of america acquisitions under kenneth lewis,neutral,1,neutral,True,0.9993505,0.00034417814,0.9993505,0.00030533434
frances gdf/suez utility merger hit by legal blow,negative,0,negative,True,0.99865854,0.99865854,0.0011263514,0.00021510052
"wall street set to open lower, eyes on exchanges",negative,0,negative,True,0.9990926,0.9990926,0.00071461283,0.00019285854
rockwell automation workers may have breached law,negative,0,negative,True,0.8789508,0.8789508,0.11578289,0.0052663437
dollar thrifty in merger talks with vanguard nyt,positive,2,neutral,False,0.99912935,0.00031040542,0.99912935,0.000560283
bp submits revised spill plan for prudhoe bay,positive,2,neutral,False,0.99903,0.0005711499,0.99903,0.00039887673
goldman raises $6.5 bln for infrastructure fund paper,positive,2,neutral,False,0.9984124,0.00072456634,0.9984124,0.0008630364
earnings to lift stocks,positive,2,positive,True,0.99927384,0.00036588637,0.00036025987,0.99927384
new century stock falls,negative,0,negative,True,0.9993426,0.9993426,0.00030638758,0.00035098055
icahn seeks motorola to return cash to shareholders,positive,2,neutral,False,0.9992557,0.00033793747,0.9992557,0.00040626852
hilton hotels posts higher 4th-quarter profit,positive,2,positive,True,0.9992349,0.00039841788,0.0003666332,0.9992349
"u.s. probes ford escape, mazda tribute over fires",negative,0,negative,True,0.54887486,0.54887486,0.4497289,0.00139622
