text,gold_label,labels,prediction,correct,confidence,prob_negative,prob_neutral,prob_positive
"U.S. Stocks Higher After Economic Data, Monsanto Outlook",positive,2,positive,True,0.99918884,0.0004170674,0.00039411642,0.99918884
Stock Market Outlook 2024: Rare Bullish Signal Says S&P 500 Will Soar 20%,positive,2,positive,True,0.99925345,0.0003353113,0.00041126733,0.99925345
Federal Reserve Rate Hike Odds Grow As Bank-Crisis Fears Ebb; S&P 500 Rises,positive,2,positive,True,0.95020044,0.0034724118,0.04632717,0.95020044
"US Stock Market Closing: Dow Jones, S&P 500 Retreat As Traders Assess Fed Meeting Minutes, Nasdaq Plunges 1.2",negative,0,negative,True,0.9992067,0.9992067,0.00054824265,0.00024501598
"Deutsche Bank: S&P 500 13% Overvalued, Recession Coming",negative,0,negative,True,0.9933563,0.9933563,0.002795071,0.0038485043
Wall Street strategists’ bull and bear scenarios for 2024.,neutral,1,neutral,True,0.9983537,0.00090765255,0.9983537,0.00073872565
European stocks stable before US jobs data,neutral,1,neutral,True,0.99842644,0.0009866479,0.99842644,0.00058692554
"Business News, Strategy, Finance and Corporate Insight",neutral,1,neutral,True,0.9993642,0.00030397793,0.9993642,0.0003318084
S&P 500 to Finish Year Modestly Higher: Invesco's Hooper,positive,2,positive,True,0.99917585,0.00032575623,0.0004983302,0.99917585
Low Oil Demand Weighing On Helmerich & Payne Stock,negative,0,negative,True,0.99893886,0.99893886,0.0007293433,0.00033174816
Wall Street's 'Magnificent Seven' face moment of truth as earnings season arrives,neutral,1,neutral,True,0.9992322,0.00045560524,0.9992322,0.0003122453
S&P 500 valuations rise on hopes of fairy tale end to inflation fight,positive,2,positive,True,0.99908066,0.0004205769,0.00049873744,0.99908066
"Stock Market Today: Dow, S&P Live Updates for July 4",neutral,1,neutral,True,0.9993093,0.00023748296,0.9993093,0.0004531666
"Wall St ends higher as bank contagion fears ease, Fed eyed",positive,2,positive,True,0.99920064,0.00034358315,0.0004558475,0.99920064
S&P 500 Gains and Losses Today: NetApp and GM Rise; Hormel and Las Vegas Sands Fall,neutral,1,neutral,True,0.99860007,0.0005064088,0.99860007,0.00089348457
The S&P 500 is up almost 8% in the first 100 trading days of the year. That bodes well for the rest of 2023,positive,2,positive,True,0.99926156,0.00037824255,0.00036014756,0.99926156
SDOG Maintains Significant Lead Over S&P 500,positive,2,positive,True,0.99860567,0.00047407122,0.0009202704,0.99860567
Happiness at work: Why money isn’t the only thing that matters,neutral,1,neutral,True,0.99928135,0.00027680333,0.99928135,0.00044177606
These S&P 500 Stocks Got Cut in Half in 2017,negative,0,negative,True,0.8814898,0.8814898,0.117748305,0.00076189445
"US Market Opening: Dow Jones, S&P 500 fall as investors await inflation results",negative,0,negative,True,0.9993956,0.9993956,0.00037804624,0.00022639282
S&P 500 Forward P/E Ratio Rises Above 20.0 as EPS Estimates Continue to Fall,negative,0,positive,False,0.997292,0.0011171073,0.0015909262,0.997292
Investors shown to be actively pursuing passive funds,neutral,1,neutral,True,0.99611545,0.0029945595,0.99611545,0.0008900185
Wall Street rallies to record-breaking end of turbulent week,positive,2,positive,True,0.9991425,0.00048233493,0.00037514427,0.9991425
Stocks Hit a Record as Investors See Progress Toward a Spending Deal (Published 2021),positive,2,positive,True,0.9992023,0.0004067956,0.00039095173,0.9992023
S&P 500 Gains and Losses Today: 3M Shares Tumble Following Weak 2024 Outlook,negative,0,negative,True,0.999086,0.999086,0.0007222723,0.00019172928
"Down $20 Billion, Boeing Stuffs Pension Fund With Its Own Shares",negative,0,negative,True,0.9897865,0.9897865,0.009861731,0.00035169066
Rampaging Stock Bears Slowed at Key S&P 500 Technical Level,neutral,1,positive,False,0.93917376,0.05352017,0.0073060826,0.93917376
Where's the Fear? VIX Keeps Sliding as Big Events Fail to Lift Volatility | Market Insights,positive,2,neutral,False,0.91186917,0.012362658,0.91186917,0.07576821
"World markets today: US stocks gain, S&P 500 hits record high | Mint",positive,2,positive,True,0.99920493,0.00029185828,0.0005031891,0.99920493
S&P 500 Loser: GE Tries To Put Investors Out Of Their Misery,negative,0,negative,True,0.8916633,0.8916633,0.107213646,0.0011229508
The Volume of Short Positions in the Shanghai Composite Index (SHA:000001) Hits All-Time High at ¥80 Billion Following the S&P 500 (SPX)...,negative,0,negative,True,0.9965262,0.9965262,0.0019823762,0.0014914221
"Wall Street ends lower, Dow confirms bear market",negative,0,negative,True,0.99941266,0.99941266,0.00032675918,0.00026049823
Consumer confidence versus SP500 from BlackRock Larry Fink,neutral,1,neutral,True,0.9952917,0.0030048466,0.9952917,0.0017034758
Guess What Statistic Has The Highest Correlation With The S&P 500?,neutral,1,neutral,True,0.9992207,0.00022467975,0.9992207,0.0005545942
Bank of America: S&P 500 will soar to 5000 in 2024,positive,2,positive,True,0.99919885,0.0003179556,0.00048325217,0.99919885
Stock Market Outlook: 17% Downside As Stocks' Inflation Hedge Fades,negative,0,negative,True,0.99933076,0.99933076,0.0003663629,0.0003028942
"Dow closes more than 200 points lower Tuesday, major averages end February with losses: Live updates",negative,0,negative,True,0.99940896,0.99940896,0.00031152385,0.0002795453
Strong corporate earnings are helping the US avoid a recession - but there are 2 big risks facing markets and the ...,neutral,1,positive,False,0.9691075,0.0015214832,0.029371072,0.9691075
Why Trump's Stock Market Cheering Is Dangerous,negative,0,negative,True,0.9092171,0.9092171,0.08675388,0.004028917
Cramer explains the magic of compounding,neutral,1,neutral,True,0.99916816,0.0003823391,0.99916816,0.00044949443
Gold vs. S&P 500 Comes Full Circle | Gold News,neutral,1,neutral,True,0.7729622,0.00084437616,0.7729622,0.22619332
"S&P 500: Don't Let Valuations, New Record Worry You",positive,2,neutral,False,0.9985362,0.0003303865,0.9985362,0.0011333736
Women-led companies perform three times better than the S&P 500,positive,2,positive,True,0.99648994,0.00028970552,0.0032203214,0.99648994
US Markets Open the Week Higher on Corporate Headlines,positive,2,positive,True,0.9992275,0.00034430137,0.0004281324,0.9992275
"1 Magnificent S&P 500 Dividend Stock Returning 1,280% Since 2002 to Buy Right Now",positive,2,neutral,False,0.67512035,0.0009012483,0.67512035,0.32397845
"Stock Market Today: Dow, S&P Live Updates for December 20",neutral,1,neutral,True,0.999308,0.00023357262,0.999308,0.00045834738
These Are the 7 Biggest Hedge Fund Disasters of 2016,negative,0,neutral,False,0.9976745,0.002044902,0.9976745,0.00028058444
"After 374-point tumble in the Dow, U.S. stock futures rise before Powell talk",positive,2,positive,True,0.9986864,0.00040868807,0.0009049075,0.9986864
Wall Street faces profit recession as earnings season begins – EMTV Online,negative,0,negative,True,0.9993923,0.9993923,0.00032303875,0.00028474652
S&P 500 and the U.S. Presidential Election,neutral,1,neutral,True,0.99933356,0.00027970926,0.99933356,0.00038671173
Democrats Vs. Republicans: Who Is Better For The Stock Market?,neutral,1,neutral,True,0.9993031,0.00034632132,0.9993031,0.00035062592
Two Stocks Dominate The Market More Than IBM Did In The '80s,neutral,1,neutral,True,0.90545034,0.0012550404,0.90545034,0.09329464
U.S. Stocks Snap Back Amid Hopes Of AIG Rescue,positive,2,positive,True,0.9822782,0.010575114,0.0071466104,0.9822782
"Stocks Return to Earth, With the S&P 500 Nearing a Bear Market",negative,0,negative,True,0.9987507,0.9987507,0.00081097975,0.0004382612
"Stock Market Today: Dow, S&P Live Updates for July 28",neutral,1,neutral,True,0.99932134,0.00023628646,0.99932134,0.00044241393
"News updates from November 9: S&P 500 snaps win streak, Ransomware attack disrupts Chinese lender ICBC",negative,0,positive,False,0.9968616,0.00032204256,0.0028164142,0.9968616
Goldman Sachs ups its near-term S&P 500 target due to brighter economic picture. But here's what the bank's strategists say could knock 25% off stocks.,negative,0,positive,False,0.9982022,0.0005496294,0.0012481067,0.9982022
S&P 500 closes at historic peak after Fed adopts easy-money posture,positive,2,positive,True,0.9991341,0.00049749744,0.00036843913,0.9991341
S&P 500 Notches Another Record Closing High,positive,2,positive,True,0.9990564,0.00057330367,0.0003702628,0.9990564
SPX: S&P 500 Drops 0.8% After Data Shows US Labor Market is Still Hot,negative,0,negative,True,0.9993773,0.9993773,0.00029283404,0.00032985283
"Stock market could plunge another 24% next year, Bank of America warns",negative,0,negative,True,0.9993592,0.9993592,0.00025707713,0.00038369143
"S&P 500 E-Mini Bears Want Double Top Test of 4,500",negative,0,neutral,False,0.9977215,0.0008504501,0.9977215,0.0014281324
10 S&P Stocks with the Highest PEG Ratios,neutral,1,neutral,True,0.9992706,0.0003039854,0.9992706,0.0004253362
S&P 500 Weekly Price Forecast – The Stock Market Continues to Plummet,negative,0,negative,True,0.9990671,0.9990671,0.0006596554,0.0002732273
The new CFO: How being chief financial officer can be the launchpad to the head office,neutral,1,neutral,True,0.99934024,0.0003412195,0.99934024,0.00031859952
Berkshire seen failing Warren Buffett's 5-year test for the first time,negative,0,neutral,False,0.99735165,0.0010850455,0.99735165,0.0015633596
Why Stocks Are Better Than Leprechaun Gold on St. Patrick's Day,positive,2,neutral,False,0.9989574,0.0003207507,0.9989574,0.0007219321
Uber Is Riding Into the S&P 500: Here's Why Its Stock Could Soar Higher,positive,2,positive,True,0.9991334,0.00046254648,0.00040412255,0.9991334
S&P 500 Circles New 2022 Lows Following Latest Fed Rate Hike: Is A Recession Inevitable? - SPDR S&P 500 (,negative,0,negative,True,0.9993531,0.9993531,0.0003590813,0.0002878385
11 stocks in the S&P 500 expected to form an exclusive growth club for investors,positive,2,neutral,False,0.99907506,0.00019837188,0.99907506,0.0007264562
New Push to Protect Au Pairs as U.S. Program Is Reviewed,neutral,1,neutral,True,0.9991072,0.00045273098,0.9991072,0.00044008953
Record dollar strength ravages stocks with most overseas exposure,negative,0,negative,True,0.9992606,0.9992606,0.00053060893,0.00020883158
Wall Street’s worst day since before Trump’s election,negative,0,negative,True,0.9992737,0.9992737,0.00035354082,0.0003727706
This Legal Way To Dodge Taxes Is Working Again This Year,neutral,1,positive,False,0.5561714,0.0019782374,0.44185036,0.5561714
How Frequently Do New S&P 500 Highs Stick?,neutral,1,neutral,True,0.9990626,0.00032747563,0.9990626,0.00060987624
Why the Stock Market Makes You Feel Bad All the Time,negative,0,neutral,False,0.731095,0.26571512,0.731095,0.003189884
This Day In Market History: American Market Speculator Jesse Livermore Is Born,neutral,1,neutral,True,0.99921155,0.000254367,0.99921155,0.0005341418
Here's How This Stock Sets Up Wyckoff Accumulation For The Next Big Move,positive,2,neutral,False,0.9982657,0.00017445111,0.9982657,0.0015599246
3 Questions to Ask About the 200-day Moving Average,neutral,1,neutral,True,0.99930525,0.0002963595,0.99930525,0.00039834902
How to Read the S&P 500's Key Technical Signals,neutral,1,neutral,True,0.9992342,0.00024111793,0.9992342,0.0005246701
"Wyoming Ranch Asks $175 Million, Believed to Be Highest for U.S. Ranch | Private Properties",neutral,1,neutral,True,0.9986358,0.0004145335,0.9986358,0.0009496051
The S&P 500 will tumble another 9% in 2022 even as the bear-market rally propelled a rebound in sentiment on Wall ...,negative,0,negative,True,0.99927324,0.99927324,0.00034424115,0.0003824615
Power failure: Why did SolarEdge’s value plummet by $11 billion in a year?,negative,0,negative,True,0.9991654,0.9991654,0.00052636274,0.00030821573
Analysts Making Larger Cuts Than Average to EPS Estimates for S&P 500 Companies for Q1,negative,0,negative,True,0.99923587,0.99923587,0.00038868,0.00037543007
U.S. Stocks Little Changed Amid Global Rally as Commodities Drop,neutral,1,neutral,True,0.9043548,0.09361285,0.9043548,0.0020324213
Markets Plunge as a Global Recession Appears Almost Inevitable (Published 2020),negative,0,negative,True,0.9993123,0.9993123,0.0003780048,0.00030972736
"S&P 500 rallies, closes just shy of its record closing high",positive,2,positive,True,0.999146,0.00048615644,0.00036786558,0.999146
S&P 500 Weekly Price Forecast – Stock Market Has a Tough Week Again,negative,0,negative,True,0.9992305,0.9992305,0.00052066887,0.0002488834
"Monster Beverage (MNST) Stock Up 107,060% Over 20 Years; Top Performer in SPX",positive,2,positive,True,0.9992118,0.00035136982,0.00043678624,0.9992118
"NightDragon, Diligent Report Finds Gap in Cyber Experience in S&P500 Board Rooms",negative,0,neutral,False,0.6314355,0.36690205,0.6314355,0.0016624483
Last-minute giving made easier with Facebook Gifts,neutral,1,neutral,True,0.9987754,0.00022786252,0.9987754,0.0009966954
The S&P 500 looks eerily similar to right before the 1987 crash,negative,0,negative,True,0.95573527,0.95573527,0.042283814,0.0019809932
"Pfizer Moves Up In Market Cap Rank, Passing IBM",positive,2,positive,True,0.9991085,0.0003013078,0.0005902016,0.9991085
Cash gains an edge over S&P 500 dividend yields,negative,0,positive,False,0.69152164,0.0013928753,0.30708545,0.69152164
S&P 500 ends higher as oil stocks rally; Tesla tumbles,positive,2,positive,True,0.9991072,0.00031402448,0.00057871523,0.9991072
TSX higher as traders doubt Greek referendum,positive,2,positive,True,0.9991697,0.00038364378,0.0004466624,0.9991697
The Dow Is Sputtering - But One Core Stock Just Got a Major Upgrade,neutral,1,neutral,True,0.51859564,0.0026150288,0.51859564,0.4787893
Generac stock charges higher to pace the S&P 500 gainers after reports of widespread power outages,positive,2,positive,True,0.9992454,0.00035153326,0.00040309544,0.9992454
US metal tariffs re-ignite trade war fears as global markets tumble,negative,0,negative,True,0.999371,0.999371,0.00033066017,0.0002983508
S&P 500 Index: Forward P/E Ratio - The Big Picture,neutral,1,neutral,True,0.99923146,0.00036449797,0.99923146,0.0004040327
U.S. stocks open lower as S&P 500’s winning streak threatened ahead of Fed minutes,negative,0,negative,True,0.9994236,0.9994236,0.00033567753,0.00024076036
5 Restaurants That Outperformed the S&P 500 in the Past 6 Months,positive,2,positive,True,0.96444994,0.00037401577,0.03517603,0.96444994
Investor Bill Miller takes on S&P 500 with new ETF,neutral,1,neutral,True,0.9992624,0.0003518849,0.9992624,0.00038574898
Warren Buffett's Egregious Hypocrisy On Index Funds,negative,0,neutral,False,0.9986106,0.00087551866,0.9986106,0.00051380857
US Election 2016: Markets meltdown fails to materialise,positive,2,positive,True,0.8383984,0.0039812378,0.15762033,0.8383984
Why Do Many Once-great Companies Ultimately Stumble?,negative,0,neutral,False,0.6720653,0.32668844,0.6720653,0.0012461818
VOO vs VTI: Vanguard's S&P 500 and Total Stock Market ETFs Compared,neutral,1,neutral,True,0.9992054,0.00040337,0.9992054,0.00039133825
S&P 500 hits record high as Nvidia's blowout earnings keeps bulls marching on,positive,2,positive,True,0.99916315,0.0005041783,0.00033264203,0.99916315
BofA's Savita Subramanian: Stocks Are in for a Volatile Year,negative,0,negative,True,0.9611813,0.9611813,0.027948719,0.010870047
Fund of Women-Run Firms Is Beating the S&P 500 Since Launching,positive,2,positive,True,0.9826904,0.0005504516,0.01675912,0.9826904
Google And Microsoft Top The Most Popular Mutual Fund Stocks,neutral,1,neutral,True,0.99830925,0.00019144488,0.99830925,0.0014992191
"S&P closes at more than two-month high on retail, energy lift",positive,2,positive,True,0.9991085,0.00055902725,0.00033245445,0.9991085
Growth and momentum strategies led S&P 500 gains in July,positive,2,positive,True,0.99874866,0.00025453905,0.0009968098,0.99874866
The Stock Market Hasn't Had a Selloff Like This One in Over 75 Years,negative,0,negative,True,0.9979808,0.9979808,0.00044386668,0.0015754248
Stock Screen Finds These Growth Stocks Outperforming The S&P 500,positive,2,neutral,False,0.998694,0.00066619576,0.998694,0.00063985167
"NASDAQ 100, Dow Jones, S&P 500: Optimism Surrounds U.S. Debt Ceiling Talks as Stocks Rise",positive,2,positive,True,0.99925834,0.0003608851,0.0003807835,0.99925834
Stocks: Stellar year ends on a high note,positive,2,positive,True,0.997792,0.00027618368,0.0019317878,0.997792
"S&P 500, NAS 100 Runs into Resistance, Can the Rally Continue?",neutral,1,negative,False,0.94819283,0.94819283,0.051095936,0.0007112148
2020 Could See Slower But Continued Stock Gains Say Analysts,positive,2,neutral,False,0.9714361,0.0016243057,0.9714361,0.02693967
"'Few are priced for an upcrash.' The S&P 500 could reach 4,600 this year, thanks to pessimism, says RBC.",positive,2,positive,True,0.89585435,0.09061233,0.013533286,0.89585435
The S&P 500 Rallies 10% When It Goes a Year Without Record High,positive,2,positive,True,0.99815494,0.00074338063,0.001101718,0.99815494
The Market May Be Hitting the Dreaded 'Triple Top'—a Red Flag to Investors,negative,0,negative,True,0.99789894,0.99789894,0.001251781,0.0008492266
"Shares rise in thin post-holiday trade; oil, natural gas slip",positive,2,neutral,False,0.9921381,0.0007365195,0.9921381,0.0071254172
Dow closes up 250 points; financials surge after Trump election upset,positive,2,positive,True,0.9992273,0.00038269642,0.00039006694,0.9992273
How the Unemployment Rate Predicts Stock Market Crashes | DailyWealth,negative,0,negative,True,0.90914243,0.90914243,0.088950075,0.001907433
AP Explains: What resignation of New Zealand's leader means,neutral,1,neutral,True,0.9993899,0.0003563657,0.9993899,0.00025373686
"S&P 500 ends Tuesday down after notching a fresh bear market low, Dow slips more than 100 points",negative,0,negative,True,0.9994498,0.9994498,0.0002812328,0.00026901707
Why a 15% Sell-Off Could Prolong the Bull Market,neutral,1,negative,False,0.9990459,0.9990459,0.00043015144,0.00052395405
"Market Report - Sep. 15, 2011 - CNNMoney",neutral,1,neutral,True,0.99930835,0.0002838948,0.99930835,0.00040782875
Stifel Stock Chief Warns of 0% Returns Over the Next Decade,negative,0,negative,True,0.9991555,0.9991555,0.00055967766,0.000284751
Jim Cramer Agrees With Bank Of America's Prediction For S&P 500 To Hit 5K By 2024: 'But Other Than Sentiment ...,positive,2,positive,True,0.9679691,0.001405087,0.030625861,0.9679691
"Fear gauge decouples from S&P 500 amid sell-off, confounding market",negative,0,negative,True,0.99874735,0.99874735,0.0009757691,0.00027681983
"Nasdaq ends higher as yields fall, Boeing curbs gains on Dow",positive,2,positive,True,0.8235552,0.0017862375,0.17465861,0.8235552
"Stock market: United Airlines, Delta stocks rise but S&P 500 falls",negative,0,neutral,False,0.9985543,0.00075406424,0.9985543,0.0006915961
"Dow Jones, Nasdaq, S&P 500 weekly preview: Q4 earnings season is here",neutral,1,neutral,True,0.9992925,0.00021713486,0.9992925,0.00049037486
"Industry Analysts Still Predict the S&P 500 Price Will Close Above 5,000 in the Next 12 Months",positive,2,positive,True,0.9985862,0.0008643785,0.00054946175,0.9985862
The Potential Value of U.S. Equity Allocation to Chinese Investors,neutral,1,neutral,True,0.99917394,0.00036106943,0.99917394,0.00046498416
"Stock market news today: Stocks rally as Salesforce's 11% gain lifts Dow while S&P, Nasdaq reverse early losses",positive,2,positive,True,0.9992205,0.000341177,0.0004383378,0.9992205
"S&P 500, Nasdaq end sharply lower as Alphabet disappoints, Treasury yields bounce",negative,0,negative,True,0.9994349,0.9994349,0.000294475,0.0002705199
"Sell In May And Go Away, Except In Year With An Election",neutral,1,neutral,True,0.9984484,0.00069974863,0.9984484,0.0008518865
Enthusiasm for Tech Stocks and Optimism About Fed Rate Hikes Lift Markets,positive,2,positive,True,0.9991345,0.00030127887,0.00056423136,0.9991345
"YSU investment fund club outperforms S&P 500 index, Youngstown -",positive,2,positive,True,0.9977696,0.00021240102,0.0020180242,0.9977696
Regression to Trend: A Perspective on Long-Term Market Performance,neutral,1,neutral,True,0.9992256,0.00036961547,0.9992256,0.0004047865
Sector Views March 2023: GICS Change Adds Growth to Financials,positive,2,positive,True,0.9759571,0.00038668304,0.023656214,0.9759571
Your smartphone could replace hotel keys,neutral,1,neutral,True,0.99832445,0.00033477854,0.99832445,0.0013407537
Can the S&P 500 Maintain Its July Momentum?,neutral,1,neutral,True,0.99913305,0.0004875749,0.99913305,0.00037938924
Aerospace-Defense Outperforms S&P 500 YTD: 4 Stocks to Buy,positive,2,positive,True,0.9986627,0.0002368249,0.0011005164,0.9986627
Salesforce breaks ranks with 4-1 stock split,neutral,1,neutral,True,0.9979284,0.00031797378,0.9979284,0.0017536224
"SPX: S&P 500 Futures Dip Ahead of Shortened Week, Nvidia Earnings on Deck",negative,0,negative,True,0.9992499,0.9992499,0.00049234123,0.00025777935
Wall St dips as Treasury yields rise after auction,negative,0,negative,True,0.9993032,0.9993032,0.00048608604,0.00021076066
"S&P 500 sheds 2.6% in February as inflation, interest rate worries persist",negative,0,negative,True,0.9994085,0.9994085,0.00027453987,0.00031703484
"NASDAQ 100, Dow Jones, S&P 500: Mixed Trade Following Last Week’s Surge as Oil Prices Jump",neutral,1,neutral,True,0.9907092,0.0075591067,0.9907092,0.0017317791
4 Vanguard Funds With a Record of Beating the S&P 500,positive,2,positive,True,0.62664694,0.00090583664,0.37244722,0.62664694
"Stocks rally to record highs, Nasdaq closes above 13,000 for the first time",positive,2,positive,True,0.99913067,0.0005188814,0.00035046114,0.99913067
"Markets News, Oct. 13, 2023: Dow Gains, Nasdaq Sinks as Investors Flock to Safe Havens",negative,0,negative,True,0.9337004,0.9337004,0.06578923,0.0005103057
S&P 500 Gains and Losses Today: Index Falls as Fed Holds Interest Rates Steady,negative,0,negative,True,0.83592427,0.83592427,0.16346306,0.00061260693
S&P 500 Enters Bear Market With Help From the Fed,negative,0,negative,True,0.6946201,0.6946201,0.15864776,0.14673215
Increased market volatility seems to be a myth,positive,2,neutral,False,0.94847757,0.00758225,0.94847757,0.04394016
"Why stock market bulls are applauding the S&P 500's close above 4,231",positive,2,positive,True,0.9991985,0.00047216486,0.00032940845,0.9991985
"Stock market news live updates: Stocks fall for back-to-back sessions, S&P 500 posts weekly loss of more than 1%",negative,0,negative,True,0.99943656,0.99943656,0.00030714078,0.00025633004
Why GameStop Stock Is Outperforming the S&P 500 In 2022,positive,2,positive,True,0.99894685,0.00040099915,0.00065214594,0.99894685
Nasdaq notches first record high close since 2021,positive,2,positive,True,0.99905545,0.00058796525,0.00035657815,0.99905545
Want Stock Market Gains but Hate Risk? Buffer Annuities May Be for You,neutral,1,neutral,True,0.9979044,0.00019687875,0.9979044,0.0018986707
Biggest ESG Funds Are Outpacing the S&P 500,positive,2,neutral,False,0.56360996,0.0026167799,0.56360996,0.43377328
Stock Market Outlook: Dismal October Points to 6-Month Rally in S&P 500,positive,2,positive,True,0.9948236,0.0013803467,0.0037960443,0.9948236
"Tesla shares suffer New Year's hangover on demand worries, delivery issues",negative,0,negative,True,0.99941313,0.99941313,0.000314612,0.0002722592
"Stocks Rise To Kick Off Big Week of Earnings, Fed Decision",positive,2,positive,True,0.9719278,0.00043319457,0.027638998,0.9719278
"Two Factors That Actually Predict S&P 500 Performance, And What They Show Today",neutral,1,neutral,True,0.9993406,0.00023887465,0.9993406,0.00042048012
"Utilities stocks 'decimated' by rising rates fall into uncommon trading territory, Bespoke chart shows",negative,0,negative,True,0.9993206,0.9993206,0.0004427164,0.00023670106
Tesla hits $500 billion mark after soaring 547% this year,positive,2,positive,True,0.9990767,0.00053913135,0.00038415927,0.9990767
S&P 500 Forecast: Stocks Face Peril as Day of Reckoning Looms,negative,0,negative,True,0.999406,0.999406,0.0003209777,0.00027301567
"S&P 500: Three Stocks Turn $10,000 To $25,265 In Just 3 Months",positive,2,neutral,False,0.93141973,0.0015348337,0.93141973,0.06704548
Decade-Long S&P 500 Bull Surge Is Running Into a Valuation Wall,negative,0,negative,True,0.9987509,0.9987509,0.0006171405,0.0006319253
Markets Should Prepare For An Ugly September,negative,0,negative,True,0.9993044,0.9993044,0.00025795106,0.0004376386
European shares rise as S&P 500 hits record high as earnings thrill,positive,2,positive,True,0.9991617,0.00048670432,0.00035153487,0.9991617
"Stock Market Today: Dow, S&P Live Updates for February 14",neutral,1,neutral,True,0.9993211,0.0002353504,0.9993211,0.00044349887
What Can Insider Trading Activity Tell Us?,neutral,1,neutral,True,0.9992887,0.0002748134,0.9992887,0.00043643158
"Weather hurt earnings of 15% of S&P 500 companies, disclosures show",negative,0,negative,True,0.9992693,0.9992693,0.0005132911,0.00021734984
"Markets News, Aug. 25, 2023: S&P 500, Nasdaq Rebound From Powell Comments to Close Winning Week",positive,2,positive,True,0.9983298,0.00033254083,0.001337676,0.9983298
Europe's GRANOLAS are still beating the S&P 500,positive,2,positive,True,0.99920624,0.00037923924,0.0004145137,0.99920624
"Strategy Webinar: DXY, EUR/USD, USD/CAD, S&P 500 & Gold Technicals",neutral,1,neutral,True,0.9992586,0.0003276233,0.9992586,0.00041383764
"Wells Fargo Investment Institute bets on rate cuts, lifts 2024 S&P 500 target",positive,2,positive,True,0.99883145,0.0003370048,0.0008315002,0.99883145
"S&P 500 doubles from its pandemic bottom, marking the fastest bull market rally since WWII",positive,2,positive,True,0.9991603,0.00047478307,0.00036494885,0.9991603
"Fundstrat's Tom Lee raises S&P 500 target, sees all-time high before year-end",positive,2,positive,True,0.9992218,0.00036583576,0.00041235986,0.9992218
High Shareholder Opposition to Pay in 2022: Major Reasons and Examples,neutral,1,neutral,True,0.9876116,0.01182483,0.9876116,0.000563625
Dow soars nearly 500 points as new data shows inflation continues to cool,positive,2,positive,True,0.9991979,0.00047647927,0.00032557425,0.9991979
"Facebook, Google refer suicidal people to help lines",neutral,1,neutral,True,0.99888045,0.00062743144,0.99888045,0.00049209024
Where Have All The 'Low Priced' Stocks Gone?,neutral,1,neutral,True,0.99916804,0.0004794794,0.99916804,0.00035248848
$300 a Month in These 3 Stocks Could Make You a Millionaire by Retirement,positive,2,neutral,False,0.9983912,0.00017848678,0.9983912,0.0014302758
"Dow gains, S&P 500 ends lower as market weighs Fed rate hikes",negative,0,neutral,False,0.9977591,0.0015925079,0.9977591,0.0006483369
Stocks for the Long Run: Honeywell vs. the S&P 500,neutral,1,neutral,True,0.9990821,0.00050061406,0.9990821,0.000417293
What Is The VIX Volatility Index? – Forbes Advisor Australia,neutral,1,neutral,True,0.99917823,0.00052898907,0.99917823,0.00029272327
Why a trend divergence in the S&P 500 and the VIX may spell trouble for stocks,negative,0,negative,True,0.99934226,0.99934226,0.00039319173,0.00026447387
"S&P 500's P/E Is Actually Lower Than Official Number, BofA Says | Chief Investment Officer",positive,2,neutral,False,0.75707626,0.017701944,0.75707626,0.22522181
U.S. stocks reach new high ahead of record bull market,positive,2,positive,True,0.9991302,0.0005521202,0.0003177016,0.9991302
Oil tycoon’s ex accepts $975 million after all,neutral,1,neutral,True,0.9991208,0.00035132238,0.9991208,0.00052792503
"Nasdaq 100, Dow Jones, S&P 500: Weaker-Than-Expected Private Payrolls Data Raises Recession Concerns",negative,0,negative,True,0.99913174,0.99913174,0.0005703235,0.00029801403
Why Exxon Mobil Stock Is Not A Good Energy Sector Pick,negative,0,negative,True,0.999292,0.999292,0.00032931115,0.0003787262
Wall Street's dirty secret: It's terrible at forecasting stocks,negative,0,neutral,False,0.98804456,0.011106891,0.98804456,0.0008485455
"Stock Market News for September 30, 2016",neutral,1,neutral,True,0.9993349,0.00025795697,0.9993349,0.00040713834
"Stock Market Today: Dow Jones, S&P 500 Opens Lower On Hawkish Fed Remarks; Tilray Up On Strong Earnings",negative,0,negative,True,0.9987431,0.9987431,0.0010290117,0.000227851
History shows stocks can weather rate hike cycle,positive,2,positive,True,0.8842173,0.00066570006,0.115116954,0.8842173
Goldman's Top Strategist Sets His S&P 500 Target For 2012,neutral,1,neutral,True,0.9991321,0.00031272028,0.9991321,0.00055514136
US stock market: Wall Street ends higher as Nvidia sparks rush for AI stocks,positive,2,positive,True,0.9992386,0.00035143952,0.00040993374,0.9992386
Dow Jones Today: Index Drops on Consumer Concern,negative,0,negative,True,0.99943215,0.99943215,0.0003257301,0.00024207476
Nancy Pelosi's Portfolio Plunged 20% in 2022 Stock Market Crash,negative,0,negative,True,0.99473935,0.99473935,0.0047482206,0.0005123627
S&P 500's Risk-Adjusted Return Was Close to World-Best in 2017,positive,2,positive,True,0.99887425,0.00038456224,0.0007411236,0.99887425
"Dow, S&P 500 and Nasdaq eke out gains, but close below session highs after July's inflation report",positive,2,neutral,False,0.97409534,0.024088077,0.97409534,0.0018165524
Defensive Equities Are Leading the S&P 500 to Its Record Highs,positive,2,positive,True,0.9989538,0.0005327984,0.0005133283,0.9989538
Credit Calculus Turns Against Stocks With Yield Edge Over Bonds Vanishing,negative,0,neutral,False,0.9307399,0.06813322,0.9307399,0.0011268221
"W. R. Berkley Stock Has Outperformed S&P500 Over The Last Month, Is It A Buy?",positive,2,neutral,False,0.8789318,0.00043695344,0.8789318,0.12063125
"SolarEdge, Insulet, and Dollar General Lead S&P 500 Q3 Losses",negative,0,negative,True,0.9993031,0.9993031,0.00034671754,0.00035008634
Polish Holocaust Survivor Founded Electronics Firm - WSJ,neutral,1,neutral,True,0.9992067,0.00024842005,0.9992067,0.0005448567
Why Are Investors Allocating to Equal-Weight RSP Now?,neutral,1,neutral,True,0.99916637,0.00032610496,0.99916637,0.0005074923
"S&P 500 posts biggest decline in nearly two months, Dow drops 250 points to kick off December",negative,0,negative,True,0.999443,0.999443,0.00026511066,0.00029192562
S&P 500: Did We Just Experience a Capitulation Bottom?,neutral,1,neutral,True,0.99875987,0.00070635317,0.99875987,0.0005337491
"Nasdaq Index, Dow Jones, S&P 500 News: Futures Dip Amid Record Highs, Inflation Data Anticipation",negative,0,negative,True,0.9993175,0.9993175,0.00040340953,0.00027908126
Ben & Jerry's says Unilever froze directors' salaries over Israel,negative,0,negative,True,0.6026444,0.6026444,0.39615306,0.0012025704
Default risk rises across most US sectors in Q1,negative,0,negative,True,0.9980513,0.9980513,0.0016639461,0.00028479486
"'Twice as cheap': These stocks' discount to the S&P 500 is double its average, Ritholtz's Brown says",positive,2,neutral,False,0.9914624,0.0026526887,0.9914624,0.0058848173
S&P 500 ends higher as jobs data fuels rate-hike optimism,positive,2,positive,True,0.9992493,0.00039367838,0.00035702778,0.9992493
Markets Gain at Midday Amid Expectations Fed Might Not Hike Rates at Next Meeting,positive,2,positive,True,0.9990727,0.00036057437,0.0005667613,0.9990727
‘Pay up or die’: Thousands of Australians receive death threat text message,neutral,1,neutral,True,0.99846774,0.0011760686,0.99846774,0.00035611461
Stocks advance as earnings pick up; Dow notches 8th day of gains,positive,2,positive,True,0.9992354,0.00042526893,0.00033932563,0.9992354
Stocks With the Highest Dividend Yields in the S&P 500,neutral,1,neutral,True,0.99905723,0.00025711392,0.99905723,0.00068568747
5 Stocks Routinely Outperform During 'Wild' Month Of March,positive,2,neutral,False,0.99841714,0.0006841264,0.99841714,0.0008987121
"SPDR S&P 500 ETF Trust (SPY) Bounces Back, Halving Last Week's Losses",positive,2,positive,True,0.9986337,0.0005094302,0.00085689523,0.9986337
"Wall St inches higher, Treasury yields gain as S&P 500 inches closer to record high",positive,2,positive,True,0.99918336,0.00038341622,0.0004331682,0.99918336
VIX and Biotech ETFs Invigorated Amid Pfizer COVID Pill News,positive,2,positive,True,0.99579704,0.00036593268,0.0038370162,0.99579704
S&P 500 Gains and Losses Today: Index Advances as GDP Growth Beats Expectations,positive,2,positive,True,0.9941881,0.0002739481,0.005538019,0.9941881
What's Powering the Strongest Bull Market Since WWII?,positive,2,neutral,False,0.9867003,0.00035433858,0.9867003,0.012945424
Biggest Gainers: The S&P 1500's Biggest Gainers Since The March 2009 Low,positive,2,neutral,False,0.9963821,0.00026623884,0.9963821,0.0033516444
"50-year gold price vs stocks chart shows bullion fair value above $2,500 - MINING.COM",neutral,1,positive,False,0.988918,0.0015712606,0.009510703,0.988918
S&P 500 Records Worst One Day Decline Since 1987 | Market Insights,negative,0,negative,True,0.99933225,0.99933225,0.0002676689,0.00040006294
S&P 500 ends Tuesday little changed as earnings season picks up steam: Live updates,neutral,1,neutral,True,0.9988844,0.0005037007,0.9988844,0.0006119217
Grab a Slice of the Discounted Small-Cap Pie,positive,2,neutral,False,0.9989894,0.00041009506,0.9989894,0.00060040393
"NASDAQ 100, Dow Jones, S&P 500 News: Inflation Fears Ease, Retail Sales Surge",positive,2,positive,True,0.99910164,0.00035280237,0.000545588,0.99910164
"S&P 500 closes at a record, rises for a fourth-straight week on strong tech earnings: Live updates",positive,2,positive,True,0.9992174,0.00041847103,0.00036413936,0.9992174
B Of A Upped Its Forecast For Stocks — Just Not The Ones You Think,positive,2,positive,True,0.9986933,0.00065615866,0.000650542,0.9986933
"2024 Outlook: 9 Views on What to Watch Across S&P 500 Earnings, AI, Banks, and More",neutral,1,neutral,True,0.99936193,0.0002490738,0.99936193,0.00038899493
"US STOCKS-S&P 500, Nasdaq up as tech stocks rise after J&J vaccine pause",positive,2,positive,True,0.9991954,0.00041973597,0.00038489528,0.9991954
A Conservative ETF That Boycotts Liberal Companies Is Beating the S&P 500,positive,2,positive,True,0.9962083,0.000564651,0.0032270853,0.9962083
BMO says bull case scenario of S&P 500 at 5050 'becoming more likely',positive,2,positive,True,0.99899334,0.00060542213,0.0004012309,0.99899334
Better Buy: Berkshire Hathaway or Vanguard 500 Index Fund?,neutral,1,neutral,True,0.99930024,0.00032720919,0.99930024,0.00037248214
Stock Market Returns In Years Ending In 5,neutral,1,positive,False,0.9938519,0.0009427821,0.0052052913,0.9938519
"S&P 500, Nasdaq climb as chips, megacaps jump",positive,2,positive,True,0.99916124,0.00046257046,0.00037624573,0.99916124
"ISM Manufacturing PMI Misses Expectations, S&P 500 Tests New Lows",negative,0,negative,True,0.99940205,0.99940205,0.00028121937,0.0003167774
Ventas to be major ShelbyHurst office tenant,neutral,1,neutral,True,0.9991381,0.00034940234,0.9991381,0.0005123992
Seagate Added To S&P 500 Stock Index; Shrs Rally,positive,2,positive,True,0.9991743,0.00033936367,0.0004862966,0.9991743
"Li Auto Stock Was Up 8% Last Week, Is There More Upside?",positive,2,positive,True,0.98979187,0.0002588287,0.00994926,0.98979187
Hexcel Corporation Stock Has 25% Upside In The Near Term,positive,2,positive,True,0.99922454,0.00038113794,0.00039432407,0.99922454
"Dow drops to start Q4, but there's a historical case to remain bullish on stocks in final trading quarter",neutral,1,negative,False,0.8485661,0.8485661,0.11422061,0.037213363
Monthly Covered Call Commentary – Global X ETFs,neutral,1,neutral,True,0.99937683,0.00028205293,0.99937683,0.00034110024
SPDJI: The importance of sector selection over stock picking,neutral,1,neutral,True,0.99916327,0.0003191129,0.99916327,0.0005176395
"Stock market news live updates: S&P 500 tops 4000 for the first time, Nasdaq gains more than 1%",positive,2,positive,True,0.99920565,0.00033523305,0.0004591537,0.99920565
Analysts see over 7% upside in S&P 500 amid small-cap rally,positive,2,positive,True,0.9992418,0.00042822305,0.00032998968,0.9992418
The S&P 493 is finally joining the S&P 500's rally: Morning Brief,positive,2,positive,True,0.9991372,0.00034348073,0.000519269,0.9991372
Just 5 Trading Days Accounted for 94% of the S&P 500's Decline in 2022,negative,0,negative,True,0.99714667,0.99714667,0.002231035,0.00062224036
Fintech-friendly banks lead best-performing US bank stocks in January,positive,2,positive,True,0.70862854,0.00063256716,0.2907389,0.70862854
Getting a Technical Perspective on S&P 500,neutral,1,neutral,True,0.99930394,0.00028413162,0.99930394,0.00041192322
S&P 500 poised to hit record high; Alcoa gains,positive,2,positive,True,0.99920803,0.0004325176,0.00035944342,0.99920803
"Stock market today: S&P 500 and Nasdaq hit fresh highs, Nvidia tops $2 trillion as rally rages",positive,2,positive,True,0.9992093,0.00041121565,0.0003794922,0.9992093
Report: 15-year-olds in Asia are better problem solvers than in the U.S.,neutral,1,neutral,True,0.99890673,0.00034849092,0.99890673,0.0007446902
S&P 500 Ceilings And Floors | investing.com,neutral,1,neutral,True,0.99935347,0.0003641721,0.99935347,0.00028232377
Infographic: The Best and Worst Performing Sectors of 2020,neutral,1,neutral,True,0.999258,0.00041749663,0.999258,0.00032447203
Why Tesla took so long to get into the S&P 500 — and what that means for other companies,neutral,1,neutral,True,0.9978192,0.0005391924,0.9978192,0.0016416534
"Nasdaq sets record high, S&P positive for 2020 as investors double down on recovery",positive,2,positive,True,0.9992705,0.00037635397,0.00035319963,0.9992705
"Super Micro, Deckers Outdoor Rise on S&P 500 Inclusion",positive,2,positive,True,0.9989857,0.00035443367,0.00065988407,0.9989857
FINANCIAL CRASH WARNING: Signs major stock markets could be about to IMPLODE,negative,0,negative,True,0.99929476,0.99929476,0.00039532353,0.0003097943
S&P 500 Weekly Price Forecast – S&P 500 Continues to See Upward Pressure,positive,2,negative,False,0.99913675,0.99913675,0.00056775135,0.00029552495
This Day In Market History: Peak Tulip Mania,neutral,1,neutral,True,0.8036071,0.00065280474,0.8036071,0.19574012
US close: Dow and S&P 500 hit fresh highs after GDP beat,positive,2,positive,True,0.99916947,0.0004861134,0.00034439878,0.99916947
Markets Drop on Renewed Concerns About Rate Hikes,negative,0,negative,True,0.99938846,0.99938846,0.00036014593,0.00025141521
China Pushes S&P 500 to New All-Time High,positive,2,positive,True,0.9990879,0.0004749415,0.00043713168,0.9990879
How a Single ETF Could Help You Retire a Millionaire,positive,2,neutral,False,0.9991702,0.00025108978,0.9991702,0.00057877565
Equal-Weight S&P 500 ETFs to Consider as Big Tech Struggles,neutral,1,neutral,True,0.99873596,0.0009825677,0.99873596,0.0002814018
"Warren Buffett, Berkshire Hathaway vs. S&P 500",neutral,1,neutral,True,0.9989561,0.0006025452,0.9989561,0.00044137647
Why Markets Bounced Back So Quickly After the Russian Invasion of Ukraine,positive,2,positive,True,0.84699976,0.004977949,0.14802223,0.84699976
"'First five days' indicator, which has a solid track record at predicting year, off to good start",positive,2,positive,True,0.9988034,0.00043006547,0.0007665309,0.9988034
"Market Wrap, March 26: Here's all that happened in the markets today",neutral,1,neutral,True,0.9991769,0.00024894698,0.9991769,0.0005740954
"Dow Jones, Nasdaq futures indicate a weak start on Wall Street today after Putins speech",negative,0,negative,True,0.9993888,0.9993888,0.0004218631,0.00018936077
How Investors Are Preparing Now For The Coming Tech-Stock Crash,negative,0,neutral,False,0.8808086,0.11526083,0.8808086,0.0039305943
Highest Forward 12-Month P/E Ratio for S&P 500 Since 2002,negative,0,neutral,False,0.96296084,0.00064308324,0.96296084,0.0363961
Campbell Soup Leads S&P 500 Gains as Higher Prices Help Profit Beat Estimates,positive,2,positive,True,0.9992042,0.0004064371,0.00038942308,0.9992042
Stocks fall as Wall Street ends a winning streak,negative,0,negative,True,0.999403,0.999403,0.00028248617,0.00031451733
Slow Slog in Stocks Is Now a Steamroller Crushing Every Naysayer,positive,2,neutral,False,0.9978967,0.0011134373,0.9978967,0.0009898504
S&P 500 hits 5000 in intraday: Stocks that saw record highs,positive,2,positive,True,0.99918,0.0004308715,0.00038908626,0.99918
S&P 500 share index notches up record-breaking winning streak,positive,2,positive,True,0.9991615,0.00046091303,0.0003776658,0.9991615
Keeping a legacy alive: CEO puts her stamp on the family business,neutral,1,neutral,True,0.999283,0.00032090268,0.999283,0.00039604996
"Stock market news today: Stocks snap 9-week win streak as Dow, S&P 500 have worst start since 2016",negative,0,negative,True,0.9993993,0.9993993,0.00033756933,0.00026319965
The Dow just fell by more than 1100 points,negative,0,negative,True,0.99937385,0.99937385,0.00031602554,0.00031011002
15 Undervalued S&P 500 Stocks Billionaires Are Loading Up On,positive,2,neutral,False,0.99929893,0.00034782392,0.99929893,0.00035321614
S&P 500 in 2021: These Were the Year's 10 Worst-Performing Stocks,negative,0,neutral,False,0.99764746,0.0020628518,0.99764746,0.00028968655
7 Stocks Generate An Astounding 25% Of The S&P 500's Profit,positive,2,neutral,False,0.9988551,0.00022364833,0.9988551,0.0009212188
Equity markets signal it is time to diversify,neutral,1,neutral,True,0.8934144,0.012366429,0.8934144,0.09421924
"Stock Market Today: Dow, S&P Live Updates for April 4",neutral,1,neutral,True,0.9993092,0.00023494686,0.9993092,0.00045588525
How to Use Fibonacci Extensions to Isolate Turning Points in ETFs,neutral,1,neutral,True,0.9992555,0.0003342829,0.9992555,0.00041025493
"Stock Market Today: Dow, S&P Live Updates for June 2",neutral,1,neutral,True,0.9993166,0.00023080167,0.9993166,0.00045270554
Retail Investors are Underperforming the Market,negative,0,negative,True,0.997591,0.997591,0.000821677,0.0015873198
Stock market news today: Stocks soar as investors look ahead to inflation data,positive,2,positive,True,0.999156,0.0002618082,0.000582137,0.999156
Minimize Risk by Hedging With Derivatives,neutral,1,neutral,True,0.9977518,0.00062108575,0.9977518,0.0016271741
S&P 500 Q2 2023 earnings beat Wall Street expectations,positive,2,positive,True,0.999228,0.00043467566,0.00033731852,0.999228
Will 50DMA Support Stocks for the 10th Time in 2021 - ALPHA PROFIT,neutral,1,neutral,True,0.99677366,0.0007459156,0.99677366,0.002480432
"Like Steve Jobs, Apple’s Tim Cook replies to fans’ e-mails",neutral,1,neutral,True,0.99928683,0.00030634098,0.99928683,0.00040682207
The Equity Bear Market Won't Be Over Before Recession Begins,negative,0,negative,True,0.98718786,0.98718786,0.009738674,0.0030735498
U.S. stocks can climb a lot higher in 2024,positive,2,positive,True,0.9992023,0.00037937827,0.0004182957,0.9992023
Nasdaq enters a correction as tech shares lead U.S. stocks lower,negative,0,negative,True,0.99940705,0.99940705,0.00029959416,0.0002933705
"Stocks end slightly higher as S&P 500, Nasdaq book 5th straight monthly gain",positive,2,positive,True,0.99916923,0.0004718863,0.0003588787,0.99916923
Court bans Samsung tablet from sale in Europe,negative,0,negative,True,0.99921834,0.99921834,0.00045774996,0.00032381775
S&P 500 Reporting Lowest Net Profit Margin Since 2009,negative,0,negative,True,0.9992229,0.9992229,0.0004004293,0.00037665683
Wall Street rises as financials recover after Citi results,positive,2,positive,True,0.99922705,0.00042978575,0.00034315995,0.99922705
15 Stocks Billionaire Investors Agree It's Smart To Buy Now,positive,2,neutral,False,0.99886465,0.0002144834,0.99886465,0.00092092104
Fundstrat's Tom Lee explains why he sees an all-time high in the S&P 500 this year,positive,2,positive,True,0.9988549,0.00028361444,0.0008615443,0.9988549
SPDR S&P 500 ETF Trust and the Joe Biden Phenomenon,neutral,1,neutral,True,0.9993623,0.0002826447,0.9993623,0.00035503253
Ikea finds horse meat in Russian hotdogs,neutral,1,neutral,True,0.99911183,0.00044824206,0.99911183,0.00044000556
"Markets News, Dec. 13, 2023: Dow Jumps 500 Points to Record High After Fed Forecasts 3 Rate Cuts in 2024",positive,2,positive,True,0.9991973,0.0003170957,0.00048561636,0.9991973
U.S. Stocks End Mostly Lower; Nasdaq Claims Positive Turf,negative,0,negative,True,0.99926454,0.99926454,0.00050680724,0.00022864428
Stock market news live updates: Stocks surge as Wall Street crawls out of a brutal September,positive,2,positive,True,0.99921525,0.00037135667,0.00041341534,0.99921525
"VOO: 4 ""Strong Buy"" ETFs that Pay Dividends",positive,2,neutral,False,0.99915123,0.00029397535,0.99915123,0.00055478996
These stocks have been shunned for years. Now investors love them,positive,2,positive,True,0.9972167,0.0003341903,0.0024491427,0.9972167
Historical Fact: March Triple Witching Sends S&P 500 Lower,negative,0,negative,True,0.99941826,0.99941826,0.0003274929,0.00025426556
The S&P 500 finally hit a new record after multiple tries this month. Here's what could happen next,positive,2,positive,True,0.9990722,0.00035216034,0.0005756428,0.9990722
Bank of America CEO gets 17% bump to $14 million,neutral,1,positive,False,0.9977144,0.00028334087,0.00200232,0.9977144
State Street S&P 500 ETF doubles to $10bn since fee cut,positive,2,positive,True,0.8261661,0.0019731375,0.17186072,0.8261661
Africa’s super telescopes ‘will inspire science boom’,neutral,1,neutral,True,0.9400646,0.0003412245,0.9400646,0.0595942
Google: Self-driving cars are mastering city streets,neutral,1,neutral,True,0.9496747,0.0005625233,0.9496747,0.049762767
Rush Limbaugh: Tech bloggers ‘hate’ Apple,negative,0,neutral,False,0.9933062,0.0058105895,0.9933062,0.0008832436
McDonald’s breakthrough: Weird places to find the golden arches,neutral,1,neutral,True,0.9992478,0.0002265027,0.9992478,0.000525814
"Stock market live Thursday: Dow tanks 2,300 in worst day since Black Monday, S&P 500 bear market",negative,0,negative,True,0.9994048,0.9994048,0.00027945402,0.00031573835
Stock Market Outlook: S&P 500 on Track for 28% Gain This Year,positive,2,positive,True,0.99926776,0.00035236837,0.00037992344,0.99926776
Olympus Chairman to step down amid public row,negative,0,neutral,False,0.9991159,0.00052227976,0.9991159,0.00036187697
Index Fund Investment Strategy: Michael Burry Warns of Bubble,negative,0,negative,True,0.69397163,0.69397163,0.30450624,0.0015220868
Energy giant struggles to contain offshore gas leak,negative,0,neutral,False,0.6899683,0.30839443,0.6899683,0.001637285
"Nvidia and Big Tech are still the driving forces for the market, bringing S&P 500 back to record levels",positive,2,positive,True,0.9992442,0.00035435232,0.00040147192,0.9992442
"Stock Market Today: Dow, S&P Live Updates for July 26",neutral,1,neutral,True,0.9993118,0.00023458611,0.9993118,0.0004536213
Investing Club mailbag: How to use Jim Cramer's trusted S&P Oscillator to interpret market swings before investing,neutral,1,neutral,True,0.99929094,0.00030325903,0.99929094,0.0004057284
Friday Fun Fact: The Birth of Stock Index Futures,neutral,1,neutral,True,0.9993179,0.00025910148,0.9993179,0.0004229899
A strategy to outsmart the S&P 500 ‘bubble’,neutral,1,neutral,True,0.99860364,0.0003825327,0.99860364,0.0010138307
"Market Report - Oct. 31, 2011 - CNNMoney",neutral,1,neutral,True,0.99929273,0.00030619677,0.99929273,0.0004011344
TSX drops as worries deepen about EU debt crisis,negative,0,negative,True,0.9994072,0.9994072,0.0003296935,0.00026322936
Brooklyn Brewery: How a journalist became the king of beer,neutral,1,neutral,True,0.99906534,0.00021314833,0.99906534,0.0007215517
"What's the Difference Between the Dow, S&P 500, and Nasdaq?",neutral,1,neutral,True,0.9993563,0.0002977475,0.9993563,0.00034591494
Wall Street ekes out modest gains as S&P 500 hovers near all-time closing high,positive,2,positive,True,0.91655135,0.0028013093,0.08064738,0.91655135
"Wall Street ends higher on technology, energy boost",positive,2,positive,True,0.9992011,0.00043774568,0.00036110886,0.9992011
Tech sector contributed all of the stock market gains so far in 2018,positive,2,positive,True,0.9971185,0.00021042969,0.0026711246,0.9971185
Explained: Can market concentration determine future returns? Take a look at S&P 500's past,neutral,1,neutral,True,0.99936575,0.00028650128,0.99936575,0.00034777654
Warning signs suggest this year’s stock market rally is on shaky legs,negative,0,negative,True,0.99927515,0.99927515,0.0002958792,0.00042900332
‘Fear Rick’s Vest’: Santorum’s sweaters go viral,neutral,1,neutral,True,0.99934155,0.00029274204,0.99934155,0.0003657798
Aggressive demand falters in S&P 500: Will a shakeout follow? [Video],negative,0,negative,True,0.9993197,0.9993197,0.00042733643,0.00025306197
"S&P 500 and Nasdaq 100 Make Gains, While CAC40 Struggles",positive,2,neutral,False,0.6269784,0.000928757,0.6269784,0.37209287
U.S. Stocks Cut Losses In The Wake Of AIG Disclosure,negative,0,positive,False,0.99787426,0.0013168794,0.0008088198,0.99787426
"The Bull Market in Stocks Is on Track to Push S&P 500 to 5,000 by 2024",positive,2,positive,True,0.9991885,0.00039479753,0.000416738,0.9991885
Wall Street ends sharply higher on sign of cooling inflation,positive,2,positive,True,0.99916613,0.0005116317,0.00032229614,0.99916613
Where will the S&P 500 go in 2020? Here are the most bullish and bearish strategists,neutral,1,neutral,True,0.9992544,0.00036184603,0.9992544,0.00038374146
"Markets News, Feb. 9, 2024: S&P 500 Tops 5K, Nasdaq Approaches 16K Amid Tech Rally",positive,2,positive,True,0.9990422,0.0003301724,0.0006275414,0.9990422
The Stock Market Doesn't Care About Violence. Here's How It's Performed During Major U.S. Protests And Tragedies,neutral,1,positive,False,0.8359517,0.0011156442,0.16293265,0.8359517
Japan stock index hits 33-year high as investors warm to Tokyo story,positive,2,positive,True,0.99913555,0.0005316567,0.00033286985,0.99913555
Tesla's stock market value accelerates past $500 billion,positive,2,positive,True,0.9991322,0.00046162866,0.00040623557,0.9991322
Warren Buffett Boldly Loads Up On 4 Of His Best Stocks,positive,2,neutral,False,0.99928695,0.00027184267,0.99928695,0.00044122152
Stock pain: 15% of S&P 500 down 20% in 2015,negative,0,negative,True,0.99936527,0.99936527,0.00029744962,0.0003372951
Earnings revision breadth at highest rate in six years,positive,2,neutral,False,0.4980692,0.4766813,0.4980692,0.025249511
"ChartIQ Joins S&P Global, Enhances Capital IQ Pro Platform",positive,2,neutral,False,0.9986307,0.00022327545,0.9986307,0.0011459072
The strong January in stocks could be a positive sign for the year,positive,2,positive,True,0.99922943,0.0003558251,0.00041478366,0.99922943
Wells Fargo Investment Institute 2023 Midyear Outlook: Navigating end-of-cycle turbulence,neutral,1,neutral,True,0.9986292,0.00085488864,0.9986292,0.0005159822
How Will the GICS Sector Changes Affect Sector ETFs in the U.S.?,neutral,1,neutral,True,0.9993326,0.00035298962,0.9993326,0.00031433025
S&P 500 Seasonality Turns Negative In Late September,negative,0,negative,True,0.99937904,0.99937904,0.00028818162,0.00033272375
"The S&P 500’s record-setting holiday run appears likely to continue in 2020, analysts say",positive,2,positive,True,0.99915063,0.00038674902,0.0004626498,0.99915063
How Apple Stock Continues To Impressively Outperform,positive,2,positive,True,0.99920744,0.00034881517,0.00044377672,0.99920744
"S&P 500, Nasdaq snap longest winning streak in 2 years after Powell remarks, weak bond auction",negative,0,positive,False,0.94675297,0.03560476,0.0176423,0.94675297
"S&P 500, Nasdaq eke out 3rd day of gains, but November rally hits speed bump",positive,2,neutral,False,0.97936136,0.007602104,0.97936136,0.013036562
8 Charts That Tell The Stock Market Story Of 2021,neutral,1,neutral,True,0.9993697,0.00024494517,0.9993697,0.0003853661
Look and feel good: How tech could save the fashion industry,neutral,1,neutral,True,0.9938018,0.00022304185,0.9938018,0.005975117
Corporate America's revenues are roaring back,positive,2,positive,True,0.9991007,0.00043514164,0.00046414524,0.9991007
"Stock Market Today: Dow, S&P Live Updates for November 29",neutral,1,neutral,True,0.99930704,0.00024263147,0.99930704,0.0004502814
"S&P 500 closes above 5,000 for first time as US inflation cools",positive,2,positive,True,0.99908054,0.0005804923,0.00033899755,0.99908054
Investing in S&P 500 from the UK – What to Know,neutral,1,neutral,True,0.9993217,0.00025755656,0.9993217,0.00042075556
"10-Year Treasury Yield Dives On Government Funding Plan, ADP Jobs Data; S&P 500 Falls",negative,0,negative,True,0.82414234,0.82414234,0.16283992,0.013017734
"Best Mutual Funds 2022 Topping Their Categories And Beat Benchmarks Over 1, 3, 5 & 10 Years",positive,2,neutral,False,0.9975152,0.00016416862,0.9975152,0.002320636
CalPERS Equity Portfolio Edges Out S&P 500 Returns in Q4 2022 | Chief Investment Officer,positive,2,neutral,False,0.9950309,0.0004992126,0.9950309,0.0044698818
"S&P 500 Earnings Season Update: August 4, 2023",neutral,1,neutral,True,0.9993857,0.00030841722,0.9993857,0.00030585547
‘Augmented-reality’ windshields and the future of driving,neutral,1,neutral,True,0.9992417,0.00037364592,0.9992417,0.00038466795
Inflation Data Eats Into the Stock Market's Bull Run,negative,0,positive,False,0.6647575,0.13969845,0.1955441,0.6647575
"Nasdaq grabs new record, S&P turns positive for 2020",positive,2,positive,True,0.9992218,0.0004180034,0.00036022597,0.9992218
Stocks shake off Israel-Gaza war fears to end higher after remarks by Fed officials,positive,2,positive,True,0.9991984,0.00029764112,0.0005040374,0.9991984
Rise of the US mega-caps creates shaky 'top-heavy' market,negative,0,negative,True,0.9069484,0.9069484,0.09111384,0.001937797
High-Frequency Cross-Market Trading and Market Volatility - Liberty Street Economics,neutral,1,neutral,True,0.9913406,0.007972101,0.9913406,0.0006872858
3 Charts That Show Why the Dow Could Keep Underperforming the S&P 500 and Nasdaq in 2022,neutral,1,negative,False,0.82523954,0.82523954,0.17160848,0.0031519658
Wall Street sheds gains as oil slide weighs,negative,0,negative,True,0.99942833,0.99942833,0.00027382912,0.0002978337
Tesla getting trounced by S&P 500 after three years,negative,0,negative,True,0.99863523,0.99863523,0.00086685555,0.00049787445
"Dow surges 1,086 points for biggest point gain in history",positive,2,positive,True,0.99919003,0.00045810948,0.00035181816,0.99919003
Report: Profits for Media and Entertainment Sector Remain High Despite Downturn,positive,2,positive,True,0.9987142,0.00036483622,0.0009209895,0.9987142
Market 'freak out': Stocks rebound from scary plunge,positive,2,positive,True,0.9990709,0.0004096526,0.00051939255,0.9990709
Are European Stocks Cheap or is the U.S. Expensive?,neutral,1,neutral,True,0.99930465,0.00036862187,0.99930465,0.00032675816
Stocks close sharply down after Powell says rates will rise more than expected,negative,0,negative,True,0.999408,0.999408,0.0003642114,0.0002278201
"How Stocks Behave After S&P 500, VIX Returns Are Positive",neutral,1,neutral,True,0.9648327,0.0005752146,0.9648327,0.034592085
Meet Elizabeth: The heart and soul of ‘BioShock Infinite’,neutral,1,neutral,True,0.99933285,0.00031570208,0.99933285,0.0003514087
China protests at India cotton export ban,negative,0,neutral,False,0.80219924,0.19304822,0.80219924,0.0047525153
4 Insurance Stocks That Have Outperformed S&P 500 in a Year,positive,2,neutral,False,0.9897696,0.00032000645,0.9897696,0.0099103805
Limit Your Downside Risk During a Bear Market,neutral,1,neutral,True,0.9962483,0.00092921354,0.9962483,0.0028224958
Junk Bonds Are Sending An Important Message To The Markets (JNK),neutral,1,neutral,True,0.9982634,0.00078918115,0.9982634,0.0009474059
Tesla (TSLA) Stock Price Forecast Gap Is Widest in S&P500,neutral,1,negative,False,0.9922191,0.9922191,0.0041638077,0.00361714
Digital Transformation Is Racing Ahead and No Industry Is Immune - SPONSOR CONTENT FROM DXC TECHNOLOGY,neutral,1,neutral,True,0.99765825,0.0005131218,0.99765825,0.0018287156
U.S. Stocks Erase Losses Amid Hopes Of AIG Rescue,positive,2,positive,True,0.99690044,0.002366487,0.00073311734,0.99690044
How Sustainable Is Johnson & Johnson’s Dividend?,neutral,1,neutral,True,0.9993666,0.00032144657,0.9993666,0.00031204734
Smart-Beta ETFs That Lived Up to Their Nickname,positive,2,neutral,False,0.9992242,0.00035486787,0.9992242,0.00042099407
"Unstoppable Action: S&P 500 Hits Record High, Dow Soars 350 Points!",positive,2,positive,True,0.9991646,0.00042939812,0.00040607268,0.9991646
‘NBA 2K15’ face scans create mutant horrors,neutral,1,neutral,True,0.9831888,0.015973132,0.9831888,0.00083818915
These 19 large-cap stocks have now dropped at least 60% from their 52-week highs,negative,0,negative,True,0.9993272,0.9993272,0.00030926592,0.0003635504
It's Been One Of The Top 5 Worst Starts To A Year For Stocks And Bonds,negative,0,negative,True,0.9977344,0.9977344,0.0017106377,0.00055499957
"US Stock Market: New Highs For Dow, S&P 500, And Nasdaq After Fed's Decision",positive,2,positive,True,0.99918765,0.0003439029,0.00046845118,0.99918765
"Stocks Edge Higher On Deals, Commodities Prices - CBS Los Angeles",positive,2,positive,True,0.99914587,0.0002936972,0.0005603713,0.99914587
"US Indices Beginning to Look Vulnerable; S&P 500, Nasdaq, Dow Price Setups",negative,0,negative,True,0.99913603,0.99913603,0.0006143174,0.00024968598
8 Beaten Down Blue Chips with Upside as S&P 500 Nears Record,positive,2,positive,True,0.99919707,0.0003367498,0.00046625157,0.99919707
"Stock market drop over debt ceiling could begin within days, experts said",negative,0,negative,True,0.9993512,0.9993512,0.0003711965,0.00027762773
What Happens to Stocks Added to the Nasdaq-100?,neutral,1,neutral,True,0.99934274,0.00033044847,0.99934274,0.0003267195
LIVE MARKETS S&P 500 valuations starting to look not half bad,positive,2,positive,True,0.9984168,0.000795022,0.0007881813,0.9984168
Research suggests female CEOs outearn their male peers—but it's not that simple,neutral,1,neutral,True,0.9971035,0.00023635593,0.9971035,0.002660165
Wall Street ends sharply lower as chipmakers and megacaps slide,negative,0,negative,True,0.99940646,0.99940646,0.00027910213,0.00031443473
U.S. stocks snap 4-day winning streak as Treasury yields climb after inflation data,negative,0,negative,True,0.99938226,0.99938226,0.0003015137,0.00031613495
All Correlations Go to 1 in a Crisis: Cattle Crush Spread during COVID-19 - PAER Report,neutral,1,neutral,True,0.90474963,0.0943351,0.90474963,0.00091525994
‘Capital Factory’ spurs startups in Austin,neutral,1,neutral,True,0.9868854,0.0002489251,0.9868854,0.012865692
CBOE Introduces 10 Options-Based Strategy Performance Benchmark Indexes,neutral,1,neutral,True,0.9993794,0.00030903236,0.9993794,0.0003115595
S&P 500 Price Forecast – S&P 500 Continues to Threaten a Breakout,positive,2,negative,False,0.9687951,0.9687951,0.024485592,0.0067193243
LIVE MARKETS 2021 saw a lot less volatility in the S&P 500,positive,2,positive,True,0.9971963,0.0006225915,0.002181078,0.9971963
University Of California's Hedge Fund Investments Plagued By High Fees,negative,0,neutral,False,0.63333863,0.3655682,0.63333863,0.001093247
"Dow flips higher as S&P 500, Nasdaq remain at fresh 2023 high ahead of Fed policy decision",positive,2,positive,True,0.99921894,0.00036386168,0.00041715417,0.99921894
What you need to know about the stock market's circuit breakers,neutral,1,neutral,True,0.99935263,0.0002334962,0.99935263,0.00041390376
Warren Buffett's Advice: Forget Get-Rich-Quick. Here's How to Get Rich Slowly,neutral,1,neutral,True,0.9992736,0.00028929446,0.9992736,0.00043706055
Dow Futures Higher After Monday's Trillion Dollar Wipeout As Coronavirus Concerns Linger,positive,2,positive,True,0.9991026,0.00056897756,0.00032850596,0.9991026
Stock Market Gains Could Be Supercharged in 2024 If 'January Trifecta',positive,2,positive,True,0.9990268,0.00028230017,0.000690988,0.9990268
"S&P 500 falls again on Thursday, inching closer to bear market territory",negative,0,negative,True,0.9994216,0.9994216,0.00027587597,0.00030252966
Equal-Weight Indexers Didn't Suck Wind For A Decade,positive,2,neutral,False,0.41961083,0.2843828,0.41961083,0.29600638
S&P 500 Weekly Price Forecast – Stock Markets Continue Slow Grind,neutral,1,negative,False,0.8669955,0.8669955,0.13123508,0.0017694102
"Why people share murder, rape on Facebook",neutral,1,neutral,True,0.99901366,0.00036832673,0.99901366,0.000617959
"Five years on, millions still dig ‘FarmVille’",neutral,1,neutral,True,0.9979759,0.00031967156,0.9979759,0.0017044193
TD Ameritrade Investor Movement Index: IMX Score Increases as 2023 Begins,positive,2,positive,True,0.9963064,0.00026027966,0.0034333728,0.9963064
"SocGen equity strategists upbeat on S&P 500 near-term, cautious into 2024",positive,2,positive,True,0.99786574,0.00033397082,0.0018003469,0.99786574
"Up Over 32% This Year, Is Ark Innovation ETF a Better Investment in 2023 Than the S&P 500?",positive,2,neutral,False,0.993316,0.00020003112,0.993316,0.006484041
Taco Bell pulls beef from UK outlets after horse meat discovery,negative,0,negative,True,0.9989033,0.9989033,0.0008624977,0.00023423074
S&P 500 Gains and Losses Today: Solar Stocks Soar After Fed Signals Rate Cuts Next Year,positive,2,positive,True,0.9971131,0.00027638796,0.0026105407,0.9971131
Top 10 Names in S&P 500 Responsible for 90% of Q1 Gains,neutral,1,neutral,True,0.995828,0.00021240578,0.995828,0.0039595943
Facebook gets dumped from an S&P index that tracks socially responsible companies,negative,0,negative,True,0.98595756,0.98595756,0.013568921,0.00047358085
"S&P 500 Gains and Losses Today: Gen Digital's Customers, Revenue Advance",positive,2,neutral,False,0.96928596,0.00031197487,0.96928596,0.030402062
"Should You Buy the Vanguard S&P 500 ETF? 3 Pros, 2 Cons",neutral,1,neutral,True,0.99934095,0.0003134504,0.99934095,0.00034563823
Stocks Wobble as a Bumpy Week on Wall St. Comes to a Close (Published 2018),negative,0,negative,True,0.9500882,0.9500882,0.037904404,0.012007439
"Stock Market Today: Dow, S&P Live Updates for May 25",neutral,1,neutral,True,0.99931586,0.00023603922,0.99931586,0.00044812373
The 100 Largest Low-Wage Employers Have Spent $341 Billion on Stock Buybacks Since 2020,neutral,1,neutral,True,0.93132085,0.00057875685,0.93132085,0.068100415
"Tech giants drive fifth day of gains for Nasdaq, S&P 500",positive,2,positive,True,0.9992268,0.00034476857,0.00042840454,0.9992268
"Now is an 'ideal' time for young people to start building wealth, says investing expert",positive,2,neutral,False,0.9951604,0.00019873472,0.9951604,0.004640932
Stocks gain as European central bank says it's ready to act,positive,2,positive,True,0.9990338,0.00027229372,0.0006939226,0.9990338
Wall St closes higher on eve of Fed decision; investors assess earnings,positive,2,positive,True,0.9983541,0.00024796365,0.0013980137,0.9983541
Bangladesh risks losing EU market access,negative,0,negative,True,0.9981902,0.9981902,0.0014697968,0.0003399507
Elon Musk overtakes Bill Gates to become world's second richest person,neutral,1,neutral,True,0.85712206,0.0006030997,0.85712206,0.14227484
"S&P 500 Ready to Join Bear Market, Says Morgan Stanley",negative,0,negative,True,0.9991111,0.9991111,0.00043266127,0.00045612847
This chart shows that oil is going to $75: Technical analyst,neutral,1,positive,False,0.9990558,0.00055355055,0.0003905974,0.9990558
Study finds crypto is ‘fool’s gold’ when it comes to hedging,negative,0,neutral,False,0.9926046,0.0065672165,0.9926046,0.0008281697
A brutal April knocked the S&P 500 into its second stock-market correction of 2022,negative,0,negative,True,0.99938273,0.99938273,0.000259585,0.00035759958
ProPicks: Beat the S&P 500 with our cutting-edge AI-powered stock selection,positive,2,neutral,False,0.59650445,0.0005456547,0.59650445,0.40294987
S&P 500 Will Likely Report Earnings Growth in Q2 2019,positive,2,positive,True,0.99921286,0.00033234464,0.0004548005,0.99921286
Why Google's split will change the S&P 500 forever,neutral,1,neutral,True,0.9980932,0.0005799164,0.9980932,0.0013269178
Hedge funds have lost $43 billion trying to short the market as the S&P 500 eyes its best month in over a year,positive,2,negative,False,0.9990963,0.9990963,0.00037508202,0.0005287175
Here's How Stocks Performed After The Fed Stopped Hiking Rates In The Past,neutral,1,neutral,True,0.9989994,0.00029656728,0.9989994,0.00070405006
Goldman Sees Bull Market In 2019 Despite Investor Pessimism,positive,2,positive,True,0.998978,0.00039303117,0.0006289462,0.998978
Health care stocks rebound despite fight over Obamacare,positive,2,positive,True,0.9990031,0.0002610805,0.00073578244,0.9990031
"Wall Street ignores these 'orphan' stocks, but they've beaten the S&P 500 over 20 years",positive,2,positive,True,0.97003716,0.00043486565,0.02952791,0.97003716
Hedgeye Risk Management | S&P Sector Scorecard: Everything You Need to Know About the U.S. Economy,neutral,1,neutral,True,0.9993686,0.00028298525,0.9993686,0.00034848435
The stock market usually bounces from Thanksgiving to Christmas,positive,2,positive,True,0.99529856,0.0003351403,0.0043663415,0.99529856
'From Bambi to Godzilla.' Strategist David Rosenberg skewers the Federal Reserve as he sees a 30% hit to home prices and the S&P 500 returning to an early 2020 low,negative,0,negative,True,0.9916408,0.9916408,0.007982341,0.00037680333
Prudence pays as cash-rich US companies outperform peers in 2020,positive,2,positive,True,0.9985952,0.0002280518,0.0011767313,0.9985952
S&P 500 generates double-digit gains for third consecutive year,positive,2,positive,True,0.9992175,0.0004072876,0.00037518513,0.9992175
‘The mother of all crises.’ A US debt default would ricochet around the world,negative,0,negative,True,0.99486876,0.99486876,0.004764598,0.0003667224
The FIRE Lunatics With 8% Return Assumptions,neutral,1,neutral,True,0.99761885,0.0017044513,0.99761885,0.00067671685
What Does It Mean That The Stock Market Is A Leading Economic Indicator?,neutral,1,neutral,True,0.9992329,0.0002247339,0.9992329,0.0005423835
'Big Short' Legend Michael Burry Hints Stock Market Crash Is Underway,negative,0,negative,True,0.9988763,0.9988763,0.0007662444,0.00035748075
Dollars and Sense: Hot stocks and housing bubbles,neutral,1,neutral,True,0.9988851,0.00022867322,0.9988851,0.00088623876
Goldman Sachs thinks the economy will actually pull off a soft landing—but adds the S&P will stay flat for a whole year,neutral,1,neutral,True,0.6626897,0.22028202,0.6626897,0.11702824
"Stocks log worst week since 2008: March 20, 2020",negative,0,negative,True,0.9993284,0.9993284,0.0003436351,0.00032793282
Tesla Stock Plummets Over 21%. How Much Further Can It Drop?,negative,0,negative,True,0.9988373,0.9988373,0.00058793864,0.0005747724
Companies Are Dropping Like Flies (And 10 Are Most At Risk Now),negative,0,neutral,False,0.90474445,0.094420925,0.90474445,0.0008345475
"Dow jumps 417 as stocks rally, oil hits $102",positive,2,positive,True,0.99916315,0.0004991172,0.00033778403,0.99916315
Cathie Wood slams Tesla's removal from S&P 500 ESG index: 'Ridiculous',negative,0,neutral,False,0.98018265,0.01907586,0.98018265,0.0007415208
20 Percent of TSP C Fund Invested in FAANG Stocks,neutral,1,neutral,True,0.9984515,0.00039055067,0.9984515,0.0011579319
Twitter Caps Nine Years of Largely Unfulfilled Promise on NYSE,negative,0,negative,True,0.9863653,0.9863653,0.012833063,0.00080159004
S&P 500 on Track to Hit Fresh Record Highs,positive,2,positive,True,0.9990771,0.0005621435,0.0003607035,0.9990771
"Dow Jones, S&P 500 Forecast – Approaching Long-term Support as Panic Sets In",negative,0,positive,False,0.6869366,0.30226868,0.010794735,0.6869366
"As Stocks Fall, Economic Fears Rise, Along With Inflation",negative,0,negative,True,0.99838555,0.99838555,0.0012059653,0.00040841967
Analyst sounds the alarm on the 'most crowded trade in investing history',negative,0,negative,True,0.9986274,0.9986274,0.0010649515,0.00030760883
S&P 500 Gains and Losses Today: Stocks Lose Ground as Hiring Slows,negative,0,negative,True,0.99653,0.99653,0.003267851,0.00020215799
"US stocks end higher as Citi, others report strong earnings",positive,2,positive,True,0.99922395,0.00039971585,0.00037635167,0.99922395
S&P 500 ends up slightly with boost from financials; Netflix up late,positive,2,positive,True,0.9991917,0.0003139121,0.0004944068,0.9991917
Out of the Woods? The S&P 500 Recovers 50% of Year's Drawdown,positive,2,positive,True,0.9657957,0.00080630934,0.03339801,0.9657957
S&P 500 & Nasdaq Rebound from Key Support; How Much More Upside?,positive,2,positive,True,0.99788624,0.00033161798,0.0017821303,0.99788624
11 Stocks Hold Up Best During Corrections (And 2 Even Gain),positive,2,neutral,False,0.99911255,0.00025457525,0.99911255,0.00063286774
‘Fatal Attraction’ was in theaters the last time the S&P 500 did this well in January,positive,2,neutral,False,0.9931598,0.0008545759,0.9931598,0.0059856107
Women Hold a Third of S&P 500 Boards Seats With Gains in June,neutral,1,positive,False,0.99206275,0.00045261835,0.0074846516,0.99206275
S&P 500 takes a pause ahead of U.S inflation data,neutral,1,neutral,True,0.9965575,0.0028323103,0.9965575,0.00061024306
"Stock Market Today: Dow, S&P Live Updates for April 21",neutral,1,neutral,True,0.9993199,0.00023459808,0.9993199,0.00044553677
4 Magnificent ETFs to Buy Now That Are Proven Moneymakers,positive,2,neutral,False,0.99926466,0.00025701532,0.99926466,0.00047825137
12 of the worst predictions about the global economy that intelligent people have ever made,negative,0,neutral,False,0.99681145,0.002829859,0.99681145,0.00035864423
SPDR S&P 500 ETF Trust (SPY) News and Forecast: Turnaround Tuesday or pump and dump?,neutral,1,neutral,True,0.9993537,0.00034516584,0.9993537,0.00030116743
"Stock Market (SPX) Keep Rallying, Defying Doom Scenarios",positive,2,positive,True,0.99916255,0.00043738412,0.00040009344,0.99916255
S&P 500 Gains and Losses Today: Index Slips After Downward Revision to GDP Growth,negative,0,negative,True,0.9993542,0.9993542,0.00043454653,0.00021118327
"Nasdaq 100 & S&P 500 Hold Support, while Nikkei 225 Remains Above the 200-day Moving Average",positive,2,positive,True,0.96685034,0.0015308241,0.031618904,0.96685034
AI-darling Nvidia's bumper results push S&P 500 to record high,positive,2,positive,True,0.9992144,0.0004227929,0.00036272153,0.9992144
The Lernstift smartpen checks your spelling as you write,neutral,1,neutral,True,0.99930143,0.00029583313,0.99930143,0.000402816
The Best and Worst Ways to Trade SPY Options Each Week,neutral,1,neutral,True,0.9992908,0.0003283502,0.9992908,0.00038080337
Oppenheimer Says S&P 500 Could Rise Another 12% by Year-End — and These Stocks Could Follow,positive,2,positive,True,0.999041,0.00029436458,0.00066460914,0.999041
Nelson Peltz: Disney board has underperformed the S&P 500 'on every measure',negative,0,negative,True,0.9905973,0.9905973,0.00788129,0.001521328
This Chart Shows the Secret to Never Losing Money in the Stock Market,neutral,1,neutral,True,0.99852365,0.0002835453,0.99852365,0.001192877
"Barclays predicts shares of AMD, one of the market's hottest stocks, will plunge 35%",negative,0,negative,True,0.99937785,0.99937785,0.00027228985,0.000349819
A Bull Market Is Coming: History Says the S&P 500 Could Soar 24% in the Next Year,positive,2,positive,True,0.9991792,0.0004866082,0.0003342316,0.9991792
"Stocks have never bottomed before a recession hits, but there's still a chance the market rallies in 2023 despite ...",positive,2,positive,True,0.93454254,0.0041626487,0.061294787,0.93454254
Paris Terror Attacks: The Economic Fallout,negative,0,neutral,False,0.98441446,0.01510648,0.98441446,0.00047899582
S&P 500 Weekly Price Forecast – Attempt to Break Out but Failed,negative,0,neutral,False,0.9972281,0.0015035559,0.9972281,0.0012683714
SPDR S&P 500 ETF tops record $500 bln in assets as Nvidia soars,positive,2,positive,True,0.99769163,0.0003529151,0.0019555276,0.99769163
CME upgrade soothes critics who viewed prior system as unfair| Gulf Times,positive,2,positive,True,0.99876535,0.00027614532,0.0009585778,0.99876535
"Stock Market Today: Dow, S&P Live Updates for March 29",neutral,1,neutral,True,0.99932146,0.00023895504,0.99932146,0.00043956432
"Markets News, Aug. 24, 2023: Nvidia Boost Fizzles; Nasdaq, S&P 500 Fall in Worst Session in Weeks",negative,0,negative,True,0.9993882,0.9993882,0.00031664074,0.00029505944
Stocks Break to New Highs While VIX Drops to New Low,positive,2,positive,True,0.9619103,0.003602184,0.034487545,0.9619103
"S&P 500 Climbs as US Dollar, Rates Decline: Will the 5,000 Gap Fill Hold?",positive,2,positive,True,0.9985979,0.00036350876,0.0010385889,0.9985979
Indie RIAs say they're taking clients from brokers,neutral,1,neutral,True,0.897988,0.10136751,0.897988,0.00064445025
Dow scores best week since October 2022 as stocks rise after soft jobs report,positive,2,positive,True,0.99925846,0.00040971232,0.00033184674,0.99925846
Big stock rally could be followed by 'big collapse': Bank of America,negative,0,negative,True,0.9983612,0.9983612,0.0013796216,0.00025925462
Five reasons why U.S. stocks soared in 2016,positive,2,positive,True,0.99915385,0.00032738314,0.000518821,0.99915385
International Wide Moat Stocks Ready to Shine,positive,2,positive,True,0.9767969,0.00032646177,0.022876637,0.9767969
S&P 500 Gains and Losses Today: Solar Power Stocks Sink After SolarEdge Warning,negative,0,negative,True,0.9977349,0.9977349,0.0020744675,0.00019063335
"S&P 500 forms 'doji' pattern, a bearish sign for stock-market investors",negative,0,negative,True,0.9992644,0.9992644,0.000330706,0.00040483754
US Stocks are Forecast to Have Less Pain but No Gain in 2023,neutral,1,neutral,True,0.90585923,0.007948419,0.90585923,0.086192384
Dow loses more than 200 points Thursday to snap historic 13-day rally: Live updates,negative,0,negative,True,0.999373,0.999373,0.0003477749,0.00027929194
It's been a while since the S&P 500 had a big pullback—and that could mean rocky times ahead,negative,0,negative,True,0.9992398,0.9992398,0.0003747245,0.00038543067
S&P 500 closes slightly red as weak corporate guidance fuels recession fears,negative,0,negative,True,0.99940324,0.99940324,0.0003630438,0.0002337774
Global markets update: US stocks dip despite GDP growth | Mint,negative,0,negative,True,0.9993001,0.9993001,0.00050790136,0.00019191345
"Is Macy's, Inc. (M) a Profitable Pick for Value Investors?",neutral,1,neutral,True,0.99934965,0.00027562628,0.99934965,0.0003746837
S&P 500 ends higher as investors bet on lower rates,positive,2,positive,True,0.99919194,0.00042822742,0.00037983552,0.99919194
Dollar-Cost Averaging: How It Works and When It Pays Off – 2020 Analysis,neutral,1,neutral,True,0.99930763,0.0003741802,0.99930763,0.00031824142
US healthcare stocks roiled by investor tug of war over economy,negative,0,negative,True,0.83080834,0.83080834,0.16741012,0.0017815283
We Asked ChatGPT For Stock Picks — Here's What It Said,neutral,1,neutral,True,0.9993073,0.00023356779,0.9993073,0.0004591205
YouTube’s most popular video of 2014 was…,neutral,1,neutral,True,0.9985556,0.00026557918,0.9985556,0.0011788327
4 Reasons Why Inverse ETFs Are Broken & Here's A Better Solution,neutral,1,neutral,True,0.9946332,0.004778263,0.9946332,0.0005885522
Why more Amber alerts will be waking you up,neutral,1,neutral,True,0.98954153,0.000787631,0.98954153,0.00967078
S&P 500 CAPE vs S&P 500 12-mth forward returns,neutral,1,neutral,True,0.99792945,0.0013091271,0.99792945,0.00076137175
"US STOCKS Dow, S&P 500 close higher, but pro-Trump protests weigh on gains",positive,2,neutral,False,0.81797767,0.0010037906,0.81797767,0.18101859
"Investors Were Expecting A Rebound From Tuesday's Plunge In The S&P 500. Based On History, It Was A Lot Less ...",neutral,1,neutral,True,0.77277136,0.06111539,0.77277136,0.16611321
"3 Stock Market Predictions for 2024: The S&P 500 Gains, Apple Falls Behind Microsoft, and Cybersecurity and Artificial ...",positive,2,neutral,False,0.99884135,0.0006220525,0.99884135,0.00053659605
"The 10 Biggest Single-Day Declines for the Dow, Nasdaq, and S&P 500",negative,0,negative,True,0.93456036,0.93456036,0.06485275,0.0005868627
Nalini Nadkarni: The tree-climbing scientist who brings plants to prison,neutral,1,neutral,True,0.9993437,0.00030320793,0.9993437,0.0003531272
Tesla gives up 16% pop to close negative in wild speculative trading,negative,0,negative,True,0.99938047,0.99938047,0.00027770177,0.0003417667
Ken Griffin's Hedge Fund Reportedly Crushed S&P 500 in January,positive,2,negative,False,0.9968479,0.9968479,0.0025800315,0.00057210535
Silver Vs. SPX: Ratios At Historic Lows | investing.com,neutral,1,negative,False,0.99921465,0.99921465,0.00052118645,0.00026415478
"2015 All-America Research Team: Equity-Linked Strategies, No. 1: Marko Kolanovic & team",neutral,1,neutral,True,0.99937075,0.00025382734,0.99937075,0.00037544547
S&P 500 to rise 30% over next two years: Strategist,positive,2,positive,True,0.9992046,0.00037539034,0.00042003955,0.9992046
Two More Reasons This Bear Market Isn't Over,negative,0,negative,True,0.97994953,0.97994953,0.015633062,0.0044173426
S&P 500 to end 2023 up 17% but little gains seen between now and year end: Reuters poll,positive,2,positive,True,0.9815091,0.00057463563,0.017916258,0.9815091
Wabtec to replace Goodyear Tire on S&P 500 Feb. 27,neutral,1,neutral,True,0.99811137,0.00040743407,0.99811137,0.0014812557
Wall Street thinks stocks have room to run even higher than originally thought,positive,2,positive,True,0.9992704,0.0003718586,0.00035775927,0.9992704
All else being equal: Making the case for equal-weight ETFs,neutral,1,neutral,True,0.9991929,0.00037066848,0.9991929,0.00043642032
"Oscar de la Renta: The man who could sell a $12,000 dress",neutral,1,neutral,True,0.9992767,0.00027834132,0.9992767,0.00044490356
Stocks rise but pare gains in first trading day of 2017,positive,2,neutral,False,0.93628836,0.06279591,0.93628836,0.0009158085
"S&P 500, Nasdaq 100 Break Series of Lower Highs",positive,2,positive,True,0.9976942,0.0004874828,0.0018182724,0.9976942
"Nasdaq, S&P 500 aim for longest winning streaks in roughly 2 years as QQQs challenge important trend line",positive,2,positive,True,0.9962399,0.00068095827,0.0030791748,0.9962399
Sprint falls to last in Consumer Reports rankings,negative,0,negative,True,0.99924684,0.99924684,0.00044314816,0.00031001322
A death cross for the S&P 500 highlights a stock market in tatters,negative,0,negative,True,0.9993057,0.9993057,0.00046926874,0.0002250892
Looming Debt Crisis Might Turbocharge VXX,negative,0,neutral,False,0.70226234,0.13241552,0.70226234,0.16532215
Why this ‘anti-momentum’ ETF is back in favor with investors,neutral,1,positive,False,0.9777933,0.0006861592,0.021520548,0.9777933
"Macro Asset: Bitcoin Trounces Gold, S&P 500, & More In 2021 | Bitcoinist.com",neutral,1,negative,False,0.99569255,0.99569255,0.003804701,0.00050277356
"Charts suggest the S&P 500 is nearing a ‘decisive’ moment, Jim Cramer says",neutral,1,positive,False,0.9982333,0.0006512353,0.0011153676,0.9982333
S&P 500 Bearish Triangle May Lead To Additional 8% Decline!,negative,0,negative,True,0.99932814,0.99932814,0.0002662474,0.00040559916
Markets Throw a Welcome Party of Sorts for Biden (Published 2020),positive,2,neutral,False,0.9992988,0.0003412763,0.9992988,0.00035992922
"Most-shorted S&P 500 stock of 2020 surges, putting squeeze on short sellers",positive,2,positive,True,0.99897814,0.0003287117,0.0006931954,0.99897814
World stocks slide on weaker U.S. earnings outlook,negative,0,negative,True,0.9994429,0.9994429,0.00028088776,0.000276114
Why Wall Street analysts almost never put 'sell' ratings on stocks they cover,neutral,1,neutral,True,0.99873406,0.0005606522,0.99873406,0.00070526643
Discovery CEO David Zaslav Earned $33.3 Million In 2013,neutral,1,neutral,True,0.97933835,0.0005495123,0.97933835,0.020112107
The Best American Funds for 401(k) Retirement Savers,neutral,1,neutral,True,0.99928087,0.0002776026,0.99928087,0.0004415551
Why It's a Surprise the S&P 500 Is 8% Higher Now Than Before Fed Hikes,positive,2,positive,True,0.99916375,0.0004669148,0.00036936477,0.99916375
Stock Market News Today: S&P 500 on Track to End Six-Session Win Streak,negative,0,positive,False,0.99900347,0.0003389809,0.0006575733,0.99900347
How Turkey turned from emerging star to economic mess,negative,0,negative,True,0.99892753,0.99892753,0.0007577688,0.00031475138
"Stocks close higher Friday, Nasdaq notches best quarter since 2020: Live updates",positive,2,positive,True,0.99923205,0.00036104964,0.00040691154,0.99923205
"As Crazy as It Sounds, the Stock Market Will Hit New Record Highs This Year: Analyst",positive,2,positive,True,0.9991781,0.00041510706,0.00040672213,0.9991781
NASDAQ Composite Outperforms Dow and S&P 500 as Markets Rally on Credit Suisse Assurance,positive,2,positive,True,0.99919075,0.0003613623,0.0004478894,0.99919075
"S&P 500 rally is showing signs of a bubble, selloff is coming - JPM",negative,0,negative,True,0.9992544,0.9992544,0.00032025517,0.00042536706
Steve Jobs’ yacht impounded over pay dispute,negative,0,negative,True,0.9174639,0.9174639,0.08176692,0.00076920044
Nasdaq is poised to underperform S&P 500 for first time since 2016 as investors shun tech stocks,negative,0,negative,True,0.999401,0.999401,0.00027478376,0.0003242462
"Bitcoin Underperforms S&P 500 as Stocks Have Overshot Fundamentals, Crypto Trading Firm QCP Says",negative,0,positive,False,0.99812526,0.00041302602,0.0014617679,0.99812526
S&P 500 may need better breadth to tackle all-time high as six stocks deliver 88% of market cap gains in 2023 ...,neutral,1,neutral,True,0.9947978,0.0044546216,0.9947978,0.0007476318
A Look Inside Bill Gates' Stock Portfolio Reveals His Big Winners,positive,2,neutral,False,0.9994055,0.00028210407,0.9994055,0.00031237392
STOCKS NEWS US-Symantec option volume swells. calls active,positive,2,positive,True,0.9738971,0.0009767074,0.02512625,0.9738971
Why Has Trading Volume On The S&P Dropped?,negative,0,neutral,False,0.94700754,0.05181975,0.94700754,0.0011727548
Dillons to add cash-related financial services,neutral,1,neutral,True,0.99914587,0.00039943313,0.99914587,0.00045465466
How dependent is Europe on Russia for gas?,neutral,1,neutral,True,0.9992055,0.00044185584,0.9992055,0.0003526083
Investing in Champagne: 8 Expensive Bottles Worth Splurging On,neutral,1,neutral,True,0.99927026,0.0002813263,0.99927026,0.00044832123
"S&P 500 notches fourth straight positive week, touches highest level since August: Live updates",positive,2,positive,True,0.9992286,0.0004155887,0.00035579843,0.9992286
Asian shares rise as S&P 500 records longest win streak in two years,positive,2,positive,True,0.9991972,0.00043366483,0.0003691993,0.9991972
Wild stock market reversals put dip-buyers on pace for historic year,positive,2,positive,True,0.7736474,0.06154027,0.16481236,0.7736474
Stocks just delivered a reminder about October’s reputation for volatility,negative,0,neutral,False,0.9983273,0.0010678824,0.9983273,0.0006047598
Apparently This Matters: Baby Baird’s tapir,neutral,1,neutral,True,0.9993594,0.00028361948,0.9993594,0.00035689113
How to Identify a Stock Market Bottom? Look for These Signals,neutral,1,neutral,True,0.9987141,0.00077045907,0.9987141,0.0005155489
"Nasdaq 100, Dow Jones, S&P 500 News: Investor Eyes on Nvidia, Fed Minutes for Market Insight",neutral,1,neutral,True,0.99927,0.00022194142,0.99927,0.0005080085
Global shares rally on hopes for Greek deal; U.S. yields rise,positive,2,positive,True,0.99899846,0.0003635109,0.0006380764,0.99899846
"S&P 500 Price Forecast – S&P 500 Continues to Stagnate, Looking For Momentum",negative,0,neutral,False,0.657818,0.3375382,0.657818,0.0046437266
"Stocks end mostly lower, extending losing streak for S&P 500",negative,0,negative,True,0.9993999,0.9993999,0.00031841474,0.00028163957
Starting with Futures: S&P 500 E-minis | Market Insights,neutral,1,neutral,True,0.9992873,0.00033826975,0.9992873,0.00037436854
Mothers reveal all: The secrets to raising a successful child,neutral,1,neutral,True,0.9992563,0.00026379246,0.9992563,0.000479974
Dickerson: Etsy is disrupting global supply chains,neutral,1,negative,False,0.99796367,0.99796367,0.0017503332,0.00028603003
10 Stocks Consistently Shower Investors With Big Gains In April,positive,2,neutral,False,0.5763937,0.0012083084,0.5763937,0.42239803
Two New Elements Added to Chemistry's Periodic Table,neutral,1,neutral,True,0.9993325,0.00026352188,0.9993325,0.0004039954
"Stock Market Today: Dow, S&P Live Updates for April 12",neutral,1,neutral,True,0.99931705,0.0002329012,0.99931705,0.00045008413
‘Incredible shrinking car’ drives sideways to park in tiny spaces,neutral,1,neutral,True,0.9989349,0.0006454506,0.9989349,0.00041962136
Salespeople Need a Strategy for Selling to CEOs,neutral,1,neutral,True,0.9993284,0.00034235825,0.9993284,0.00032933062
Stock market books worst day of 2023 as rising yields contribute to 'perfect storm',negative,0,negative,True,0.9993812,0.9993812,0.0003530936,0.00026563538
"Stocks spike 2%, log 2nd best gains of 2013 amid debt deal hopes; Dow skyrockets 300 points",positive,2,positive,True,0.9991787,0.00046895255,0.00035227463,0.9991787
"Wall Street closes 2013 at records; best year in 16 for S&P, 18 for Dow",positive,2,positive,True,0.9989969,0.00044115065,0.000561996,0.9989969
Overview: What stretched valuations mean for investors,neutral,1,neutral,True,0.9992085,0.00049965066,0.9992085,0.0002918429
Hope City: ‘Africa’s tallest building’ planned at $10 billion tech hub,neutral,1,neutral,True,0.9988211,0.00041082661,0.9988211,0.000768079
"Nikkei 225, FTSE 100 and S&P 500 Continue to Free Fall",negative,0,neutral,False,0.947246,0.013287671,0.947246,0.039466284
CHART OF THE DAY: AOL's Sleepy First Day Of Trading,neutral,1,neutral,True,0.9982181,0.00085370266,0.9982181,0.0009281293
Nasdaq leads Wall St to higher close as CPI report lifts sentiment,positive,2,positive,True,0.99919885,0.00042880335,0.00037236218,0.99919885
Study Says Birkin Bag Is a Better Investment Than Stocks and Gold,neutral,1,neutral,True,0.9985336,0.00038880078,0.9985336,0.0010775676
"NASDAQ 100, Dow Jones, S&P 500: Futures Rise; Penn Entertainment, Lyft Steal Spotlight",positive,2,positive,True,0.9990339,0.0002590753,0.0007069818,0.9990339
"S&P 500, Nasdaq end lower as Treasury yields rise on Fed rate hike expectations",negative,0,negative,True,0.99940753,0.99940753,0.00035102162,0.00024154184
What if the S&P 500 fumbles its bear-market exit? What strategists think of the role of tech in this rally.,neutral,1,negative,False,0.79051405,0.79051405,0.2086063,0.0008795933
"Stocks mostly fall on bank ratings, FedEx warning",negative,0,negative,True,0.9994056,0.9994056,0.0003502588,0.00024416033
10 years to extinction: S&P 500 companies,negative,0,neutral,False,0.9986475,0.0010827971,0.9986475,0.00026971762
"Stocks tumble on Friday, Nasdaq snaps eight-week winning streak: Live updates",negative,0,negative,True,0.9994148,0.9994148,0.00027801655,0.0003071083
The Recession Debate Pits CEOs and Economists Against Equity Analysts and Investors,negative,0,neutral,False,0.997993,0.001619652,0.997993,0.00038735877
"Facing criticism, PBMs may be downplaying profit margins",negative,0,neutral,False,0.9829391,0.016009698,0.9829391,0.0010511253
"Stock market live Monday: Market finishes at session high, Dow up 580, S&P 500 goes positive for June",positive,2,positive,True,0.99923193,0.00031772302,0.0004504026,0.99923193
The S&P 500's hidden $828 billion annual expenses,negative,0,neutral,False,0.9983942,0.0013033634,0.9983942,0.0003023801
Surge in real-estate stocks propels sector to best-performing in S&P 500 as bond yields fall,positive,2,positive,True,0.999073,0.00036842044,0.0005584818,0.999073
"Markets News, Nov. 14, 2023: Nasdaq Surges to 3-Month High, Bond Yields Sink on Easing Inflation",positive,2,positive,True,0.99910873,0.00032577876,0.0005654565,0.99910873
"Utilities, energy outperform other S&P 500 sectors in March",positive,2,positive,True,0.9992355,0.00031247066,0.0004519866,0.9992355
"Dow plunges more than 900 points for its worst day since 2020, falls for a fourth straight week",negative,0,negative,True,0.9993394,0.9993394,0.00028071407,0.00037993342
"Stock Market News Today: Dow, S&P 500 Rise on Coronavirus Stimulus",positive,2,positive,True,0.99922764,0.00037363943,0.0003987027,0.99922764
GLOBAL MARKETS-Wall St dips; Greece negotiating team rejig boosts Europe,neutral,1,negative,False,0.99926656,0.99926656,0.00052233017,0.00021107336
LIVE MARKETS S&P 500 year-end 2022 target 5100 - Goldman,positive,2,neutral,False,0.98521477,0.0064086523,0.98521477,0.008376668
"The S&P 500 is up 8% this year, but most stocks are down—here's what it means for your money",negative,0,neutral,False,0.99828243,0.0011681889,0.99828243,0.0005493884
The odds are stacked against stock pickers,negative,0,neutral,False,0.995465,0.0031890303,0.995465,0.0013460786
Big Restaurants' Cash May Only Last This Many Months,negative,0,neutral,False,0.99843997,0.0010527208,0.99843997,0.0005073064
Dow Jones Industrial Average and the S&P 500,neutral,1,neutral,True,0.99779475,0.0004886984,0.99779475,0.0017164773
60% Of This Year's Top Stocks Are In This Sector (It's Not Tech),neutral,1,neutral,True,0.99895155,0.00030391183,0.99895155,0.0007445723
"S&P 500, Dow, Nasdaq rise with vote expected to yield split government",positive,2,positive,True,0.9991667,0.0003162857,0.00051700213,0.9991667
"NASDAQ 100, Dow Jones, S&P 500: Futures Slide as Investors Brace for Inflation Data, Earnings Season",negative,0,negative,True,0.99934846,0.99934846,0.0003569679,0.00029464223
"Dow Jones at All-Time Highs; S&P 500, Nasdaq Bears Fail to Reverse Bull Trend",positive,2,positive,True,0.9931064,0.0011606874,0.0057328837,0.9931064
NFO Alert: Axis Mutual Fund launches Axis S&P 500 ETF Fund of Fund; all you need to know | Mint,neutral,1,neutral,True,0.99938834,0.00028770595,0.99938834,0.000323972
Warren Buffett blasts hedge funds and high fees in annual letter,negative,0,neutral,False,0.99919814,0.00036825723,0.99919814,0.00043362344
"Bill Miller to step down as fund manager - Nov. 17, 2011",neutral,1,neutral,True,0.99920267,0.0003818596,0.99920267,0.00041548186
"Dow Jones, S&P 500 Pullback May Accelerate as Retail Traders Become Bullish",negative,0,positive,False,0.9958889,0.0028977732,0.0012133034,0.9958889
"Insider trading charges dismissed against Michael Steinberg, 6 others",neutral,1,positive,False,0.8495925,0.0016161216,0.14879133,0.8495925
"When Performance Matters: Nasdaq-100® vs. S&P 500, Second Quarter '22",neutral,1,neutral,True,0.9993455,0.0003392364,0.9993455,0.00031518046
"Stock market news live: Coronavirus jitters send Dow swooning to worst-ever point loss, closes at near 3-year low",negative,0,negative,True,0.9994282,0.9994282,0.00030061166,0.00027112715
"SHARE BAZAR LIVE: Axis Bank results weaker than expected, S&P 500 closes at new record high",neutral,1,negative,False,0.99878865,0.99878865,0.0009606157,0.00025077426
February stock market trends | Active Trader Commentary,neutral,1,neutral,True,0.9993345,0.000268451,0.9993345,0.00039706088
Why the 200-Day Moving Average Matters in Today’s Market,neutral,1,neutral,True,0.9991849,0.0003454368,0.9991849,0.00046960122
"US Stock Market News: Dow Jones jumps 383 pts, Nasdaq, S&P 500 follow suit as bank contagion fears ease",positive,2,positive,True,0.9991617,0.0004453346,0.00039297173,0.9991617
Nvidia Climbs Into The Top Five S&P 500 Weightings,positive,2,positive,True,0.99898607,0.00028442888,0.00072952494,0.99898607
Side effect of larger smartphones: More data usage,neutral,1,neutral,True,0.9971016,0.00071984844,0.9971016,0.002178493
Stocks Hit Correction Territory as the West Announces Russia Sanctions,negative,0,negative,True,0.99921227,0.99921227,0.0004369285,0.00035085014
Ether ($ETH USD) Correlation With US Stocks Reaches Record: Chart,neutral,1,positive,False,0.50409764,0.020439146,0.4754632,0.50409764
Forget Godzilla: Facebook rolls out its own dinosaur,neutral,1,neutral,True,0.9991417,0.00028908884,0.9991417,0.0005692226
Red Alert For 2nd Crash Downwave | investing.com,negative,0,negative,True,0.9971142,0.9971142,0.0025982268,0.0002874948
"Wall St. powered higher by tech, Amazon results",positive,2,positive,True,0.9992367,0.00037668308,0.00038662518,0.9992367
"Stocks close out 2023 with a 24% gain, buoyed by a resilient economy",positive,2,positive,True,0.9992323,0.00027471772,0.0004930451,0.9992323
7 Safe ETFs to Shield Your Portfolio From Market Turmoil,neutral,1,neutral,True,0.99904495,0.0005178414,0.99904495,0.0004372471
Read This Before You Buy the SPDR S&P 500 ETF,neutral,1,neutral,True,0.99902356,0.0002617957,0.99902356,0.0007147131
"These stocks have gained 1,000%+ during bull run",positive,2,positive,True,0.99898726,0.00029936692,0.0007133181,0.99898726
Cathie Wood Warns Against Extreme Fear Of Innovation Gripping The Market,negative,0,neutral,False,0.9964439,0.0028223984,0.9964439,0.00073376205
'Night effect' ETFs to shut down with overnight stock returns elusive,negative,0,negative,True,0.99482346,0.99482346,0.0048277513,0.0003488131
Britain’s pound is beating every other major currency this year,positive,2,positive,True,0.999148,0.00034988017,0.00050210516,0.999148
"Markets Week Ahead: Gold, EUR/USD, S&P 500 Break Out as USD Tanks; Tesla Earnings Eyed",positive,2,positive,True,0.99323773,0.00035784868,0.00640443,0.99323773
Only Two S&P 500 Sectors Have A Rising ROIC Through 3Q20,positive,2,neutral,False,0.7794935,0.020717826,0.7794935,0.19978869
The stock market rarely produces average returns: Morning Brief,neutral,1,negative,False,0.84230626,0.84230626,0.15597668,0.001717048
Fitbit recalls activity tracker due to skin rashes,negative,0,negative,True,0.99908185,0.99908185,0.00062102114,0.00029711126
"Bitcoin S&P 500 Correlation Means It Should Cost $18K, Says Analyst",neutral,1,negative,False,0.7128225,0.7128225,0.2802727,0.006904812
"Markets News, Aug. 11, 2023: S&P 500, Nasdaq Fall for Second Straight Week; Chevron Lifts the Dow",negative,0,negative,True,0.9993673,0.9993673,0.00040931595,0.00022336494
"As S&P 500 hits 2023 highs, it’s all systems go for stock market bulls",positive,2,positive,True,0.9992562,0.0003603927,0.00038340525,0.9992562
5 Must-See Stock Correction and Bear Market Statistics That'll Put Your Mind at Ease,neutral,1,neutral,True,0.9990785,0.0004453765,0.9990785,0.00047606038
"S&P 500's Record High Fueled by a Few, With Most Still Below Peak",negative,0,neutral,False,0.97837603,0.002025915,0.97837603,0.019598112
E-mini S&P 500 Index (ES) Futures Technical Analysis – Chart Pattern Indicates Heightened Volatility,neutral,1,negative,False,0.617013,0.617013,0.37953898,0.0034480577
"Discover Financial Stock Is Up 65% In 2 Months, But What's Next?",positive,2,positive,True,0.9694188,0.00034627834,0.030234924,0.9694188
Stocks - Wall Street Mixed as Trade Tensions Linger,negative,0,neutral,False,0.9974631,0.0012842874,0.9974631,0.0012525907
How Investors Should Brace for the Coming Earnings Recession,negative,0,negative,True,0.7151274,0.7151274,0.28349614,0.001376503
Stocks Rally as Trump and Business Leaders Pledge Support (Published 2020),positive,2,positive,True,0.99892455,0.00023123274,0.0008441896,0.99892455
Back to the Future: Marty McFly could have gotten rich off these stocks,positive,2,neutral,False,0.99711007,0.00019753513,0.99711007,0.00269236
'Hindenburg Omen' looms over S&P 500 as stocks stall,negative,0,negative,True,0.99867475,0.99867475,0.001100024,0.00022528929
Federal Realty Investment Trust Stock Can Still Grow By 40%,positive,2,positive,True,0.9988606,0.00028995972,0.00084940717,0.9988606
Facebook parent company Meta is now the worst performer in the S&P 500 this year,negative,0,negative,True,0.99929655,0.99929655,0.00028950203,0.00041392594
Strategists Predict Trouble for U.S. Stocks After Massive U-Turn,negative,0,negative,True,0.9993519,0.9993519,0.00033088037,0.00031720015
"Asia markets rise as S&P 500 hits new 2023 high, China's producer price index falls",positive,2,positive,True,0.99919075,0.00034427887,0.00046502988,0.99919075
S&P 500 Earnings May See First Double-Digit Drop in Decade,negative,0,negative,True,0.9994055,0.9994055,0.00025035808,0.00034414983
NBA says it expects to give 2019 All-Star Game to Charlotte,neutral,1,neutral,True,0.9992693,0.00023701396,0.9992693,0.00049367687
"The S&P 500 could fall another 5% and test a critical support level that has previously marked the bottom, Bank of ...",negative,0,negative,True,0.9993272,0.9993272,0.0002846788,0.00038812004
The Battle of the Indices (NDX vs. SPX) for Options Traders,neutral,1,neutral,True,0.99930215,0.00037126555,0.99930215,0.00032657976
S&P 500 Forecast: Index gains 1.2% as positive earnings usher in buyers,positive,2,positive,True,0.9992434,0.00041341493,0.00034328797,0.9992434
"S&P Global (SPGI) Q4 Earnings & Revenues Beat Mark, Rise Y/Y",positive,2,positive,True,0.99918157,0.00041967776,0.00039879724,0.99918157
"Dow ends up more than 500 points, recovers from slump Monday",positive,2,positive,True,0.999186,0.00043947433,0.00037451557,0.999186
Is It Safer to Pull Your Money Out of the Stock Market or Keep Investing for Now?,neutral,1,neutral,True,0.9991866,0.00045212894,0.9991866,0.00036122915
Morgan Stanley's Wilson: S&P 500 Could Fall About 20%,negative,0,negative,True,0.9993492,0.9993492,0.0003023249,0.00034844136
Biden's Stock Market Is Crushing Trump's,positive,2,neutral,False,0.9923834,0.0022888181,0.9923834,0.005327773
Stocks Gain Ground As PCE Price Index Reports Show That Inflation Is Under Control,positive,2,positive,True,0.9991381,0.0004366166,0.00042523586,0.9991381
"Microsoft, Google parent Alphabet, and nearly a fifth of S&P 500 hits 52-week lows",negative,0,negative,True,0.99933976,0.99933976,0.0003083404,0.00035186115
Queen Elizabeth II is getting a 78% raise from the government,neutral,1,neutral,True,0.6989297,0.00085586397,0.6989297,0.30021435
U.S. Stocks Fall On Economic Woes; Amazon Outlook Weighs,negative,0,negative,True,0.9993119,0.9993119,0.00038179374,0.00030632908
"S&P 500 Market Outlook: The Good, The Bad, and The Ugly",neutral,1,neutral,True,0.99910337,0.0005404028,0.99910337,0.00035619963
Dow Jones Futures Rise After S&P 500 Undercuts Low; Tesla Forges New Buy Point,neutral,1,positive,False,0.9991886,0.00048190658,0.00032947212,0.9991886
"AI Is Overhyped, S&P 500 at Risk If 'Magnificent 7' Stocks Fall: Smead",negative,0,negative,True,0.9987185,0.9987185,0.0008697877,0.00041164126
Wall St lower; cuts losses as oil prices reverse course,negative,0,positive,False,0.65360224,0.09221142,0.2541863,0.65360224
Stock Market Crash: The Battle Between Retail Traders And Smart Money,negative,0,neutral,False,0.98689425,0.012660194,0.98689425,0.00044558654
Stop this Stock Market Ride! I Want to Get Off!,negative,0,neutral,False,0.98313546,0.014787379,0.98313546,0.0020771977
Morgan Stanley's Mike Wilson admits he 'was wrong' about the S&P 500 as the index is close to erasing 2022's plunge,positive,2,positive,True,0.85520303,0.003067287,0.14172964,0.85520303
Analyzing Market Breadth: Kickin’ It With Old-School Indicators,neutral,1,neutral,True,0.99922466,0.00031053214,0.99922466,0.00046480514
S&P 500 (VIX) dips in pre market session for another blood bath ahead,negative,0,neutral,False,0.7178975,0.013799189,0.7178975,0.26830333
Another rip-off: Leveraged and inverse ETFs,negative,0,neutral,False,0.99713254,0.0021864856,0.99713254,0.0006810233
Morgan Stanley's Slimmon on joining the S&P 500 and Nasdaq rally,positive,2,positive,True,0.9492451,0.0004131709,0.050341696,0.9492451
Sugru: A gripping tale of struggle and success,neutral,1,neutral,True,0.99917525,0.00042807963,0.99917525,0.0003966695
Skeptical on Buying the S&P 500 Dip? Check Out This ETF,neutral,1,neutral,True,0.99865156,0.00046564787,0.99865156,0.000882826
25 US Companies With The Highest Profit Margins,positive,2,neutral,False,0.9991153,0.00022047474,0.9991153,0.0006642787
"Fed tightening 'always breaks something': S&P 500 will drop to 3,800 by March, warn Bank of America strategists",negative,0,negative,True,0.99928015,0.99928015,0.00040492733,0.00031491023
"Women's Gains on S&P 500 Boards Slow, Delaying Parity Progress",negative,0,negative,True,0.9990396,0.9990396,0.0007029969,0.000257382
S&P 500 rises at the start of big week but bearish technicals cast shadow,negative,0,positive,False,0.9562661,0.00066327257,0.0430707,0.9562661
"Stock-Market Outlook: UBS Lifts S&P 500 Target, Trumpets Soft Landing",positive,2,negative,False,0.9991891,0.9991891,0.0005561714,0.00025481064
"Europe higher, Asia mixed ahead of Fed decision",neutral,1,neutral,True,0.52353954,0.0007565282,0.52353954,0.4757039
Finding Balance in US Equities as Macro Threats Mount,neutral,1,neutral,True,0.99382097,0.0044750012,0.99382097,0.0017041621
Market reactions to past virus scares show stocks may have more to lose,negative,0,negative,True,0.931986,0.931986,0.06672754,0.0012865164
"Nasdaq and S&P 500 close at record highs, Ford jumps 8% as strong earnings boost stocks",positive,2,positive,True,0.99919754,0.00044584222,0.00035661866,0.99919754
US stocks: Wall Street returns to highest level in more than a year,positive,2,positive,True,0.99918896,0.00045990702,0.00035115777,0.99918896
Profiting From Trash: 3 Waste Management Stocks to Consider,neutral,1,neutral,True,0.9993579,0.00030340112,0.9993579,0.000338729
Here Are the Best and Worst Performing Assets of 2016,neutral,1,neutral,True,0.999265,0.00042876057,0.999265,0.00030630798
"Not Even A Riot At The Capitol Can Keep Stocks Down As Dow, S&P 500 And NASDAQ Hit Record Highs—Again",positive,2,positive,True,0.8531601,0.009545796,0.13729405,0.8531601
"US stock market today: Dow Jones, S&P 500 hold on to the green; Nasdaq boosted by Intel, Microsoft, App...",positive,2,neutral,False,0.9605767,0.0004415177,0.9605767,0.038981672
This Day In Market History: Robert Brennan Fined For Securities Fraud,negative,0,neutral,False,0.93763554,0.0613083,0.93763554,0.0010561481
"US STOCKS-S&P 500, Nasdaq to open lower as Tesla, Netflix slump",negative,0,negative,True,0.9994319,0.9994319,0.0003075984,0.000260393
"US stock market: Dow Jones, Nasdaq slip after First Republic Bank takeover",negative,0,negative,True,0.99939716,0.99939716,0.0003627059,0.00024016373
Introducing the world’s next tallest building – which also cleans the air,neutral,1,neutral,True,0.9993074,0.00020391312,0.9993074,0.0004886479
"Stock Market Today: Dow, S&P Live Updates for September 22",neutral,1,neutral,True,0.99931085,0.0002365092,0.99931085,0.00045262958
"S&P 500 (SPX), Dow Jones (DJI), Nasdaq Composite (IXIC) Daily Technical Outlook: Tech Woes Stir Markets, Industrial Average Teeters",negative,0,negative,True,0.99775714,0.99775714,0.0020304408,0.00021238439
S&P 500 hits record as technology rally pushes stocks higher,positive,2,positive,True,0.9991654,0.00048100346,0.0003536094,0.9991654
Bristol-Myers Stock May Rebound 9% Short Term,positive,2,positive,True,0.9988182,0.0006693385,0.000512388,0.9988182
"S&P 500 Cracks 5,000 Points, but Stellar Returns May Not Continue",negative,0,negative,True,0.9993179,0.9993179,0.00033104868,0.00035104097
Wall Street flat as earnings fail to excite investors,negative,0,negative,True,0.99796885,0.99796885,0.0017970643,0.00023401696
"For Signs Of Relief Rally, Watch the S&P 500 versus Retail Stocks",neutral,1,neutral,True,0.99376005,0.00057145854,0.99376005,0.005668457
VIX Fell Into a Death Cross. That's Usually Good for the S&P 500,positive,2,negative,False,0.99688774,0.99688774,0.001691958,0.001420369
Mazda hit by anti-Japan protests in China,negative,0,negative,True,0.9992174,0.9992174,0.0005422208,0.00024034642
The 8 Most Profitable U.S. Companies Practically Print Money,positive,2,neutral,False,0.9993236,0.00029555938,0.9993236,0.000380855
S&P 500 Forward P/E Ratio Falls Below Five-Year Average for First Time Since Q2 2020,negative,0,negative,True,0.99874276,0.99874276,0.0006006142,0.00065659
U.S. stocks rise as Treasury yields fall on hopes of end to Fed rate hikes,positive,2,positive,True,0.9991885,0.00037281043,0.0004387181,0.9991885
Microsoft to sell $399 Xbox One without Kinect,neutral,1,negative,False,0.5283668,0.5283668,0.46956533,0.0020678681
COVID-19 Stock Market Crash: Why I Always Prefer The S&P 500 Over The Straits Times Index,neutral,1,neutral,True,0.99750745,0.0019258021,0.99750745,0.0005667104
BofA's Savita Subramanian explains why she's neutral on the S&P 500,neutral,1,neutral,True,0.95940745,0.03911401,0.95940745,0.0014784934
"Motoring: Tesla's profit sets up S&P 500 entry, while Musk pushes for growth",positive,2,positive,True,0.968329,0.00035923658,0.031311776,0.968329
Markets Drop for Second-Straight Day on Fed Hike Fears,negative,0,negative,True,0.9994172,0.9994172,0.00030748124,0.0002753425
These 'Perfect 10' Stocks Drive 87% Of World's Stock Gains,neutral,1,neutral,True,0.99696225,0.0001835426,0.99696225,0.0028542231
President Obama made one of history's greatest stock market calls in March 2009,neutral,1,neutral,True,0.99833065,0.00020555273,0.99833065,0.0014638454
"NASDAQ 100, Dow Jones, S&P 500: Dow Jones Surges Over 350 Points, S&P 500 Hits 13-Month High",positive,2,positive,True,0.99916136,0.00041449483,0.00042413315,0.99916136
S&P 500 (SPY) ETF: What's on the Horizon? - TipRanks.com,neutral,1,neutral,True,0.99935275,0.00030311933,0.99935275,0.00034418417
"Wall Street marks a milestone as the S&P 500 closes above 5,000 for the first time",positive,2,positive,True,0.9991391,0.00046861204,0.0003923455,0.9991391
Wall St Week Ahead Relentless U.S. stock rally faces Fed test,negative,0,neutral,False,0.9920272,0.00246922,0.9920272,0.005503504
5 Dividend ETFs That Beat S&P 500 in 2023,positive,2,neutral,False,0.99892116,0.00021319807,0.99892116,0.00086570566
Rare stock-market event? Here's how many times the S&P 500 has seen a 9-day winning streak in the last 95 years.,neutral,1,neutral,True,0.9318316,0.0005125074,0.9318316,0.067655824
US stocks join global rally amid COVID treatment hopes,positive,2,positive,True,0.9992617,0.0003502605,0.00038808744,0.9992617
U.S. Stocks Plunge as Coronavirus Crisis Spreads,negative,0,negative,True,0.9993185,0.9993185,0.00033542156,0.0003460985
Spotify founder: I’m not music industry’s savior,neutral,1,neutral,True,0.99296653,0.006721051,0.99296653,0.00031239277
Tame CPI Inflation In October Puts Rally Back In Gear,positive,2,positive,True,0.98819506,0.007436749,0.004368203,0.98819506
"S&P 500 Is Almost At New Record High, Will The Uptrend Continue?",positive,2,positive,True,0.9988325,0.0002841471,0.0008833418,0.9988325
What Is The Great Recession? – Forbes Advisor,neutral,1,neutral,True,0.99216413,0.0074549005,0.99216413,0.00038095537
Financial firm with 500 workers in metro Denver rebrands as S&P Global,neutral,1,neutral,True,0.9988727,0.0007630492,0.9988727,0.00036419654
These seven stocks have done the worst in the 10-year bull market,negative,0,negative,True,0.52095497,0.52095497,0.47766683,0.0013781938
Are investors ignoring the Federal Reserve’s warning?,negative,0,neutral,False,0.9990312,0.00057698134,0.9990312,0.00039182528
Here's How Long It Takes For Stocks To Recover From Bear Markets,neutral,1,neutral,True,0.9981731,0.00095864775,0.9981731,0.0008682249
Trump Tax Plan Seen More Wash Than Windfall for S&P 500 Earnings,neutral,1,neutral,True,0.97383595,0.02492713,0.97383595,0.0012369279
S&P 500 has bottomed says indicator with a perfect track record,positive,2,positive,True,0.9427546,0.009346913,0.0478985,0.9427546
"Gold Prices May Be Topping, SPX 500 Locked in Trading Range",neutral,1,positive,False,0.9134385,0.006518594,0.08004292,0.9134385
"Nasdaq 100, Dow Jones, S&P 500 News: Wall Street Indexes Dip Ahead of Inflation Data",negative,0,negative,True,0.99928623,0.99928623,0.00048383602,0.00022993235
"FTSE 100, S&P 500 and Russell 2000 Hover Above Support Ahead of US NFP",neutral,1,positive,False,0.9983872,0.0005430562,0.0010697726,0.9983872
"U.S. stocks price in recession risk more than other assets, says Citi",negative,0,neutral,False,0.7132906,0.011654475,0.7132906,0.27505493
S&P 500 futures edge higher after hot inflation sell-off,positive,2,positive,True,0.9990748,0.0005793039,0.00034587472,0.9990748
Should you feel guilty for buying your iPhone?,neutral,1,neutral,True,0.99925905,0.00034075844,0.99925905,0.0004001716
Tesla underperforms S&P 500 since joining index in 2020,negative,0,negative,True,0.9989874,0.9989874,0.0004348488,0.00057776825
Stock Market Closes More Than 7.5% Down in Worst Day on Wall Street Since 2008,negative,0,negative,True,0.99938047,0.99938047,0.00028090773,0.00033860488
Wall St hits fresh 2023 highs after inflation data; Fed on deck,positive,2,positive,True,0.99924916,0.00034734255,0.0004035093,0.99924916
"Bitcoin Is Leading Indicator for S&P 500, Past Data Shows",neutral,1,positive,False,0.99679345,0.00033631784,0.0028702128,0.99679345
There's A New World Order As 4 Big Stocks Like Tesla Fall To Pieces,negative,0,neutral,False,0.9978612,0.001397357,0.9978612,0.0007413957
BofA Quants Say a Winning Stock Signal Is Bad Omen for Bulls,negative,0,neutral,False,0.51646525,0.47406992,0.51646525,0.009464918
Sell in May and Go Away? Sure. Just Not These Stocks,neutral,1,neutral,True,0.9986004,0.0006445792,0.9986004,0.0007549273
S&P 500; 6-months divergence continues here!,neutral,1,neutral,True,0.8988653,0.098326124,0.8988653,0.002808584
S&P 500 Poised for Short-Term Gains but Long-Term Challenges Loom,neutral,1,positive,False,0.9898947,0.0010382304,0.009067119,0.9898947
How to avoid the world's second biggest economy in your portfolio,neutral,1,neutral,True,0.9993567,0.00032168813,0.9993567,0.0003216289
"S&P 500 hovers near 5,000-mark with earnings, jobs data in focus",neutral,1,positive,False,0.8186191,0.0028467826,0.17853415,0.8186191
"Markets News, Oct. 30, 2023: Stocks Rise; Dow Notches Best Day Since June To Kick Off Earnings, Fed Week",positive,2,positive,True,0.9991314,0.00025438005,0.0006142413,0.9991314
Fundstrat's Tom Lee predicts S&P 500 rising to 5000 next year in first look at 2022,positive,2,positive,True,0.99902236,0.00035108547,0.000626498,0.99902236
Stock Market Outlook: Why the S&P 500 Keeps Crushing Record Highs,positive,2,positive,True,0.99917537,0.00034437128,0.0004802632,0.99917537
"Citi strategists upbeat on US stocks in 2024, fueled by earnings",positive,2,positive,True,0.9992409,0.00041465933,0.00034448336,0.9992409
Dow and US stocks plunge again: Live updates,negative,0,negative,True,0.9994122,0.9994122,0.00034304243,0.00024486028
Stock market news today: Stocks finish mixed as Powell wraps up testimony amid continued jobs strength,neutral,1,neutral,True,0.99780935,0.0016390567,0.99780935,0.00055155886
"Investor Daily: Deckers finds its footing with Uggs - Aug. 19, 2009",neutral,1,neutral,True,0.997661,0.0002118548,0.997661,0.002127151
"S&P 500, Nasdaq Futures Move Higher After Weekly Wins",positive,2,positive,True,0.99921167,0.0004339388,0.00035439295,0.99921167
S&P 500 posts longest weekly winning streak since 2017; finishes flat on day,positive,2,neutral,False,0.9871293,0.00097440655,0.9871293,0.011896404
The ‘czar’ who rates your favorite players on ‘Madden’,neutral,1,neutral,True,0.99923944,0.0002623757,0.99923944,0.0004981362
Capped vs. Uncapped Indexed Annuity Strategies,neutral,1,neutral,True,0.99923265,0.00039189289,0.99923265,0.00037542795
Why FANG & Biotech Are Not As Expensive As You Think,neutral,1,positive,False,0.6865987,0.004420417,0.30898088,0.6865987
"Dow closes more than 350 points higher, Nasdaq jumps 1% in rebound from Fed Day sell-off: Live updates",positive,2,positive,True,0.999201,0.00040528618,0.00039369558,0.999201
"AI Frenzy Accounts for All of S&P 500 Gain in 2023, SocGen Says",neutral,1,neutral,True,0.9689501,0.0019080077,0.9689501,0.029141963
Buttercup the duck gets a 3-D printed foot,neutral,1,neutral,True,0.9993125,0.00028778453,0.9993125,0.0003997263
US stocks retreat from records ahead of tax bill vote,negative,0,negative,True,0.999416,0.999416,0.0003542213,0.00022977963
Citigroup raises S&P 500 target for 2023 on increased chances of ‘soft landing’,positive,2,positive,True,0.9992725,0.00035490363,0.00037253826,0.9992725
"Stock Market Today: Dow, S&P Live Updates for Sept. 2",neutral,1,neutral,True,0.9993191,0.00022881554,0.9993191,0.00045204593
Survey: 70% of teens hide online behavior from parents,neutral,1,neutral,True,0.9990245,0.00046427367,0.9990245,0.00051127706
Dow Rebounds 90 Points After Yesterday's Plunge,positive,2,positive,True,0.9990146,0.000591552,0.0003938463,0.9990146
How Does Inflation Affect The Stock Market? – Forbes Advisor,neutral,1,neutral,True,0.9993228,0.00033738464,0.9993228,0.00033993286
America's CEOs made 324 times more than you last year,neutral,1,neutral,True,0.97340673,0.0003272697,0.97340673,0.026266051
2018 Stock Market Cycles Outlook: New Highs... After A Dip,positive,2,positive,True,0.99746644,0.00027851545,0.0022550318,0.99746644
Goldman Sachs Says Investors Are Underestimating the Chance of a COVID-19 Vaccine in 2020,positive,2,negative,False,0.9764331,0.9764331,0.016225858,0.007340963
Should Invesco S&P 500 High Dividend Low Volatility ETF (SPHD) Be on Your Investing Radar?,neutral,1,neutral,True,0.9993156,0.0003034227,0.9993156,0.0003809377
Tesla got booted from S&P 500 ESG index and Musk is mad,negative,0,negative,True,0.9985489,0.9985489,0.0011216375,0.00032934663
S&P 500 ends holiday-shortened week up nearly 3 percent,positive,2,positive,True,0.99919766,0.0004437931,0.00035859874,0.99919766
VIX ETFs Surge Over 6% as Stocks Fall and Volatility Expands,negative,0,positive,False,0.99723685,0.00063207274,0.0021310132,0.99723685
Motilal Oswal MSCI EAFE Top 100 Select Index Fund Review,neutral,1,neutral,True,0.9993525,0.00030534345,0.9993525,0.00034218014
CBOE launches S&P 500 ESG Index Options - PA Future,neutral,1,neutral,True,0.9993117,0.0003089902,0.9993117,0.0003793272
S&P 500 Price Forecast – Stock Markets Run Into Brick Wall,negative,0,negative,True,0.99809843,0.99809843,0.0014481819,0.00045340683
Oppenheimer’s Stoltzfus Sees Record High for S&P 500 in 2024,positive,2,positive,True,0.99844754,0.00053161575,0.0010208059,0.99844754
Stocks Poised for Bull Run in April Despite Monday Sell-Off,positive,2,positive,True,0.99912804,0.0003996159,0.00047235424,0.99912804
Nasdaq ends sharply higher as Alphabet and AMD fuel AI surge,positive,2,positive,True,0.99920243,0.0004185352,0.00037899966,0.99920243
"Wall St falls after mixed earnings, downbeat manufacturing data",negative,0,negative,True,0.9994393,0.9994393,0.0003049561,0.00025573905
US Dollar Likely to Strengthen versus Canadian Dollar,positive,2,positive,True,0.9907817,0.0027961407,0.0064221728,0.9907817
This Wall Street legend has lived through every bear market since the 1950s. He says the one coming could hit the S&P 500 with a 30% loss,negative,0,negative,True,0.9950722,0.9950722,0.0035975373,0.0013302191
Wall Street Says the S&P 500 Is Headed Higher: 2 Unique Growth Stocks to Buy Now and Hold,positive,2,positive,True,0.99818784,0.00026036217,0.0015518323,0.99818784
"This week on ‘The Next List’: Jad Abumrad, the certifiable ‘genius’ from Radiolab",neutral,1,neutral,True,0.99937433,0.00019811191,0.99937433,0.00042757258
Dow Jumps 500 Points As Apple Surges And Bank Stocks Rally—But Risk Of Market Accident Lingers,positive,2,positive,True,0.9991721,0.00036022143,0.00046768057,0.9991721
Analyst who forecast the S&P 500 correction has a new price target,neutral,1,positive,False,0.99771607,0.00077455974,0.0015094392,0.99771607
Jeremy Grantham Bets 10 Stocks Will Protect Him From 'Superbubble',neutral,1,neutral,True,0.9993374,0.0003513034,0.9993374,0.0003113397
Lennar Stock Leads S&P 500 On Earnings Beat As Homebuyers Accept 'New Normal',positive,2,positive,True,0.99918634,0.0003331202,0.00048049478,0.99918634
Wall Street ends higher after Ukraine concerns ease,positive,2,positive,True,0.99920803,0.0004268201,0.0003651369,0.99920803
"Markets News, Dec. 18, 2023: Stocks Gain; Oil Rises as Conflict Disrupts Red Sea Shipping",positive,2,positive,True,0.9989285,0.00024982847,0.0008216714,0.9989285
Stock Market Falls as Investors Fret About Tech Growth,negative,0,negative,True,0.9994166,0.9994166,0.00027153848,0.0003118517
Does the S&P 500 Need to Touch this Line? See the Technical History,neutral,1,neutral,True,0.99897075,0.00035580873,0.99897075,0.0006734504
History Says the S&P 500 Will Move Higher This Year: 1 Remarkable Growth Stock to Buy Now Before the Holiday Rally,positive,2,positive,True,0.9841578,0.00031422183,0.015527938,0.9841578
"Dow slides 206 points, S&P 500 closes back below key 2,800 level",negative,0,negative,True,0.99939144,0.99939144,0.00026462815,0.00034396516
Sell-Everything Markets Are Serving Up Healthier Doses of Panic,negative,0,negative,True,0.9966086,0.9966086,0.0028669974,0.0005244283
6 Stocks Outperforming the S&P 500 Index,positive,2,neutral,False,0.9985618,0.0010830547,0.9985618,0.0003551862
Bank of America boosts pay of CEO Brian Moynihan,positive,2,positive,True,0.9806295,0.00029246663,0.01907799,0.9806295
3 Best Performing Securities by Asset Class in the Last Decade,positive,2,neutral,False,0.99910647,0.00024354336,0.99910647,0.0006499465
S&P 500 & Sectors: Price-To-Economic Book Value Ratio Is Flat In 2Q23,neutral,1,neutral,True,0.9922598,0.006230164,0.9922598,0.0015100221
Stock market highs mask economic inequality in US: Deutsche Bank,negative,0,neutral,False,0.9735536,0.0013980098,0.9735536,0.025048405
"FIS Shares Plummet on Spinoff Plan, Outlook",negative,0,negative,True,0.9993273,0.9993273,0.00037966805,0.00029308343
3 Reasons to Invest in an S&P 500 ETF Right Now,neutral,1,neutral,True,0.9990933,0.0002526967,0.9990933,0.0006539887
10 Best Performing S&P 500 Stocks Since 2000. You'll Never Guess No. 1,positive,2,neutral,False,0.9992944,0.00028135403,0.9992944,0.00042418457
S&P 500 nears bear-market exit. Will Big Tech's rally finally spread to the broader stock market?,neutral,1,neutral,True,0.99611664,0.0011614688,0.99611664,0.002721855
"With the Stock Market Up 3% in 2023, Is It Safe to Invest Right Now?",neutral,1,neutral,True,0.99895644,0.00020083402,0.99895644,0.0008427091
Trump leaves office with a good — but not historically great — stock market record,positive,2,neutral,False,0.98689044,0.00053880946,0.98689044,0.012570779
Should You Buy Stocks When There is Blood in the Streets?,neutral,1,neutral,True,0.9993253,0.0003515362,0.9993253,0.00032317886
Why I've stopped reinvesting dividends: Blodget,neutral,1,negative,False,0.9928503,0.9928503,0.006805095,0.0003447071
"iShares, ProShares ETFs among the index funds with the worst returns of the decade",negative,0,negative,True,0.99914527,0.99914527,0.0005743127,0.0002803412
S&P 500 Forward P/E Ratio Rises Above 20.0 For First Time in 2 Years,neutral,1,positive,False,0.9985703,0.0006200716,0.00080953224,0.9985703
U.S. Stocks Revisit Negative Territory; Energy Has The Gains,negative,0,neutral,False,0.8079258,0.082064755,0.8079258,0.110009395
Stock market outlook: S&P 500 could crash 20% as recession hits in 2023,negative,0,negative,True,0.9994174,0.9994174,0.00027247026,0.00031016787
Stifel strategists see S&P 500 struggling to gain much ground by mid 2024,negative,0,negative,True,0.99938464,0.99938464,0.00029961058,0.00031569402
Investing For Kids: Give The Gift Of Stock,neutral,1,neutral,True,0.9992556,0.00021012647,0.9992556,0.0005342012
"S&P ekes out record on healthcare gains, tax plan hopes",positive,2,positive,True,0.99919015,0.0003365927,0.0004732647,0.99919015
Review: Google Maps puts Apple Maps to shame,neutral,1,neutral,True,0.851255,0.00064641994,0.851255,0.14809862
Research: Women Score Higher Than Men in Most Leadership Skills,neutral,1,neutral,True,0.88552225,0.0004752333,0.88552225,0.11400254
"After S&P 500's best month since 2020, analysts look for bear market's end",positive,2,positive,True,0.85218954,0.039569274,0.108241186,0.85218954
Lowest Net Profit Margin Projected for S&P 500 since Q4 2012,negative,0,negative,True,0.9442883,0.9442883,0.053463876,0.002247787
"Stock market live Thursday: Dow down 130 after sudden midday drop, gold 7-year high, E-Trade surges",negative,0,negative,True,0.9993787,0.9993787,0.00039671754,0.00022452592
Markets Mixed at Midday as Strong Earnings Reports Lift the Dow and S&P 500,positive,2,neutral,False,0.9797214,0.00066211616,0.9797214,0.019616472
UBS pushes out S&P 500 mid-2024 target forecast to year-end,neutral,1,negative,False,0.83595145,0.83595145,0.16168667,0.0023619274
"S&P 500, Dow and Nasdaq Since Their 2000 Highs",neutral,1,positive,False,0.9967871,0.00064168766,0.0025713064,0.9967871
Short bets against energy stocks rise to highest level since 2020,negative,0,negative,True,0.99918693,0.99918693,0.00032524203,0.0004878128
"Dow, S&P 500 end lower after Fed’s Powell says back-to-back rate hikes aren’t ruled out",negative,0,negative,True,0.9993886,0.9993886,0.00034615165,0.0002651655
U.S. stocks open higher as S&P 500 potentially extends longest stretch of gains since 2021,positive,2,positive,True,0.99917245,0.00047974335,0.00034782066,0.99917245
S&P 500 barely gains while Dow ends lower as Cisco and Walmart drag,negative,0,negative,True,0.99737966,0.99737966,0.0024071625,0.00021317786
Why stock bulls are sitting on their hands again: Morning Brief,neutral,1,positive,False,0.9989901,0.0003049327,0.0007049748,0.9989901
Fine-wine investors toast despite stock market tumble,neutral,1,neutral,True,0.98803616,0.006050432,0.98803616,0.0059133684
Why the S&P 500 could gain another 10% from its previous high,positive,2,positive,True,0.99921966,0.00043412502,0.0003462019,0.99921966
Survey: Pros Expect Modest Rally In Stocks Despite Growing Recession Fears,positive,2,positive,True,0.9909764,0.0026874573,0.0063361814,0.9909764
Valero Energy Stock To Remain Below Its Pre-Covid Peak,negative,0,negative,True,0.99905926,0.99905926,0.0005740455,0.0003667518
"Executive Paywatch: 1,000-to-1 Pay Ratio CEOs Furlough Workers",negative,0,neutral,False,0.9982317,0.0014460386,0.9982317,0.00032228412
Reclusive Huawei CEO breaks media silence,neutral,1,neutral,True,0.99803156,0.00038948038,0.99803156,0.0015788637
S&P 500 ticks up on Tuesday to close at highest level in 2023: Live updates,positive,2,positive,True,0.9992378,0.00037596354,0.0003862924,0.9992378
"Stock Market Today: Dow, S&P Live Updates for February 26, 2020",neutral,1,neutral,True,0.9993315,0.00023320841,0.9993315,0.00043526784
"Marriott Opens StateView Hotel, Adds to Autograph Collection",neutral,1,neutral,True,0.998965,0.00028803202,0.998965,0.0007468673
CEO Succession Practices in the Russell 3000 and S&P 500,neutral,1,neutral,True,0.9992275,0.00024384505,0.9992275,0.0005286523
Wall St ends up but still down on week as volatility rules,negative,0,neutral,False,0.99651164,0.002577693,0.99651164,0.0009106616
"Markets News, Sept. 13, 2023: Dow Slips, Nasdaq Gains After Core Inflation Accelerated in August",neutral,1,neutral,True,0.8823623,0.115982555,0.8823623,0.0016551355
Economy Faces 'Tornado-Like Headwind' as Financial Markets Spiral (Published 2020),negative,0,negative,True,0.9990681,0.9990681,0.00065684115,0.0002751589
5 Reasons S&P 500 Index Funds Are Perfect for New Investors,neutral,1,neutral,True,0.98406917,0.0003687619,0.98406917,0.015562114
Nvidia earnings toss S&P 500 to new high,positive,2,positive,True,0.99915314,0.0004745447,0.00037228686,0.99915314
US Stocks Approach Crucial Test of How Far Bear Market Will Go,negative,0,neutral,False,0.9922752,0.004780721,0.9922752,0.0029440387
"US Indices’ Upside Could be Capped: S&P 500, Nasdaq Price Setups",negative,0,negative,True,0.80643857,0.80643857,0.18164688,0.011914547
"Stock market outlook: Why Nobel winner Robert Shiller's CAPE metric sees S&P 500 heading below 3,000",negative,0,negative,True,0.9991953,0.9991953,0.00054520136,0.0002595774
"IEEFA update: Oil and gas stocks place dead last in 2019, again, despite 30% price rise",negative,0,negative,True,0.9975259,0.9975259,0.002212579,0.00026157554
Nobel Prize winner Thaler helps run a fund that’s nearly doubled the S&P since the bull market began,positive,2,positive,True,0.97456497,0.0004275115,0.025007483,0.97456497
"Equity Predictions for 2023 Look Negative, and Are Probably Correct",negative,0,negative,True,0.9949785,0.9949785,0.0029327143,0.0020887887
Drop in oil sends Wall Street sliding – EMTV Online,negative,0,negative,True,0.9994344,0.9994344,0.0002611023,0.00030438893
Security Benefit Enhances its Foundations Annuity With New Indices for Greater Diversification,positive,2,neutral,False,0.9974209,0.00029277295,0.9974209,0.0022863403
"S&P 500 closes lower, notching six days of losses ahead of key inflation report",negative,0,negative,True,0.9994179,0.9994179,0.00030001826,0.00028209088
"Dow jumps 200 points to a record on strong jobs report, S&P 500 notches 7th straight day of gains",positive,2,positive,True,0.9991696,0.0005082146,0.00032216634,0.9991696
College Tuition Growth Rate vs. Stock / Bond Investment Performance,neutral,1,neutral,True,0.9991524,0.0004053709,0.9991524,0.0004423067
"Nasdaq Index, Dow Jones, S&P 500 News: Fed’s Dovish Stance Spurs Market Surge",positive,2,positive,True,0.9563665,0.0004687738,0.043164764,0.9563665
Why Campbell Soup Stock Gained 21% in June,positive,2,positive,True,0.9992168,0.00044680174,0.00033634933,0.9992168
The Biggest Companies That Don't Pay Dividends -- But May Be About To,neutral,1,neutral,True,0.9992273,0.00037935263,0.9992273,0.00039329767
"Bear-Market Rally Is Fooling Traders, Morgan Stanley Strategist Mike Wilson Says",negative,0,negative,True,0.9960705,0.9960705,0.0032046232,0.00072487193
S&P 500 Futures: Fade Bounces Into Price Resistance,negative,0,negative,True,0.99921215,0.99921215,0.00043827083,0.00034964344
"S&P 500 Gains and Losses Today: Index Advances, Shaking Off Rate Hike Concerns",positive,2,positive,True,0.831437,0.00071186695,0.16785114,0.831437
"S&P 500 Won't Hit New High for Years, House Prices Will Fall: Cooperman",negative,0,negative,True,0.999041,0.999041,0.00056215783,0.0003967974
Companies Buying Back Their Stock At Pre-Pandemic Levels—A Sign Of Economic Optimism,positive,2,positive,True,0.9991535,0.0004187293,0.00042775503,0.9991535
U.S. freezes assets of top Japanese mafia boss,negative,0,neutral,False,0.91609216,0.07552674,0.91609216,0.008381166
A social-media addict tries to disconnect,neutral,1,neutral,True,0.9990645,0.00059408275,0.9990645,0.00034145603
Peter Gabriel crowdsources new ‘Sledgehammer’ on Facebook,neutral,1,neutral,True,0.99912757,0.00044805763,0.99912757,0.0004243391
Debt To Capital: Unscrubbed Data Creates Misleading Credit Ratings,negative,0,neutral,False,0.81731826,0.18123318,0.81731826,0.0014486517
This Income ETF Is Good for These Turbulent Times,positive,2,neutral,False,0.9984561,0.00029799863,0.9984561,0.0012457833
US STOCKS-Nasdaq climbs as tech shares rally after HP results,positive,2,positive,True,0.99919635,0.000451058,0.0003525603,0.99919635
"S&P 500, Nasdaq 100 Clear Fibonacci Resistance and Break Out Higher. What’s Next?",positive,2,positive,True,0.99864453,0.0002968688,0.0010586076,0.99864453
The 20% up rule — bull market vs bear rally,neutral,1,neutral,True,0.99803835,0.0007820118,0.99803835,0.0011796488
News Corp CEO Rupert Murdoch files for divorce,neutral,1,neutral,True,0.9985208,0.0010039313,0.9985208,0.00047532743
S&P 500 companies led by founders outperform their peers,positive,2,positive,True,0.9983557,0.0002273271,0.001416973,0.9983557
27 giant profitable companies paid no taxes,negative,0,neutral,False,0.9989453,0.00022366786,0.9989453,0.0008310574
"Wall Street slips as investors eye Russia, Fed hikes, quarter-end",negative,0,negative,True,0.9994029,0.9994029,0.00037648244,0.00022063623
"NASDAQ 100, Dow Jones, S&P 500 News: Investors Brace for Turbulence Amid Yield Surge",negative,0,negative,True,0.9937349,0.9937349,0.0057861884,0.0004789057
US Stocks Finish Higher as Tech Stock Gains Offset Weak Economic Data,positive,2,positive,True,0.9992094,0.00038605536,0.00040449807,0.9992094
Gold Finds Support as Key Inflation Rate Hits a 30-Year High,positive,2,positive,True,0.9976801,0.0010397491,0.0012801178,0.9976801
House of the Day: A Private Pool in a Hong Kong High Rise,neutral,1,neutral,True,0.9992705,0.00031666143,0.9992705,0.0004128742
"Hotel Stocks Decline, but News of Hersha Deal Softened Impact",negative,0,negative,True,0.66260946,0.66260946,0.3161598,0.021230735
Tired of 'Mad Money' Picks? This ETF Shorts Jim Cramer,neutral,1,neutral,True,0.9992797,0.0002868812,0.9992797,0.0004335063
"Weekly Charts for the Dow, S&P 500 and Nasdaq Show Signs of a Bottom",positive,2,negative,False,0.99912137,0.99912137,0.0005342385,0.00034442917
Ukraine's surprising comeback could be giving markets a boost,positive,2,positive,True,0.9991794,0.00034178174,0.00047874212,0.9991794
The Message in the S&P 500's 12-Month Winning Streak,positive,2,neutral,False,0.96529406,0.00034975717,0.96529406,0.034356285
Which U.S. Companies are Most Exposed to Europe?,neutral,1,neutral,True,0.99935657,0.000320316,0.99935657,0.000323042
7 Index Funds to Buy to Retire a Millionaire,neutral,1,neutral,True,0.9992149,0.00025459184,0.9992149,0.0005304925
"BlackRock and the $15 trillion fund industry should be broken up, antimonopoly group says",negative,0,neutral,False,0.99830365,0.0011559334,0.99830365,0.00054040656
"History Says A September Stock Market Crash is Overdue, Even in 2020",negative,0,neutral,False,0.72081715,0.122001015,0.72081715,0.15718178
Mean Reversion to the Rescue | Gold News,neutral,1,neutral,True,0.9990288,0.0004889339,0.9990288,0.00048233382
Barclays Suspends Sales For 30 iPath ETNs,negative,0,negative,True,0.99913436,0.99913436,0.0006119202,0.00025373194
Stock-Market Selloff: S&P 500 Logs Longest Losing Streak of 2023,negative,0,negative,True,0.9992975,0.9992975,0.00028668888,0.00041575808
Have stocks been volatile this earnings season? Yes and no,neutral,1,neutral,True,0.9992059,0.00036072196,0.9992059,0.00043343086
Stock Market Today: S&P 500 posts highest close of 2023 as stocks book big weekly gains,positive,2,positive,True,0.9992323,0.00038995862,0.00037770392,0.9992323
"Stocks dip, bonds fall as CPI keeps Fed on course",negative,0,negative,True,0.9993765,0.9993765,0.00040536915,0.0002181617
Nasdaq leads Wall Street gains as Microsoft hits record,positive,2,positive,True,0.9991605,0.00044868735,0.00039084794,0.9991605
Stock Market Today: S&P 500 snaps 5-week win run as hotter inflation cools bulls By Investing.com,negative,0,positive,False,0.9958806,0.00066452875,0.0034549076,0.9958806
Wall Street falls fourth straight day as recession worries nag,negative,0,negative,True,0.9994242,0.9994242,0.00028149763,0.00029430565
Chanel Handbags Skyrocket in Value - Investment Value of Chanel Purses,positive,2,positive,True,0.9976629,0.00035795473,0.0019792053,0.9976629
How the S&P 500 (SPY) Reacts to Unemployment Reports,neutral,1,neutral,True,0.998609,0.00096978224,0.998609,0.00042129113
"Wall Street opens lower as Apple, Celgene weigh",negative,0,negative,True,0.9994325,0.9994325,0.0002978568,0.0002695623
Highest Number of S&P 500 Companies Issuing Negative EPS Guidance Since Q4 2019,negative,0,negative,True,0.99918693,0.99918693,0.00046044216,0.00035262862
Vanguard: You'll make a lot less money in the stock market in the next 10 years—here's what you can do,negative,0,neutral,False,0.98138016,0.018116241,0.98138016,0.0005036734
Leveraging a Growing Segment of Nasdaq-100 Funds,neutral,1,neutral,True,0.99895644,0.00039370227,0.99895644,0.00064987555
"The Stock Market Will Soar to Record Highs in 2024, Mike Wilson Says",positive,2,positive,True,0.99919254,0.00040597754,0.00040152547,0.99919254
"S&P 500, Nasdaq close first March session with record highs",positive,2,positive,True,0.999169,0.00043417874,0.00039689668,0.999169
"S&P 500 closes at record as yields rise, dollar retreats",positive,2,positive,True,0.9984794,0.00048434595,0.0010362302,0.9984794
S&P 500 books biggest drop since April after U.S. loses AAA ratings for a second time,negative,0,negative,True,0.9994168,0.9994168,0.00027295094,0.0003102594
"'Buy-and-hold' strategy beats 'sell in May and go away' trading slogan, report claims",positive,2,positive,True,0.61296654,0.00083150767,0.38620195,0.61296654
"S&P 500 notches new high for 2023 Friday, on six-week hot streak after solid economic data: Live updates",positive,2,positive,True,0.9992342,0.00040017988,0.0003655991,0.9992342
How Have The Best And Worst Stocks Of 2016 Performed In 2017?,neutral,1,neutral,True,0.99921846,0.000386994,0.99921846,0.0003945045
Nasdaq closes 1% higher Wednesday after inflation data is cooler than anticipated: Live updates,positive,2,positive,True,0.9989993,0.00028497598,0.00071569387,0.9989993
Stocks just got some new competition from bonds as 10-year rate tops dividend yield,negative,0,neutral,False,0.99732935,0.00080444745,0.99732935,0.0018662101
Coty sinks to bottom of S&P 500 index in May,negative,0,negative,True,0.99937254,0.99937254,0.0003102684,0.00031727838
"Stock Market Today: Dow, S&P Live Updates for Nov. 24, 2020",neutral,1,neutral,True,0.9993199,0.00023116438,0.9993199,0.00044897554
"NASDAQ 100, Dow Jones, S&P 500: Futures Edge Higher Ahead of Inflation Data",positive,2,positive,True,0.99924314,0.0003761854,0.00038069347,0.99924314
"Stock market live Tuesday: S&P 500 hits another record, Apple drags down Dow, oil jumps to 5-month high",positive,2,positive,True,0.9987525,0.00023722256,0.0010103177,0.9987525
"Wall Street Rally Goes up in Smoke, Indexes End Lower",negative,0,negative,True,0.99937576,0.99937576,0.00039630436,0.00022794792
RICHARD RUSSELL: Here Are 2 Reasons Why I'm Not Buying The Latest 'Dow Theory' Buy-Signal,negative,0,negative,True,0.9975539,0.9975539,0.0020469625,0.00039915545
Earnings Season: Beating the Snot Out of Expectations,positive,2,positive,True,0.9986299,0.00030101705,0.0010690693,0.9986299
Worst of Midterm Year 2018 Could Already Be Over,positive,2,positive,True,0.9911975,0.0007924427,0.008009966,0.9911975
The growth imperative for medical-device companies,neutral,1,neutral,True,0.998697,0.00021342053,0.998697,0.0010896147
LNG Stock Chart: 3 Stocks Crushing the S&P 500,positive,2,neutral,False,0.99828255,0.0013639933,0.99828255,0.0003534764
South Korea spending $1.5 billion for ‘5G’ network,positive,2,neutral,False,0.9968748,0.0006391425,0.9968748,0.0024860175
"Dow closes more than 200 points higher, S&P 500 rebounds to stave off September slide",positive,2,positive,True,0.9991892,0.00039319825,0.0004175893,0.9991892
"Dow jumps 480 points, S&P 500 closes at record as market shakes off coronavirus fears",positive,2,positive,True,0.99915195,0.00048557995,0.00036250573,0.99915195
Threat of military strike sends ripples through global oil market,negative,0,negative,True,0.9984189,0.9984189,0.001165911,0.00041512208
"Computer Sciences To Join S&P 500, Stock Jumps",positive,2,positive,True,0.99917346,0.00039689432,0.00042967295,0.99917346
"Stocks are down after a volatile year, but that's not the whole picture",negative,0,negative,True,0.9993432,0.9993432,0.0003710971,0.00028567578
"Stock picking has a terrible track record, and it’s getting worse",negative,0,negative,True,0.997591,0.997591,0.0014396379,0.00096927735
Stock Market Today: S&P 500 ends slightly lower but posts 24% 2023 gain,positive,2,neutral,False,0.86337155,0.13532741,0.86337155,0.0013009935
S&P 500 Forecast 2021: Long-Term Looks Positive,positive,2,positive,True,0.9991425,0.00039991052,0.00045753655,0.9991425
Dow Jones posts back-to-back losses after U.S. job openings fall to 28-month low,negative,0,negative,True,0.9994103,0.9994103,0.00025485372,0.00033489795
"Stocks jump 2%, putting the S&P 500 on track for its best month since 1974",positive,2,positive,True,0.99916446,0.00051256927,0.00032296914,0.99916446
Is iShares S&P 500 Index K (WFSPX) a Strong Mutual Fund Pick Right Now?,neutral,1,neutral,True,0.99929607,0.00033848122,0.99929607,0.00036544466
"Wall Street soars, fueled by tech as Treasury yields calm",positive,2,positive,True,0.9992028,0.00043591548,0.0003613628,0.9992028
First ETF to Offer Protection Against 100% of Stock Losses Launches,neutral,1,neutral,True,0.99830085,0.0011409376,0.99830085,0.0005582419
'Wild ride': Morgan Stanley's Mike Wilson predicts double-digit percentage drop will hit stocks in early 2023,negative,0,negative,True,0.9994287,0.9994287,0.000293724,0.00027758675
Dow Jones: When will the stock market stop going down?,negative,0,neutral,False,0.9540127,0.04345863,0.9540127,0.0025286463
The crazy stocks that correlate with Apple,neutral,1,neutral,True,0.9992379,0.00020292123,0.9992379,0.0005591753
S&P 500 rallies to fresh bull territory; oil rises,positive,2,positive,True,0.99918574,0.00046557002,0.0003486556,0.99918574
"Apple is now worth $3 trillion, boosted by the Nasdaq’s best start in 40 years",positive,2,positive,True,0.9991648,0.00044683702,0.00038840336,0.9991648
"5 Warren Buffett Stocks the Pope Would Love, Too",neutral,1,neutral,True,0.9991974,0.00027282702,0.9991974,0.0005298679
"Afghan grandmother, mom and kids addicted to opium",neutral,1,neutral,True,0.9989766,0.0005814594,0.9989766,0.00044193244
"Major indexes fall 1%, focus shifts to upcoming Powell speech",negative,0,negative,True,0.99928856,0.99928856,0.0005097953,0.00020155402
Equal-Weight ETFs Are Still Smart Beta Winners,positive,2,neutral,False,0.9972971,0.0002497475,0.9972971,0.0024531493
FTSE 100 firms trailing behind peers on sexual harassment policies,negative,0,negative,True,0.99665314,0.99665314,0.0030283916,0.00031851104
South Africa since apartheid: Boom or bust?,neutral,1,neutral,True,0.99919695,0.00047109477,0.99919695,0.00033194275
"Dow Jones, S&P 500, Nasdaq 100 Sink after Fed, Powell, PacWest Woes Crush Sentiment",negative,0,negative,True,0.9994149,0.9994149,0.0002763995,0.00030869426
"US Markets: Dow, S&P 500, and Nasdaq End Higher Amid Volatility on Friday",positive,2,positive,True,0.9990814,0.00028605014,0.00063251524,0.9990814
"Facebook, Zuckerberg Selling 70 Million Shares In Secondary Offering",neutral,1,neutral,True,0.9970048,0.0016905048,0.9970048,0.0013046159
U.S. Stocks Down As Weak Earnings Trump Fed Cuts,negative,0,negative,True,0.99937016,0.99937016,0.00030898824,0.00032078073
Dollar or S&P 500: Which Faces the Biggest Post-CPI Reversal Risk?,neutral,1,neutral,True,0.99918205,0.0004974838,0.99918205,0.0003204391
Vivint Solar Names David Bywater Its Permanent CEO,neutral,1,neutral,True,0.99935156,0.00025949278,0.99935156,0.0003889653
Bear market confirmed as U.S. stocks' 2022 descent deepens,negative,0,negative,True,0.9993949,0.9993949,0.00032094106,0.00028416642
Stock Market Outlook: One-Year-Old Bull Rally Suggests More Upside Ahead,positive,2,positive,True,0.9992078,0.00034871613,0.00044352913,0.9992078
Warren Buffett's favorite indicator signals stocks are 'significantly overvalued',negative,0,neutral,False,0.89087325,0.1031144,0.89087325,0.0060122935
Russell 2000 Drops to 200-Day Moving Average,negative,0,negative,True,0.99936706,0.99936706,0.00026915266,0.00036380734
Why global portfolio diversification still makes sense for the investors | Mint,neutral,1,neutral,True,0.99887365,0.00027719483,0.99887365,0.0008491834
S&P 500 Notches Fresh 2-Year High: How 2023's Rally Compares To Recent Years,positive,2,positive,True,0.99886084,0.0003571253,0.000782021,0.99886084
"S&P 500 Gains and Losses Today: Index Slips After Consumer Data, Tech Losses",negative,0,negative,True,0.9990138,0.9990138,0.00080345117,0.0001828594
Analyst who forecast the S&P 500's rally unveils new Nasdaq 100 outlook,neutral,1,neutral,True,0.8377517,0.0008280006,0.8377517,0.16142033
"Wall Street climbs as Ukraine worries ease, data improves",positive,2,positive,True,0.99922955,0.00040126414,0.0003691461,0.99922955
Goldman Sachs raises its S&P 500 target on vaccine hopes,positive,2,positive,True,0.9992576,0.00041032117,0.0003320807,0.9992576
Charting a bull flag: S&P 500 digests two standard deviation breakout,positive,2,positive,True,0.9991165,0.00040333162,0.00048013916,0.9991165
S&P 500 Gains and Losses Today: Tesla Shares Tumble Amid Slowing China Sales,negative,0,negative,True,0.9991812,0.9991812,0.0006100138,0.00020885901
"S&P 500 is most likely going to correct back to 4,100, Mizuho warns market bulls",negative,0,positive,False,0.98636496,0.00996434,0.0036706647,0.98636496
"Wall Street advances as bond yields fall, investors digest Fed minutes",positive,2,positive,True,0.99923253,0.00034547749,0.00042196552,0.99923253
Australian stocks fall on Greece and China,negative,0,negative,True,0.99939334,0.99939334,0.00036870522,0.00023790465
"Space weather: Fine, with a chance of solar flares",neutral,1,neutral,True,0.9907143,0.00064676936,0.9907143,0.008638944
Ethereum Shows Even Closer Correlation with the S&P 500 Index than Bitcoin,neutral,1,neutral,True,0.9783992,0.0029433514,0.9783992,0.018657384
Stocks for the Long Run: Johnson & Johnson vs. the S&P 500,neutral,1,neutral,True,0.99918383,0.00040549054,0.99918383,0.00041072737
U.S. stocks make gains as earnings roll in,positive,2,positive,True,0.9992495,0.0003713032,0.0003791947,0.9992495
Trump: Stock market winners and losers since the president took office,neutral,1,neutral,True,0.9993319,0.000276736,0.9993319,0.0003912833
"Pharma, ride-share providers among most overbought S&P 500 stocks",negative,0,positive,False,0.9981511,0.00045901508,0.0013898573,0.9981511
Why Michael 'Big Short' Burry Is Feeling Greedy About a S&P 500 Rebound,positive,2,negative,False,0.9982534,0.9982534,0.0014469813,0.0002996407
Warren Buffett's S&P 500 Housing Market Play Just Surprised Wall Street,positive,2,positive,True,0.99571484,0.0003421182,0.0039430684,0.99571484
"Bitcoin [BTC] and S&P 500 part ways, where now for the king coin?",neutral,1,neutral,True,0.9989127,0.0007511142,0.9989127,0.00033610445
Best And Worst S&P Sectors Over The Last 12 Months,neutral,1,neutral,True,0.9991756,0.000481839,0.9991756,0.00034259594
US Stock Bulls Ignore 100 Years of Recessions at Their Peril,negative,0,positive,False,0.9917571,0.0048886174,0.0033543112,0.9917571
"News updates from March 1: Nvidia closes above $2tn valuation, Gunvor to plead guilty to US bribery charges",neutral,1,positive,False,0.99344856,0.0002909209,0.0062605804,0.99344856
US stock rally lifts Dow to first close above 26000 points,positive,2,positive,True,0.99917346,0.0004760595,0.00035049272,0.99917346
UBS: How the S&P 500 will react to three Russia-Ukraine scenarios,neutral,1,neutral,True,0.9991504,0.00043955402,0.9991504,0.00041003773
Short sellers avoid mega-cap stocks that drive market rally,positive,2,negative,False,0.9846206,0.9846206,0.01299828,0.0023810645
Dow loses more than 400 points and goes negative for 2023 as interest rates spike: Live updates,negative,0,negative,True,0.99942255,0.99942255,0.0002788488,0.0002985657
"Gold will outperform the S&P 500 and bitcoin in 2022, Gareth Soloway predicts",negative,0,positive,False,0.999046,0.0003216479,0.0006323128,0.999046
Tech gains push S&P 500 to another record high this week,positive,2,positive,True,0.9992188,0.00043859126,0.0003426284,0.9992188
VOO vs. SPY vs. IVV: What’s The Best S&P 500 ETF In Singapore?,neutral,1,neutral,True,0.9993604,0.0003150067,0.9993604,0.00032468824
Buying this fashion status symbol is 'historically safer' than investing in the stock market,neutral,1,neutral,True,0.9985128,0.00025286752,0.9985128,0.0012344106
Multiple Seasonal Patterns Converge at 6-8% Full Year Gains,positive,2,positive,True,0.99349517,0.0030203916,0.0034844356,0.99349517
Small cans lead to big sales for Coca-Cola,positive,2,positive,True,0.99570376,0.00031246655,0.003983747,0.99570376
